timestamp,ax,ay,az,gx,gy,gz,mx,my,mz,dist
1787131453.9528048,-3.39,4.166,9.522,0.263,-0.049,-0.066,-5.85,-24.75,-26.1,739.0
1787131453.9528203,-3.06,3.977,9.488,0.188,0.028,-0.062,-7.05,-23.1,-25.65,739.0
1787131453.9528272,-3.287,4.156,9.431,0.111,0.024,-0.063,-5.7,-23.25,-25.2,805.0
1787131453.9528344,-3.179,3.505,8.461,-0.146,0.001,0.011,-8.55,-24.3,-26.4,774.0
1787131453.9528408,-3.211,3.383,8.425,-0.143,-0.042,0.028,-8.85,-23.1,-26.4,774.0
1787131453.9528463,-3.079,3.383,8.365,-0.132,-0.046,0.033,-8.55,-23.55,-26.1,812.0
1787131453.9528565,-3.29,3.326,8.282,-0.143,0.042,-0.022,-8.1,-24.75,-27.15,778.0
1787131453.952866,-3.361,3.282,8.344,-0.128,0.063,-0.043,-7.35,-25.05,-28.2,778.0
1787131453.9528728,-3.354,3.223,8.308,-0.111,0.066,-0.037,-7.95,-24.45,-26.25,764.0
1787131453.952879,-3.383,2.931,8.48,-0.039,0.05,-0.038,-7.35,-25.5,-28.2,772.0
1787131453.9528847,-3.519,3.012,8.521,-0.027,0.024,-0.029,-8.1,-25.8,-27.45,772.0
1787131453.9528904,-3.57,3.074,8.547,-0.034,-0.001,-0.028,-7.5,-25.2,-28.05,772.0
1787131453.9528956,-3.335,2.94,8.408,-0.031,0.039,-0.027,-8.55,-25.8,-28.2,739.0
1787131453.952901,-3.357,3.038,8.511,-0.033,0.035,-0.027,-7.05,-26.25,-30.15,739.0
1787131453.9529061,-3.349,3.05,8.418,-0.031,0.024,-0.028,-8.25,-25.2,-28.8,739.0
1787131453.9529116,-3.457,3.045,8.507,-0.031,0.002,0.01,-6.75,-25.65,-28.8,740.0
1787131453.9529173,-3.45,2.983,8.514,-0.031,-0.012,0.006,-9.75,-24.9,-27.75,740.0
1787131453.9529226,-3.484,2.964,8.461,-0.027,-0.01,0.013,-8.1,-26.25,-27.9,740.0
1787131453.952928,-3.452,2.962,8.531,-0.046,-0.007,-0.016,-8.85,-25.05,-28.95,707.0
1787131453.952933,-3.395,3.0,8.511,-0.045,-0.033,-0.015,-8.55,-25.8,-28.65,707.0
1787131453.9529386,-3.349,3.012,8.543,-0.046,-0.043,-0.003,-8.1,-26.55,-29.4,707.0
1787131453.9529438,-3.002,3.065,8.863,-0.043,-0.53,0.22,-9.0,-25.2,-27.75,754.0
1787131453.9529493,-2.71,3.306,8.83,-0.261,-0.051,-0.003,-8.7,-24.9,-28.5,924.0
1787131453.9529543,-2.66,3.189,8.645,-0.269,-0.06,0.022,-8.7,-26.1,-29.55,924.0
1787131453.9529595,-2.406,2.978,8.514,-0.247,-0.051,0.031,-8.7,-26.1,-31.8,924.0
1787131453.9529645,-2.442,2.243,8.566,-0.026,0.068,0.171,-8.1,-25.8,-33.45,980.0
1787131453.95297,-2.672,2.291,8.796,0.011,0.019,0.17,-6.0,-26.85,-33.3,937.0
1787131453.9529774,-2.634,2.31,8.873,0.004,0.001,0.162,-6.3,-27.75,-31.2,937.0
1787131453.9529824,-3.069,2.523,8.739,-0.08,0.087,-0.037,-4.65,-27.6,-32.55,873.0
1787131453.9529874,-3.115,2.674,8.703,-0.075,0.073,-0.061,-6.3,-27.75,-32.7,812.0
1787131453.9529924,-2.976,2.636,8.633,-0.066,0.062,-0.09,-6.75,-26.1,-32.55,812.0
1787131453.9529974,-2.559,2.832,8.799,0.087,0.068,-0.06,-6.6,-26.25,-32.25,865.0
1787131453.953003,-2.533,2.801,8.849,0.093,0.04,-0.033,-7.05,-27.0,-31.2,831.0
1787131453.9530094,-2.531,2.832,8.894,0.077,0.012,0.0,-8.1,-26.55,-32.7,831.0
1787131453.9530146,-2.875,2.751,8.916,-0.048,0.06,-0.014,-6.75,-26.4,-31.35,804.0
1787131453.9530194,-2.959,2.77,8.856,-0.083,0.069,-0.019,-6.75,-25.65,-33.3,799.0
1787131453.9530246,-2.916,2.717,8.77,-0.097,0.04,-0.008,-7.05,-26.55,-31.5,799.0
1787131453.9530296,-2.859,2.725,8.607,-0.003,0.015,-0.01,-7.5,-26.4,-32.55,806.0
1787131453.9530346,-2.952,2.715,8.657,0.028,0.011,0.006,-7.5,-26.4,-32.55,806.0
1787131453.95304,-3.0,2.725,8.619,0.04,0.004,0.0,-6.75,-27.6,-31.8,806.0
1787131453.953045,-2.713,2.825,8.842,-0.023,0.028,-0.044,-6.3,-25.8,-33.0,820.0
1787131453.9530501,-2.713,2.813,8.76,-0.021,0.064,-0.044,-7.8,-24.75,-31.5,820.0
1787131453.9530647,-2.878,2.856,8.794,-0.007,0.055,-0.032,-7.8,-26.25,-31.95,820.0
1787131453.95307,-3.11,2.753,8.748,-0.034,0.037,-0.009,-8.25,-26.1,-29.55,818.0
1787131453.9530747,-2.933,2.792,8.708,-0.037,0.018,-0.015,-7.5,-26.85,-33.3,793.0
1787131453.9530811,-2.995,2.72,8.712,0.003,0.021,-0.018,-6.6,-27.75,-30.45,765.0
1787131453.953086,-3.031,2.717,8.679,0.002,0.014,-0.015,-8.1,-26.55,-31.2,765.0
1787131453.953091,-3.002,2.782,8.72,0.013,0.016,-0.02,-6.0,-26.85,-29.55,765.0
1787131453.9530954,-3.021,2.842,8.751,-0.003,0.026,-0.042,-7.95,-27.6,-31.05,791.0
1787131453.9531007,-2.966,2.854,8.741,-0.016,0.031,-0.037,-6.6,-27.0,-30.15,791.0
1787131453.9531054,-2.959,2.895,8.715,-0.012,0.013,-0.02,-6.75,-25.65,-32.55,791.0
1787131453.9531105,-2.942,2.837,8.751,-0.014,-0.004,0.021,-7.95,-26.1,-30.6,751.0
1787131453.953116,-2.875,2.72,8.66,-0.028,0.023,0.004,-7.95,-25.65,-29.25,751.0
1787131453.953121,-3.01,2.717,8.655,-0.019,0.046,0.002,-7.05,-27.45,-30.45,751.0
1787131453.953126,-3.132,2.837,8.765,-0.011,-0.01,-0.001,-6.6,-25.8,-32.25,738.0
1787131453.9531314,-3.014,2.849,8.712,-0.01,-0.022,0.005,-7.35,-26.25,-29.7,738.0
1787131453.9531364,-2.957,2.825,8.701,-0.011,-0.013,0.013,-6.45,-27.9,-31.05,738.0
1787131453.9531415,-3.057,2.842,8.689,0.006,-0.004,0.003,-7.2,-26.1,-31.35,755.0
1787131453.9531465,-3.086,2.83,8.696,-0.003,-0.012,-0.001,-7.5,-27.6,-29.85,755.0
1787131453.9531512,-3.033,2.861,8.756,-0.004,-0.017,-0.009,-7.5,-26.85,-31.8,755.0
1787131453.9531562,-2.849,2.935,8.868,-0.045,-0.013,-0.011,-7.8,-27.75,-30.9,769.0
1787131453.9531615,-2.729,2.95,8.961,-0.061,-0.001,-0.004,-6.3,-27.0,-31.2,769.0
1787131453.9531662,-2.847,2.88,8.928,-0.056,-0.018,0.013,-7.05,-25.8,-31.5,736.0
1787131453.9531724,-2.883,2.849,8.78,-0.112,-0.046,0.066,-7.8,-27.45,-31.5,800.0
1787131453.9531782,-2.835,2.851,8.717,-0.117,0.015,0.055,-6.45,-27.6,-33.3,810.0
1787131453.9531832,-2.799,2.804,8.588,-0.14,0.031,0.059,-7.95,-26.4,-31.05,810.0
1787131453.9531884,-2.777,2.437,8.655,0.062,0.037,0.061,-6.75,-27.15,-32.85,824.0
1787131453.9531934,-2.959,2.512,8.839,0.093,-0.047,0.061,-6.3,-27.45,-31.2,832.0
1787131453.9531984,-2.679,2.875,8.614,-0.025,0.066,-0.079,-6.45,-25.2,-31.05,821.0
1787131453.9532075,-2.602,2.866,8.703,-0.018,0.043,-0.07,-7.35,-26.25,-32.25,821.0
1787131453.9532123,-2.617,2.887,8.717,0.006,0.018,-0.034,-7.5,-26.4,-31.8,821.0
1787131453.9532168,-2.808,2.887,8.823,0.029,-0.001,0.022,-6.3,-27.75,-31.5,775.0
1787131453.9532216,-2.77,2.883,8.916,0.015,0.007,0.024,-6.6,-27.45,-31.95,779.0
1787131453.9532266,-2.851,2.844,8.882,0.011,0.029,0.024,-7.2,-26.4,-31.8,779.0
1787131453.9532313,-2.856,2.799,8.744,-0.039,0.016,-0.014,-7.35,-25.05,-31.2,810.0
1787131453.9532359,-2.966,2.792,8.746,-0.032,0.021,-0.01,-6.45,-26.85,-31.05,730.0
1787131453.953241,-3.007,2.816,8.65,-0.023,0.004,-0.014,-7.35,-24.75,-32.25,730.0
1787131453.9532456,-2.909,2.801,8.612,-0.02,-0.022,-0.01,-5.85,-26.55,-31.95,730.0
1787131453.953251,-2.842,2.734,8.669,-0.005,-0.016,-0.008,-6.3,-26.25,-31.5,730.0
1787131453.9532554,-2.765,2.806,8.693,0.005,0.004,-0.007,-5.55,-26.25,-30.9,730.0
1787131453.9532602,-2.746,2.813,8.909,-0.043,0.016,-0.032,-7.8,-26.55,-32.25,774.0
1787131453.953265,-2.816,2.753,8.813,-0.045,0.044,-0.026,-5.85,-26.55,-31.5,774.0
1787131453.95327,-2.732,2.643,8.782,-0.037,0.03,-0.021,-7.8,-27.0,-33.45,774.0
1787131454.1282563,-2.576,2.871,8.792,-0.018,0.022,0.025,-6.6,-27.75,-30.9,784.0
1787131454.1282814,-2.638,2.88,8.732,-0.005,0.012,0.045,-7.95,-26.85,-30.3,784.0
1787131454.128292,-2.581,2.83,8.641,0.018,-0.015,0.069,-8.1,-25.05,-31.5,784.0
1787131454.3367925,-2.887,2.899,8.672,0.036,-0.085,0.089,-8.1,-26.55,-31.95,805.0
1787131454.3368177,-2.77,2.942,8.71,0.037,-0.104,0.073,-8.1,-26.55,-31.95,805.0
1787131454.5378284,-2.452,3.014,8.796,0.013,-0.021,0.025,-6.3,-25.5,-30.9,909.0
1787131454.5378616,-2.325,2.935,8.595,-0.036,0.061,0.017,-7.05,-25.8,-31.2,909.0
1787131454.5378728,-2.456,2.971,8.648,-0.031,0.093,0.053,-5.55,-26.25,-31.5,794.0
1787131454.7413101,-2.631,2.928,8.55,-0.028,0.079,0.07,-6.45,-25.2,-30.6,794.0
1787131454.7413356,-2.682,2.835,8.511,-0.017,0.077,0.076,-5.85,-27.0,-30.9,794.0
1787131454.7413468,-2.842,2.892,8.6,0.001,0.074,0.079,-5.85,-26.25,-30.15,794.0
1787131454.9421823,-2.44,2.976,8.724,-0.048,0.074,0.069,-4.35,-24.75,-30.45,740.0
1787131454.9466226,-2.72,2.875,8.653,-0.044,0.07,0.112,-5.1,-27.0,-32.25,740.0
1787131454.94664,-2.856,2.751,8.617,-0.021,0.033,0.155,-5.4,-26.85,-31.05,687.0
1787131455.1501687,-3.153,2.971,8.66,-0.113,0.048,-0.032,-3.3,-27.45,-31.2,657.0
1787131455.1501935,-3.002,2.847,8.6,-0.124,0.044,-0.051,-3.9,-26.4,-31.8,657.0
1787131455.1502044,-3.0,2.883,8.526,-0.106,0.049,-0.045,-4.35,-27.75,-31.2,678.0
1787131455.3555088,-2.904,2.895,8.645,0.007,-0.028,0.031,-4.95,-27.6,-32.1,704.0
1787131455.3555322,-2.887,2.916,8.741,0.012,-0.032,0.034,-3.45,-26.4,-31.8,704.0
1787131455.3555434,-2.907,2.883,8.777,0.01,-0.022,0.018,-3.3,-27.45,-31.2,656.0
1787131455.5666997,-2.921,3.084,8.756,-0.121,0.009,-0.014,-4.65,-26.85,-31.05,716.0
1787131455.5667243,-2.835,2.983,8.645,-0.122,0.037,-0.019,-4.2,-25.65,-32.1,716.0
1787131455.566735,-2.725,2.847,8.595,-0.106,0.062,-0.026,-3.45,-28.35,-32.85,671.0
1787131455.7718315,-2.921,2.799,8.724,0.071,0.014,0.051,-4.05,-26.25,-32.7,679.0
1787131455.7718663,-2.909,2.794,8.825,0.06,0.032,0.055,-2.1,-25.5,-32.25,679.0
1787131455.771878,-3.038,2.772,8.77,0.059,0.032,0.048,-3.6,-25.8,-31.95,679.0
1787131455.9696918,-3.093,2.928,8.758,-0.041,0.056,0.072,-3.15,-26.85,-32.55,661.0
1787131455.969717,-3.251,3.067,8.863,-0.019,0.012,0.074,-3.9,-26.1,-32.55,661.0
1787131455.969728,-3.103,3.139,8.794,0.004,-0.027,0.084,-2.55,-25.8,-32.7,661.0
1787131456.3758025,-3.136,3.543,8.566,0.355,0.119,-0.125,-2.4,-24.15,-31.8,659.0
1787131456.386607,-3.182,3.591,8.712,0.287,0.124,-0.105,-2.55,-23.55,-31.95,655.0
1787131456.386631,-3.44,3.816,8.681,0.182,0.0,-0.106,-2.7,-22.5,-33.3,655.0
1787131456.5845609,-2.78,2.361,8.497,-0.394,-0.076,0.024,-4.8,-25.8,-35.55,905.0
1787131456.584586,-2.581,2.464,8.456,-0.279,-0.129,-0.053,-4.65,-24.45,-35.85,905.0
1787131456.5845973,-2.081,2.775,8.645,-0.141,-0.112,-0.106,-5.55,-24.75,-37.05,905.0
1787131456.7888906,-1.992,2.502,8.782,-0.266,0.011,0.097,-6.45,-25.2,-34.65,992.0
1787131456.7889152,-2.272,2.397,8.923,-0.225,-0.054,0.108,-4.95,-25.2,-37.65,1485.0
1787131456.7889261,-2.332,2.351,8.942,-0.176,-0.113,0.107,-6.3,-24.75,-36.0,1485.0
1787131456.990135,-2.358,2.035,9.052,-0.066,0.095,-0.143,-5.4,-26.85,-37.65,1731.0
1787131456.9929588,-2.33,1.927,9.043,0.0,0.088,-0.12,-4.95,-27.9,-37.2,1902.0
1787131456.9931371,-2.236,2.037,9.0,0.049,0.063,-0.097,-6.0,-26.4,-37.95,1902.0
1787131457.1990306,-2.088,2.552,9.081,-0.04,0.056,-0.054,-6.75,-27.15,-37.65,1908.0
1787131457.1990561,-1.951,2.485,9.048,-0.007,0.068,-0.037,-6.3,-27.45,-36.3,1895.0
1787131457.1990674,-1.93,2.428,9.026,0.001,0.059,-0.019,-6.6,-27.45,-36.3,1895.0
1787131457.404939,-1.889,2.418,9.06,0.01,0.063,0.003,-6.6,-27.75,-37.05,1895.0
1787131457.4049644,-2.011,2.33,9.153,0.028,0.072,0.026,-6.3,-25.5,-36.75,1895.0
1787131457.4049754,-2.081,2.306,9.177,0.014,0.052,0.037,-5.1,-27.0,-36.75,1895.0
1787131457.606643,-2.234,2.207,9.225,-0.001,0.014,0.074,-5.4,-26.1,-36.9,1863.0
1787131457.6066678,-2.377,2.21,9.321,-0.013,-0.032,0.079,-5.1,-26.25,-37.05,1863.0
1787131457.608624,-2.389,2.188,9.335,-0.011,-0.039,0.085,-5.55,-27.45,-36.0,1863.0
1787131457.8110855,-1.683,2.229,8.988,-0.254,-0.312,-0.034,-10.35,-27.75,-39.3,2087.0
1787131458.0235457,-1.42,1.353,9.024,-0.105,0.183,0.064,-8.55,-29.7,-42.3,2111.0
1787131458.0235708,-1.597,1.372,9.108,-0.082,0.199,0.07,-7.95,-30.3,-43.5,2111.0
1787131458.023582,-1.618,1.264,9.23,-0.049,0.194,0.06,-7.8,-28.95,-42.6,2111.0
1787131458.2232294,-1.798,1.415,9.869,0.06,0.013,-0.083,-6.6,-30.45,-41.85,2155.0
1787131458.2232547,-1.836,1.475,9.826,0.092,-0.039,-0.092,-8.55,-28.5,-43.05,2155.0
1787131458.223266,-1.81,1.583,9.792,0.106,-0.07,-0.081,-6.75,-29.1,-41.7,2155.0
1787131458.4269445,-1.571,1.686,9.641,-0.007,-0.072,-0.07,-8.1,-29.25,-41.55,2154.0
1787131458.426969,-1.597,1.571,9.555,-0.015,-0.022,-0.068,-8.85,-30.15,-42.3,2154.0
1787131458.4269812,-1.635,1.571,9.488,-0.029,0.004,-0.05,-9.3,-29.25,-40.05,2154.0
1787131458.6433005,-1.647,1.633,9.282,-0.03,0.014,-0.054,-9.3,-28.95,-42.6,2179.0
1787131458.6433237,-1.506,1.501,9.237,-0.032,0.027,-0.067,-9.6,-28.5,-42.3,2179.0
1787131458.6433346,-1.523,1.53,9.278,-0.037,0.03,-0.069,-9.0,-29.1,-42.45,2179.0
1787131458.8371732,-1.542,1.468,9.313,-0.024,0.011,-0.035,-9.75,-28.8,-41.7,2112.0
1787131458.8371983,-1.623,1.542,9.388,-0.021,-0.023,-0.004,-9.6,-28.95,-41.85,2112.0
1787131458.837209,-1.482,1.506,9.364,-0.026,-0.036,0.002,-8.55,-29.25,-41.1,2112.0
1787131459.041087,-1.618,1.243,9.297,-0.08,0.014,0.014,-9.6,-30.15,-43.05,2136.0
1787131459.0411112,-1.686,1.283,9.345,-0.088,0.012,0.013,-9.0,-29.55,-42.0,2136.0
1787131459.041122,-1.638,1.307,9.471,-0.073,0.01,0.015,-9.6,-29.7,-42.3,2136.0
1787131459.244201,-1.607,1.231,9.469,-0.06,0.024,0.017,-10.2,-30.3,-42.45,2136.0
1787131459.2442331,-1.614,1.276,9.486,-0.064,0.02,0.01,-9.45,-30.3,-43.2,2112.0
1787131459.2485576,-1.712,1.379,9.515,-0.053,0.005,0.003,-8.55,-29.25,-41.55,2112.0
1787131459.4497187,-2.045,1.314,9.366,0.055,0.141,0.081,-8.1,-30.15,-42.6,2126.0
1787131459.4497426,-2.15,1.348,9.392,0.07,0.119,0.083,-7.95,-29.55,-42.75,2126.0
1787131459.449754,-2.286,1.403,9.481,0.055,0.086,0.071,-7.95,-29.1,-43.5,2116.0
1787131459.6545708,-2.198,1.389,9.51,0.05,0.082,0.064,-5.85,-27.75,-44.1,2116.0
1787131459.6545951,-2.253,1.475,9.498,0.033,0.105,0.053,-6.75,-29.85,-42.45,2116.0
1787131459.6546063,-2.093,1.336,9.481,0.021,0.142,0.001,-7.8,-29.7,-44.1,2116.0
1787131460.062562,-2.054,1.362,9.141,-0.018,0.03,0.011,-6.3,-29.25,-41.1,2127.0
1787131460.0655682,-2.102,1.295,9.182,0.001,0.049,-0.02,-7.8,-29.25,-42.3,2127.0
1787131460.06559,-2.119,1.381,9.21,0.012,0.066,-0.042,-6.75,-28.8,-42.0,2127.0
1787131460.266995,-1.829,1.688,9.694,-0.031,-0.046,0.004,-7.35,-29.25,-43.05,2115.0
1787131460.2701068,-1.839,1.686,9.68,-0.056,-0.087,0.028,-7.35,-29.7,-42.3,2115.0
1787131460.2729104,-1.776,1.585,9.577,-0.063,-0.086,0.039,-7.05,-28.5,-42.6,2115.0
1787131460.4747574,-1.815,1.432,9.191,0.036,-0.028,0.007,-7.95,-29.85,-42.0,2146.0
1787131460.4747822,-1.719,1.52,9.196,0.058,-0.035,0.021,-6.3,-28.5,-41.55,2146.0
1787131460.4747937,-1.626,1.528,9.187,0.078,-0.021,0.023,-8.1,-30.45,-41.85,2146.0
1787131460.6790671,-1.741,1.662,9.369,-0.02,0.022,0.002,-7.2,-29.85,-42.0,2121.0
1787131460.6790905,-1.786,1.638,9.337,-0.022,0.025,-0.007,-8.1,-28.2,-40.35,2121.0
1787131460.680802,-1.786,1.568,9.347,-0.031,0.027,-0.018,-7.35,-28.2,-40.8,2121.0
1787131460.8903942,-1.808,1.554,9.4,-0.02,0.021,-0.023,-9.45,-28.35,-41.25,2138.0
1787131460.8904195,-1.877,1.741,9.541,-0.088,0.022,-0.053,-8.7,-28.35,-42.75,2138.0
1787131460.8904307,-2.054,2.14,9.735,-0.302,-0.044,-0.093,-7.5,-29.55,-42.75,2138.0
1787131461.08756,-1.738,-4.633,7.089,-0.291,-0.46,0.256,-12.9,-31.65,-69.45,116.0
1787131461.2923522,-2.191,0.759,8.169,3.585,0.505,0.502,-9.75,-30.6,-50.1,1092.0
1787131461.3022175,-2.169,0.725,8.593,3.052,0.657,0.537,-7.5,-29.55,-45.3,2144.0
1787131461.4986746,-2.533,2.923,9.641,0.187,-0.006,0.022,-2.7,-24.45,-33.6,2144.0
1787131461.4986987,-2.655,2.909,9.493,0.051,0.023,0.016,-4.35,-23.85,-33.45,2144.0
1787131461.49871,-2.641,2.926,9.474,-0.044,0.026,0.028,-3.6,-23.85,-32.25,802.0
1787131461.7033741,-2.832,2.6,8.722,-0.027,0.007,-0.054,-6.0,-24.9,-34.35,906.0
1787131461.7033978,-2.674,2.521,8.772,-0.074,-0.032,-0.061,-4.65,-24.15,-33.9,874.0
1787131461.7034087,-2.483,2.454,8.806,-0.09,-0.031,-0.076,-4.65,-24.15,-33.6,874.0
1787131461.9081151,-2.658,2.617,8.871,-0.04,-0.029,-0.01,-4.8,-24.3,-34.5,901.0
1787131461.908139,-2.49,2.488,8.952,-0.032,-0.025,0.002,-4.8,-23.55,-34.2,901.0
1787131461.9081495,-2.595,2.547,8.945,-0.018,-0.003,0.013,-4.05,-22.8,-33.75,901.0
1787131462.1132944,-2.593,2.471,8.959,0.001,0.021,0.011,-4.35,-23.85,-34.5,994.0
1787131462.1133184,-2.708,2.516,9.029,-0.019,0.009,0.008,-4.8,-23.85,-33.75,994.0
1787131462.1133296,-2.713,2.693,9.131,-0.124,-0.037,-0.03,-5.55,-23.85,-33.75,994.0
1787131462.318988,-3.168,-5.191,9.373,-5.886,-0.046,-0.445,-13.65,-34.8,-62.1,2125.0
1787131462.3190143,8.969,-8.157,23.181,-4.207,-0.296,0.625,-13.35,-32.85,-69.9,2125.0
1787131462.3190258,-0.213,-5.492,8.071,-3.237,-0.723,0.295,-13.95,-31.5,-72.6,2125.0
1787131462.5238984,-1.8,-5.102,7.084,1.567,-0.251,-0.56,-13.5,-31.05,-75.9,31.0
1787131462.523922,-2.054,-5.291,7.13,1.994,-0.104,-0.165,-13.95,-31.8,-75.15,31.0
1787131462.523933,-1.374,-4.685,7.597,2.316,0.112,0.029,-13.65,-31.2,-73.95,31.0
1787131462.733342,-2.294,0.982,9.926,1.53,0.068,0.313,-10.5,-30.6,-44.25,2151.0
1787131462.9325447,-2.413,1.401,9.268,-0.095,-0.07,0.006,-4.95,-27.9,-38.7,2086.0
1787131462.9326334,-2.614,1.324,9.294,-0.048,-0.094,0.009,-5.85,-26.55,-38.55,2086.0
1787131462.9326696,-2.473,1.413,9.268,0.007,-0.088,0.013,-5.55,-27.75,-38.55,2086.0
1787131463.1372986,-2.195,1.448,9.057,-0.025,-0.005,-0.052,-5.55,-26.25,-40.05,2119.0
1787131463.137321,-1.999,1.35,9.131,-0.026,0.026,-0.046,-5.7,-27.15,-40.05,2119.0
1787131463.1373277,-2.076,1.288,9.246,0.015,0.06,-0.026,-7.05,-28.95,-37.5,2119.0
1787131463.342099,-2.162,1.401,9.301,0.059,0.059,-0.022,-7.35,-28.2,-40.05,2119.0
1787131463.3421242,-2.215,1.448,9.301,0.108,0.048,0.0,-7.5,-27.9,-39.9,2119.0
1787131463.342136,-2.047,1.475,9.28,0.135,0.054,0.026,-6.6,-27.45,-37.8,2117.0
1787131463.5495508,-2.768,-0.134,10.822,-4.809,0.326,-1.178,-10.35,-32.85,-50.4,1996.0
1787131463.5495756,-3.127,-0.946,9.512,-4.626,0.379,-1.105,-12.6,-33.9,-55.05,1996.0
1787131463.5495868,-2.873,-2.993,8.942,-4.623,0.28,-0.836,-12.75,-34.2,-60.75,1828.0
1787131463.751828,-1.776,-4.92,8.171,-2.133,-0.608,0.07,-15.45,-32.55,-68.85,1828.0
1787131463.751867,-1.695,-4.786,6.881,-1.779,-0.841,0.137,-15.9,-33.15,-72.0,1828.0
1787131463.7518795,-1.496,-4.987,6.378,-1.465,-0.788,0.186,-15.9,-30.9,-73.95,6.0
1787131463.9559588,-2.342,0.328,9.385,2.15,-0.192,0.633,-8.85,-29.25,-47.1,1987.0
1787131463.9559824,-1.956,1.015,9.572,1.836,-0.097,0.534,-7.5,-29.85,-43.5,2143.0
1787131463.9559937,-2.251,1.41,9.907,1.477,-0.02,0.44,-6.3,-28.2,-41.85,2143.0
1787131464.1611402,-2.428,1.755,10.384,0.809,0.094,0.268,-5.85,-27.45,-40.05,2143.0
1787131464.1611652,-2.6,1.683,10.403,0.554,0.129,0.209,-4.2,-26.85,-38.7,2143.0
1787131464.1611762,-2.421,1.97,10.355,0.301,0.102,0.126,-5.4,-27.15,-37.95,2093.0
1787131464.366111,-2.301,1.429,9.117,0.006,0.032,-0.023,-4.65,-27.15,-39.45,2121.0
1787131464.3661356,-2.322,1.393,9.148,0.051,0.035,-0.019,-5.4,-27.15,-37.65,2121.0
1787131464.3661463,-2.294,1.365,9.172,0.111,0.033,0.01,-5.1,-25.8,-38.25,2126.0
1787131464.5709615,-2.239,1.982,9.234,0.316,0.117,0.082,-3.45,-26.85,-36.6,2000.0
1787131464.5711668,-2.224,1.939,9.167,0.364,0.115,0.106,-4.65,-26.1,-36.6,2000.0
1787131464.571175,-2.394,2.009,9.131,0.43,0.1,0.154,-4.65,-26.85,-35.85,2000.0
1787131464.77547,-2.468,3.108,9.313,0.202,-0.017,0.054,-3.9,-25.65,-35.4,2000.0
1787131464.7754948,-2.636,3.156,9.591,-0.297,-0.063,-0.131,-3.45,-24.45,-33.9,2000.0
1787131464.775506,-3.062,3.761,10.144,-1.171,-0.126,-0.438,-2.7,-24.9,-34.65,2000.0
1787131464.9831893,-0.845,-5.811,6.098,-0.47,-0.117,0.196,-13.2,-30.3,-75.6,12.0
1787131464.9832127,-1.29,-5.27,6.74,-0.021,-0.003,0.103,-13.65,-31.95,-77.25,12.0
1787131464.9832244,-1.791,-5.114,7.123,0.159,0.009,0.049,-12.75,-30.9,-77.25,12.0
1787131465.184659,-2.696,-5.792,7.951,3.565,0.433,0.762,-11.25,-32.25,-67.05,141.0
1787131465.184684,-3.014,-3.946,7.523,4.155,0.14,0.789,-10.5,-32.55,-63.75,141.0
1787131465.1846957,-3.488,-2.581,7.415,4.406,-0.211,0.75,-8.1,-32.85,-62.1,141.0
1787131465.3928123,-2.423,2.586,10.293,0.634,0.2,0.108,-2.85,-27.45,-37.05,2059.0
1787131465.3928373,-2.591,2.533,10.101,0.344,0.197,0.043,-2.85,-26.55,-36.75,2059.0
1787131465.3928485,-2.638,2.184,10.106,0.143,0.192,0.007,-2.55,-25.8,-37.5,2059.0
1787131465.5940487,-2.516,1.994,9.177,0.006,0.0,-0.084,-1.95,-26.1,-35.85,1974.0
1787131465.5940726,-2.433,1.913,9.117,0.019,0.011,-0.074,-2.55,-25.8,-36.3,1974.0
1787131465.5940833,-2.325,1.935,9.091,0.009,0.021,-0.065,-2.1,-26.55,-37.05,1974.0
1787131465.7991612,-2.404,1.968,9.122,0.103,-0.002,0.001,-3.6,-27.45,-34.95,1777.0
1787131465.7991865,-2.421,1.97,9.155,0.1,-0.012,-0.001,-4.2,-26.1,-36.6,1806.0
1787131465.7991977,-2.512,2.028,9.134,0.089,-0.02,0.001,-2.1,-26.55,-35.25,1806.0
1787131466.0017505,-2.406,2.605,9.098,0.482,0.02,0.127,-4.05,-26.25,-34.95,1401.0
1787131466.2101908,-10.331,-20.322,4.48,-1.808,-0.734,0.132,-14.1,-32.4,-68.4,144.0
1787131466.2102168,-2.461,-4.793,7.017,-0.89,-0.774,0.087,-16.95,-31.8,-70.05,144.0
1787131466.2102277,-1.674,-5.571,6.546,-0.332,-0.527,0.122,-13.65,-32.4,-72.45,144.0
1787131466.4132009,-2.782,-2.126,8.353,3.436,-0.156,0.455,-11.25,-33.45,-56.4,289.0
1787131466.4132252,-2.564,-1.29,8.296,3.465,-0.217,0.534,-10.95,-33.0,-54.6,289.0
1787131466.413236,-2.03,-0.704,8.322,3.472,-0.027,0.699,-7.5,-31.8,-47.25,2198.0
1787131466.618679,-2.931,2.217,9.893,1.261,0.138,0.394,-5.4,-27.6,-36.9,1918.0
1787131466.6187038,-2.887,2.377,9.969,1.211,0.112,0.408,-5.1,-25.05,-36.3,1918.0
1787131466.6187148,-2.715,2.576,9.579,1.141,0.128,0.433,-5.55,-26.25,-33.0,1918.0
1787131466.8233688,-2.629,3.431,8.708,0.194,-0.076,0.117,-0.9,-22.2,-29.25,741.0
1787131466.8233943,-2.65,3.534,8.691,0.104,-0.043,0.066,-1.05,-22.8,-29.4,741.0
1787131466.8234055,-2.689,3.443,8.655,0.027,-0.023,0.029,-0.9,-22.2,-29.25,741.0
1787131467.0280488,-2.658,3.369,8.562,0.003,-0.001,-0.018,-0.6,-21.6,-27.9,736.0
1787131467.0280726,-2.641,3.335,8.538,0.011,0.006,-0.011,0.15,-20.55,-29.55,736.0
1787131467.028085,-2.576,3.412,8.578,0.004,0.001,-0.011,-0.15,-21.45,-28.8,736.0
1787131467.2323725,-2.531,3.369,8.617,-0.015,0.035,-0.016,-1.65,-21.45,-27.75,754.0
1787131467.2323983,-2.705,3.488,8.72,-0.068,-0.007,-0.035,-2.4,-20.25,-28.5,754.0
1787131467.2324092,-2.83,3.785,8.887,-0.151,-0.043,-0.092,-1.2,-20.25,-29.85,754.0
1787131467.4371781,-2.804,4.022,8.985,-0.394,-0.08,-0.258,-1.35,-21.6,-28.95,718.0
1787131467.4372032,-3.065,4.391,9.357,-0.911,-0.062,-0.45,-1.2,-21.75,-29.25,718.0
1787131467.437214,-2.983,4.611,9.29,-1.952,-0.093,-0.713,-2.1,-23.85,-30.15,718.0
1787131467.6425734,-2.016,-5.411,6.634,-0.739,-0.925,-0.089,-15.75,-34.2,-68.55,2094.0
1787131467.6425986,-1.654,-5.023,6.91,-0.087,-0.938,0.208,-15.6,-31.65,-69.15,2094.0
1787131467.64261,-1.448,-4.175,7.01,0.622,-0.791,0.172,-16.2,-32.25,-70.35,2094.0
1787131467.8465025,-2.868,4.116,10.058,1.102,0.047,0.45,-2.4,-22.5,-30.6,2103.0
1787131467.8465278,-2.691,4.405,9.895,0.484,0.078,0.335,-2.7,-23.25,-31.05,817.0
1787131467.846539,-2.732,3.632,10.096,0.26,0.085,0.201,-0.6,-23.1,-28.95,817.0
1787131468.0517251,-2.495,2.919,8.631,-0.123,-0.032,-0.051,0.9,-22.5,-30.6,773.0
1787131468.0517502,-2.399,2.856,8.622,-0.118,-0.037,-0.068,-1.05,-23.1,-32.7,806.0
1787131468.0517614,-2.418,2.974,8.643,-0.092,-0.016,-0.06,-0.9,-23.7,-31.8,806.0
1787131468.2561703,-2.497,3.055,8.875,0.053,-0.038,0.005,-2.85,-23.1,-30.45,805.0
1787131468.2561972,-2.535,3.168,8.892,0.059,-0.034,0.018,-1.35,-22.8,-31.2,794.0
1787131468.2562032,-2.574,3.182,8.985,0.042,-0.032,0.009,-1.35,-24.3,-30.9,794.0
1787131468.4610686,-2.48,3.33,8.689,0.167,-0.072,0.122,-1.2,-23.25,-30.6,807.0
1787131468.4610934,-2.337,3.745,8.801,0.067,-0.101,0.051,0.0,-22.35,-30.45,828.0
1787131468.4611046,-2.392,3.579,8.806,-0.227,-0.046,-0.079,-0.9,-22.5,-29.55,828.0
1787131468.6663358,-2.296,0.072,9.898,-4.607,0.137,-1.119,-7.2,-33.0,-49.35,885.0
1787131468.666361,-2.413,-1.161,9.833,-4.233,0.305,-0.867,-10.05,-33.6,-53.7,2128.0
1787131468.666372,-2.246,-3.5,9.598,-3.558,0.408,-0.65,-9.6,-35.1,-58.5,2128.0
1787131468.8709702,-1.671,-4.499,7.183,-0.114,0.069,-0.07,-14.4,-31.65,-72.45,138.0
1787131468.8709953,-1.767,-4.226,7.274,0.123,0.23,-0.119,-14.25,-32.55,-71.1,138.0
1787131468.8710065,-2.152,-4.477,7.453,0.377,0.258,-0.09,-13.65,-34.35,-70.95,50.0
1787131469.0754342,-2.746,-3.74,8.329,3.205,0.108,0.383,-11.85,-34.35,-61.05,1085.0
1787131469.0754585,-3.084,-1.599,8.116,3.424,0.123,0.547,-10.8,-33.9,-58.8,1085.0
1787131469.2795894,-2.555,2.253,9.55,0.863,0.371,0.246,-2.85,-26.25,-37.05,2011.0
1787131469.279613,-2.775,2.382,9.261,0.762,0.222,0.251,-4.2,-24.9,-34.35,2011.0
1787131469.4863362,-2.856,3.29,8.65,0.269,0.053,-0.002,-1.65,-22.5,-30.6,689.0
1787131469.486361,-2.83,3.424,8.638,0.147,0.046,-0.01,-1.35,-23.55,-29.7,689.0
1787131469.486372,-2.878,3.397,8.681,0.057,0.018,0.003,-0.9,-22.5,-28.8,689.0
1787131469.6902146,-2.88,3.342,8.612,-0.018,0.013,0.01,-1.35,-22.8,-29.4,687.0
1787131469.6902394,-2.828,3.309,8.576,-0.03,0.007,0.011,-1.95,-21.45,-29.25,687.0
1787131469.6902506,-2.849,3.29,8.614,-0.051,0.015,-0.006,0.0,-23.85,-30.9,687.0
1787131469.89521,-2.832,3.575,9.558,-3.908,-0.023,-0.716,-2.55,-27.45,-37.8,874.0
1787131469.8952384,-3.124,2.952,9.855,-4.667,0.016,-0.921,-3.3,-30.45,-44.1,874.0
1787131470.1012738,-2.897,-5.885,5.981,-0.477,-0.599,0.223,-12.0,-33.75,-72.3,37.0
1787131470.1013434,-1.817,-4.729,5.808,0.134,-0.767,0.298,-11.25,-33.45,-74.1,37.0
1787131470.101386,-1.389,-4.391,5.916,0.751,-0.492,-0.017,-11.7,-31.8,-73.65,37.0
1787131470.3041053,-2.105,-1.149,8.284,3.586,-0.252,0.401,-9.45,-33.75,-53.4,2111.0
1787131470.3041306,-2.322,-0.17,8.629,3.69,-0.013,0.672,-6.75,-31.5,-51.3,2111.0
1787131470.3041415,-2.239,0.704,8.705,3.519,0.068,0.7,-4.65,-31.05,-44.25,2111.0
1787131470.5085306,-2.813,4.803,9.668,0.401,0.095,0.083,-0.6,-20.85,-27.15,657.0
1787131470.5085561,-2.938,4.503,9.603,0.191,0.107,0.031,-0.6,-20.85,-26.4,657.0
1787131470.5085678,-3.05,4.389,9.457,0.034,0.086,0.003,0.3,-21.15,-26.85,657.0
1787131470.716228,-2.89,3.567,8.277,-0.116,-0.034,-0.035,0.6,-20.1,-27.45,654.0
1787131470.7162516,-2.902,3.553,8.198,-0.105,-0.035,-0.039,-1.35,-21.6,-28.95,676.0
1787131470.7162628,-2.981,3.563,8.155,-0.127,-0.06,-0.041,-0.45,-21.75,-27.0,676.0
1787131470.9162238,-2.823,3.421,8.382,-0.018,0.017,-0.016,-1.8,-21.6,-27.9,630.0
1787131471.1230748,-0.927,-3.491,10.084,-5.052,-0.237,-0.287,-9.0,-36.45,-60.45,675.0
1787131471.123098,-1.925,-4.477,9.433,-4.082,0.363,-0.039,-9.75,-33.45,-63.45,675.0
1787131471.1231089,-3.122,-4.693,8.442,-3.382,0.359,0.046,-10.05,-33.9,-67.2,675.0
1787131471.3278024,-2.32,-4.171,6.943,0.576,0.155,-0.103,-10.35,-32.4,-75.0,19.0
1787131471.3278267,-2.473,-4.049,7.269,0.505,0.043,-0.104,-10.5,-31.8,-75.6,19.0
1787131471.327838,-2.195,-4.65,7.661,0.455,-0.011,-0.044,-12.15,-30.15,-75.0,19.0
1787131471.534083,-2.634,-0.206,8.191,3.475,-0.115,0.062,-6.3,-31.95,-51.45,2065.0
1787131471.5341058,-1.961,0.067,9.196,2.979,0.081,0.542,-6.6,-28.5,-49.2,2065.0
1787131471.5341167,-2.574,1.018,9.366,2.732,0.228,0.529,-4.05,-29.25,-46.35,2065.0
1787131471.7378318,-2.701,1.59,9.962,-0.121,0.1,0.021,-4.95,-24.45,-37.65,1969.0
1787131471.7378705,-2.84,1.532,9.749,-0.13,0.121,0.014,-3.6,-26.25,-37.8,1969.0
1787131471.7378821,-3.153,1.549,9.582,-0.162,0.068,0.011,-3.45,-26.85,-37.2,1969.0
1787131471.9422095,-2.816,1.504,9.009,-0.011,-0.042,-0.034,-5.55,-27.45,-39.6,2033.0
1787131471.9422343,-2.777,1.446,9.029,-0.016,-0.047,-0.01,-4.95,-27.15,-39.15,2033.0
1787131471.942246,-2.579,1.429,9.055,0.006,-0.015,0.003,-4.2,-27.15,-38.7,2033.0
1787131472.146858,-2.861,1.815,9.273,0.185,-0.062,0.118,-1.95,-25.65,-39.15,2003.0
1787131472.1469064,-2.95,2.361,9.337,0.142,-0.086,0.054,-5.1,-27.0,-38.25,2003.0
1787131472.1469183,-3.282,2.648,9.589,-0.195,-0.101,-0.064,-3.45,-26.85,-37.95,2003.0
1787131472.3517497,-3.8,-5.432,8.583,-3.267,0.471,-0.497,-12.45,-31.8,-70.35,40.0
1787131472.3517745,-2.892,-6.589,7.096,-2.365,0.003,-0.425,-12.75,-31.5,-72.9,40.0
1787131472.3517857,-2.516,-4.985,6.507,-1.488,-0.266,-0.123,-12.15,-31.65,-75.0,40.0
1787131472.5541935,-2.567,-5.248,8.042,1.415,0.014,-0.059,-12.75,-31.8,-72.6,49.0
1787131472.761967,-3.062,0.608,10.046,1.33,0.242,0.301,-5.4,-28.8,-42.45,2004.0
1787131472.7619915,-3.1,1.089,9.737,1.257,0.173,0.292,-6.45,-28.35,-40.95,2004.0
1787131472.7620025,-3.474,1.343,9.589,0.607,-0.02,0.19,-6.0,-29.1,-39.9,2150.0
1787131472.9664998,-2.883,1.027,9.033,-0.04,-0.031,0.019,-4.95,-27.9,-39.9,2055.0
1787131472.9665241,-2.818,1.077,9.045,-0.031,-0.002,-0.006,-5.4,-27.9,-40.2,2055.0
1787131472.9665353,-2.811,1.027,9.05,0.025,0.012,-0.028,-5.1,-27.45,-40.35,2073.0
1787131473.172549,-2.816,1.223,9.177,0.427,-0.023,0.18,-3.3,-26.55,-37.8,2057.0
1787131473.1725733,-2.837,1.614,9.038,0.617,0.002,0.253,-4.05,-26.55,-38.25,2007.0
1787131473.375763,-3.553,-1.178,9.965,-4.364,0.64,-1.059,-10.05,-32.85,-53.7,2108.0
1787131473.3757873,-3.797,-0.625,8.329,-4.858,0.463,-1.136,-11.7,-33.75,-58.2,2108.0
1787131473.3757985,-4.013,-3.017,7.913,-5.565,0.152,-0.996,-11.85,-33.9,-63.15,2108.0
1787131473.5804627,-1.717,-5.777,5.926,1.026,0.436,-0.078,-14.85,-28.95,-77.55,39.0
1787131473.5804873,-2.476,-4.47,5.318,1.141,0.135,-0.024,-13.5,-29.1,-76.65,39.0
1787131473.5804985,-3.579,-4.712,6.275,1.278,-0.136,-0.06,-13.95,-31.05,-75.15,39.0
1787131473.7852998,-3.175,-1.805,8.124,3.56,-0.198,0.411,-9.6,-32.85,-57.75,34.0
1787131473.7853253,-3.127,-0.697,8.32,3.302,-0.178,0.605,-8.85,-31.95,-49.95,34.0
1787131473.7853363,-2.885,0.407,8.729,2.508,-0.21,0.537,-8.1,-30.15,-48.45,2176.0
1787131473.9942746,-2.959,2.2,10.185,0.778,0.187,0.196,-3.15,-27.6,-36.9,1938.0
1787131473.9942992,-2.868,2.179,9.644,0.524,0.163,0.141,-3.15,-26.4,-36.9,1938.0
1787131474.194651,-2.828,2.059,8.818,-0.021,-0.006,-0.001,-1.35,-26.55,-34.2,1938.0
1787131474.1946766,-2.926,2.061,8.801,-0.043,-0.034,-0.015,-1.95,-25.65,-33.9,1938.0
1787131474.3995006,-2.964,3.345,9.515,-1.813,-0.045,-0.611,-3.15,-25.2,-36.15,947.0
1787131474.3995247,-2.806,2.607,9.878,-2.723,0.04,-0.732,-3.6,-26.55,-36.75,1938.0
1787131474.3995361,-3.613,2.715,9.864,-3.412,0.124,-0.867,-4.35,-30.15,-41.1,1938.0
1787131474.604387,-1.595,-6.057,6.397,-0.706,-0.206,0.147,-14.1,-31.65,-71.25,1938.0
1787131474.6044116,-1.724,-5.282,6.622,-0.084,-0.152,0.396,-12.45,-33.45,-71.85,25.0
1787131474.6044226,-1.276,-4.515,6.455,0.328,-0.152,0.276,-13.95,-32.25,-72.6,25.0
1787131474.809403,-2.734,-1.279,7.549,3.999,-0.198,0.329,-9.0,-33.75,-54.9,2182.0
1787131474.8094282,-2.842,0.029,7.554,3.41,-0.113,0.547,-5.85,-32.4,-48.9,2182.0
1787131474.8094392,-2.696,1.346,8.875,2.76,-0.054,0.711,-5.7,-31.05,-46.05,2182.0
1787131475.0138412,-2.878,2.31,9.924,0.738,0.054,0.218,-2.7,-25.65,-35.4,2090.0
1787131475.0138752,-2.83,2.636,9.749,0.391,0.068,0.093,-2.1,-25.8,-33.45,2090.0
1787131475.0138876,-2.729,2.545,9.737,0.123,0.114,0.023,-0.45,-24.9,-34.35,2090.0
1787131475.2185714,-2.713,2.066,8.938,-0.151,0.042,-0.047,-2.4,-25.65,-34.65,2090.0
1787131475.2185967,-2.861,2.052,8.88,-0.119,-0.021,-0.039,-2.1,-25.8,-34.2,1114.0
1787131475.218608,-2.761,1.92,8.763,-0.097,-0.036,-0.017,-2.1,-26.25,-35.55,1114.0
1787131475.4231982,-2.593,1.903,8.981,0.001,0.016,-0.039,-2.7,-25.65,-33.6,1510.0
1787131475.4232235,-2.662,2.028,9.069,0.022,0.053,-0.028,-1.8,-26.55,-34.95,1510.0
1787131475.4232342,-2.682,2.018,9.131,0.017,0.031,-0.007,-2.55,-24.3,-34.95,1510.0
1787131475.628263,-2.452,1.827,10.044,-4.58,0.254,-0.658,-7.5,-34.2,-48.3,1825.0
1787131475.6282878,-3.11,1.183,10.087,-5.113,0.236,-0.693,-9.0,-32.55,-53.85,1825.0
1787131475.628299,-3.821,0.376,8.696,-5.748,0.166,-0.54,-8.1,-35.55,-59.1,1825.0
1787131475.831311,-2.598,-5.784,7.235,0.572,0.184,0.114,-11.7,-30.3,-75.15,69.0
1787131476.03783,-2.406,0.984,8.978,2.503,-0.062,0.745,-5.1,-28.95,-44.4,2137.0
1787131476.0378726,-2.488,0.692,9.254,2.141,0.005,0.658,-2.55,-29.7,-41.55,2137.0
1787131476.0378847,-2.765,1.745,9.349,1.883,0.052,0.529,-3.3,-27.75,-40.35,2137.0
1787131476.2430995,-2.813,2.54,9.512,-0.013,-0.01,0.054,-2.4,-24.15,-33.9,976.0
1787131476.2431242,-2.847,2.461,9.361,-0.092,-0.047,0.037,0.3,-24.3,-36.3,976.0
1787131476.243135,-2.72,2.583,9.096,-0.167,-0.055,0.017,-1.05,-25.8,-34.95,976.0
1787131476.4479005,-2.569,2.342,8.916,-0.002,-0.022,0.049,-0.45,-24.45,-34.35,1324.0
1787131476.4479265,-2.495,2.38,8.95,0.046,-0.009,0.074,-0.3,-25.05,-35.55,1324.0
1787131476.4479373,-2.672,2.421,8.887,0.018,-0.011,0.053,0.6,-24.75,-36.75,1324.0
1787131476.6517951,-2.392,2.377,8.976,0.321,0.032,0.109,0.9,-25.65,-35.85,1324.0
1787131476.6518192,-2.523,2.957,8.914,0.429,0.026,0.134,-0.45,-24.15,-33.3,1324.0
1787131476.65183,-2.361,2.476,9.208,0.312,-0.037,0.121,0.45,-25.65,-33.3,1324.0
1787131476.8567946,-2.909,3.194,9.74,-4.363,0.019,-1.044,-3.9,-29.55,-41.7,2141.0
1787131476.8568184,-3.021,1.812,9.852,-4.982,0.043,-1.091,-5.85,-33.15,-45.9,2141.0
1787131476.8568294,-2.464,0.158,9.603,-4.86,0.136,-0.972,-9.0,-34.2,-53.1,2141.0
1787131477.0615401,-2.1,-4.211,6.946,-0.764,-0.184,-0.096,-12.45,-32.55,-72.9,2141.0
1787131477.061565,-1.283,-5.176,6.891,-0.172,-0.063,-0.043,-12.45,-29.85,-74.1,58.0
1787131477.0615761,-0.735,-4.994,6.378,0.418,0.156,-0.076,-14.85,-30.45,-73.5,58.0
1787131477.2662826,-2.914,-1.626,7.396,4.587,-0.273,0.653,-9.3,-32.85,-55.05,154.0
1787131477.266307,-2.631,0.558,7.58,4.055,-0.138,0.763,-6.0,-32.25,-49.8,2194.0
1787131477.2663186,-2.83,0.572,8.416,3.305,0.073,0.848,-6.45,-30.3,-45.0,2194.0
1787131477.4711363,-2.626,1.448,9.189,2.576,0.232,0.767,-4.8,-29.25,-42.3,2194.0
1787131477.471161,-3.165,1.314,9.79,2.162,0.245,0.621,-4.95,-26.85,-40.95,2194.0
1787131477.4712164,-3.45,2.239,9.876,1.72,0.122,0.401,-4.65,-27.9,-38.4,2194.0
1787131477.6763287,-2.758,1.877,8.612,-0.087,-0.057,-0.026,-1.05,-25.8,-36.3,1257.0
1787131477.6763537,-2.746,1.935,8.595,0.005,-0.062,0.02,-3.9,-24.45,-34.35,1257.0
1787131477.676365,-2.763,1.939,8.653,0.07,-0.082,0.028,-2.55,-26.25,-35.55,1257.0
1787131477.8806114,-2.674,2.385,8.904,0.192,-0.019,0.11,-2.7,-25.2,-32.55,1903.0
1787131477.8806372,-2.705,2.602,8.88,0.143,-0.081,0.083,-1.8,-24.75,-33.75,1903.0
1787131477.8806484,-2.631,2.181,8.961,0.134,-0.068,0.068,-1.8,-25.05,-32.25,1903.0
1787131478.0857143,-2.583,3.302,9.05,0.169,-0.014,0.037,-2.55,-22.8,-31.5,1056.0
1787131478.085739,-2.421,2.816,9.105,0.09,0.036,-0.008,-2.85,-22.8,-31.5,1056.0
1787131478.08575,-2.473,2.942,9.069,0.02,0.079,-0.039,-1.05,-23.1,-31.95,1056.0
1787131478.2905915,-3.476,1.899,9.902,-3.446,0.16,-1.242,-4.65,-29.55,-38.7,1769.0
1787131478.2906158,-3.713,1.597,9.792,-3.863,-0.051,-1.215,-8.25,-29.85,-41.25,1769.0
1787131478.2906268,-3.366,1.147,9.055,-4.583,-0.322,-1.166,-9.6,-30.9,-49.65,1769.0
1787131478.4949415,-1.221,-4.834,6.771,0.244,-0.244,0.125,-17.4,-31.95,-70.95,72.0
1787131478.494966,-0.644,-4.946,7.096,0.494,-0.244,0.002,-15.15,-31.65,-71.7,72.0
1787131478.4949768,-1.379,-4.468,6.948,0.774,-0.052,0.137,-16.65,-32.85,-71.25,72.0
1787131478.7019103,-3.026,-2.643,8.049,3.291,0.014,0.514,-11.25,-34.2,-58.2,2176.0
1787131478.7019348,-2.593,-1.686,9.033,3.301,-0.169,0.701,-10.95,-33.0,-54.9,2176.0
1787131478.7019463,-2.049,-0.912,8.985,3.454,-0.123,0.981,-9.45,-33.75,-52.05,2176.0
1787131478.9058194,-2.665,2.306,10.118,0.411,-0.102,0.31,-3.15,-25.65,-35.4,1923.0
1787131478.9058433,-2.547,2.222,10.075,0.428,-0.054,0.293,-1.8,-26.25,-34.5,1923.0
1787131478.905862,-2.545,2.622,9.802,0.362,-0.03,0.229,-2.4,-25.2,-33.3,1923.0
1787131479.1099274,-2.253,2.433,8.933,-0.074,-0.021,-0.041,-3.3,-23.55,-33.0,1662.0
1787131479.3143191,-2.571,3.5,9.764,-0.85,0.028,-0.515,-1.8,-25.05,-33.75,1729.0
1787131479.314344,-2.686,3.831,10.005,-1.669,0.09,-0.695,-2.55,-23.85,-33.0,1729.0
1787131479.3143551,-2.95,4.051,10.199,-3.005,0.087,-0.928,-4.35,-25.8,-33.75,1729.0
1787131479.5187027,0.587,-8.784,12.079,-2.505,-0.477,-0.118,-14.1,-32.85,-70.2,2163.0
1787131479.518727,-2.028,-5.109,6.826,-1.767,-1.145,-0.277,-14.25,-30.3,-73.35,49.0
1787131479.5187385,-1.207,-5.82,5.471,-0.877,-1.191,-0.107,-15.75,-30.3,-75.15,49.0
1787131479.724073,-2.444,-5.318,7.97,3.141,0.068,0.49,-13.5,-33.0,-68.85,9.0
1787131479.7240982,-2.954,-3.926,8.145,3.752,-0.045,0.578,-12.75,-34.2,-64.2,2036.0
1787131479.72411,-3.184,-2.452,8.37,3.913,-0.391,0.417,-10.8,-33.9,-61.35,2036.0
1787131479.9281287,-3.098,1.729,10.068,1.226,0.033,0.45,-4.95,-27.6,-37.95,2115.0
1787131479.9281528,-2.392,2.263,9.809,1.104,-0.063,0.287,-3.15,-25.2,-36.6,2115.0
1787131479.9281647,-2.09,1.899,9.996,0.877,-0.036,0.151,-3.3,-25.8,-36.3,2095.0
1787131480.1334772,-2.212,2.442,9.048,-0.056,0.093,-0.059,-2.55,-24.75,-34.2,1714.0
1787131480.1335013,-2.377,2.466,9.117,0.036,0.078,-0.026,-2.85,-24.3,-33.45,1714.0
1787131480.1335123,-2.413,2.38,9.05,0.027,0.052,-0.002,-1.95,-24.15,-34.35,1751.0
1787131480.3377862,-2.464,2.265,9.045,0.002,-0.002,0.007,-3.3,-21.9,-35.25,1653.0
1787131480.337811,-2.461,2.286,9.057,-0.008,0.001,0.007,-3.15,-24.9,-33.9,1653.0
1787131480.3378222,-2.488,2.219,9.045,-0.002,0.001,0.0,-3.45,-24.45,-33.9,1653.0
1787131480.5428426,-2.593,3.062,9.234,-0.028,-0.084,-0.004,-2.4,-24.9,-32.85,1747.0
1787131480.5428774,-2.863,3.407,9.692,-0.491,-0.104,-0.194,-3.45,-22.5,-32.85,1747.0
1787131480.5428884,-3.268,4.164,9.984,-1.63,-0.241,-0.561,-3.45,-24.9,-33.6,1747.0
1787131480.747191,-2.696,-6.677,9.203,-3.384,-0.286,-0.312,-12.45,-32.25,-70.35,2101.0
1787131480.9587429,-2.923,-2.356,9.519,3.03,-0.137,-0.043,-11.1,-34.8,-61.05,1867.0
1787131480.9587684,-2.409,-1.796,9.402,3.07,-0.082,0.061,-10.5,-31.5,-55.65,1867.0
1787131480.9587798,-1.856,-0.845,9.129,2.998,0.157,0.241,-9.3,-32.4,-52.5,1867.0
1787131481.1563745,-2.547,0.637,9.941,0.449,0.137,0.034,-6.0,-29.1,-40.2,2182.0
1787131481.1564007,-2.507,0.678,9.912,0.359,0.119,0.038,-7.35,-27.75,-40.35,2182.0
1787131481.3616593,-2.543,0.654,9.012,-0.042,0.006,0.002,-4.65,-28.35,-40.65,2154.0
1787131481.3616843,-2.614,0.584,9.0,0.057,0.048,0.047,-7.35,-27.45,-40.35,2154.0
1787131481.3616953,-2.753,0.711,9.012,0.12,0.024,0.064,-6.75,-28.8,-39.45,2154.0
1787131481.566804,-2.983,1.149,9.529,-0.016,-0.086,0.049,-5.1,-28.2,-39.0,2131.0
1787131481.56683,-2.825,1.355,9.608,-0.256,-0.085,-0.032,-6.3,-27.75,-40.35,2131.0
1787131481.566841,-2.978,1.621,9.675,-0.657,-0.062,-0.121,-6.6,-27.45,-39.0,2131.0
1787131481.7716916,-2.303,-5.368,8.909,-3.456,0.244,-0.295,-13.65,-32.85,-67.2,97.0
1787131481.771716,-2.686,-6.067,8.334,-2.677,-0.005,-0.234,-15.45,-32.55,-71.1,97.0
1787131481.771727,-1.559,-4.3,7.412,-1.857,-0.303,0.003,-12.75,-31.05,-72.3,97.0
1787131481.9763901,-2.313,-4.712,6.694,0.488,0.262,-0.019,-14.4,-30.9,-73.5,35.0
1787131481.976415,-2.847,-4.688,6.972,0.531,0.126,0.039,-13.65,-31.2,-74.55,35.0
1787131481.9764256,-2.176,-5.27,7.666,0.594,-0.022,-0.029,-14.7,-30.3,-72.3,28.0
1787131482.181268,-2.49,-3.582,8.976,1.884,0.01,0.458,-12.15,-33.9,-62.1,165.0
1787131482.1812925,-2.519,-3.455,8.854,2.448,-0.02,0.596,-11.1,-35.55,-59.55,165.0
1787131482.1813033,-2.682,-2.626,8.722,2.63,-0.126,0.494,-8.85,-34.35,-57.3,2150.0
1787131482.385687,-3.448,2.124,9.601,0.815,-0.047,0.311,-3.6,-25.8,-36.3,2164.0
1787131482.5906394,-2.71,1.448,8.739,-0.043,0.001,-0.013,-3.3,-24.3,-37.5,1993.0
1787131482.5906644,-2.761,1.465,8.763,-0.017,0.001,-0.006,-2.1,-26.25,-37.05,1993.0
1787131482.5906765,-2.863,1.417,8.873,0.031,0.001,0.004,-2.85,-27.75,-37.05,1993.0
1787131482.7958062,-3.005,1.93,9.39,0.108,0.002,0.007,-3.9,-27.15,-35.85,1866.0
1787131482.7958307,-2.952,2.272,9.474,-0.057,-0.027,-0.066,-3.6,-25.8,-37.05,1866.0
1787131482.7958443,-3.22,2.607,9.567,-0.703,-0.043,-0.218,-3.45,-26.85,-35.1,1866.0
1787131483.0003293,-1.98,-6.014,9.412,-3.239,0.137,-0.236,-10.35,-33.9,-63.6,2077.0
1787131483.0003536,-2.619,-4.951,8.045,-2.209,0.106,-0.325,-11.7,-34.2,-63.75,2077.0
1787131483.0003645,-2.332,-4.709,7.484,-1.673,-0.1,-0.307,-12.75,-34.5,-68.25,2077.0
1787131483.2056866,-2.222,-5.385,8.27,0.375,-0.06,0.167,-10.95,-33.45,-72.3,13.0
1787131483.2057118,-1.946,-5.148,8.248,0.633,0.049,0.222,-11.7,-32.55,-71.55,13.0
1787131483.2057226,-2.097,-5.239,8.418,0.789,0.171,0.209,-11.7,-32.55,-71.55,13.0
1787131483.4095836,-2.931,0.373,7.652,2.787,-0.107,0.412,-7.2,-31.5,-48.0,2160.0
1787131483.4096093,-2.624,0.517,8.246,2.258,-0.043,0.487,-5.55,-29.7,-45.9,2160.0
1787131483.40962,-2.775,0.833,8.689,1.826,0.066,0.427,-6.45,-28.8,-44.25,2160.0
1787131483.614516,-2.978,1.753,10.151,0.666,0.047,0.094,-2.55,-26.55,-37.05,2154.0
1787131483.6145403,-3.012,2.157,9.962,0.386,0.002,0.023,-5.7,-26.85,-37.95,1930.0
1787131483.6145518,-2.837,2.16,9.783,0.075,-0.042,-0.051,-3.9,-25.65,-36.15,1930.0
1787131483.8191073,-2.777,1.496,8.789,0.065,0.061,0.03,-4.95,-25.2,-36.15,2001.0
1787131483.819132,-2.868,1.532,8.832,0.074,0.045,0.046,-2.55,-26.55,-37.05,2001.0
1787131483.819143,-2.976,1.587,8.928,0.07,-0.006,0.05,-4.65,-26.4,-37.2,2001.0
1787131484.02389,-2.935,1.793,9.27,-0.026,-0.001,-0.005,-3.9,-26.1,-37.2,1952.0
1787131484.0239143,-2.94,2.167,9.304,-0.019,0.003,-0.023,-3.3,-26.25,-36.75,1952.0
1787131484.228656,-2.732,-5.133,7.887,-1.871,-0.053,-0.03,-11.1,-32.85,-70.65,1342.0
1787131484.2286804,-2.267,-4.594,6.632,-1.636,-0.348,-0.008,-11.25,-31.05,-71.55,1342.0
1787131484.2286918,-1.678,-5.239,6.725,-1.207,-0.392,0.061,-8.85,-31.95,-74.25,13.0
1787131484.4337945,-2.789,-5.914,8.511,2.003,0.262,0.022,-9.3,-33.9,-69.9,1.0
1787131484.4338193,-3.151,-4.882,8.631,2.694,-0.015,-0.074,-10.2,-33.75,-66.3,1.0
1787131484.433831,-3.575,-4.108,8.645,2.963,-0.18,0.031,-9.0,-32.55,-65.25,1.0
1787131484.6379561,-2.854,0.919,9.56,1.224,0.027,0.201,-5.1,-28.95,-41.55,2207.0
1787131484.6379845,-2.885,1.233,9.835,1.064,0.068,0.156,-4.35,-28.2,-41.85,2207.0
1787131484.6379964,-2.698,1.192,9.905,0.932,0.104,0.104,-2.85,-28.95,-39.6,2110.0
1787131484.8445601,-2.715,1.731,9.215,0.054,-0.011,0.008,-2.85,-25.8,-36.3,2068.0
1787131484.8445845,-2.643,1.674,9.06,0.101,0.005,0.038,-4.05,-27.45,-37.05,2068.0
1787131484.8446436,-2.679,2.023,8.971,0.103,0.007,-0.007,-3.9,-26.1,-35.85,2068.0
1787131485.0476985,-2.796,1.853,9.055,0.114,0.012,0.002,-3.45,-25.65,-34.35,1875.0
1787131485.0477233,-2.777,1.884,9.194,0.047,0.012,0.006,-3.9,-25.2,-35.1,1875.0
1787131485.0477343,-2.78,1.882,9.196,0.06,0.013,0.018,-3.3,-25.05,-36.0,1875.0
1787131485.252971,-2.94,2.873,9.833,-3.553,-0.147,-0.79,-5.55,-28.2,-41.1,2084.0
1787131485.2529953,-3.699,2.172,10.197,-4.162,-0.339,-0.868,-7.5,-30.6,-46.5,2084.0
1787131485.2530067,-2.172,-1.209,10.537,-4.353,-0.321,-0.806,-10.35,-31.95,-50.4,2084.0
1787131485.4573174,-1.13,-5.387,5.531,-1.044,-0.263,0.324,-14.25,-31.5,-74.85,77.0
1787131485.457342,-0.893,-5.562,6.318,-0.433,-0.047,0.268,-15.0,-30.3,-75.15,77.0
1787131485.4573529,-0.946,-5.674,6.314,0.089,0.094,0.138,-14.1,-30.45,-76.5,77.0
1787131485.6614935,-2.741,-4.882,8.322,2.46,0.686,0.193,-12.6,-32.85,-67.95,60.0
1787131485.86659,-2.847,1.769,10.082,0.592,-0.01,0.146,-4.2,-28.35,-37.95,2184.0
1787131485.8666158,-2.77,1.832,10.127,0.442,-0.006,0.094,-2.7,-27.6,-37.65,2071.0
1787131485.866628,-2.741,1.894,10.058,0.322,0.002,0.057,-4.2,-26.4,-36.9,2071.0
1787131486.0718815,-2.71,2.102,9.967,0.181,0.013,0.064,-3.15,-26.85,-35.85,2071.0
1787131486.0719066,-2.832,1.812,9.855,0.052,-0.011,0.072,-4.65,-27.15,-36.15,2071.0
1787131486.0719175,-2.799,1.798,9.622,-0.023,-0.024,0.037,-3.9,-25.2,-36.6,2071.0
1787131486.2762182,-2.727,2.016,9.404,0.026,-0.032,0.027,-1.65,-27.9,-36.9,2023.0
1787131486.2762423,-3.017,2.761,9.656,-0.372,-0.034,-0.101,-3.9,-26.4,-35.4,2052.0
1787131486.2762532,-3.012,2.849,9.754,-1.154,-0.05,-0.225,-4.8,-24.3,-37.05,2052.0
1787131486.4811394,-3.01,-4.985,9.036,-3.471,0.299,-0.705,-12.0,-34.5,-66.75,2142.0
1787131486.4811761,-3.266,-5.375,7.98,-2.496,-0.185,-0.605,-12.15,-33.15,-70.2,29.0
1787131486.4811828,-2.454,-5.361,6.965,-1.842,-0.318,-0.179,-12.9,-31.95,-72.75,29.0
1787131486.6856968,-2.351,-5.526,7.681,2.338,0.375,0.4,-12.45,-31.8,-70.8,94.0
1787131486.6857214,-2.667,-4.946,7.887,3.022,0.375,0.355,-12.6,-34.8,-66.6,54.0
1787131486.6857321,-3.287,-4.039,7.922,3.487,0.231,0.242,-11.25,-33.75,-65.55,54.0
1787131486.8903708,-3.393,1.769,9.867,1.061,0.23,0.147,-5.85,-28.2,-39.3,2179.0
1787131486.8903954,-3.378,1.453,10.274,0.727,0.109,0.086,-5.7,-28.8,-38.7,2098.0
1787131486.8904061,-2.99,1.365,10.259,0.564,0.024,0.117,-4.2,-26.4,-36.9,2098.0
1787131487.0952792,-2.828,1.511,9.196,-0.147,-0.009,-0.003,-3.15,-27.15,-36.15,2092.0
1787131487.0953038,-2.78,1.396,9.041,-0.115,-0.024,0.003,-5.7,-29.1,-37.2,2092.0
1787131487.0953155,-2.636,1.3,8.906,-0.137,-0.022,-0.005,-4.95,-28.35,-37.95,2041.0
1787131487.299765,-2.749,1.305,9.251,0.001,0.015,0.015,-5.7,-26.4,-36.6,2141.0
1787131487.2997909,-3.021,1.592,9.538,-0.094,-0.046,0.006,-4.05,-27.45,-37.8,1980.0
1787131487.5055182,-2.423,-5.176,7.429,-1.836,-0.239,0.285,-12.75,-33.0,-70.35,28.0
1787131487.5055428,-1.463,-5.476,6.788,-1.465,-0.36,0.14,-13.95,-31.05,-72.3,28.0
1787131487.505554,-1.195,-5.643,6.835,-0.832,-0.293,0.137,-15.0,-32.25,-73.35,28.0
1787131487.7102761,-2.61,-6.129,8.322,1.986,0.443,0.152,-12.75,-31.8,-70.35,0.0
1787131487.7103014,-2.847,-5.83,8.464,2.681,0.448,0.122,-11.7,-33.45,-67.8,0.0
1787131487.7103121,-3.196,-4.865,8.145,3.212,0.279,0.166,-14.1,-33.6,-64.65,0.0
1787131487.910665,-2.942,1.719,9.847,1.324,0.075,0.322,-6.6,-27.0,-39.6,2150.0
1787131487.9142385,-2.954,1.712,10.068,1.041,0.067,0.254,-6.3,-27.45,-37.5,2150.0
1787131487.9142632,-3.053,2.071,10.197,0.867,0.007,0.175,-5.55,-27.75,-37.05,2150.0
1787131488.1195526,-2.574,1.76,8.88,-0.046,0.003,0.04,-4.65,-25.65,-34.35,1910.0
1787131488.119577,-2.725,1.829,8.861,-0.021,0.023,0.057,-5.4,-26.1,-34.65,1910.0
1787131488.1195881,-2.789,1.841,8.796,-0.035,0.007,0.034,-5.1,-25.8,-35.55,1910.0
1787131488.3238728,-2.847,1.848,9.038,0.114,0.006,0.03,-5.1,-26.25,-34.5,1815.0
1787131488.3239522,-2.703,1.887,9.234,0.092,-0.034,0.018,-4.05,-27.0,-34.2,1815.0
1787131488.3239655,-2.624,1.899,9.182,0.064,-0.025,0.016,-4.05,-26.25,-34.5,1815.0
1787131488.5286663,-2.971,2.947,9.586,-2.443,-0.038,-0.601,-6.0,-27.6,-37.95,1815.0
1787131488.5286903,-2.828,1.978,10.111,-3.227,0.188,-0.765,-8.55,-30.15,-43.35,2205.0
1787131488.5287015,-3.091,1.638,9.888,-3.697,0.288,-0.823,-9.0,-32.25,-46.05,2205.0
1787131488.7336507,-2.593,-4.314,7.027,-0.633,-0.308,-0.031,-14.1,-33.9,-67.95,2205.0
1787131488.7336752,-2.248,-4.755,7.216,-0.01,-0.28,0.182,-14.25,-33.45,-67.8,59.0
1787131488.733687,-2.164,-4.254,6.965,0.618,-0.17,0.283,-13.95,-34.2,-68.25,59.0
1787131488.9369106,-2.959,-1.063,7.927,4.092,-0.281,0.746,-9.75,-32.25,-50.85,59.0
1787131489.143752,-2.763,2.784,9.234,-0.214,0.093,-0.162,-2.55,-23.1,-31.2,1035.0
1787131489.1437764,-2.686,2.634,9.021,-0.303,0.096,-0.187,-3.6,-23.85,-30.15,1035.0
1787131489.1437876,-2.626,2.483,8.921,-0.322,0.077,-0.16,-3.6,-24.3,-32.7,1035.0
1787131489.3479571,-2.789,2.1,9.007,-0.104,0.035,-0.038,-4.35,-25.05,-35.25,955.0
1787131489.3479826,-2.851,2.2,8.969,-0.053,0.028,-0.033,-3.9,-25.65,-33.9,955.0
1787131489.3479936,-3.002,2.052,9.05,-0.013,0.019,-0.001,-4.2,-25.2,-32.85,955.0
1787131489.5533385,-3.225,2.574,9.261,-1.102,-0.082,-0.138,-3.9,-26.1,-34.65,955.0
1787131489.553364,-3.27,2.586,9.309,-1.75,-0.151,-0.203,-5.55,-26.55,-35.55,955.0
1787131489.553375,-2.954,2.433,9.651,-2.366,-0.244,-0.408,-5.55,-27.75,-35.55,955.0
1787131489.7590728,-3.333,-4.041,8.04,-1.431,0.821,-0.377,-12.75,-35.7,-63.75,2145.0
1787131489.7590988,-3.673,-3.235,7.08,-1.266,0.332,-0.397,-13.35,-34.35,-65.1,2145.0
1787131489.75911,-3.577,-3.038,7.07,-1.175,-0.064,-0.342,-12.75,-34.95,-66.0,2145.0
1787131489.964898,-3.448,-4.101,8.758,1.032,-0.153,0.212,-12.45,-34.2,-63.75,68.0
1787131489.964923,-3.428,-3.883,8.748,1.249,-0.193,0.127,-12.45,-34.2,-63.75,68.0
1787131489.9649336,-3.539,-3.764,8.954,1.465,-0.213,0.016,-13.65,-33.6,-62.1,68.0
1787131490.167112,-3.232,0.941,9.199,1.44,0.044,0.293,-7.8,-31.2,-43.05,2228.0
1787131490.167137,-3.369,1.207,9.11,1.086,0.079,0.242,-7.95,-29.55,-42.0,2228.0
1787131490.1671479,-3.297,0.438,9.625,0.908,0.082,0.197,-7.8,-29.7,-41.55,2228.0
1787131490.3721414,-3.146,1.281,9.304,0.455,-0.014,0.179,-6.3,-25.8,-36.3,1927.0
1787131490.3721664,-2.971,1.35,9.158,0.495,0.02,0.182,-5.55,-26.55,-36.0,1927.0
1787131490.3721776,-3.005,1.551,8.978,0.52,0.017,0.173,-6.6,-25.8,-36.0,1927.0
1787131490.5746381,-3.223,2.265,9.024,0.226,0.006,0.067,-4.2,-25.2,-32.85,904.0
1787131490.781711,-3.316,2.591,9.103,-0.288,-0.018,-0.154,-3.3,-24.75,-31.2,856.0
1787131490.7817369,-3.326,2.66,9.287,-0.589,-0.019,-0.272,-4.65,-23.25,-32.85,856.0
1787131490.7817483,-3.287,2.78,9.354,-1.245,0.008,-0.349,-5.55,-25.5,-33.45,1017.0
1787131490.986168,-2.849,-4.693,8.622,-3.287,0.724,-0.371,-12.75,-33.75,-62.7,2211.0
1787131490.9861925,-3.915,-5.353,8.152,-2.618,0.442,-0.339,-14.1,-34.8,-67.2,82.0
1787131490.986203,-3.73,-4.594,7.046,-2.537,-0.279,0.346,-13.5,-33.45,-67.8,82.0
1787131491.191413,-2.909,-5.296,7.233,1.673,0.246,0.188,-13.5,-33.75,-70.8,8.0
1787131491.1914375,-3.218,-5.885,7.606,2.454,0.252,0.364,-15.75,-32.25,-69.3,8.0
1787131491.1914482,-3.256,-4.824,7.599,3.106,0.114,0.327,-12.6,-31.65,-66.6,232.0
1787131491.3952894,-3.371,0.934,10.357,1.18,0.078,0.28,-7.35,-28.95,-40.35,2226.0
1787131491.3953135,-3.61,1.003,10.477,0.782,0.072,0.218,-7.05,-28.5,-39.6,2226.0
1787131491.3953247,-3.318,1.267,10.458,0.572,0.03,0.108,-7.05,-28.5,-39.6,2112.0
1787131491.6008487,-3.024,1.233,9.072,0.012,0.003,0.042,-6.75,-29.1,-37.65,2039.0
1787131491.600885,-3.033,1.322,8.765,0.002,0.009,0.013,-6.45,-25.2,-37.65,2039.0
1787131491.600896,-3.031,1.223,8.882,-0.013,0.027,0.002,-6.75,-26.4,-37.95,1963.0
1787131491.8056002,-3.153,0.936,9.321,0.094,0.081,0.004,-6.0,-27.15,-38.4,2027.0
1787131491.8056257,-3.22,1.073,9.151,0.126,0.074,0.044,-6.6,-27.45,-37.05,2027.0
1787131491.8056366,-3.318,1.247,9.163,0.155,0.004,0.062,-6.75,-27.9,-36.9,2027.0
1787131492.0105648,-3.237,1.714,8.763,0.416,-0.037,0.228,-5.1,-26.25,-35.25,1836.0
1787131492.0105896,-3.266,1.738,8.827,0.516,-0.046,0.251,-4.65,-25.65,-34.65,1836.0
1787131492.0106006,-3.103,2.488,8.674,0.456,-0.073,0.205,-3.6,-24.75,-33.45,1836.0
1787131492.2147996,-3.493,2.816,10.022,-2.089,-0.079,-0.516,-5.55,-26.55,-34.95,933.0
1787131492.4199932,-2.085,-5.456,6.536,-0.682,-0.179,0.064,-12.0,-29.1,-73.65,35.0
1787131492.420266,-2.207,-5.133,6.213,-0.252,-0.064,0.176,-12.6,-31.2,-74.25,35.0
1787131492.420279,-1.927,-5.183,6.431,-0.109,-0.028,0.158,-12.45,-32.25,-75.6,35.0
1787131492.6241703,-2.911,-6.093,8.167,2.309,0.657,0.186,-11.7,-33.75,-68.25,68.0
1787131492.624228,-3.297,-4.511,7.626,3.025,0.682,0.194,-12.15,-33.9,-66.9,68.0
1787131492.6242378,-4.381,-2.456,7.4,3.384,0.438,0.069,-12.15,-35.1,-64.35,68.0
1787131492.8291001,-3.347,1.47,9.515,1.44,-0.143,0.313,-5.85,-28.2,-39.6,2104.0
1787131492.8291247,-3.086,1.681,9.972,1.16,-0.073,0.322,-6.0,-25.2,-38.7,2104.0
1787131492.8291357,-3.098,1.836,10.312,1.13,0.004,0.339,-4.95,-26.4,-37.95,2104.0
1787131493.0351176,-3.124,2.301,8.77,0.208,0.036,0.094,-3.45,-24.9,-32.55,2104.0
1787131493.035143,-2.921,2.282,8.619,0.16,0.017,0.069,-4.2,-24.45,-32.85,2104.0
1787131493.0351536,-2.935,2.468,8.531,0.034,0.004,0.029,-3.15,-25.65,-32.1,2104.0
1787131493.238807,-2.799,2.385,8.938,0.005,0.072,-0.071,-4.05,-23.55,-31.95,825.0
1787131493.2388318,-3.045,2.442,9.017,-0.015,0.105,-0.072,-2.55,-23.1,-31.5,825.0
1787131493.2388432,-3.259,2.595,9.098,-0.033,0.073,-0.074,-4.8,-23.55,-31.95,825.0
1787131493.4513988,-3.115,0.783,10.003,-4.291,0.262,-0.861,-7.8,-30.9,-46.35,1018.0
1787131493.4514225,-3.189,-1.283,9.938,-4.501,0.534,-0.832,-9.3,-33.6,-50.4,1018.0
1787131493.4514337,-3.127,-1.633,9.682,-4.413,0.769,-0.796,-9.75,-33.0,-53.1,2132.0
1787131493.6481817,-1.748,-5.744,6.345,-0.103,0.015,0.156,-15.0,-31.5,-75.9,0.0
1787131493.6482067,-2.473,-5.085,5.777,0.278,0.063,0.036,-12.9,-30.45,-75.75,0.0
1787131493.648218,-2.957,-4.712,6.079,0.357,-0.038,-0.03,-14.1,-31.65,-75.0,93.0
1787131493.8494024,-4.465,-3.108,8.174,3.336,-0.591,0.288,-11.55,-34.8,-59.85,29.0
1787131493.8593855,-3.431,-1.147,7.922,3.01,-0.608,0.327,-9.0,-32.55,-54.6,2160.0
1787131494.0578098,-2.777,2.294,9.675,0.779,0.063,0.269,-2.85,-27.75,-34.5,2206.0
1787131494.0578337,-3.005,2.65,9.464,0.611,0.051,0.246,-3.15,-25.65,-33.9,2206.0
1787131494.0578454,-3.39,2.782,9.421,0.495,0.024,0.175,-3.6,-26.55,-32.7,2206.0
1787131494.26243,-2.897,2.361,9.0,-0.161,-0.009,-0.049,-3.15,-26.4,-33.3,770.0
1787131494.2624545,-2.863,2.33,8.952,-0.152,0.052,-0.037,-2.85,-25.05,-29.7,770.0
1787131494.2624652,-3.062,2.234,8.89,-0.098,0.062,-0.02,-3.45,-25.65,-32.1,770.0
1787131494.4671376,-3.067,2.344,9.007,0.061,0.001,-0.015,-3.15,-25.65,-33.6,844.0
1787131494.467162,-3.014,2.44,9.062,0.003,0.023,-0.059,-2.7,-24.9,-32.1,844.0
1787131494.4671729,-3.093,2.579,9.143,-0.159,0.045,-0.127,-3.45,-25.65,-33.6,844.0
1787131494.672648,-3.1,-0.347,10.362,-3.621,0.399,-0.727,-9.0,-33.45,-49.8,2203.0
1787131494.672673,-3.074,-1.781,9.445,-3.675,0.512,-0.759,-10.2,-35.25,-54.9,2203.0
1787131494.6726851,-3.326,-2.093,8.935,-3.641,0.617,-0.787,-9.75,-35.25,-56.1,2203.0
1787131494.8772602,-2.322,-4.934,6.306,-0.026,-0.022,0.053,-15.15,-33.15,-74.25,67.0
1787131494.877285,-2.397,-5.42,6.658,0.43,0.054,0.107,-13.65,-33.6,-74.25,67.0
1787131494.8772962,-2.66,-5.502,6.493,0.549,-0.112,0.014,-14.85,-31.65,-73.95,67.0
1787131495.0825717,-4.159,-1.97,7.532,3.213,-0.333,0.102,-11.25,-34.2,-59.7,1266.0
1787131495.0978198,-2.887,-1.413,8.313,2.745,-0.266,0.488,-8.55,-33.9,-52.95,1266.0
1787131495.2866845,-3.038,1.422,9.941,1.264,-0.051,0.287,-5.7,-27.6,-38.7,2206.0
1787131495.2867095,-2.983,1.597,9.728,1.158,0.002,0.298,-4.8,-26.55,-36.75,2017.0
1787131495.286721,-2.945,1.829,9.584,1.053,0.08,0.328,-5.85,-28.5,-35.25,2017.0
1787131495.4909194,-3.34,2.081,8.792,0.137,0.028,0.096,-4.95,-25.65,-33.6,897.0
1787131495.490944,-3.175,2.09,8.818,0.194,-0.063,0.124,-3.45,-24.9,-33.3,897.0
1787131495.6957843,-3.079,2.327,8.945,-0.141,0.008,-0.041,-4.65,-24.15,-33.3,776.0
1787131495.6958094,-3.141,2.466,8.957,-0.161,0.024,-0.045,-2.55,-25.8,-32.25,800.0
1787131495.9011922,-3.132,0.886,9.728,-3.527,0.151,-0.677,-8.7,-32.25,-48.0,1757.0
1787131495.901218,-3.282,0.194,9.826,-3.686,0.18,-0.687,-8.55,-33.9,-48.45,1757.0
1787131495.9012291,-2.981,-2.631,9.469,-3.569,0.261,-0.603,-9.45,-33.0,-54.15,2151.0
1787131496.1055684,-3.29,-4.068,6.96,-0.542,0.066,-0.233,-13.95,-33.45,-68.55,64.0
1787131496.1055963,-3.165,-4.281,7.13,-0.383,0.033,-0.211,-14.4,-32.85,-68.7,64.0
1787131496.1056073,-3.658,-5.224,6.816,0.031,0.049,-0.045,-13.5,-32.55,-68.55,46.0
1787131496.3105235,-3.505,-4.709,8.657,1.894,0.069,0.227,-12.9,-33.9,-63.6,128.0
1787131496.310549,-3.515,-4.381,8.389,2.492,0.026,0.346,-12.75,-34.2,-60.75,128.0
1787131496.31056,-3.649,-3.701,8.049,3.12,-0.032,0.575,-12.6,-35.85,-59.85,128.0
1787131496.5148962,-3.74,2.512,9.498,1.704,0.146,0.517,-5.4,-26.1,-36.15,1997.0
1787131496.5149205,-4.094,2.825,9.742,1.212,-0.052,0.384,-3.6,-25.8,-34.95,1997.0
1787131496.5149314,-3.687,2.911,9.96,0.916,-0.117,0.33,-4.95,-25.2,-31.05,1997.0
1787131496.7195897,-3.057,2.772,8.863,-0.28,-0.046,0.015,-3.3,-23.1,-29.7,755.0
1787131496.7196152,-3.129,2.705,8.744,-0.272,-0.092,0.03,-4.05,-23.85,-31.5,755.0
1787131496.7196274,-2.88,2.576,8.413,-0.256,-0.108,-0.008,-4.2,-24.45,-32.1,755.0
1787131496.9244115,-2.727,2.418,8.863,-0.124,0.037,-0.078,-2.85,-23.55,-31.2,842.0
1787131496.9244366,-2.842,2.349,8.892,-0.065,0.065,-0.031,-4.65,-25.2,-31.8,842.0
1787131496.9244473,-2.926,2.229,9.029,0.028,0.027,0.024,-4.05,-23.85,-32.7,842.0
1787131497.1275392,-3.11,3.661,9.692,-1.893,-0.358,-0.246,-4.95,-24.9,-33.6,927.0
1787131497.334482,-1.872,-5.181,6.316,-0.041,0.098,0.039,-12.15,-32.4,-75.3,29.0
1787131497.3345063,-1.992,-4.824,6.088,0.233,0.087,0.003,-12.75,-32.25,-72.9,88.0
1787131497.3345177,-2.286,-4.846,6.364,0.344,0.023,-0.04,-12.6,-31.2,-73.5,88.0
1787131497.5388842,-3.361,-3.78,8.715,2.696,0.078,0.078,-11.55,-33.9,-62.85,10.0
1787131497.5389094,-3.498,-2.641,8.404,2.816,-0.113,-0.071,-11.1,-35.1,-62.1,1977.0
1787131497.5389204,-3.134,-1.065,8.152,2.464,-0.194,-0.087,-11.7,-34.95,-56.4,1977.0
1787131497.744095,-3.053,0.74,9.629,0.528,-0.051,0.077,-8.85,-29.7,-43.65,2191.0
1787131497.7441196,-2.993,0.376,9.931,0.415,-0.01,0.032,-7.8,-28.5,-41.1,2193.0
1787131497.7441306,-2.902,0.565,9.886,0.375,0.079,0.075,-8.1,-29.25,-41.1,2193.0
1787131497.9488928,-3.098,1.085,9.038,0.368,-0.01,0.054,-6.45,-28.8,-38.7,2153.0
1787131497.9489174,-3.079,1.142,8.803,0.194,0.009,0.031,-8.7,-28.35,-38.7,2155.0
1787131497.9489286,-2.954,0.958,9.012,0.155,0.078,0.031,-6.45,-26.85,-38.4,2155.0
1787131498.1532807,-3.275,1.343,9.0,0.333,0.074,0.077,-6.0,-26.85,-36.6,2028.0
1787131498.153305,-3.282,1.329,9.17,0.339,0.052,0.067,-6.6,-26.55,-37.05,1806.0
1787131498.1533155,-3.177,1.489,9.122,0.32,0.007,0.089,-5.4,-26.55,-37.05,1806.0
1787131498.357866,-3.048,1.956,9.275,0.037,-0.016,0.0,-6.3,-26.25,-33.9,1806.0
1787131498.3578923,-2.907,1.865,9.249,0.006,0.019,-0.005,-5.4,-26.1,-35.1,1806.0
1787131498.357903,-3.089,1.975,9.352,0.007,0.026,-0.015,-4.95,-26.4,-35.1,1806.0
1787131498.5626712,-3.249,2.193,9.361,-0.089,-0.005,-0.059,-5.85,-26.25,-34.95,1806.0
1787131498.5626957,-3.438,2.437,9.44,-0.393,-0.054,-0.153,-5.85,-26.55,-32.7,1806.0
1787131498.562707,-3.474,2.571,9.479,-0.962,-0.079,-0.273,-6.0,-25.2,-35.1,1806.0
1787131498.7672188,-2.332,-5.274,6.938,0.912,-0.056,0.018,-14.1,-31.95,-72.0,5.0
1787131498.7672427,-3.311,-5.454,6.519,0.994,-0.134,0.13,-12.9,-33.6,-71.7,5.0
1787131498.767254,-2.988,-5.315,7.527,1.112,-0.158,0.118,-16.2,-33.75,-70.8,5.0
1787131498.972278,-3.098,-5.653,8.001,1.559,-0.061,0.264,-12.9,-33.9,-69.15,81.0
1787131498.9723024,-3.333,-5.181,7.894,2.208,0.014,0.453,-14.1,-32.4,-70.2,81.0
1787131498.9723132,-3.745,-3.893,7.934,2.716,0.014,0.374,-12.6,-34.8,-64.65,81.0
1787131499.177334,-3.153,1.736,9.21,0.174,0.038,0.111,-4.8,-26.25,-34.95,1801.0
1787131499.1773589,-3.127,1.808,9.127,0.135,0.007,0.138,-5.4,-25.2,-34.65,1801.0
1787131499.1773698,-3.187,1.721,9.021,0.17,-0.026,0.129,-5.55,-25.5,-34.2,1801.0
1787131499.3823738,-3.091,1.757,8.918,0.204,-0.034,0.131,-4.2,-25.65,-33.3,1801.0
1787131499.3823984,-3.136,2.023,9.06,0.128,-0.044,0.112,-4.05,-25.5,-34.2,1801.0
1787131499.3824098,-3.136,2.112,9.067,0.05,-0.035,0.057,-3.9,-24.15,-32.85,1801.0
1787131499.5871563,-3.105,1.925,9.17,-0.114,-0.019,0.034,-3.45,-26.1,-34.35,1016.0
1787131499.587181,-3.22,1.994,9.232,-0.119,-0.046,0.105,-3.9,-25.2,-33.6,1016.0
1787131499.587254,-3.175,2.306,9.268,-0.243,-0.126,0.176,-3.3,-25.8,-34.2,1016.0
1787131499.791862,-2.677,1.348,9.316,-2.008,0.226,-0.12,-4.95,-29.85,-43.2,2196.0
1787131499.7918868,-2.696,0.371,9.522,-2.424,0.432,-0.242,-4.8,-31.2,-45.9,2196.0
1787131499.7918975,-2.734,0.429,9.395,-2.613,0.603,-0.375,-5.1,-33.6,-49.65,2196.0
1787131499.9961078,-3.57,-4.614,7.563,-2.642,0.104,0.25,-11.7,-33.0,-70.35,2196.0
1787131499.9961329,-3.464,-2.88,6.675,-2.158,-0.005,-0.045,-14.1,-32.4,-73.5,97.0
1787131499.9961438,-3.089,-6.543,7.3,-1.47,-0.026,-0.103,-12.9,-31.65,-75.75,97.0
1787131500.202656,-2.94,-5.782,7.527,2.168,0.128,0.419,-12.0,-31.8,-71.1,79.0
1787131500.2026806,-3.385,-4.994,7.408,2.932,0.136,0.269,-11.1,-33.9,-68.4,55.0
1787131500.2026916,-4.164,-3.115,7.408,2.84,-0.067,0.234,-10.95,-33.45,-64.8,55.0
1787131500.4041283,-3.268,1.35,9.127,1.871,0.11,0.411,-7.8,-28.5,-40.8,2186.0
1787131500.6103232,-3.232,3.352,8.796,-0.2,-0.067,0.048,-1.8,-22.35,-27.15,654.0
1787131500.6103475,-3.16,3.335,8.674,-0.247,-0.052,0.045,-2.7,-22.95,-28.8,654.0
1787131500.6103582,-3.16,3.199,8.6,-0.231,-0.055,0.034,-2.4,-22.2,-27.75,654.0
1787131500.8151472,-3.031,2.847,8.535,-0.016,0.012,-0.031,-1.2,-22.95,-29.85,678.0
1787131500.8151715,-3.055,2.82,8.576,-0.014,-0.009,-0.024,-3.15,-23.25,-29.25,678.0
1787131500.8151824,-3.005,2.828,8.66,-0.047,-0.034,-0.023,-1.2,-21.75,-29.55,678.0
1787131501.0200217,-3.062,3.44,8.993,-1.093,-0.037,-0.165,-2.7,-24.45,-31.35,730.0
1787131501.0200448,-3.115,3.361,9.057,-1.616,0.029,-0.264,-1.8,-24.3,-30.45,730.0
1787131501.0200558,-3.304,2.818,9.55,-2.248,0.114,-0.385,-1.35,-24.75,-32.7,730.0
1787131501.2249174,-4.642,-3.603,8.279,-2.666,0.332,-0.466,-11.7,-33.75,-62.25,1840.0
1787131501.2249415,-4.228,-3.457,7.87,-2.308,-0.245,-0.572,-11.7,-34.5,-64.2,1840.0
1787131501.2249525,-3.812,-3.572,7.539,-2.072,-0.743,-0.536,-11.85,-33.6,-65.85,1840.0
1787131501.430101,-2.452,-5.203,6.965,0.136,-0.173,0.058,-12.0,-32.55,-74.4,51.0
1787131501.4301262,-2.502,-5.179,6.95,0.292,-0.096,0.007,-11.55,-32.4,-72.45,51.0
1787131501.4301376,-3.179,-5.394,7.535,0.499,0.003,0.036,-11.55,-32.4,-72.45,51.0
1787131501.6341217,-3.871,-2.693,7.908,2.348,0.106,0.039,-8.7,-34.95,-62.7,102.0
1787131501.6341455,-3.934,-2.547,8.382,2.416,-0.075,0.076,-9.3,-33.6,-60.6,102.0
1787131501.6341562,-3.661,-2.263,8.155,2.594,-0.231,0.188,-9.3,-33.9,-58.5,102.0
1787131501.8389747,-3.036,2.514,9.352,1.908,0.122,0.409,-3.6,-27.45,-35.25,1830.0
1787131501.8389997,-2.804,2.433,9.342,1.77,0.153,0.368,-3.3,-26.25,-31.95,1830.0
1787131501.8390105,-3.072,3.179,9.335,1.73,0.187,0.432,-3.3,-24.3,-30.9,1830.0
1787131502.0438,-2.959,3.874,8.961,-0.165,-0.012,0.03,-0.9,-22.5,-24.75,667.0
1787131502.0438254,-3.057,3.74,8.602,-0.24,0.027,0.015,-1.05,-21.9,-27.45,667.0
1787131502.2487218,-2.998,3.409,8.562,-0.004,-0.034,0.009,-1.95,-21.45,-26.55,683.0
1787131502.2487464,-3.074,3.464,8.665,-0.052,-0.054,0.013,-1.8,-22.35,-27.9,683.0
1787131502.2487576,-3.091,3.531,8.813,-0.134,-0.107,0.016,-1.65,-21.45,-28.05,728.0
1787131502.4539094,-2.703,1.446,9.91,-4.223,0.308,-0.727,-7.35,-32.85,-45.6,837.0
1787131502.4539347,-3.496,-0.543,9.45,-3.976,0.401,-0.553,-8.55,-33.6,-49.2,2145.0
1787131502.4539454,-3.091,-1.748,9.44,-3.66,0.42,-0.475,-7.05,-33.9,-54.75,2145.0
1787131502.6587675,-1.422,-4.958,7.001,-1.303,-0.171,-0.295,-10.35,-33.6,-71.7,64.0
1787131502.6587925,-0.939,-3.843,7.705,-0.738,0.12,-0.009,-11.7,-33.0,-73.35,64.0
1787131502.6588035,-2.105,-5.703,6.974,-0.187,0.162,0.053,-12.15,-31.2,-73.5,73.0
1787131502.863303,-2.863,-5.083,8.442,0.815,0.172,0.116,-10.95,-33.75,-71.55,106.0
1787131502.8633277,-2.622,-5.361,8.399,1.199,0.345,0.149,-11.7,-33.75,-71.55,106.0
1787131502.8633387,-2.607,-5.351,8.408,1.73,0.546,0.219,-10.2,-34.5,-68.55,39.0
1787131503.0682433,-2.552,-0.287,8.808,2.272,0.064,0.146,-6.3,-31.65,-46.65,2098.0
1787131503.0682685,-2.722,-0.045,9.191,2.26,0.312,0.295,-7.35,-29.7,-42.6,2205.0
1787131503.2724187,-4.049,2.533,9.795,1.119,0.144,0.243,-3.45,-25.65,-32.1,732.0
1787131503.2724423,-4.025,2.916,9.756,0.89,-0.022,0.229,-4.65,-22.95,-29.55,732.0
1787131503.272453,-3.709,2.612,9.677,0.778,-0.08,0.242,-3.3,-25.5,-30.15,732.0
1787131503.4772315,-3.268,3.428,8.341,-0.009,-0.083,0.084,-2.7,-22.2,-27.3,648.0
1787131503.477255,-3.357,3.361,8.272,-0.037,-0.106,0.075,-2.7,-22.5,-25.8,648.0
1787131503.4772666,-3.223,3.357,8.25,-0.073,-0.119,0.058,-2.7,-22.2,-27.0,648.0
1787131503.6803133,-3.139,3.62,8.729,0.068,-0.066,-0.002,-3.15,-20.55,-27.0,658.0
1787131503.8873844,-3.836,-3.273,7.008,-1.614,-0.526,-0.27,-10.95,-33.0,-63.0,2149.0
1787131503.8874087,-3.354,-3.625,6.905,-1.265,-0.776,-0.2,-13.65,-33.9,-65.1,2149.0
1787131504.0919592,-3.268,-4.623,8.279,0.902,-0.177,0.274,-11.85,-35.85,-67.2,85.0
1787131504.0921702,-3.062,-4.63,8.497,1.212,-0.118,0.263,-9.6,-33.15,-63.9,85.0
1787131504.0921874,-3.311,-4.338,8.622,1.614,0.032,0.16,-12.15,-34.8,-65.85,85.0
1787131504.2963636,-2.713,0.63,8.677,2.135,0.238,0.47,-5.55,-30.9,-42.3,2187.0
1787131504.2963889,-3.278,0.888,8.875,2.016,0.165,0.399,-5.55,-28.95,-39.3,2187.0
1787131504.2963998,-3.091,1.125,9.342,1.944,0.076,0.363,-4.35,-28.2,-37.8,2187.0
1787131504.5015926,-3.407,3.637,9.395,0.375,-0.006,0.198,-3.3,-21.9,-26.4,664.0
1787131504.5016174,-3.338,3.68,9.196,0.231,-0.003,0.129,-2.55,-21.9,-26.4,664.0
1787131504.5016294,-3.182,3.577,9.091,0.159,0.016,0.112,-1.95,-21.45,-25.5,664.0
1787131504.7064111,-3.213,3.326,8.226,-0.058,-0.007,-0.009,-1.8,-23.1,-27.9,666.0
1787131504.7064362,-3.139,3.27,8.143,-0.048,-0.003,-0.027,-1.95,-21.0,-26.55,666.0
1787131504.706447,-3.144,3.201,8.21,-0.047,0.014,-0.045,-1.8,-21.6,-25.65,666.0
1787131504.9080567,-3.405,4.073,9.23,-0.993,-0.119,-0.124,-1.8,-23.1,-27.45,662.0
1787131504.908084,-3.134,3.687,9.67,-1.726,-0.192,-0.147,-2.85,-23.85,-30.15,662.0
1787131504.910643,-3.208,3.354,9.984,-2.21,-0.161,-0.076,-2.7,-25.2,-31.05,751.0
1787131505.122749,-4.223,-3.699,8.531,-3.048,0.206,-0.493,-8.1,-34.8,-66.15,2003.0
1787131505.1227746,-4.168,-4.029,7.827,-2.571,-0.263,-0.528,-9.3,-33.15,-66.9,2003.0
1787131505.122786,-2.54,-4.496,6.589,-2.162,-0.5,-0.513,-10.5,-33.0,-71.1,0.0
1787131505.318615,-2.65,-5.356,7.424,0.872,-0.094,0.071,-11.1,-33.6,-72.45,78.0
1787131505.5253854,-3.031,0.23,9.261,1.701,0.146,0.368,-7.35,-31.65,-43.65,2212.0
1787131505.5254111,-3.22,0.285,9.409,1.654,0.073,0.49,-6.0,-29.55,-42.45,2212.0
1787131505.5254226,-3.235,0.757,9.436,1.607,-0.062,0.512,-6.0,-30.3,-40.2,2212.0
1787131505.7295463,-3.369,3.194,9.041,0.711,0.107,0.14,-2.4,-25.65,-30.6,722.0
1787131505.7295716,-3.361,3.014,9.12,0.517,0.098,0.076,-2.4,-24.9,-29.55,722.0
1787131505.7295823,-3.316,3.383,9.06,0.333,0.069,0.026,-1.8,-21.9,-28.95,722.0
1787131505.934564,-3.194,3.127,8.574,-0.087,-0.046,-0.002,-2.7,-23.25,-30.3,653.0
1787131505.9345875,-3.029,3.026,8.497,-0.094,-0.04,-0.016,-3.15,-23.25,-28.05,653.0
1787131505.934599,-3.007,3.048,8.519,-0.067,-0.009,-0.018,-2.55,-22.8,-27.9,653.0
1787131506.1436496,-3.361,3.61,9.12,-0.383,-0.214,0.089,-1.65,-24.9,-29.55,725.0
1787131506.1436753,-3.175,4.192,9.555,-0.985,-0.299,-0.017,-2.85,-23.55,-30.15,725.0
1787131506.1436863,-2.746,3.527,9.948,-1.854,-0.347,-0.167,-2.85,-22.8,-31.2,725.0
1787131506.3501253,-3.998,-3.95,8.337,-2.989,0.486,-0.546,-9.75,-34.95,-62.25,1843.0
1787131506.3501503,-4.228,-4.551,8.076,-2.398,-0.018,-0.493,-10.8,-33.6,-66.6,1843.0
1787131506.350161,-3.618,-4.295,7.099,-1.821,-0.384,-0.397,-10.95,-34.95,-67.8,1843.0
1787131506.5510733,-2.945,-3.757,7.017,0.548,-0.064,0.09,-11.55,-33.15,-70.65,12.0
1787131506.551098,-2.823,-4.42,7.508,0.668,-0.112,0.213,-10.2,-34.5,-69.3,12.0
1787131506.5511098,-2.88,-4.848,8.045,0.96,-0.179,0.266,-11.55,-34.35,-68.7,66.0
1787131506.7592225,-2.813,-0.096,9.294,1.699,-0.043,0.256,-6.3,-31.95,-45.9,2168.0
1787131506.7592425,-2.708,0.002,9.424,1.579,0.096,0.194,-5.85,-30.45,-45.9,2168.0
1787131506.7592485,-2.902,0.175,9.457,1.522,0.186,0.179,-6.0,-30.3,-42.45,2168.0
1787131506.9648247,-3.108,1.911,9.309,0.758,0.07,0.225,-3.45,-26.4,-34.35,2103.0
1787131507.1747077,-3.024,2.811,8.861,0.026,0.007,0.031,-1.8,-24.75,-30.9,778.0
1787131507.1747327,-2.911,2.782,8.842,0.012,-0.032,0.035,-2.1,-23.55,-29.4,778.0
1787131507.1748142,-2.966,2.847,8.775,0.014,-0.03,0.03,-2.85,-24.75,-30.9,778.0
1787131507.382087,-3.445,2.787,9.45,-1.852,-0.047,-0.355,-4.2,-25.65,-32.55,820.0
1787131507.3821115,-3.146,2.246,9.507,-2.165,0.01,-0.446,-4.65,-26.1,-36.15,820.0
1787131507.3821225,-2.945,2.136,9.68,-2.471,0.095,-0.534,-5.55,-28.2,-38.55,820.0
1787131507.5901988,-3.266,-4.027,8.138,-2.029,-0.277,-0.454,-12.15,-33.9,-66.15,2156.0
1787131507.5902297,-3.175,-4.324,7.535,-1.633,-0.401,-0.338,-13.5,-34.2,-67.5,2156.0
1787131507.590236,-2.605,-4.76,7.331,-1.243,-0.352,-0.179,-11.7,-34.2,-69.3,2156.0
1787131507.7976692,-2.971,-4.503,7.937,0.779,0.062,0.082,-10.5,-33.0,-68.25,35.0
1787131507.7976933,-3.129,-4.752,8.164,1.037,0.162,0.071,-11.25,-33.45,-67.05,35.0
1787131507.7977042,-3.548,-4.702,8.215,1.403,0.187,0.085,-12.0,-34.5,-66.0,35.0
1787131508.0061367,-2.502,1.288,8.806,2.228,0.079,0.398,-7.2,-30.6,-43.2,2193.0
1787131508.006162,-2.571,1.367,9.275,1.917,0.218,0.46,-8.1,-30.15,-41.55,2193.0
1787131508.006173,-2.907,1.372,9.263,1.852,0.219,0.527,-6.3,-27.45,-41.1,2193.0
1787131508.2131484,-3.005,3.29,9.555,0.804,0.091,0.404,-2.4,-23.7,-28.5,750.0
1787131508.2131758,-3.335,3.792,9.28,0.634,-0.037,0.33,-1.95,-22.95,-28.05,750.0
1787131508.2131867,-2.928,3.718,8.978,0.385,-0.087,0.244,-1.8,-22.8,-27.45,750.0
1787131508.4213243,-2.875,3.103,8.732,-0.07,-0.013,-0.039,-1.95,-22.2,-28.05,722.0
1787131508.4213502,-2.895,3.165,8.799,-0.045,-0.034,-0.018,-2.7,-22.5,-28.5,722.0
1787131508.4213612,-2.83,3.249,8.789,-0.018,-0.03,-0.009,-0.9,-23.25,-27.3,722.0
1787131508.6272018,-3.194,3.766,9.017,-0.321,-0.068,-0.131,-0.9,-22.95,-28.5,742.0
1787131508.836832,-6.297,-11.238,5.818,-1.03,-0.622,0.245,-14.1,-33.6,-69.45,1984.0
1787131508.8368633,-1.8,-3.78,6.845,-0.374,-0.486,0.071,-13.2,-32.25,-69.6,68.0
1787131508.8368752,-1.597,-4.061,6.567,0.142,-0.229,-0.006,-13.95,-33.0,-70.8,68.0
1787131509.0447311,-3.582,-2.547,8.614,2.555,-0.169,0.13,-11.85,-34.8,-61.35,154.0
1787131509.0447562,-3.467,-1.678,8.416,2.316,-0.239,0.146,-11.7,-34.95,-57.15,2146.0
1787131509.0447683,-3.232,-1.76,8.966,2.138,-0.187,0.362,-11.1,-33.9,-55.5,2146.0
1787131509.2524362,-3.199,2.195,9.558,1.401,0.147,0.473,-4.95,-26.1,-33.6,2201.0
1787131509.2524612,-2.89,2.236,9.658,1.382,0.084,0.401,-4.05,-24.75,-33.45,1009.0
1787131509.252473,-2.847,2.358,9.752,1.398,0.109,0.345,-2.55,-24.75,-33.0,1009.0
1787131509.4605885,-2.696,3.177,8.835,-0.031,0.023,0.029,-1.8,-23.1,-27.45,730.0
1787131509.460613,-2.856,3.199,8.765,-0.097,0.027,-0.003,-1.65,-23.25,-28.5,746.0
1787131509.460625,-2.916,3.184,8.653,-0.15,0.008,-0.026,-2.7,-22.2,-27.75,746.0
1787131509.6687627,-2.84,2.897,8.636,-0.032,0.01,-0.031,-2.4,-22.2,-29.85,745.0
1787131509.6687887,-2.873,2.954,8.648,-0.024,-0.002,-0.014,-2.1,-21.9,-28.65,745.0
1787131509.6688006,-2.954,2.938,8.751,-0.035,-0.028,-0.034,-1.95,-23.7,-28.05,750.0
1787131509.8765607,-2.998,2.401,9.419,-1.87,0.071,-0.472,-4.65,-26.1,-34.65,771.0
1787131509.8765857,-3.045,1.757,9.74,-1.965,0.072,-0.526,-4.65,-27.9,-37.65,771.0
1787131509.8765967,-2.847,1.537,9.661,-2.008,0.107,-0.564,-5.7,-29.55,-40.65,2018.0
1787131510.084554,-3.843,-4.587,8.14,-2.541,0.134,-0.467,-12.15,-35.55,-66.9,2018.0
1787131510.0845788,-3.508,-4.053,7.46,-2.21,-0.523,0.236,-10.95,-35.25,-67.05,2018.0
1787131510.0845897,-3.048,-3.326,8.04,-1.776,-0.435,-0.032,-13.2,-33.75,-71.1,2018.0
1787131510.2902715,-3.199,-6.084,7.676,1.404,-0.105,0.267,-12.0,-34.5,-70.35,85.0
1787131510.5014813,-3.354,1.214,10.065,0.702,0.119,0.162,-5.55,-29.7,-37.8,2098.0
1787131510.501506,-3.153,1.24,10.07,0.78,0.048,0.18,-5.55,-27.45,-37.8,2098.0
1787131510.5015173,-2.761,1.894,9.725,0.705,-0.041,0.11,-6.3,-27.75,-35.25,2098.0
1787131510.707918,-2.938,2.028,8.744,0.117,0.03,0.092,-5.55,-28.2,-31.95,1266.0
1787131510.7079432,-3.201,1.86,8.918,0.194,0.007,0.109,-5.4,-27.15,-34.65,1266.0
1787131510.7079544,-3.278,2.035,8.892,0.21,-0.043,0.055,-3.45,-26.1,-35.85,1266.0
1787131510.9151955,-3.127,2.14,9.096,0.12,-0.02,0.069,-4.65,-25.2,-32.85,866.0
1787131510.9152188,-3.031,2.394,8.993,0.069,-0.06,0.035,-3.9,-26.1,-32.85,866.0
1787131510.91523,-2.952,2.181,8.947,0.023,0.006,0.021,-4.05,-26.55,-31.95,866.0
1787131511.1236205,-3.144,2.351,9.658,-2.78,0.091,-0.577,-5.55,-28.5,-39.0,2087.0
1787131511.1236458,-3.146,1.776,9.893,-3.355,0.194,-0.628,-6.75,-29.1,-40.2,2087.0
1787131511.1236575,-3.601,0.804,9.735,-3.773,0.226,-0.72,-7.5,-33.0,-46.5,2087.0
1787131511.3315551,-1.822,-4.836,6.749,-1.661,-0.435,-0.015,-12.9,-33.15,-71.7,2087.0
1787131511.331583,-2.437,-4.915,6.709,-1.116,-0.3,0.038,-13.35,-33.15,-72.75,17.0
1787131511.3315945,-2.167,-5.289,6.845,-0.525,-0.168,0.184,-12.15,-34.35,-72.45,17.0
1787131511.539776,-3.096,-4.53,7.769,0.775,0.003,0.054,-12.15,-33.6,-70.95,35.0
1787131511.539801,-3.816,-5.746,8.373,1.059,0.05,0.147,-10.8,-34.35,-70.2,35.0
1787131511.5398118,-3.393,-4.951,8.425,1.36,0.077,0.064,-12.9,-35.85,-69.45,71.0
1787131511.747196,-2.775,0.764,8.377,2.429,-0.16,0.51,-6.75,-32.25,-43.5,2139.0
1787131511.7472212,-2.547,1.496,8.507,2.183,-0.021,0.558,-6.6,-28.95,-39.0,2181.0
1787131511.7472322,-2.787,1.788,9.155,1.952,0.0,0.48,-6.45,-28.8,-37.2,2181.0
1787131511.9529104,-3.194,3.819,9.622,0.333,0.012,0.166,-0.9,-24.15,-26.25,821.0
1787131512.1625059,-2.758,3.072,8.552,-0.023,0.002,-0.063,-1.2,-22.5,-28.8,742.0
1787131512.1625326,-2.777,3.067,8.566,-0.011,-0.001,-0.053,-1.2,-22.5,-28.8,742.0
1787131512.1625445,-2.825,3.108,8.703,0.023,0.007,-0.029,-1.95,-23.25,-28.05,742.0
1787131512.370771,-2.89,2.818,9.828,-2.479,0.154,-0.648,-3.6,-27.45,-33.45,845.0
1787131512.3707962,-2.971,1.946,9.957,-2.687,0.289,-0.749,-4.35,-28.95,-37.05,845.0
1787131512.370808,-3.211,1.446,9.773,-2.915,0.327,-0.802,-6.0,-31.8,-39.9,845.0
1787131512.5781999,-3.187,-3.982,7.884,-1.348,-0.192,-0.247,-11.55,-34.35,-63.6,2205.0
1787131512.5782244,-2.729,-4.3,7.427,-0.928,-0.285,-0.142,-12.45,-35.25,-65.55,2205.0
1787131512.5782375,-2.689,-4.357,7.137,-0.5,-0.278,0.072,-13.65,-33.9,-67.95,2205.0
1787131512.78866,-3.692,-4.058,8.703,1.582,-0.095,0.142,-11.1,-35.85,-62.1,92.0
1787131512.7886853,-3.531,-3.859,8.643,2.025,-0.184,0.2,-12.0,-36.15,-61.5,92.0
1787131512.9937246,-3.077,1.41,8.899,1.84,0.124,0.483,-6.6,-29.25,-40.8,2184.0
1787131512.9937484,-3.321,1.618,9.297,1.649,0.03,0.37,-6.6,-27.75,-37.05,2184.0
1787131512.993761,-3.256,1.707,9.55,1.4,-0.05,0.26,-5.85,-27.45,-36.75,2184.0
1787131513.201554,-2.753,2.588,9.452,0.151,-0.008,0.054,-3.9,-24.45,-30.6,1002.0
1787131513.2015796,-2.871,2.643,9.239,0.051,0.003,0.069,-3.3,-23.55,-30.45,843.0
1787131513.2015908,-2.861,2.6,8.959,0.004,0.002,0.084,-4.35,-24.75,-31.5,843.0
1787131513.4097214,-2.954,2.385,8.808,-0.004,-0.04,0.026,-4.2,-25.65,-32.1,835.0
1787131513.4097462,-2.962,2.294,8.904,-0.023,-0.028,0.017,-5.55,-24.75,-30.9,835.0
1787131513.4097571,-3.127,2.471,9.024,-0.034,-0.013,-0.011,-4.8,-25.05,-30.45,835.0
1787131513.6150985,-2.904,1.999,9.962,-3.191,0.271,-0.665,-7.35,-30.15,-39.3,847.0
1787131513.8250756,-2.751,-3.814,6.917,0.334,0.049,0.115,-14.25,-33.45,-68.85,49.0
1787131513.8251019,-2.82,-4.322,7.336,0.577,0.089,0.269,-14.25,-35.25,-67.8,49.0
1787131513.8251133,-3.065,-4.439,7.717,0.894,0.015,0.318,-13.65,-34.8,-66.9,49.0
1787131514.0333812,-2.981,-0.749,8.71,2.279,-0.288,0.282,-8.7,-34.5,-50.55,2043.0
1787131514.033407,-2.634,-0.5,8.82,2.111,-0.102,0.413,-9.45,-34.2,-48.0,2043.0
1787131514.0334184,-2.65,-0.232,9.134,2.053,0.07,0.54,-7.5,-32.55,-46.8,2043.0
1787131514.2371664,-3.045,3.208,9.534,0.753,0.064,0.154,-3.9,-24.45,-29.85,2222.0
1787131514.250127,-3.227,3.151,9.725,0.477,0.139,0.09,-3.45,-23.7,-29.85,2222.0
1787131514.2501533,-2.983,2.966,9.79,0.261,0.131,0.058,-1.65,-25.2,-29.85,2222.0
1787131514.4490743,-2.859,2.725,8.59,-0.114,-0.037,0.034,-3.3,-24.75,-29.4,787.0
1787131514.449099,-2.751,2.705,8.602,-0.114,-0.016,0.015,-3.6,-25.5,-29.7,787.0
1787131514.4491105,-2.847,2.591,8.569,-0.109,0.01,0.001,-2.85,-24.75,-29.7,787.0
1787131514.65655,-2.878,2.61,9.012,-0.027,-0.03,-0.025,-3.9,-23.7,-31.05,812.0
1787131514.6565742,-2.916,2.727,8.988,-0.065,-0.034,-0.046,-3.6,-23.85,-30.15,812.0
1787131514.6565852,-2.794,2.722,9.086,-0.095,-0.01,-0.054,-4.2,-25.2,-29.85,812.0
1787131514.8639896,-2.952,2.028,9.689,-2.407,0.176,-0.604,-5.55,-29.25,-39.3,818.0
1787131514.8640153,-3.175,1.786,9.747,-2.874,0.239,-0.759,-6.75,-31.5,-42.45,818.0
1787131514.8640275,-3.038,1.729,9.644,-3.594,0.261,-0.9,-9.3,-33.9,-47.1,818.0
1787131515.0727866,-2.708,-3.285,7.293,-0.734,-0.364,-0.139,-12.15,-34.8,-64.65,109.0
1787131515.072812,-2.435,-2.986,7.216,-0.567,-0.251,-0.084,-12.45,-33.75,-65.25,109.0
1787131515.072823,-2.598,-3.179,7.362,-0.55,-0.129,-0.163,-13.95,-35.7,-66.0,109.0
1787131515.2777224,-2.914,-4.259,9.131,1.04,0.139,0.369,-12.0,-37.65,-63.75,81.0
1787131515.4883502,-2.859,2.89,9.627,1.369,-0.013,0.432,-4.2,-26.1,-31.05,2160.0
1787131515.4883745,-2.919,3.127,9.802,0.921,-0.073,0.346,-2.55,-23.55,-30.15,831.0
1787131515.4883854,-2.825,3.546,9.977,0.123,-0.111,0.131,-2.1,-24.3,-28.2,831.0
1787131515.695671,-2.713,2.734,8.6,-0.359,-0.021,0.012,-3.15,-23.25,-29.55,818.0
1787131515.6956956,-2.591,2.562,8.588,-0.272,-0.028,0.042,-2.55,-23.55,-30.15,845.0
1787131515.6957068,-2.61,2.559,8.406,-0.096,-0.025,0.054,-2.55,-23.85,-29.7,845.0
1787131515.904033,-2.883,2.691,9.225,-0.024,-0.119,0.082,-3.45,-24.45,-29.25,871.0
1787131515.9040606,-2.806,2.914,9.292,-0.15,-0.144,0.073,-1.35,-24.3,-31.5,853.0
1787131515.904072,-2.883,3.163,9.507,-0.413,-0.128,0.024,-3.45,-24.15,-31.05,853.0
1787131516.1112266,-3.553,-1.046,9.388,-3.542,0.679,-0.824,-8.1,-33.9,-50.4,1877.0
1787131516.1112518,-2.993,-1.41,9.34,-3.322,0.72,-0.777,-8.1,-35.1,-54.45,1841.0
1787131516.111263,-3.304,-2.449,9.098,-3.16,0.63,-0.735,-8.25,-36.15,-56.85,1841.0
1787131516.3198247,-2.246,-4.254,6.591,-0.587,0.018,0.143,-12.0,-33.75,-72.9,71.0
1787131516.3198504,-2.715,-4.846,6.524,-0.081,-0.032,0.129,-12.15,-33.6,-73.5,88.0
1787131516.3198721,-2.753,-5.193,6.893,0.576,-0.058,0.13,-12.45,-33.45,-72.9,88.0
1787131516.5269346,-3.345,-5.428,8.571,1.435,0.109,0.281,-12.15,-36.6,-69.9,68.0
1787131516.526971,-3.201,-5.329,8.526,1.854,0.113,0.217,-11.1,-35.85,-66.6,68.0
1787131516.526982,-3.117,-4.31,8.241,2.083,0.101,0.08,-11.55,-34.35,-64.65,68.0
1787131516.7355962,-2.322,2.04,8.533,2.682,-0.14,0.49,-7.05,-30.45,-39.0,2213.0
1787131516.7356215,-2.614,1.98,9.251,2.283,0.003,0.593,-4.2,-27.6,-35.4,2213.0
1787131516.7356334,-2.602,2.406,9.615,2.021,0.07,0.6,-6.45,-28.35,-34.65,2213.0
1787131516.942323,-3.074,3.278,9.354,-0.263,0.049,0.002,-3.3,-22.8,-28.2,791.0
1787131517.1479197,-2.971,2.464,9.725,-1.534,0.053,-0.433,-3.9,-27.15,-34.35,811.0
1787131517.147945,-3.146,2.298,10.032,-1.999,0.109,-0.532,-5.1,-27.45,-36.3,811.0
1787131517.147956,-3.163,1.906,10.077,-2.532,0.136,-0.68,-4.95,-30.6,-39.45,811.0
1787131517.3523538,-3.529,-3.134,8.679,-2.664,-0.084,-0.57,-11.55,-34.8,-63.15,155.0
1787131517.352378,-3.309,-3.924,8.301,-2.192,-0.148,-0.504,-13.35,-33.15,-65.1,155.0
1787131517.3523886,-3.472,-4.089,7.975,-1.769,-0.229,-0.036,-13.95,-34.5,-68.25,155.0
1787131517.5573916,-3.531,-5.988,7.963,1.017,0.118,0.434,-11.55,-33.9,-69.9,0.0
1787131517.5574162,-3.687,-5.602,7.966,1.72,0.106,0.749,-12.15,-34.35,-67.95,0.0
1787131517.5574267,-3.536,-5.076,8.068,2.341,-0.063,0.668,-10.35,-35.1,-66.15,0.0
1787131517.7616234,-2.784,0.536,9.531,1.77,0.04,0.254,-6.0,-31.5,-42.0,2199.0
1787131517.761647,-2.962,0.905,9.668,1.623,0.129,0.303,-6.3,-29.7,-41.85,2199.0
1787131517.7616584,-3.045,1.044,9.922,1.595,0.105,0.219,-5.85,-28.95,-40.35,2199.0
1787131517.9665105,-2.993,2.564,9.445,0.396,0.013,0.185,-4.8,-27.45,-32.7,836.0
1787131517.9665356,-3.156,2.428,9.062,0.264,-0.012,0.178,-4.35,-25.5,-30.9,836.0
1787131517.9665468,-3.103,2.404,9.072,0.158,-0.038,0.162,-3.45,-25.65,-31.35,836.0
1787131518.1712306,-3.055,2.241,8.703,-0.001,-0.007,-0.01,-3.9,-26.1,-31.35,812.0
1787131518.1712556,-2.998,2.282,8.77,0.018,0.005,-0.016,-4.65,-26.1,-31.8,827.0
1787131518.1712663,-3.017,2.279,8.89,0.013,0.008,-0.037,-3.45,-24.45,-31.8,827.0
1787131518.3765535,-3.156,2.672,9.172,-0.156,0.006,-0.102,-2.55,-23.85,-30.45,773.0
1787131518.3765774,-3.12,2.753,9.297,-0.326,-0.01,-0.096,-5.4,-26.85,-32.55,821.0
1787131518.3765883,-3.287,3.057,9.428,-0.594,-0.037,-0.151,-2.7,-25.2,-31.8,821.0
1787131518.5793355,-3.503,-3.249,9.335,-3.16,0.723,-0.746,-12.75,-34.95,-56.85,2147.0
1787131518.7856894,-2.164,-3.824,6.864,-0.196,-0.272,0.049,-13.35,-33.9,-68.7,80.0
1787131518.7857141,-2.358,-3.836,7.032,-0.129,-0.124,-0.011,-14.4,-34.35,-69.15,80.0
1787131518.7857256,-2.753,-4.223,7.398,0.006,-0.008,0.031,-13.2,-33.45,-68.85,80.0
1787131518.9903827,-2.938,-1.405,8.693,1.742,-0.04,0.428,-8.25,-35.7,-56.1,1987.0
1787131518.9904075,-3.134,-0.879,8.717,1.808,0.008,0.426,-8.55,-33.6,-54.45,1987.0
1787131518.9904187,-3.0,-0.421,8.837,1.793,-0.042,0.334,-8.55,-34.35,-50.7,1987.0
1787131519.1952796,-2.978,-0.06,9.009,1.562,-0.074,0.311,-7.05,-33.9,-48.9,2221.0
1787131519.1953046,-2.801,-0.127,9.246,1.488,0.013,0.427,-6.75,-31.5,-45.3,2221.0
1787131519.1953156,-3.045,0.148,9.352,1.487,0.014,0.456,-7.5,-30.3,-45.0,2221.0
1787131519.4009326,-3.026,2.564,9.124,0.045,0.036,-0.057,-3.3,-23.1,-30.15,782.0
1787131519.400958,-2.935,2.574,9.026,-0.02,0.021,-0.05,-3.15,-23.7,-31.05,782.0
1787131519.4009688,-2.923,2.538,8.978,-0.049,0.015,-0.03,-2.55,-23.85,-31.2,782.0
1787131519.6052408,-3.029,2.413,8.705,0.041,0.002,0.014,-3.9,-25.2,-31.8,745.0
1787131519.6052651,-3.029,2.473,8.803,0.06,-0.006,0.015,-2.7,-24.15,-32.1,745.0
1787131519.6052775,-3.117,2.646,8.935,0.059,-0.034,-0.006,-1.8,-24.3,-31.2,745.0
1787131519.809615,-3.369,2.732,10.113,-2.896,0.243,-0.888,-5.7,-28.35,-35.4,1484.0
1787131519.8096397,-3.218,2.09,10.075,-3.521,0.259,-1.047,-7.2,-29.1,-39.15,1484.0
1787131519.809651,-3.357,0.737,9.871,-3.738,0.433,-1.083,-8.85,-32.85,-45.9,1484.0
1787131520.0149322,-2.863,-4.161,6.776,-1.233,-0.161,-0.19,-14.25,-35.25,-67.05,61.0
1787131520.0149577,-2.89,-4.223,6.357,-0.768,-0.227,0.22,-13.2,-33.75,-68.85,61.0
1787131520.0149686,-1.985,-2.653,6.682,-0.357,-0.15,0.164,-14.4,-33.9,-69.45,61.0
1787131520.21765,-3.491,-4.561,8.88,1.185,-0.043,0.359,-11.85,-34.8,-64.65,91.0
1787131520.423914,-3.417,2.586,8.983,2.039,-0.023,0.399,-6.0,-26.4,-34.65,2208.0
1787131520.423939,-3.405,2.873,9.392,1.655,-0.121,0.344,-5.1,-27.45,-33.0,2208.0
1787131520.4239502,-2.863,3.266,9.637,1.224,-0.054,0.332,-4.2,-26.1,-33.3,827.0
1787131520.629268,-3.084,2.823,8.586,-0.259,0.036,-0.035,-1.8,-23.1,-28.2,742.0
1787131520.6292946,-3.06,2.729,8.416,-0.243,0.01,-0.002,-3.6,-24.75,-29.7,742.0
1787131520.6293056,-2.993,2.717,8.246,-0.195,-0.001,0.0,-2.85,-22.35,-30.15,742.0
1787131520.8366117,-3.175,2.813,9.026,-0.098,0.025,-0.094,-4.65,-24.45,-30.3,761.0
1787131520.8366368,-3.213,2.849,9.115,-0.141,0.023,-0.121,-3.15,-22.95,-30.3,742.0
1787131520.8366477,-3.132,2.794,9.127,-0.247,0.02,-0.153,-4.05,-23.85,-29.4,742.0
1787131521.0388646,-2.966,1.884,9.517,-2.246,-0.105,-0.426,-4.8,-28.95,-38.25,796.0
1787131521.0388901,-3.038,1.484,9.555,-2.686,-0.013,-0.559,-7.05,-30.45,-40.35,2167.0
1787131521.0389016,-3.069,0.948,9.366,-3.022,0.119,-0.698,-8.55,-32.85,-44.85,2167.0
1787131521.2444317,-2.854,-4.087,7.879,-2.124,-0.094,0.052,-13.65,-33.9,-67.65,2167.0
1787131521.2444553,-2.251,-2.892,7.566,-1.911,-0.176,0.022,-14.85,-34.35,-67.2,2167.0
1787131521.2444658,-2.061,-4.824,7.649,-1.565,0.061,0.135,-14.25,-34.5,-70.05,2167.0
1787131521.4488149,-2.863,-4.331,7.128,0.999,-0.104,-0.125,-12.75,-33.0,-71.1,67.0
1787131521.44884,-2.626,-4.606,7.561,1.205,0.08,-0.013,-13.5,-35.25,-71.1,67.0
1787131521.4488509,-3.472,-5.825,8.018,1.596,0.228,0.458,-13.95,-34.5,-68.55,67.0
1787131521.6529016,-3.148,0.263,8.657,2.697,0.029,0.504,-7.35,-31.95,-47.1,2177.0
1787131521.6529264,-3.148,0.814,8.892,2.509,-0.028,0.436,-6.0,-29.85,-42.45,2177.0
1787131521.6529377,-3.249,1.398,9.031,2.223,-0.063,0.482,-6.6,-29.7,-40.05,2177.0
1787131521.8553674,-3.062,2.713,9.476,0.028,0.003,0.043,-4.8,-27.0,-31.2,803.0
1787131522.062228,-3.041,2.251,8.988,0.012,0.04,-0.035,-4.65,-24.9,-31.05,848.0
1787131522.0622525,-3.072,2.203,9.108,-0.018,0.019,-0.044,-5.1,-25.8,-31.5,848.0
1787131522.062264,-3.079,2.308,9.155,-0.028,-0.014,-0.04,-4.95,-24.9,-31.35,848.0
1787131522.2671144,-2.95,1.53,9.687,-2.581,0.322,-0.523,-6.3,-30.45,-41.85,2172.0
1787131522.2671888,-3.251,0.943,9.725,-2.864,0.408,-0.639,-7.05,-30.15,-43.05,2172.0
1787131522.2672246,-3.596,-1.039,9.843,-3.077,0.458,-0.693,-8.7,-32.25,-49.8,2172.0
1787131522.4718316,-3.321,-4.12,7.278,-0.863,-0.332,-0.18,-13.5,-34.5,-65.25,29.0
1787131522.4718685,-2.914,-4.295,7.125,-0.452,-0.264,-0.002,-12.15,-33.9,-67.65,29.0
1787131522.4718797,-2.828,-4.554,7.29,-0.087,-0.139,0.11,-13.65,-35.85,-67.95,29.0
1787131522.6765864,-3.56,-4.355,8.274,2.881,-0.257,0.367,-12.0,-34.95,-63.0,16.0
1787131522.6766121,-3.85,-2.957,7.781,3.514,-0.444,0.253,-11.7,-35.7,-58.95,16.0
1787131522.6766229,-3.316,-1.705,7.369,3.893,-0.454,0.395,-10.35,-34.35,-57.3,16.0
1787131522.8818474,-3.725,2.49,9.914,1.015,-0.113,0.299,-4.35,-28.2,-34.2,906.0
1787131522.8818862,-3.11,2.667,9.946,0.689,-0.12,0.242,-5.55,-26.25,-31.95,906.0
1787131522.8818974,-3.306,2.646,9.96,0.443,-0.072,0.206,-3.45,-25.65,-31.8,906.0
1787131523.0868013,-2.909,2.251,8.856,-0.177,0.025,-0.018,-3.45,-24.15,-31.8,815.0
1787131523.0868266,-3.012,2.308,8.729,-0.173,0.007,-0.014,-4.35,-25.5,-30.9,815.0
1787131523.0868375,-3.043,2.243,8.612,-0.153,-0.001,-0.006,-4.65,-25.2,-32.1,892.0
1787131523.2908146,-3.005,2.16,9.153,0.012,-0.013,0.023,-5.4,-25.2,-32.1,841.0
1787131523.2908382,-3.014,2.174,9.124,-0.013,-0.001,0.009,-5.4,-25.2,-32.85,825.0
1787131523.2908494,-3.098,2.277,9.213,-0.073,-0.014,-0.007,-3.45,-24.9,-32.1,825.0
1787131523.4954174,-2.907,0.769,9.869,-3.8,0.253,-0.748,-7.8,-31.95,-43.05,1174.0
1787131523.495443,-2.689,-0.101,9.984,-3.875,0.582,-0.694,-7.95,-33.75,-50.55,1174.0
1787131523.7006288,-3.199,-4.633,7.494,0.072,0.079,-0.036,-12.45,-32.55,-71.85,22.0
1787131523.700653,-3.184,-5.04,7.673,0.417,0.073,0.062,-13.95,-33.45,-72.3,22.0
1787131523.7006645,-2.665,-5.234,8.095,0.624,-0.038,0.063,-14.1,-33.9,-70.95,22.0
1787131523.905476,-3.742,-2.363,8.198,2.194,-0.097,0.113,-12.45,-34.95,-58.95,30.0
1787131523.9055004,-3.455,-1.824,8.016,2.206,-0.176,0.218,-12.0,-34.95,-56.4,30.0
1787131523.9055111,-3.266,-1.695,8.377,2.22,-0.214,0.403,-10.2,-35.25,-56.1,30.0
1787131524.1100926,-3.378,2.358,9.512,1.591,-0.141,0.521,-4.2,-27.9,-35.1,1448.0
1787131524.1101182,-2.928,2.586,9.637,1.237,-0.121,0.389,-4.95,-26.4,-32.1,1448.0
1787131524.110129,-3.017,3.112,9.761,0.876,-0.077,0.286,-5.1,-25.05,-29.4,1448.0
1787131524.3148453,-3.144,2.55,8.835,-0.233,-0.03,-0.004,-3.15,-23.7,-30.6,809.0
1787131524.314876,-3.036,2.533,8.586,-0.222,-0.018,-0.009,-3.3,-25.5,-30.45,809.0
1787131524.3148909,-3.05,2.325,8.416,-0.178,0.0,-0.005,-4.35,-25.5,-30.45,809.0
1787131524.5201626,-3.079,2.231,8.497,0.006,0.029,-0.023,-3.45,-24.15,-31.05,786.0
1787131524.5201874,-3.163,2.461,8.638,0.031,0.006,-0.032,-5.55,-25.5,-31.2,786.0
1787131524.5201986,-3.153,2.425,8.76,-0.007,-0.019,-0.067,-4.05,-25.8,-31.5,786.0
1787131524.724972,-2.863,-1.279,9.969,-3.763,0.364,-1.008,-11.85,-34.35,-54.45,1424.0
1787131524.7251604,-3.021,-2.787,9.316,-3.508,0.546,-0.898,-12.45,-35.7,-58.65,1424.0
1787131524.725169,-3.206,-3.383,8.873,-3.12,0.645,-0.699,-14.4,-33.9,-61.35,1424.0
1787131524.9289634,-2.655,-5.112,6.517,0.553,-0.146,0.069,-15.9,-32.4,-70.65,86.0
1787131524.9289877,-3.194,-5.203,6.68,0.702,-0.107,0.149,-15.6,-32.85,-71.25,86.0
1787131524.9289992,-3.323,-5.825,7.104,0.962,-0.034,0.319,-13.95,-33.75,-72.6,86.0
1787131525.1337304,-2.907,-1.891,8.645,2.701,0.04,0.664,-10.95,-33.0,-50.55,2214.0
1787131525.1337554,-3.345,0.189,8.945,2.33,-0.21,0.573,-8.55,-30.15,-45.9,2214.0
1787131525.336923,-2.959,4.173,9.117,0.534,-0.033,0.359,-1.95,-21.75,-27.75,708.0
1787131525.3409443,-3.048,4.154,9.21,0.343,0.011,0.253,-1.05,-22.8,-25.65,708.0
1787131525.3409739,-3.072,3.996,9.213,0.176,0.013,0.157,-1.2,-21.45,-24.45,725.0
1787131525.5435634,-2.938,3.333,8.322,-0.245,0.012,-0.135,-1.8,-22.8,-26.85,715.0
1787131525.543587,-2.818,3.335,8.322,-0.251,0.042,-0.151,-1.35,-22.35,-26.1,715.0
1787131525.5435982,-2.871,3.314,8.334,-0.241,0.056,-0.179,-1.65,-22.2,-27.0,732.0
1787131525.749166,-3.153,3.378,9.179,-0.738,-0.006,-0.241,-1.95,-23.7,-28.05,728.0
1787131525.7492013,-3.211,3.285,9.184,-1.032,-0.049,-0.272,-2.4,-22.5,-29.85,728.0
1787131525.7492077,-3.112,3.309,9.436,-1.399,-0.088,-0.324,-4.05,-24.3,-31.5,780.0
1787131525.9604666,-3.065,-0.79,8.317,-1.778,0.012,-0.339,-8.55,-34.35,-52.5,2199.0
1787131525.9604912,-3.041,-1.31,8.329,-1.807,0.047,-0.239,-10.05,-33.6,-54.0,2199.0
1787131525.9605024,-2.682,-1.798,8.262,-1.684,0.09,-0.261,-9.3,-35.55,-56.25,2032.0
1787131526.1586633,-2.923,-2.531,8.466,0.724,-0.156,0.104,-9.6,-34.35,-60.3,2032.0
1787131526.1586885,-3.067,-2.456,8.734,0.869,-0.111,0.092,-10.05,-34.8,-59.1,2032.0
1787131526.1586998,-3.105,-2.49,8.914,1.259,-0.034,0.1,-9.45,-34.5,-58.95,2122.0
1787131526.3635888,-2.859,1.13,8.902,1.771,-0.07,0.284,-7.05,-28.95,-41.85,2187.0
1787131526.3636146,-2.674,1.736,9.148,1.362,0.072,0.327,-5.7,-29.85,-39.15,2187.0
1787131526.3636255,-2.739,1.434,9.577,1.126,0.112,0.295,-5.55,-28.5,-39.3,2187.0
1787131526.568138,-2.866,2.389,8.928,0.274,0.023,0.109,-2.7,-23.7,-30.3,787.0
1787131526.568162,-2.732,2.547,8.902,0.228,0.051,0.089,-2.4,-22.5,-30.3,787.0
1787131526.5681725,-2.729,2.576,8.768,0.156,0.061,0.068,-2.1,-23.1,-30.9,787.0
1787131526.7737823,-2.947,2.854,8.921,0.134,0.028,0.067,-3.3,-23.85,-28.95,761.0
1787131526.7738082,-3.021,3.072,8.993,0.106,-0.004,0.104,-2.4,-23.25,-28.8,761.0
1787131526.7738194,-3.081,3.175,8.916,0.029,-0.087,0.089,-2.4,-24.15,-28.5,761.0
1787131526.9771545,-2.239,1.82,9.955,-3.868,0.414,-1.132,-6.75,-30.3,-42.45,2162.0
1787131526.9771824,-2.643,0.467,10.288,-3.835,0.83,-1.09,-7.8,-32.4,-43.05,2162.0
1787131526.9771934,-2.72,-1.666,10.393,-3.492,1.004,-1.017,-10.5,-34.95,-50.1,2162.0
1787131527.1824074,-2.672,-3.625,7.266,-0.753,-0.007,-0.094,-14.85,-33.9,-67.2,54.0
1787131527.1824324,-1.887,-2.981,7.628,-0.355,0.142,0.082,-14.7,-33.75,-68.85,54.0
1787131527.1824436,-3.033,-4.513,7.695,0.059,0.053,0.086,-13.2,-33.0,-67.8,54.0
1787131527.388617,-3.263,-4.226,8.875,1.298,0.091,0.279,-12.15,-35.1,-63.6,86.0
1787131527.388642,-3.151,-3.603,8.6,1.591,0.024,0.252,-12.45,-36.15,-61.5,86.0
1787131527.388653,-3.28,-3.201,8.504,1.847,-0.078,0.25,-11.7,-35.7,-58.2,86.0
1787131527.5918822,-3.108,0.359,8.744,2.396,-0.112,0.545,-5.4,-29.85,-39.9,2216.0
1787131527.5919085,-3.239,1.298,8.502,2.281,-0.147,0.498,-5.7,-27.9,-36.9,1984.0
1787131527.5919194,-3.021,1.839,8.679,2.09,-0.092,0.486,-5.4,-27.6,-35.4,1984.0
1787131527.7967298,-3.043,3.816,9.546,0.128,-0.005,0.018,-2.85,-22.35,-26.4,724.0
1787131527.7967546,-2.964,3.766,9.527,-0.107,0.008,-0.041,-2.7,-21.75,-25.2,724.0
1787131527.7967658,-2.976,3.632,9.38,-0.233,0.052,-0.058,-2.55,-21.15,-25.35,737.0
1787131528.0015042,-3.273,2.43,9.007,-1.655,0.11,-0.478,-3.45,-23.7,-31.05,743.0
1787131528.0015295,-3.278,2.025,9.206,-1.818,0.104,-0.452,-4.8,-25.8,-33.0,743.0
1787131528.0015402,-3.395,1.504,9.414,-1.815,0.036,-0.485,-5.55,-28.95,-36.0,743.0
1787131528.207261,-2.564,-1.207,9.656,-2.461,0.367,-0.546,-11.55,-34.8,-53.7,2242.0
1787131528.2072856,-3.357,-2.361,9.014,-2.297,0.509,-0.506,-12.45,-34.5,-54.6,2242.0
1787131528.2072968,-3.486,-2.26,8.665,-2.214,0.451,-0.431,-11.25,-34.95,-57.15,2242.0
1787131528.4100475,-2.71,-3.761,7.178,0.683,-0.185,0.198,-12.15,-33.6,-66.9,42.0
1787131528.4100711,-3.041,-3.73,8.052,1.141,-0.032,0.463,-10.8,-35.85,-65.4,125.0
1787131528.6159303,-3.302,0.541,9.926,0.633,0.148,0.055,-8.1,-33.6,-45.9,2194.0
1787131528.615956,-3.591,0.493,10.257,0.399,0.098,-0.012,-8.55,-33.15,-44.85,2194.0
1787131528.6159673,-3.563,0.184,10.453,0.314,0.085,0.0,-8.85,-32.4,-45.15,2194.0
1787131528.8201923,-3.021,0.431,8.916,-0.144,0.004,0.071,-7.95,-32.55,-43.95,2219.0
1787131528.8202157,-3.273,0.287,8.899,-0.088,-0.053,0.088,-8.55,-33.6,-44.85,2219.0
1787131528.8202274,-3.187,0.366,8.806,0.02,-0.174,0.069,-8.55,-31.65,-44.1,2219.0
1787131529.0251007,-2.813,0.208,9.347,0.348,-0.098,0.142,-6.3,-31.65,-44.4,2175.0
1787131529.025126,-2.765,0.29,9.493,0.316,-0.045,0.15,-6.45,-32.25,-42.45,2175.0
1787131529.0251367,-2.935,0.251,9.701,0.326,0.014,0.166,-6.75,-31.8,-41.7,2175.0
1787131529.230325,-2.866,0.977,9.292,0.034,0.056,0.029,-5.85,-30.15,-39.6,2077.0
1787131529.2303498,-2.83,1.018,9.158,0.127,0.043,0.031,-6.6,-29.7,-39.3,2077.0
1787131529.2304082,-2.868,1.034,9.141,0.177,0.007,0.052,-6.3,-30.15,-40.35,2077.0
1787131529.4349267,-2.966,2.009,9.661,-1.325,0.118,-0.55,-6.3,-30.9,-40.8,2149.0
1787131529.4349518,-2.629,1.896,9.874,-2.1,0.372,-0.758,-7.35,-30.45,-41.85,2149.0
1787131529.434963,-3.163,0.294,9.905,-2.706,0.608,-0.864,-6.6,-32.4,-45.9,2149.0
1787131529.6395621,-2.837,-4.513,6.369,-1.425,-0.29,-0.059,-14.4,-33.9,-67.65,0.0
1787131529.639587,-2.377,-4.379,6.644,-1.065,-0.295,0.098,-14.7,-33.45,-70.05,0.0
1787131529.6395977,-2.351,-4.609,7.063,-0.618,-0.305,0.259,-15.6,-34.35,-69.45,0.0
1787131529.8447335,-4.329,-5.03,8.48,0.767,-0.082,0.171,-12.9,-35.1,-67.65,0.0
1787131529.8447583,-3.783,-4.554,8.447,0.831,-0.066,0.18,-13.35,-34.8,-65.85,0.0
1787131529.8447692,-3.579,-4.537,8.562,0.865,-0.007,0.185,-13.65,-34.8,-65.85,0.0
1787131530.046931,-3.496,-2.423,9.021,0.261,-0.027,-0.005,-11.7,-35.7,-62.25,97.0
1787131530.253689,-3.055,-2.849,8.902,0.168,-0.018,0.022,-11.7,-35.25,-60.45,145.0
1787131530.2537124,-3.134,-2.851,8.885,0.184,-0.09,0.06,-11.55,-35.55,-61.8,145.0
1787131530.253724,-3.05,-2.998,9.086,0.203,-0.107,0.086,-10.8,-36.3,-62.55,145.0
1787131530.4594204,-3.261,-4.142,8.274,1.245,0.015,0.436,-11.55,-36.6,-64.35,60.0
1787131530.459446,-2.938,-3.907,8.169,1.828,-0.02,0.531,-10.8,-36.6,-61.35,60.0
1787131530.4594567,-3.529,-3.51,8.009,3.044,-0.122,0.466,-10.95,-34.95,-58.65,60.0
1787131530.6634624,-3.723,1.458,9.364,1.14,0.046,0.22,-4.2,-28.35,-35.85,1993.0
1787131530.6634867,-3.56,1.31,9.828,1.016,-0.003,0.176,-4.65,-27.6,-34.35,1993.0
1787131530.663498,-3.692,1.812,9.984,0.846,-0.076,0.08,-4.95,-27.6,-31.8,1993.0
1787131530.8684785,-2.986,2.478,8.918,-0.181,0.031,-0.053,-5.1,-24.75,-31.2,771.0
1787131530.8685036,-3.275,2.758,8.882,-0.378,-0.022,-0.059,-4.95,-25.2,-31.05,771.0
1787131530.8685145,-3.215,2.674,9.019,-0.607,-0.069,-0.085,-6.0,-25.65,-31.8,771.0
1787131531.074145,-3.452,-0.529,10.238,-3.239,0.479,-0.705,-10.05,-33.6,-46.65,2234.0
1787131531.0741696,-3.297,-0.931,9.699,-3.151,0.623,-0.747,-9.6,-34.35,-47.4,2234.0
1787131531.0741804,-3.651,-2.045,9.677,-3.079,0.597,-0.681,-11.85,-35.1,-53.25,2234.0
1787131531.2800288,-3.694,-2.389,8.969,-3.021,0.478,-0.613,-10.95,-33.75,-55.65,2234.0
1787131531.280053,-3.634,-3.63,8.808,-2.643,0.327,-0.412,-12.45,-35.25,-58.2,2234.0
1787131531.2800663,-3.833,-4.094,8.401,-2.125,0.115,-0.361,-12.9,-35.55,-61.8,53.0
1787131531.4823394,-3.632,-4.235,8.55,2.594,0.074,0.371,-12.6,-36.3,-60.3,0.0
1787131531.4823635,-3.816,-3.033,8.15,2.934,-0.137,0.269,-10.5,-35.25,-57.15,0.0
1787131531.4823747,-4.027,-1.429,7.93,2.837,-0.366,0.201,-10.5,-35.25,-56.1,0.0
1787131531.6869726,-2.799,1.53,10.106,0.746,0.027,0.113,-6.3,-25.8,-35.55,1905.0
1787131531.6869988,-3.153,1.705,9.792,0.537,0.047,0.094,-6.45,-27.9,-34.65,1905.0
1787131531.8920677,-3.191,1.544,8.82,0.036,0.024,0.054,-5.7,-26.4,-32.85,944.0
1787131531.8920941,-3.304,1.59,8.784,0.183,-0.005,0.068,-6.3,-25.8,-31.95,922.0
1787131531.8921056,-3.335,1.774,8.691,0.223,-0.021,0.056,-5.7,-25.65,-31.8,922.0
1787131532.098239,-2.756,2.418,9.89,-3.008,0.103,-0.736,-8.25,-29.55,-38.7,922.0
1787131532.0982637,-2.746,1.422,10.613,-3.416,0.369,-0.881,-11.85,-34.35,-45.15,2207.0
1787131532.0982752,-3.165,0.95,10.321,-3.879,0.528,-1.035,-10.05,-34.35,-47.1,2207.0
1787131532.3016183,-1.834,-3.067,6.227,0.666,-0.5,0.28,-14.1,-35.55,-65.85,51.0
1787131532.3016424,-2.796,-2.638,6.467,0.824,-0.264,0.093,-13.65,-36.6,-64.65,73.0
1787131532.301654,-3.273,-2.658,6.869,0.911,-0.087,0.135,-13.95,-34.95,-62.25,73.0
1787131532.5067978,-2.701,-0.747,8.815,2.78,-0.228,0.557,-9.45,-32.55,-46.8,2054.0
1787131532.5068228,-2.806,0.484,8.957,2.44,-0.131,0.64,-9.6,-29.7,-43.05,2054.0
1787131532.5068345,-3.309,1.448,9.364,2.202,-0.092,0.656,-6.75,-29.85,-40.95,2150.0
1787131532.7123435,-2.947,2.533,9.579,0.054,0.048,-0.045,-6.3,-26.25,-32.25,2150.0
1787131532.7123687,-2.902,2.461,9.412,-0.053,0.056,-0.072,-6.6,-25.5,-30.9,2150.0
1787131532.7123795,-2.662,2.274,9.409,-0.094,0.07,-0.078,-5.4,-25.65,-31.8,2150.0
1787131532.9159706,-2.856,1.994,8.847,-0.047,0.012,0.002,-5.85,-24.75,-29.7,1108.0
1787131532.9159942,-2.82,2.097,8.847,-0.05,-0.019,0.011,-5.7,-26.4,-32.85,1108.0
1787131532.916005,-2.82,2.042,8.916,-0.041,-0.013,0.011,-6.45,-26.4,-33.6,1056.0
1787131533.121256,-2.919,2.444,9.342,-0.16,-0.038,-0.006,-5.1,-24.75,-33.75,1072.0
1787131533.1212807,-3.115,2.61,9.582,-0.458,-0.055,-0.027,-6.45,-24.75,-33.75,1072.0
1787131533.1212926,-3.139,3.124,9.697,-1.026,-0.127,-0.148,-5.4,-25.65,-33.9,1860.0
1787131533.323452,-4.039,-4.69,8.758,-3.613,1.017,-0.752,-14.1,-35.55,-62.1,1934.0
1787131533.5307403,-3.309,-4.015,8.282,1.885,0.163,0.131,-15.45,-34.5,-64.5,74.0
1787131533.5307646,-3.582,-3.761,8.576,1.964,0.132,0.187,-14.85,-35.1,-62.85,74.0
1787131533.5307758,-3.701,-3.299,8.861,1.998,0.002,0.141,-14.25,-34.2,-60.15,74.0
1787131533.7354157,-2.904,0.18,9.675,1.492,-0.157,0.446,-10.05,-30.45,-40.8,2171.0
1787131533.7354398,-2.859,0.855,9.5,1.54,-0.109,0.394,-10.05,-28.95,-42.3,2171.0
1787131533.7354512,-2.71,1.118,9.076,1.59,-0.046,0.435,-8.25,-29.85,-37.2,2171.0
1787131533.9397728,-2.988,2.277,9.483,0.118,0.087,0.026,-5.7,-24.15,-31.35,1282.0
1787131533.9397984,-2.966,2.239,9.409,0.069,0.086,0.026,-5.1,-25.5,-31.5,1282.0
1787131533.9398093,-3.091,2.224,9.278,0.014,0.058,0.009,-4.8,-26.55,-31.2,1282.0
1787131534.1452544,-3.019,2.138,8.813,-0.074,-0.022,-0.007,-5.85,-24.75,-31.5,957.0
1787131534.1452806,-3.002,2.105,8.789,-0.105,-0.028,-0.021,-7.35,-26.25,-31.95,957.0
1787131534.1452916,-2.964,2.124,8.926,-0.149,-0.011,-0.037,-7.35,-26.55,-31.5,957.0
1787131534.350333,-3.287,0.038,10.288,-3.971,0.69,-1.1,-10.95,-34.2,-44.7,2129.0
1787131534.350358,-3.328,-1.07,9.881,-4.141,0.832,-1.07,-11.55,-33.9,-51.45,2129.0
1787131534.350369,-3.496,-3.407,9.653,-3.813,0.838,-0.822,-12.15,-33.6,-54.0,2129.0
1787131534.554757,-3.055,-4.154,6.867,-1.476,-0.626,0.283,-16.95,-33.0,-69.6,17.0
1787131534.554782,-1.992,-4.937,6.704,-0.888,-0.248,0.205,-17.1,-33.15,-72.0,17.0
1787131534.554793,-2.581,-5.459,6.749,-0.07,-0.014,0.181,-15.9,-31.65,-71.7,61.0
1787131534.7592545,-3.615,-4.446,8.231,2.392,0.135,0.277,-12.15,-35.1,-65.4,1.0
1787131534.759279,-4.037,-3.761,8.188,2.545,-0.027,0.178,-12.6,-35.55,-61.8,1.0
1787131534.7592895,-4.331,-3.055,8.423,2.578,-0.26,0.144,-12.0,-36.15,-58.65,1.0
1787131534.9623446,-2.842,1.049,9.871,1.331,0.095,0.297,-8.25,-29.55,-37.2,2202.0
1787131535.1691663,-3.038,2.684,8.684,0.086,0.005,0.065,-4.95,-23.7,-30.6,952.0
1787131535.169191,-3.05,2.361,8.83,0.109,0.006,0.066,-3.9,-24.9,-31.05,952.0
1787131535.1692019,-2.863,2.437,8.851,0.138,-0.004,0.064,-4.05,-24.75,-30.9,952.0
1787131535.3734124,-2.907,2.775,9.007,0.23,0.012,0.042,-3.6,-24.75,-28.95,779.0
1787131535.373437,-2.899,3.11,8.866,0.063,0.01,-0.034,-3.15,-24.15,-28.5,779.0
1787131535.3734477,-3.012,3.213,8.933,-0.161,0.001,-0.087,-3.45,-24.45,-28.5,779.0
1787131535.5786262,-3.108,2.811,9.495,-1.09,0.016,-0.273,-4.95,-27.15,-32.1,820.0
1787131535.578652,-2.94,2.107,9.653,-2.202,0.008,-0.435,-4.05,-27.0,-35.25,820.0
1787131535.7834215,-3.847,-4.678,8.056,-1.879,0.508,-0.304,-14.25,-35.7,-63.75,138.0
1787131535.7834468,-4.259,-3.584,7.369,-1.794,-0.155,-0.5,-13.95,-34.95,-65.55,138.0
1787131535.7834578,1.25,-1.123,8.861,-1.887,-0.52,-0.129,-13.5,-34.5,-67.8,138.0
1787131535.9886527,-3.428,-5.928,8.042,1.398,-0.046,0.369,-13.5,-34.95,-67.5,0.0
1787131535.9886782,-3.098,-4.781,8.018,1.809,0.045,0.349,-14.1,-34.35,-66.9,0.0
1787131535.9886892,-3.203,-4.317,8.14,2.142,0.076,0.264,-12.0,-36.15,-66.0,0.0
1787131536.1928098,-2.907,0.101,8.301,2.987,-0.136,0.703,-8.1,-31.95,-47.25,0.0
1787131536.1928341,-3.311,0.905,8.42,2.819,-0.141,0.617,-7.2,-32.55,-41.7,2237.0
1787131536.1928453,-2.875,1.954,8.557,2.311,-0.169,0.509,-7.35,-30.15,-39.3,2237.0
1787131536.3974047,-3.462,2.598,9.61,-0.342,-0.003,-0.06,-5.4,-25.65,-30.3,752.0
1787131536.39743,-3.179,2.306,9.471,-0.479,-0.051,-0.044,-5.1,-26.25,-31.2,752.0
1787131536.3974404,-3.069,2.215,9.246,-0.563,-0.026,-0.021,-6.0,-25.65,-32.85,752.0
1787131536.6015964,-3.158,0.567,9.031,-0.995,0.115,-0.154,-6.6,-30.9,-41.55,2124.0
1787131536.8077466,-3.05,-1.046,9.002,0.04,-0.009,0.097,-9.6,-35.1,-50.4,2109.0
1787131536.8078222,-3.139,-0.836,8.911,0.07,-0.036,0.065,-9.3,-35.55,-51.45,2109.0
1787131536.807886,-3.029,-0.8,8.959,0.063,-0.073,0.051,-8.1,-33.15,-50.4,2193.0
1787131537.0115974,-3.223,-0.438,9.364,-0.046,-0.036,-0.039,-8.25,-34.5,-50.1,2155.0
1787131537.0116227,-3.146,-0.46,9.352,-0.095,-0.046,-0.061,-8.1,-35.1,-48.9,2155.0
1787131537.0116346,-2.919,-0.467,9.333,-0.144,-0.019,-0.055,-8.55,-33.9,-50.4,2146.0
1787131537.2171044,-2.691,-1.951,8.653,2.207,0.221,0.324,-7.5,-33.75,-47.25,2166.0
1787131537.2171292,-2.734,-1.276,8.021,3.626,0.315,0.643,-5.85,-31.65,-43.65,2166.0
1787131537.2171404,-2.641,1.171,6.431,4.656,0.435,1.168,-6.45,-28.35,-40.2,2166.0
1787131537.4212544,-2.959,8.389,7.623,1.967,-0.158,0.723,4.2,-5.85,-15.6,926.0
1787131537.4212794,-3.12,8.875,8.083,1.109,-0.173,0.467,2.4,-5.1,-15.6,926.0
1787131537.4212904,-2.593,9.311,8.219,0.294,-0.164,-0.023,2.85,-2.7,-14.7,926.0
1787131537.6260586,-3.438,5.119,7.537,-3.191,-0.253,-0.973,0.45,-15.6,-19.65,967.0
1787131537.6260831,-3.038,4.752,7.305,-3.253,-0.396,-1.004,-0.3,-18.45,-24.6,967.0
1787131537.6260939,-3.117,3.673,7.542,-3.106,-0.355,-0.968,-1.05,-18.9,-26.85,967.0
1787131537.8309858,-2.919,0.139,8.195,-0.664,-0.003,-0.436,-7.2,-32.25,-45.0,704.0
1787131537.8310084,-2.971,0.381,8.092,-0.59,-0.128,-0.386,-7.5,-33.45,-44.7,704.0
1787131537.8310194,-2.749,0.175,8.234,-0.551,-0.176,-0.228,-10.5,-32.25,-44.7,704.0
1787131538.036185,-2.921,0.148,9.503,0.069,0.035,0.019,-11.1,-31.95,-44.85,2207.0
1787131538.0362182,-3.144,0.268,9.541,0.065,0.018,-0.005,-10.95,-32.25,-46.8,2207.0
1787131538.0362246,-2.94,0.177,9.459,0.057,0.036,-0.014,-8.55,-32.85,-43.65,2207.0
1787131538.23831,-3.067,0.436,9.096,0.14,-0.005,0.019,-10.35,-31.65,-44.85,2145.0
1787131538.4451568,-3.673,5.48,7.985,1.677,0.491,0.216,-1.95,-14.85,-21.45,733.0
1787131538.4451814,-4.164,5.914,8.212,1.072,0.301,0.029,0.45,-13.65,-19.95,818.0
1787131538.4451928,-4.226,6.069,8.468,0.635,0.111,-0.06,-0.3,-13.8,-19.05,818.0
1787131538.6501608,-3.596,5.478,8.097,-2.291,-0.13,-0.597,-1.65,-15.9,-21.45,1007.0
1787131538.6502032,-3.646,4.889,8.083,-2.647,-0.208,-0.723,-3.45,-18.75,-23.25,687.0
1787131538.6502101,-3.733,4.501,8.092,-2.905,-0.312,-0.8,-1.8,-18.9,-24.6,687.0
1787131538.8549032,-3.199,-0.888,8.535,-1.165,-0.046,-0.363,-9.75,-32.25,-46.8,968.0
1787131538.8549323,-3.354,-0.512,8.459,-0.828,0.017,-0.313,-11.1,-33.15,-47.1,2236.0
1787131538.854944,-3.043,-0.261,8.423,-0.736,-0.049,-0.334,-10.2,-33.45,-49.05,2236.0
1787131539.0602546,-3.402,-0.773,9.311,-0.169,-0.142,-0.049,-10.95,-34.2,-49.8,2236.0
1787131539.060279,-3.194,-1.061,9.443,-0.067,-0.017,0.009,-12.45,-33.75,-49.8,2201.0
1787131539.0602896,-3.28,-1.082,9.416,0.013,0.04,0.006,-12.75,-33.75,-50.1,2201.0
1787131539.2652068,-3.328,-0.637,9.048,0.031,-0.02,-0.019,-11.85,-33.9,-50.4,2208.0
1787131539.2652283,-3.148,-0.745,9.1,-0.065,-0.002,-0.034,-12.45,-34.95,-50.1,2220.0
1787131539.2652392,-3.172,-0.754,9.191,-0.094,0.03,-0.038,-12.75,-32.55,-50.1,2220.0
1787131539.4692202,-3.057,-1.276,9.117,0.403,0.112,0.096,-12.0,-33.75,-51.6,2220.0
1787131539.4692452,-2.907,-1.36,9.043,0.736,0.148,0.087,-11.7,-34.95,-49.8,2220.0
1787131539.469256,-2.854,-1.573,8.772,1.257,0.244,0.153,-12.0,-33.0,-48.3,2220.0
1787131539.6739604,-4.36,6.802,8.887,0.845,0.068,0.041,0.3,-11.1,-18.3,729.0
1787131539.6739886,-3.886,7.056,9.337,-0.09,-0.02,-0.158,-1.05,-11.1,-16.5,729.0
1787131539.6739995,-3.752,6.594,9.292,-0.625,-0.07,-0.238,-1.05,-10.35,-17.25,960.0
1787131539.8788476,-3.175,3.282,7.827,-2.95,-0.548,-0.229,-4.95,-23.7,-31.05,758.0
1787131540.0840602,-3.144,1.87,7.997,-2.614,-0.227,-0.408,-8.85,-29.7,-38.25,758.0
1787131540.0842104,-2.851,1.056,8.191,-2.35,-0.17,-0.451,-8.1,-30.45,-44.1,758.0
1787131540.0842187,-3.158,-1.073,8.645,-2.105,-0.046,-0.466,-8.25,-31.05,-42.75,758.0
1787131540.2891304,-2.976,-0.225,9.345,-0.045,0.034,-0.022,-10.05,-32.4,-48.9,2244.0
1787131540.2891574,-3.074,-0.275,9.254,-0.025,0.028,-0.017,-11.55,-31.95,-46.35,2244.0
1787131540.2891636,-2.99,-0.208,9.175,-0.021,0.019,-0.01,-11.55,-33.15,-47.1,2244.0
1787131540.4929051,-2.674,0.06,8.265,1.873,0.466,0.192,-8.85,-29.25,-43.65,2167.0
1787131540.4929292,-3.096,0.527,7.882,2.235,0.466,0.26,-7.05,-28.95,-38.25,2167.0
1787131540.4929402,-3.129,1.255,7.475,2.457,0.447,0.338,-8.7,-27.9,-36.6,2167.0
1787131540.6983523,-3.438,5.947,7.219,3.329,0.056,1.474,-1.65,-11.7,-18.9,898.0
1787131540.698377,-3.328,7.491,7.135,3.03,-0.096,1.307,0.0,-11.55,-17.55,898.0
1787131540.6983886,-3.156,8.033,7.377,2.193,-0.12,1.012,2.55,-7.2,-15.0,898.0
1787131540.9027884,-3.596,6.481,7.875,-2.213,-0.081,-0.697,0.0,-9.15,-15.0,1018.0
1787131540.9028134,-3.484,6.11,7.628,-2.572,-0.205,-0.797,-1.05,-13.05,-19.05,1018.0
1787131540.9028244,-3.579,4.863,7.539,-2.838,-0.317,-0.827,-1.95,-15.6,-19.65,1018.0
1787131541.1115792,-2.722,0.479,8.322,-1.504,-0.117,-0.427,-10.2,-29.55,-41.25,2128.0
1787131541.1116047,-2.476,0.249,8.44,-1.179,-0.016,-0.308,-10.8,-29.7,-43.65,2128.0
1787131541.1116154,-2.856,-0.072,8.535,-0.806,0.003,-0.244,-10.2,-31.05,-43.5,2128.0
1787131541.3121014,-2.952,0.249,9.337,0.053,-0.043,0.017,-9.75,-31.5,-44.7,2192.0
1787131541.3121257,-2.976,0.12,9.443,0.048,-0.022,0.004,-10.5,-31.5,-46.05,2213.0
1787131541.3121367,-3.098,0.103,9.495,0.062,0.01,0.011,-10.5,-31.05,-45.3,2213.0
1787131541.5168836,-2.902,0.321,9.201,-0.069,-0.066,-0.041,-10.35,-32.4,-45.15,2188.0
1787131541.721705,-3.323,3.338,7.321,2.729,0.248,0.956,-5.85,-20.85,-27.45,833.0
1787131541.7217302,-3.117,4.405,7.298,2.617,0.202,0.828,-4.35,-18.45,-23.55,833.0
1787131541.7217417,-3.419,4.954,7.769,2.455,0.176,0.771,-4.2,-17.55,-22.5,833.0
1787131541.9268925,-2.959,6.752,8.217,-0.481,-0.039,-0.179,-0.45,-9.0,-15.9,1099.0
1787131541.9269156,-3.031,6.407,7.944,-0.812,-0.035,-0.294,-2.1,-11.55,-15.45,1099.0
1787131541.9269264,-3.203,6.328,7.97,-1.274,-0.104,-0.496,-0.9,-11.7,-17.1,1099.0
1787131542.1322167,-2.638,2.131,8.66,-2.941,-0.101,-0.624,-6.6,-27.75,-35.25,735.0
1787131542.1322417,-3.002,1.348,8.77,-2.613,-0.029,-0.585,-8.55,-30.15,-36.75,735.0
1787131542.1322525,-2.842,0.778,8.72,-2.216,0.047,-0.514,-9.3,-31.2,-40.8,735.0
1787131542.3362975,-3.242,-0.52,8.43,0.113,-0.123,0.023,-9.6,-32.85,-48.9,2280.0
1787131542.3363216,-3.182,-0.441,8.739,0.053,-0.129,-0.023,-11.7,-31.05,-50.55,2280.0
1787131542.3363328,-3.225,-0.311,8.959,0.001,-0.071,0.005,-11.85,-32.85,-47.4,2280.0
1787131542.541775,-3.34,-0.484,9.483,-0.04,0.061,-0.024,-10.5,-32.25,-49.35,2261.0
1787131542.5418012,-3.613,-0.464,9.486,-0.054,0.05,-0.026,-10.8,-32.85,-47.4,2261.0
1787131542.5418122,-3.44,-0.419,9.335,-0.111,-0.003,-0.044,-10.2,-32.55,-48.0,2261.0
1787131542.745664,-3.328,-0.718,8.978,0.162,0.023,0.053,-12.0,-31.5,-48.3,2224.0
1787131542.7456892,-3.177,-0.704,8.95,0.262,0.006,0.085,-10.35,-31.65,-48.45,2224.0
1787131542.7457004,-3.081,-0.699,8.885,0.389,-0.013,0.123,-11.7,-33.0,-48.75,2224.0
1787131542.9511647,-2.998,3.074,7.75,2.501,0.348,0.776,-5.7,-22.95,-29.85,2230.0
1787131542.9511843,-3.23,3.354,7.891,2.402,0.362,0.846,-4.65,-21.0,-26.25,2230.0
1787131542.95119,-3.464,3.761,7.98,2.301,0.277,0.77,-4.8,-20.85,-26.4,2230.0
1787131543.155444,-3.493,5.708,8.607,-0.221,-0.033,-0.066,-2.1,-13.5,-19.5,870.0
1787131543.1554685,-3.318,5.751,8.473,-0.839,-0.033,-0.3,-2.55,-13.5,-18.75,870.0
1787131543.3598914,-3.302,0.254,8.928,-1.927,0.057,-0.461,-8.55,-30.15,-44.1,784.0
1787131543.3599155,-2.935,0.139,8.626,-1.725,0.169,-0.448,-8.7,-31.8,-44.7,2192.0
1787131543.3599267,-2.772,-0.316,8.971,-1.327,0.228,-0.426,-9.0,-32.25,-47.55,2192.0
1787131543.5660696,-3.019,-1.125,8.519,0.052,-0.091,-0.042,-12.15,-33.6,-51.0,2178.0
1787131543.566095,-2.849,-1.008,8.677,0.049,-0.07,-0.054,-10.5,-33.0,-51.6,2178.0
1787131543.566106,-3.036,-1.034,8.916,0.051,-0.022,-0.044,-11.55,-34.8,-49.65,2217.0
1787131543.7701383,-3.191,-0.821,9.258,0.035,-0.013,-0.014,-11.7,-34.5,-49.8,2193.0
1787131543.7701638,-2.964,-0.874,9.189,0.023,0.015,0.001,-11.25,-33.45,-49.8,2255.0
1787131543.7701747,-3.069,-0.879,9.158,0.064,0.049,0.021,-11.55,-33.9,-48.9,2255.0
1787131543.974959,-2.914,-0.01,8.071,2.372,-0.082,0.465,-10.2,-29.55,-41.25,2218.0
1787131543.9751372,-2.813,0.702,7.968,2.541,-0.028,0.525,-8.7,-28.8,-39.15,2218.0
1787131543.9752011,-2.619,1.899,7.8,2.667,0.169,0.608,-8.25,-26.1,-35.4,2218.0
1787131544.1798704,-3.393,5.14,8.708,1.112,0.051,0.361,-3.9,-16.35,-21.15,735.0
1787131544.179951,-3.297,5.404,8.689,0.884,0.028,0.295,-1.2,-15.6,-19.65,735.0
1787131544.1799624,-3.28,5.794,8.444,0.684,0.051,0.202,-1.8,-13.5,-19.8,912.0
1787131544.3840995,-3.711,4.86,8.406,-2.073,-0.014,-0.643,-4.05,-16.95,-20.85,919.0
1787131544.3841233,-3.771,4.676,8.416,-2.48,-0.127,-0.687,-2.55,-18.15,-24.15,919.0
1787131544.384134,-3.539,4.034,8.365,-2.696,-0.184,-0.618,-3.6,-20.1,-25.35,719.0
1787131544.5891924,-3.51,-1.389,8.741,-1.65,0.137,-0.471,-9.75,-32.25,-45.0,2131.0
1787131544.589217,-3.297,-0.292,8.358,-1.31,0.095,-0.353,-12.45,-33.45,-48.0,2131.0
1787131544.5892284,-3.304,-0.984,8.356,-1.128,-0.015,-0.364,-12.45,-33.45,-49.35,2131.0
1787131544.7931705,-3.203,-0.982,9.091,0.152,-0.087,0.077,-13.35,-33.15,-50.7,2167.0
1787131544.9989784,-3.057,-1.051,8.736,0.371,0.037,0.121,-12.15,-34.35,-49.2,2217.0
1787131544.9991288,-3.235,-1.061,8.677,0.877,0.052,0.26,-11.55,-33.15,-48.15,2217.0
1787131544.9991515,-3.019,-1.317,8.511,1.403,0.062,0.427,-12.15,-33.15,-48.15,2217.0
1787131545.2033331,-2.95,4.537,8.408,2.279,0.302,0.77,-3.3,-17.7,-23.1,852.0
1787131545.2033565,-3.077,4.815,8.641,2.021,0.3,0.719,-2.85,-16.95,-22.35,852.0
1787131545.2033675,-3.263,5.157,8.456,1.966,0.238,0.706,-1.95,-16.8,-19.95,852.0
1787131545.4084053,-3.084,6.376,7.587,-0.463,0.02,-0.217,0.6,-9.15,-16.05,1117.0
1787131545.4084303,-3.038,6.242,7.393,-0.506,0.002,-0.197,-0.3,-10.05,-15.45,1117.0
1787131545.4084413,-2.88,5.813,7.281,-0.531,0.01,-0.217,0.0,-9.6,-16.05,1117.0
1787131545.612763,-3.29,4.082,8.638,-2.833,-0.221,-0.76,-4.2,-19.05,-26.25,779.0
1787131545.6127872,-3.019,3.527,8.777,-3.013,-0.231,-0.791,-5.7,-24.45,-29.25,779.0
1787131545.6127985,-2.978,2.816,8.99,-3.02,-0.183,-0.728,-6.75,-25.2,-32.1,779.0
1787131545.8177545,-2.89,-0.922,8.279,-1.092,0.092,-0.258,-11.7,-33.75,-49.8,2142.0
1787131545.81778,-3.096,-1.314,8.279,-0.835,0.06,-0.124,-11.25,-32.55,-51.3,2262.0
1787131545.8177912,-2.974,-1.319,8.279,-0.595,-0.027,-0.058,-11.55,-34.8,-51.0,2262.0
1787131546.026448,-3.373,-1.228,9.285,0.173,-0.063,0.028,-11.1,-33.6,-50.4,2250.0
1787131546.0264738,-3.335,-1.3,9.428,0.288,-0.001,0.065,-11.85,-34.8,-51.0,2250.0
1787131546.026485,-3.393,-1.092,9.565,0.319,-0.013,0.012,-10.5,-34.2,-51.3,2197.0
1787131546.2276273,-3.184,-1.053,8.763,0.875,0.035,0.204,-11.55,-32.4,-49.65,2214.0
1787131546.2276528,-2.902,-0.986,8.619,1.338,0.032,0.293,-10.95,-33.0,-47.55,2182.0
1787131546.2276647,-2.763,-1.109,8.487,1.914,0.037,0.382,-9.45,-31.8,-46.5,2182.0
1787131546.4305837,-3.05,4.436,7.412,3.154,0.399,0.967,-3.9,-18.75,-24.45,978.0
1787131546.6387181,-3.373,5.193,7.884,-2.211,-0.062,-0.634,-2.55,-15.45,-20.55,1003.0
1787131546.6387427,-3.278,4.748,7.669,-2.335,-0.132,-0.524,-1.35,-17.4,-20.85,1003.0
1787131546.6387544,-3.534,4.547,7.563,-2.398,-0.287,-0.448,-4.05,-19.65,-24.6,1003.0
1787131546.8415868,-2.55,-0.127,8.95,-1.12,0.084,-0.335,-9.6,-30.45,-44.1,2171.0
1787131546.841612,-2.394,-0.218,9.031,-0.915,0.101,-0.34,-11.7,-33.0,-43.95,2171.0
1787131546.8416235,-2.835,-0.091,8.715,-0.796,0.106,-0.302,-9.75,-32.25,-46.5,2171.0
1787131547.0469851,-2.581,-0.225,9.017,-0.043,-0.06,-0.031,-11.25,-31.05,-49.05,2217.0
1787131547.04719,-2.739,-0.302,9.179,-0.059,0.017,-0.035,-12.45,-32.55,-47.55,2217.0
1787131547.0471969,-2.878,-0.527,9.39,-0.01,0.093,-0.022,-10.2,-33.75,-48.0,2217.0
1787131547.251693,-2.84,-0.275,9.309,0.054,0.032,-0.016,-11.7,-32.55,-47.55,2210.0
1787131547.2517178,-2.772,-0.309,9.215,0.078,0.043,0.003,-11.55,-32.85,-48.45,2210.0
1787131547.2517292,-2.638,-0.443,9.143,0.199,0.072,0.045,-12.15,-32.85,-46.65,2210.0
1787131547.4557672,-2.758,1.772,7.879,2.343,0.227,0.613,-7.35,-25.5,-34.5,1974.0
1787131547.4557908,-3.01,1.992,7.994,2.318,0.198,0.575,-7.8,-26.25,-32.7,1974.0
1787131547.455802,-2.655,2.806,7.791,2.241,0.269,0.625,-6.3,-23.85,-27.9,1974.0
1787131547.6611364,-3.354,6.457,8.655,1.05,-0.062,0.281,-0.9,-15.15,-18.15,835.0
1787131547.6611707,-3.172,6.515,9.029,0.334,-0.049,0.057,-1.35,-14.25,-19.05,1090.0
1787131547.6611772,-3.349,6.455,9.129,-0.299,-0.001,-0.185,-2.4,-12.9,-18.9,1090.0
1787131547.867807,-3.084,3.395,8.272,-2.324,-0.234,-0.476,-6.0,-21.75,-27.0,798.0
1787131547.867832,-2.942,2.885,8.229,-2.346,-0.192,-0.502,-5.4,-24.15,-29.25,798.0
1787131547.8678432,-2.907,2.433,8.38,-2.371,-0.095,-0.524,-6.6,-27.0,-33.0,798.0
1787131548.0703363,-2.602,-0.871,8.897,-1.041,0.148,-0.403,-11.85,-31.95,-46.65,2269.0
1787131548.2754064,-3.335,-1.245,8.952,0.032,-0.001,-0.007,-13.65,-33.9,-51.45,2218.0
1787131548.2754312,-3.409,-1.319,9.002,0.053,-0.001,0.003,-12.75,-33.45,-50.85,2218.0
1787131548.2754426,-3.349,-1.288,9.067,0.076,-0.005,-0.005,-12.15,-33.6,-52.95,2323.0
1787131548.4824557,-3.122,-0.615,8.636,1.023,-0.096,0.222,-11.7,-33.0,-49.05,2222.0
1787131548.4824803,-3.335,-0.618,8.823,1.258,-0.106,0.28,-10.8,-31.65,-46.35,2222.0
1787131548.4824915,-3.177,-0.273,8.77,1.487,-0.127,0.339,-11.7,-33.45,-46.05,2220.0
1787131548.684636,-3.158,5.605,7.817,2.834,-0.125,1.014,-4.35,-15.75,-22.35,957.0
1787131548.6846614,-2.337,5.816,8.55,1.94,-0.15,0.739,-3.45,-15.9,-19.2,957.0
1787131548.6846726,-2.6,6.311,8.863,0.719,-0.048,0.318,-2.85,-14.25,-19.8,1115.0
1787131548.8899603,-2.971,5.286,8.056,-0.757,-0.046,-0.245,-3.15,-13.2,-18.9,1126.0
1787131548.8899887,-2.749,5.76,7.484,-1.125,-0.085,-0.478,-3.3,-14.25,-18.0,1126.0
1787131548.89,-2.775,4.882,8.095,-1.33,0.062,-0.599,-2.85,-14.55,-19.8,1056.0
1787131549.0940683,-3.493,1.496,9.17,-2.512,-0.066,-0.899,-10.95,-27.9,-38.7,911.0
1787131549.0940924,-2.847,1.228,8.947,-2.29,0.066,-0.844,-10.5,-29.55,-40.65,911.0
1787131549.0941079,-2.835,-0.165,8.906,-1.938,0.248,-0.686,-11.7,-30.6,-42.75,911.0
1787131549.2993462,-2.978,-1.166,8.078,0.205,-0.268,0.052,-12.6,-33.15,-50.4,2252.0
1787131549.299374,-2.854,-0.996,8.231,0.317,-0.264,0.062,-15.0,-33.0,-48.3,2252.0
1787131549.2993853,-2.782,-0.725,8.353,0.282,-0.228,0.053,-14.25,-33.75,-48.3,2252.0
1787131549.5044484,-3.199,-0.539,9.924,-0.06,-0.006,0.036,-14.25,-32.55,-49.35,2216.0
1787131549.5044734,-3.215,-0.479,9.799,-0.092,-0.023,0.01,-12.9,-33.15,-47.1,2216.0
1787131549.5044842,-3.218,-0.409,9.582,-0.172,-0.056,-0.004,-13.5,-33.75,-48.0,2216.0
1787131549.7086112,-2.799,-1.314,8.739,0.106,0.232,-0.021,-15.15,-32.85,-49.95,2181.0
1787131549.7086358,-3.189,-1.12,8.588,0.648,0.185,0.008,-14.1,-32.4,-48.9,2181.0
1787131549.913861,-3.867,6.859,8.021,3.204,-0.049,1.071,-5.85,-14.25,-19.5,2235.0
1787131549.9138873,-3.27,6.613,8.633,2.126,-0.194,0.744,-4.65,-11.4,-16.65,1121.0
1787131549.9138985,-3.091,7.884,8.942,0.996,-0.313,0.364,-4.95,-11.4,-16.35,1121.0
1787131550.118211,-3.448,5.296,7.676,-1.488,-0.205,-0.152,-4.2,-12.15,-17.4,1182.0
1787131550.1182353,-3.369,4.944,7.597,-1.731,-0.295,-0.232,-5.85,-13.8,-19.05,1068.0
1787131550.3236308,-2.935,1.439,8.796,-1.63,-0.062,-0.371,-11.1,-28.5,-37.8,1011.0
1787131550.3236551,-2.744,0.977,8.921,-1.462,-0.025,-0.344,-12.45,-29.55,-40.2,2035.0
1787131550.3236666,-2.703,0.453,8.93,-1.298,0.007,-0.296,-12.6,-30.15,-39.6,2035.0
1787131550.527844,-2.784,-0.192,9.079,-0.149,0.016,-0.02,-14.1,-33.15,-45.6,2188.0
1787131550.5278766,-2.847,-0.124,9.127,-0.055,0.037,-0.017,-13.65,-32.4,-44.85,2198.0
1787131550.5278876,-3.153,-0.146,9.194,-0.003,0.004,-0.031,-11.7,-31.8,-45.75,2198.0
1787131550.7324924,-3.067,0.048,9.376,0.014,0.028,-0.009,-12.0,-32.25,-45.3,2178.0
1787131550.732518,-2.919,-0.022,9.309,-0.01,0.029,0.002,-12.6,-31.2,-47.1,2208.0
1787131550.732529,-3.062,0.045,9.306,0.016,0.034,0.01,-12.45,-32.25,-45.0,2208.0
1787131550.937706,-2.844,-0.012,9.086,0.557,0.034,0.111,-13.35,-30.9,-46.35,2177.0
1787131550.93773,-3.067,0.139,8.792,0.855,0.081,0.149,-12.0,-30.6,-43.5,2177.0
1787131550.937741,-2.761,0.316,8.765,1.125,0.089,0.156,-12.75,-29.85,-40.95,2177.0
1787131551.1418772,-3.67,3.931,8.203,1.667,0.364,0.306,-6.6,-20.4,-24.6,891.0
1787131551.1419024,-3.522,3.95,8.236,1.499,0.237,0.377,-6.45,-17.55,-23.25,891.0
1787131551.1419182,-3.656,4.578,8.171,1.356,0.123,0.354,-5.4,-15.6,-21.75,915.0
1787131551.34831,-3.589,5.27,8.088,-0.397,-0.041,-0.083,-4.05,-13.5,-18.3,1051.0
1787131551.5522103,-3.093,0.572,8.358,-1.792,0.01,-0.376,-12.45,-31.05,-43.95,2170.0
1787131551.5522816,-3.819,-0.713,8.43,-1.643,-0.031,-0.303,-11.85,-33.9,-46.35,2170.0
1787131551.552293,-3.218,-0.567,8.37,-1.42,-0.048,-0.255,-12.9,-32.4,-46.65,2170.0
1787131551.7624102,-3.227,-1.223,8.875,0.251,-0.024,0.055,-12.9,-32.85,-51.0,2257.0
1787131551.762435,-3.405,-1.142,9.069,0.223,-0.082,0.039,-15.0,-32.25,-50.85,2257.0
1787131551.7624462,-3.206,-1.168,9.187,0.203,-0.057,0.016,-14.25,-33.45,-50.55,2257.0
1787131551.9631777,-3.179,-0.977,9.17,-0.025,0.007,0.003,-13.35,-31.95,-48.9,2179.0
1787131551.9632022,-3.021,-1.008,9.064,0.013,-0.002,0.02,-14.4,-31.95,-50.4,2179.0
1787131551.9632137,-3.148,-1.034,9.029,0.116,0.022,0.03,-12.9,-33.6,-50.7,2179.0
1787131552.1666157,-3.275,0.833,7.532,3.301,-0.219,0.873,-10.2,-27.15,-39.45,2057.0
1787131552.1666408,-2.392,2.641,6.661,3.441,-0.347,0.749,-9.0,-26.85,-33.9,2057.0
1787131552.1666517,-2.219,2.758,7.271,3.314,-0.099,0.796,-9.3,-23.55,-32.25,2057.0
1787131552.3707347,-2.899,7.056,8.566,1.178,0.016,0.34,-2.7,-8.7,-15.9,1179.0
1787131552.3707597,-2.928,7.005,8.516,0.692,0.038,0.152,-3.15,-7.8,-14.1,1179.0
1787131552.3707705,-2.787,7.228,8.404,0.355,0.082,0.037,-2.1,-7.2,-14.7,1179.0
1787131552.575619,-2.602,5.861,7.621,-1.974,-0.061,-0.684,-2.55,-11.85,-16.5,1147.0
1787131552.5756426,-3.012,5.619,7.659,-2.199,-0.034,-0.739,-2.85,-12.75,-18.75,1184.0
1787131552.5756533,-3.455,5.286,7.944,-2.49,-0.118,-0.823,-6.3,-14.25,-19.5,1184.0
1787131552.780561,-2.847,0.124,8.799,-2.19,0.079,-0.682,-13.2,-31.05,-42.45,1184.0
1787131552.7805853,-2.567,-0.244,8.724,-2.012,0.075,-0.61,-14.7,-31.8,-45.3,2202.0
1787131552.7805965,-2.993,-0.491,8.368,-1.563,0.14,-0.366,-12.45,-31.8,-46.5,2202.0
1787131552.981227,-3.256,-1.173,9.17,0.126,0.084,0.088,-14.4,-35.1,-48.15,2204.0
1787131553.18988,-3.089,-0.802,8.959,0.177,-0.002,0.043,-14.25,-33.0,-48.75,2157.0
1787131553.189904,-2.89,-0.807,8.969,0.171,-0.068,0.043,-14.1,-33.15,-50.4,2157.0
1787131553.1899154,-2.782,-0.867,9.033,0.209,-0.047,0.066,-13.95,-32.55,-49.8,2157.0
1787131553.3914611,-2.622,0.448,8.116,2.197,0.202,0.52,-11.7,-29.85,-39.45,2133.0
1787131553.3942382,-3.038,0.385,8.248,2.474,0.247,0.604,-10.2,-27.15,-36.9,2133.0
1787131553.394263,-3.072,1.621,8.14,2.449,0.254,0.614,-9.45,-24.15,-33.45,2133.0
1787131553.5991535,-3.036,6.158,8.473,0.975,0.057,0.404,-3.3,-14.25,-18.0,1064.0
1787131553.5991766,-2.976,6.39,8.538,0.505,0.085,0.271,-2.55,-11.55,-17.25,1064.0
1787131553.5991874,-3.22,6.457,8.653,0.123,0.071,0.149,-2.85,-12.75,-18.0,1064.0
1787131553.804381,-3.273,4.379,8.408,-2.004,-0.041,-0.754,-5.4,-17.1,-22.5,1164.0
1787131553.8044052,-3.002,4.099,8.377,-2.485,-0.071,-0.908,-5.4,-19.8,-26.55,1164.0
1787131553.8044162,-3.309,3.675,8.473,-2.885,-0.088,-1.031,-6.0,-18.75,-27.75,1164.0
1787131554.0092108,-3.086,-1.001,8.145,-0.777,0.194,-0.468,-14.25,-31.8,-47.55,2172.0
1787131554.0092354,-3.146,-1.465,8.224,-0.405,0.109,-0.226,-15.15,-31.95,-48.15,2172.0
1787131554.0092475,-3.031,-1.073,8.102,-0.064,-0.068,-0.026,-15.45,-30.3,-48.3,2172.0
1787131554.2145064,-3.381,-0.814,9.493,0.225,-0.06,0.077,-14.7,-33.0,-48.75,2227.0
1787131554.2145317,-3.555,-0.567,9.524,0.12,-0.1,0.001,-15.6,-33.6,-48.45,2227.0
1787131554.214543,-3.263,-0.591,9.711,-0.043,-0.06,-0.047,-15.15,-31.65,-48.15,2227.0
1787131554.4192867,-3.057,-0.905,8.909,0.009,0.1,0.022,-16.5,-32.55,-47.25,2194.0
1787131554.4193118,-3.175,-0.977,8.825,0.156,0.081,0.053,-15.15,-33.15,-48.15,2194.0
1787131554.4193232,-3.122,-0.948,8.672,0.299,0.066,0.074,-15.45,-33.0,-46.5,2194.0
1787131554.621573,-3.045,1.911,7.592,2.76,0.322,0.889,-11.1,-26.55,-34.95,1213.0
1787131554.828323,-3.409,5.657,7.901,0.274,0.134,0.004,-4.05,-11.55,-16.5,1097.0
1787131554.8283477,-3.364,5.653,7.702,0.113,0.13,-0.125,-3.3,-12.3,-18.3,1097.0
1787131554.828359,-3.261,5.401,7.491,0.031,0.135,-0.175,-3.15,-12.15,-18.45,1111.0
1787131555.0335867,-4.257,4.681,9.05,-3.113,-0.029,-1.36,-9.0,-20.55,-25.5,1079.0
1787131555.0336115,-3.778,3.467,9.215,-3.687,-0.141,-1.426,-10.2,-23.25,-29.85,785.0
1787131555.0336225,-3.855,2.583,9.325,-3.996,-0.285,-1.309,-11.85,-27.75,-35.55,785.0
1787131555.2379649,-2.935,-2.133,7.348,-0.569,-0.228,-0.07,-18.3,-31.8,-50.85,2253.0
1787131555.2379897,-2.909,-1.867,7.518,-0.044,-0.225,0.078,-18.0,-31.8,-52.35,2253.0
1787131555.2380004,-3.026,-1.525,7.436,0.293,-0.294,0.085,-17.25,-32.25,-52.35,2221.0
1787131555.4428113,-3.311,-1.164,9.85,0.194,-0.056,0.057,-17.85,-32.85,-48.45,2230.0
1787131555.4428363,-3.115,-1.188,9.977,0.102,0.017,0.026,-17.25,-30.6,-49.35,2230.0
1787131555.4428477,-3.551,-1.116,9.907,0.047,0.055,0.014,-17.25,-33.75,-49.05,2224.0
1787131555.6483197,-3.007,-1.341,8.511,0.722,-0.026,0.326,-15.6,-31.95,-47.7,2246.0
1787131555.6483445,-2.945,-1.118,8.483,1.063,-0.12,0.459,-16.5,-31.05,-48.3,2246.0
1787131555.6483557,-3.019,-1.286,8.368,1.552,-0.199,0.606,-16.2,-31.5,-46.05,2244.0
1787131555.8521125,-1.956,3.29,7.731,3.117,-0.018,1.445,-8.1,-19.65,-28.95,1839.0
1787131555.8521378,-2.377,4.334,8.329,2.786,0.095,1.404,-6.45,-19.05,-24.45,1839.0
1787131555.8521485,-2.753,4.908,8.315,2.546,0.038,1.348,-5.85,-16.95,-21.3,1839.0
1787131556.0573194,-2.44,6.28,8.088,-0.918,0.035,-0.463,-2.55,-9.15,-15.75,1195.0
1787131556.0573447,-2.186,6.151,7.934,-1.068,-0.018,-0.58,-2.4,-10.2,-15.9,1195.0
1787131556.0573559,-2.346,5.77,7.774,-1.286,0.027,-0.68,-2.55,-11.85,-16.5,1195.0
1787131556.2596781,-3.239,2.373,8.643,-2.483,0.109,-1.029,-10.35,-27.0,-35.25,1232.0
1787131556.467177,-3.089,-0.907,8.851,0.051,-0.114,-0.003,-15.45,-32.25,-49.05,2273.0
1787131556.467202,-3.187,-0.97,9.124,-0.02,-0.089,-0.022,-15.0,-32.55,-50.55,2273.0
1787131556.4672146,-3.065,-1.264,9.313,-0.012,0.012,0.023,-17.4,-33.15,-49.65,2273.0
1787131556.6717837,-3.292,-0.876,9.0,0.252,-0.045,0.093,-15.9,-30.9,-48.9,2209.0
1787131556.6718092,-3.242,-0.958,9.024,0.317,-0.023,0.125,-15.9,-31.95,-48.45,2209.0
1787131556.6718206,-3.031,-0.91,9.055,0.434,0.013,0.138,-15.6,-31.65,-47.1,2209.0
1787131556.8790824,-3.182,-0.134,9.21,1.138,0.161,0.302,-14.25,-29.1,-41.25,2131.0
1787131556.8791099,-3.151,0.481,8.928,1.277,0.153,0.343,-14.1,-28.5,-40.05,2131.0
1787131556.8791163,-3.316,0.311,8.811,1.494,0.218,0.453,-14.4,-27.0,-38.55,2131.0
1787131557.081097,-3.251,4.12,8.741,0.99,0.073,0.521,-6.3,-19.65,-26.1,945.0
1787131557.0811245,-3.522,4.324,8.631,0.949,0.048,0.443,-6.6,-16.5,-23.55,945.0
1787131557.0811362,-3.385,4.432,8.703,0.836,0.04,0.412,-5.85,-16.95,-23.55,945.0
1787131557.286107,-3.342,4.796,8.66,-0.798,-0.067,-0.475,-6.45,-15.9,-23.7,1067.0
1787131557.2861314,-3.211,4.616,8.669,-1.231,-0.005,-0.625,-5.7,-17.1,-22.95,1027.0
1787131557.286144,-3.723,4.48,8.801,-1.619,0.04,-0.73,-6.75,-17.55,-23.7,1027.0
1787131557.4909155,-3.584,1.085,8.681,-2.655,-0.001,-0.874,-13.35,-29.7,-40.8,985.0
1787131557.4909408,-3.021,-0.017,8.863,-2.185,0.186,-0.707,-13.35,-30.9,-41.1,985.0
1787131557.490952,-3.043,-0.9,8.432,-1.806,0.26,-0.626,-16.2,-31.8,-45.0,2299.0
1787131557.6958008,-3.218,-1.336,8.571,0.119,-0.137,0.101,-17.4,-32.85,-50.7,2252.0
1787131557.6958258,-3.378,-1.245,8.765,0.179,-0.097,0.103,-16.2,-33.0,-49.8,2252.0
1787131557.695837,-3.579,-1.348,9.0,0.263,-0.077,0.088,-16.35,-32.85,-49.65,2255.0
1787131557.8998957,-3.352,-1.032,9.203,-0.04,-0.018,0.003,-16.35,-31.95,-49.95,2245.0
1787131557.8999205,-3.278,-1.211,9.036,0.182,0.064,0.101,-15.75,-33.0,-48.0,2245.0
1787131558.1089785,-3.57,2.648,8.928,1.615,0.105,0.576,-9.45,-22.95,-30.3,1092.0
1787131558.1090026,-3.869,3.057,8.753,1.542,0.032,0.558,-7.8,-22.8,-30.15,1092.0
1787131558.3093712,-2.923,4.35,7.851,0.367,-0.006,0.148,-5.1,-15.45,-23.1,1092.0
1787131558.3093967,-2.983,4.379,7.839,0.372,0.017,0.143,-7.05,-16.95,-21.3,1092.0
1787131558.309408,-2.928,4.436,7.736,0.336,0.028,0.093,-6.0,-15.15,-24.0,1092.0
1787131558.514795,-3.021,4.992,8.408,-0.336,-0.014,-0.179,-8.25,-13.65,-21.15,1212.0
1787131558.5148191,-3.239,5.119,8.6,-0.567,-0.009,-0.285,-7.05,-15.0,-20.85,1212.0
1787131558.5148306,-3.364,5.107,8.65,-0.876,-0.047,-0.427,-6.45,-16.35,-21.15,1212.0
1787131558.7198274,-3.34,1.446,8.736,-2.34,0.035,-0.69,-13.2,-27.9,-37.95,1579.0
1787131558.7198656,-3.409,1.097,8.669,-2.231,-0.014,-0.659,-12.9,-30.15,-40.35,1579.0
1787131558.719878,-3.412,0.881,8.375,-2.146,-0.052,-0.624,-12.45,-30.6,-42.0,1579.0
1787131558.9245815,-3.261,-1.824,8.717,0.112,-0.053,0.049,-15.75,-33.45,-50.55,2237.0
1787131558.924647,-3.201,-1.638,8.622,0.323,-0.03,0.089,-17.4,-33.15,-49.65,2237.0
1787131558.924659,-3.457,-1.034,8.622,0.26,-0.094,0.028,-15.45,-33.0,-50.55,2237.0
1787131559.1292653,-3.436,-0.927,9.34,0.061,0.037,-0.006,-16.5,-32.25,-48.0,2291.0
1787131559.1292908,-3.515,-0.967,9.397,-0.026,-0.007,-0.006,-15.15,-32.4,-48.45,2271.0
1787131559.1293018,-3.294,-1.044,9.414,-0.024,-0.032,0.009,-16.2,-31.05,-48.3,2271.0
1787131559.3341048,-3.309,-0.335,8.452,1.601,-0.192,0.462,-14.4,-30.15,-45.15,2217.0
1787131559.3341296,-2.895,0.192,8.454,1.844,-0.194,0.521,-13.65,-29.25,-43.35,2217.0
1787131559.334141,-3.153,0.567,8.298,1.886,-0.143,0.518,-12.15,-28.5,-42.3,2217.0
1787131559.5379848,-3.371,3.376,8.837,1.425,0.246,0.326,-9.0,-21.75,-27.0,1862.0
1787131559.7428434,-3.474,5.428,7.587,0.122,0.11,-0.088,-5.85,-11.1,-19.5,1149.0
1787131559.7428808,-3.467,5.224,7.738,-0.051,0.074,-0.094,-5.55,-9.6,-18.75,1149.0
1787131559.7428923,-3.522,5.416,7.678,-0.052,0.034,-0.071,-6.3,-10.35,-16.5,1110.0
1787131559.9478326,-4.041,4.719,8.459,-2.235,-0.303,-0.686,-8.85,-18.15,-21.3,1150.0
1787131559.9478602,-3.84,4.276,8.543,-2.64,-0.379,-0.744,-8.7,-18.3,-24.45,1150.0
1787131559.9478714,-3.881,3.922,8.677,-2.968,-0.417,-0.75,-8.25,-18.3,-25.2,1150.0
1787131560.153233,-2.957,-1.185,7.946,-0.376,0.073,0.023,-16.2,-30.6,-46.05,2188.0
1787131560.1532571,-3.01,-0.867,7.954,-0.204,-0.054,0.001,-16.35,-31.95,-47.7,2188.0
1787131560.1532686,-3.134,-0.769,8.116,-0.088,-0.121,0.01,-15.45,-31.8,-49.35,2236.0
1787131560.357342,-3.484,-0.694,9.586,0.01,0.064,-0.031,-16.5,-32.25,-47.25,2255.0
1787131560.357367,-3.539,-0.697,9.625,0.014,0.051,0.004,-16.5,-32.25,-47.25,2255.0
1787131560.3573778,-3.438,-0.773,9.452,0.051,0.022,0.026,-14.7,-32.55,-47.55,2255.0
1787131560.5627558,-3.247,0.249,8.507,1.053,-0.07,0.255,-14.25,-29.55,-43.5,2173.0
1787131560.5627813,-3.029,0.438,8.653,1.057,-0.056,0.238,-12.9,-28.5,-41.85,2173.0
1787131560.5627925,-3.117,0.697,8.698,1.066,0.036,0.258,-14.25,-29.55,-43.5,2173.0
1787131560.769332,-3.39,1.894,9.079,0.915,0.209,0.19,-11.25,-24.15,-33.9,2077.0
1787131560.769356,-3.376,2.344,8.933,0.886,0.184,0.193,-11.55,-21.15,-30.9,2077.0
1787131560.7693665,-3.361,2.478,8.722,0.856,0.172,0.225,-10.8,-21.6,-29.7,2077.0
1787131560.9717047,-3.45,4.075,8.164,0.539,0.128,0.143,-7.5,-17.1,-22.5,954.0
1787131560.9717288,-3.405,3.876,8.21,0.595,0.152,0.159,-6.3,-17.4,-24.9,954.0
1787131560.9717395,-3.644,4.326,8.104,0.61,0.139,0.196,-6.0,-15.6,-23.25,954.0
1787131561.174427,-3.428,4.527,7.681,0.31,0.117,0.053,-8.7,-15.6,-20.7,1039.0
1787131561.3818057,-3.752,3.608,8.775,-2.661,-0.13,-0.861,-9.75,-19.05,-25.5,1159.0
1787131561.3818307,-4.183,2.741,9.084,-2.64,-0.125,-0.811,-11.55,-23.55,-30.15,817.0
1787131561.381842,-4.271,2.49,8.66,-2.647,-0.271,-0.885,-11.55,-23.55,-30.15,817.0
1787131561.5870671,-3.261,-1.796,8.183,-1.32,-0.181,-0.349,-17.85,-31.95,-50.4,2225.0
1787131561.587092,-2.887,-1.829,8.255,-1.091,-0.154,-0.241,-17.1,-31.65,-52.2,2225.0
1787131561.5871027,-2.88,-2.373,8.267,-0.786,-0.069,-0.106,-17.85,-32.85,-53.25,2225.0
1787131561.7914846,-3.718,-2.018,9.048,0.171,-0.011,0.053,-17.4,-31.65,-54.0,2225.0
1787131561.7915092,-3.51,-1.985,9.098,0.11,-0.002,0.028,-17.7,-31.8,-52.8,2269.0
1787131561.791521,-3.369,-1.949,9.127,0.087,0.04,0.0,-18.15,-32.85,-51.75,2269.0
1787131561.9958742,-3.326,-0.958,8.677,0.751,-0.068,0.27,-17.1,-31.95,-49.95,2260.0
1787131561.995899,-3.395,-1.13,8.866,0.84,-0.067,0.365,-16.65,-31.65,-48.45,2218.0
1787131561.99591,-3.414,-0.998,8.796,1.029,-0.065,0.493,-16.95,-31.5,-49.35,2218.0
1787131562.200891,-3.136,1.745,8.622,1.853,0.16,0.613,-10.2,-24.9,-33.6,2139.0
1787131562.200917,-3.0,1.87,8.849,1.813,0.134,0.436,-9.75,-23.25,-31.35,2139.0
1787131562.200928,-3.452,2.799,8.564,1.828,0.152,0.172,-10.35,-23.1,-29.4,2139.0
1787131562.4058304,-3.958,4.372,8.317,0.761,0.328,-0.129,-7.95,-16.35,-23.7,906.0
1787131562.4058652,-3.874,4.348,8.511,0.698,0.279,-0.047,-7.35,-15.75,-22.8,906.0
1787131562.4058769,-3.385,4.276,8.444,0.591,0.179,0.007,-8.85,-15.45,-22.05,906.0
1787131562.6106946,-3.816,4.458,7.472,-0.012,-0.018,0.065,-7.8,-15.45,-20.85,1097.0
1787131562.6107194,-3.886,4.48,7.554,0.004,0.006,0.061,-7.05,-13.8,-19.5,1097.0
1787131562.6107306,-3.893,4.48,7.621,-0.011,0.007,0.034,-7.05,-14.55,-20.85,1097.0
1787131562.8209193,-3.699,4.48,8.681,-1.499,-0.155,-0.346,-7.2,-17.55,-23.25,1020.0
1787131563.0214598,-3.335,-1.286,8.65,-0.841,-0.026,-0.172,-14.25,-32.55,-50.1,2219.0
1787131563.0214856,-3.158,-1.197,8.595,-0.755,-0.067,-0.235,-14.4,-31.65,-51.75,2219.0
1787131563.021497,-3.06,-1.719,8.818,-0.715,0.012,-0.175,-15.45,-32.55,-52.05,2219.0
1787131563.224291,-3.122,-1.755,9.045,0.133,-0.009,0.018,-12.9,-32.4,-53.25,2198.0
1787131563.2243154,-3.273,-1.633,9.074,0.241,0.034,-0.025,-14.85,-32.4,-52.5,2198.0
1787131563.2243264,-3.457,-1.623,9.158,0.284,0.032,-0.042,-15.0,-33.0,-53.1,2198.0
1787131563.4294994,-3.244,-1.346,9.179,0.209,-0.029,0.061,-16.2,-33.75,-50.55,2205.0
1787131563.4295237,-3.146,-1.314,9.11,0.353,-0.03,0.077,-16.2,-32.55,-51.6,2205.0
1787131563.429535,-3.11,-1.417,8.916,0.668,0.044,0.135,-15.6,-32.4,-49.65,2205.0
1787131563.634661,-3.864,2.188,7.973,2.635,0.518,0.49,-10.5,-22.5,-31.05,968.0
1787131563.634685,-3.388,3.012,8.167,2.561,0.558,0.582,-10.05,-21.9,-28.95,968.0
1787131563.634696,-3.479,2.99,8.322,2.449,0.538,0.583,-8.1,-20.1,-27.15,968.0
1787131563.8393042,-3.886,5.71,8.215,-0.162,0.055,-0.148,-5.85,-11.85,-18.0,1097.0
1787131563.8393288,-3.898,5.705,8.035,-0.225,0.04,-0.171,-4.05,-11.1,-17.55,1097.0
1787131563.8393412,-3.79,5.488,7.843,-0.309,0.023,-0.138,-7.35,-10.35,-17.25,1097.0
1787131564.0441284,-4.228,4.841,7.997,-1.967,-0.255,-0.488,-7.05,-15.45,-19.8,1093.0
1787131564.044172,-4.322,4.676,8.131,-2.45,-0.396,-0.601,-7.2,-17.1,-25.5,1093.0
1787131564.0441785,-4.152,4.254,8.349,-2.87,-0.508,-0.674,-9.45,-19.8,-25.2,837.0
1787131564.2490582,-2.763,-2.064,8.217,-0.897,0.093,-0.247,-15.6,-32.4,-51.45,2182.0
1787131564.2490892,-2.974,-2.03,8.083,-0.445,0.073,-0.118,-16.95,-33.75,-53.1,2256.0
1787131564.2490954,-3.124,-1.966,7.781,-0.135,-0.015,0.009,-16.35,-31.95,-53.7,2256.0
1787131564.4530525,-3.409,-1.607,9.67,0.104,0.03,-0.001,-16.35,-32.4,-51.75,2235.0
1787131564.4530773,-3.268,-1.561,9.661,0.101,0.015,0.013,-16.2,-32.55,-52.35,2173.0
1787131564.658056,-3.218,-0.898,8.76,0.481,0.056,0.051,-15.9,-31.95,-49.65,2232.0
1787131564.6580806,-3.383,-1.255,8.961,0.602,0.076,0.088,-16.5,-30.6,-50.1,2232.0
1787131564.6580913,-3.254,-0.929,8.935,0.75,0.072,0.113,-16.35,-31.65,-47.7,2232.0
1787131564.8626986,-3.424,3.57,7.87,2.304,0.259,0.632,-7.5,-21.75,-28.8,2226.0
1787131564.8627217,-3.062,3.105,8.135,2.067,0.358,0.582,-9.0,-21.0,-25.8,2226.0
1787131564.8627326,-3.546,3.706,8.437,1.959,0.397,0.487,-9.3,-18.9,-25.65,2226.0
1787131565.068131,-3.575,5.595,8.152,-0.064,0.011,0.057,-5.7,-11.7,-17.7,1181.0
1787131565.0681818,-3.677,5.672,8.047,-0.107,0.02,0.037,-7.05,-12.75,-18.3,1181.0
1787131565.272894,-3.644,4.872,8.231,-1.672,-0.17,-0.535,-6.75,-17.1,-20.7,979.0
1787131565.272919,-3.61,4.492,8.588,-2.044,-0.21,-0.646,-8.7,-18.75,-23.7,979.0
1787131565.2729301,-3.871,4.499,8.633,-2.425,-0.275,-0.687,-7.8,-18.45,-24.9,979.0
1787131565.4776392,-2.993,-1.571,9.041,-1.579,0.084,-0.284,-15.15,-30.45,-47.4,2202.0
1787131565.477664,-2.974,-1.207,8.456,-0.98,0.051,-0.137,-15.75,-34.5,-48.75,2202.0
1787131565.477675,-3.215,-1.705,7.93,-0.511,-0.048,-0.057,-14.25,-33.45,-49.05,2202.0
1787131565.6824582,-3.424,-1.132,9.392,0.145,0.006,0.013,-15.9,-31.95,-49.95,2250.0
1787131565.6824834,-3.39,-1.144,9.649,0.133,0.015,0.032,-15.15,-32.85,-49.65,2250.0
1787131565.6824944,-3.452,-0.934,9.699,0.094,0.0,-0.019,-16.2,-33.45,-49.35,2250.0
1787131565.8935292,-3.196,-1.092,8.473,0.633,0.039,0.178,-14.4,-32.4,-49.2,2160.0
1787131565.8935542,-3.203,-1.03,8.473,0.89,0.008,0.212,-14.25,-33.45,-49.05,2160.0
1787131565.893566,-3.297,-0.275,8.334,1.1,-0.045,0.219,-14.4,-31.95,-46.35,2160.0
1787131566.0913825,-3.105,3.144,7.125,3.505,0.463,1.066,-8.7,-21.75,-25.8,940.0
1787131566.0914085,-3.39,5.195,7.286,2.881,0.187,0.775,-6.45,-14.85,-21.15,940.0
1787131566.2968295,-3.498,4.851,7.592,-0.767,-0.08,-0.186,-7.35,-13.5,-19.8,1216.0
1787131566.2968612,-3.541,4.741,7.355,-0.785,-0.098,-0.209,-6.3,-11.85,-19.5,1216.0
1787131566.296921,-3.498,4.515,7.283,-0.814,-0.083,-0.2,-7.8,-15.0,-19.8,1158.0
1787131566.5025113,-3.553,2.375,9.318,-2.707,-0.393,-0.503,-12.15,-24.75,-35.25,1158.0
1787131566.5025895,-3.278,1.104,9.797,-2.446,-0.302,-0.421,-12.45,-28.8,-37.95,1158.0
1787131566.5026011,-3.218,1.259,9.369,-2.309,-0.265,-0.407,-12.6,-30.15,-40.8,1974.0
1787131566.7059152,-3.194,-1.367,8.152,-0.694,-0.153,-0.115,-14.1,-33.15,-52.5,2244.0
1787131566.705939,-2.761,-1.64,8.308,-0.77,-0.212,-0.181,-15.6,-33.9,-53.25,2244.0
1787131566.7059503,-2.787,-2.195,8.626,-0.492,-0.005,-0.085,-16.2,-32.25,-56.1,2218.0
1787131566.9116426,-3.074,-1.829,9.045,0.281,-0.052,0.051,-17.25,-34.5,-54.15,2179.0
1787131566.9116678,-3.026,-1.714,9.055,0.203,-0.098,0.037,-15.0,-33.0,-54.9,2179.0
1787131566.9116786,-2.909,-1.757,9.136,0.161,-0.055,0.068,-16.95,-33.0,-52.8,2159.0
1787131567.1158361,-3.122,-1.86,9.184,0.211,-0.001,0.11,-16.2,-33.75,-53.85,2159.0
1787131567.115873,-3.153,-1.695,9.124,0.308,-0.001,0.117,-15.45,-32.25,-54.6,2159.0
1787131567.1158843,-3.124,-1.645,9.009,0.352,-0.019,0.079,-16.35,-32.85,-52.95,2159.0
1787131567.3261242,-3.057,1.949,8.428,2.526,0.166,0.715,-9.3,-24.75,-32.25,2238.0
1787131567.3261483,-2.796,2.993,8.253,2.335,0.094,0.623,-8.7,-22.5,-30.3,2238.0
1787131567.326159,-3.029,3.419,8.569,1.966,0.181,0.541,-8.25,-21.45,-26.25,2238.0
1787131567.5247483,-3.01,4.245,8.765,1.518,0.256,0.481,-8.1,-18.45,-26.85,2238.0
1787131567.5247722,-3.632,4.688,8.854,1.169,0.242,0.387,-6.75,-19.05,-24.75,2238.0
1787131567.5247834,-3.493,4.515,9.378,0.976,0.187,0.361,-7.95,-17.55,-23.7,2238.0
1787131567.7278216,-3.309,4.934,8.504,-0.868,-0.106,-0.445,-5.85,-14.55,-21.3,1235.0
1787131567.9365792,-3.007,-2.404,7.855,-0.655,-0.178,-0.142,-16.5,-34.95,-56.4,2245.0
1787131567.9366035,-2.856,-2.847,7.987,-0.425,-0.148,-0.067,-17.85,-33.6,-58.8,2245.0
1787131568.1397598,-3.677,-2.552,9.304,0.272,-0.023,0.054,-17.25,-34.2,-56.4,2259.0
1787131568.139785,-3.472,-2.279,9.218,0.208,-0.006,0.022,-18.6,-33.6,-56.55,2296.0
1787131568.1397965,-3.369,-2.207,9.167,0.081,0.036,-0.028,-17.7,-34.5,-54.9,2296.0
1787131568.344119,-3.215,-2.061,8.758,0.561,0.044,0.128,-17.85,-32.85,-54.45,2257.0
1787131568.3441439,-3.225,-2.097,8.578,0.79,0.07,0.156,-17.7,-33.75,-53.85,2257.0
1787131568.344155,-3.084,-2.174,8.478,1.098,0.11,0.2,-17.25,-33.75,-52.35,2257.0
1787131568.5488927,-3.816,1.958,7.822,2.707,0.474,0.626,-11.55,-22.8,-31.5,2208.0
1787131568.5489187,-3.836,2.018,8.408,2.498,0.469,0.623,-11.85,-23.1,-29.7,836.0
1787131568.5489306,-3.548,3.005,8.528,2.345,0.425,0.67,-10.8,-21.9,-28.2,836.0
1787131568.7554426,-3.682,5.595,7.841,0.933,0.001,0.417,-5.1,-12.3,-18.75,1039.0
1787131568.755468,-3.393,5.938,7.702,0.584,0.008,0.21,-5.85,-13.05,-18.75,1189.0
1787131568.7554789,-3.476,5.734,7.614,0.376,0.08,0.082,-6.6,-10.8,-16.5,1189.0
1787131568.9585464,-3.757,5.784,7.855,-0.662,-0.07,-0.253,-7.05,-10.05,-17.55,1137.0
1787131568.9585707,-3.824,5.619,8.059,-1.003,-0.11,-0.361,-6.3,-10.8,-17.25,1137.0
1787131568.958582,-3.79,5.255,8.301,-1.448,-0.089,-0.433,-6.6,-12.75,-18.75,1137.0
1787131569.1637356,-3.146,0.041,8.669,-2.573,-0.225,-0.295,-14.1,-31.2,-44.1,1042.0
1787131569.1637607,-3.218,0.673,8.301,-2.117,-0.171,-0.289,-13.95,-29.55,-46.5,1042.0
1787131569.1637719,-2.806,-1.192,8.289,-1.669,-0.098,-0.165,-14.4,-32.85,-48.45,2215.0
1787131569.3660629,-3.311,-1.288,8.765,0.169,-0.117,0.04,-15.15,-31.95,-52.2,2183.0
1787131569.5735314,-2.875,-0.795,8.435,0.973,-0.131,0.252,-14.7,-32.55,-49.05,2189.0
1787131569.5735567,-2.875,-0.733,8.454,1.212,-0.153,0.271,-13.65,-31.95,-47.7,2189.0
1787131569.5735686,-2.653,-0.56,8.373,1.489,-0.081,0.379,-11.1,-30.45,-46.65,2189.0
1787131569.777699,-2.562,3.642,7.846,3.034,0.442,1.018,-6.0,-20.25,-26.25,2155.0
1787131569.7777243,-2.875,3.91,8.083,3.17,0.343,1.083,-4.35,-20.1,-23.55,2155.0
1787131569.7777352,-3.474,5.49,7.547,3.109,0.113,0.889,-4.95,-15.6,-21.15,2155.0
1787131569.9823806,-3.108,6.002,7.611,-0.029,0.051,-0.093,-3.15,-8.7,-16.65,1128.0
1787131569.9824047,-3.072,6.086,7.379,-0.26,-0.049,-0.137,-3.45,-9.0,-15.9,1128.0
1787131569.9824154,-2.952,5.895,7.276,-0.52,-0.079,-0.165,-2.85,-9.6,-16.8,1128.0
1787131570.1877105,-4.005,3.448,8.926,-2.724,-0.058,-1.124,-7.35,-20.4,-24.9,935.0
1787131570.1877353,-3.685,2.966,8.971,-2.948,-0.216,-1.11,-9.45,-24.15,-31.05,935.0
1787131570.187746,-3.476,2.351,8.985,-3.179,-0.303,-0.984,-9.75,-25.2,-34.35,935.0
1787131570.391999,-2.792,-1.822,8.09,-1.277,0.052,-0.274,-15.9,-33.15,-52.5,2239.0
1787131570.3920238,-2.957,-1.832,7.954,-0.816,-0.038,-0.123,-17.4,-32.4,-53.7,2239.0
1787131570.392035,-3.11,-2.394,8.066,-0.538,-0.096,-0.034,-15.75,-33.45,-55.35,2239.0
1787131570.5973263,-3.326,-2.368,9.21,-0.032,0.076,-0.022,-17.4,-33.9,-55.5,2256.0
1787131570.5973523,-3.314,-2.452,9.309,0.004,0.086,-0.04,-18.15,-32.85,-55.8,2228.0
1787131570.5973632,-3.323,-2.636,9.414,0.07,0.079,-0.015,-17.7,-33.0,-56.1,2228.0
1787131570.802056,-3.177,-1.729,8.464,1.012,0.149,0.064,-17.85,-31.95,-52.5,2243.0
1787131570.8020804,-3.515,-1.494,8.509,1.318,0.125,0.141,-17.25,-33.0,-51.3,2255.0
1787131570.8020916,-3.201,-1.161,8.461,1.501,0.069,0.188,-15.9,-32.4,-49.2,2255.0
1787131571.0043073,-2.954,3.51,8.04,2.732,0.065,1.074,-9.6,-23.85,-29.7,2084.0
1787131571.2125306,-3.053,5.849,7.463,-0.354,-0.112,-0.062,-5.7,-11.4,-16.35,1181.0
1787131571.2125564,-2.804,5.674,7.391,-0.647,-0.137,-0.123,-4.95,-10.2,-17.7,1181.0
1787131571.2125673,-3.043,5.684,7.501,-0.76,-0.111,-0.179,-5.4,-11.7,-17.4,1181.0
1787131571.414993,-3.462,2.27,9.191,-3.372,-0.188,-0.947,-10.95,-27.6,-36.9,1215.0
1787131571.4150183,-3.096,0.713,8.942,-3.405,-0.179,-0.827,-14.25,-29.1,-39.15,1215.0
1787131571.4150295,-2.579,0.285,9.117,-3.39,-0.131,-0.709,-15.0,-33.75,-44.25,1215.0
1787131571.6225417,-3.067,-3.069,7.829,-0.113,-0.219,0.148,-16.5,-33.75,-57.9,2205.0
1787131571.622567,-2.945,-2.49,7.772,0.034,-0.408,0.111,-16.5,-34.95,-58.95,2205.0
1787131571.622578,-2.552,-2.504,7.946,0.107,-0.38,0.088,-17.1,-34.8,-57.3,2205.0
1787131571.8314445,-3.175,-2.109,9.471,0.208,0.111,-0.016,-16.2,-34.5,-54.9,2239.0
1787131571.8314695,-3.203,-1.853,9.361,0.081,0.046,-0.039,-15.75,-34.2,-53.85,2239.0
1787131571.8314805,-3.086,-1.891,9.333,-0.034,-0.005,-0.039,-16.35,-33.9,-55.5,2261.0
1787131572.0315204,-3.215,-2.112,8.497,1.006,-0.096,0.431,-15.9,-34.35,-53.25,2225.0
1787131572.0315452,-3.132,-1.925,8.533,1.402,-0.2,0.528,-15.9,-33.15,-53.25,2225.0
1787131572.0315566,-3.136,-1.494,8.349,1.759,-0.364,0.594,-15.45,-32.55,-52.8,2225.0
1787131572.235239,-3.089,4.144,7.393,3.63,0.614,0.854,-7.05,-21.15,-27.45,1981.0
1787131572.235265,-3.934,4.611,7.513,3.448,0.483,0.858,-5.4,-19.5,-24.45,1981.0
1787131572.235276,-2.945,4.867,8.176,2.992,0.243,0.757,-4.05,-16.95,-21.6,1981.0
1787131572.4395926,-3.448,7.001,8.447,-0.134,0.106,-0.268,-0.6,-8.4,-15.45,1105.0
1787131572.439617,-3.333,6.735,8.286,-0.322,0.067,-0.256,-2.1,-8.1,-15.75,1105.0
1787131572.4396284,-3.259,6.649,8.1,-0.525,-0.014,-0.256,-2.85,-8.1,-13.5,1105.0
1787131572.643664,-3.455,3.809,8.047,-2.612,-0.34,-0.35,-5.4,-21.45,-27.3,827.0
1787131572.643688,-3.282,2.708,8.614,-2.565,-0.444,-0.324,-9.3,-26.55,-33.75,827.0
1787131572.8487751,-2.772,-2.409,8.746,-1.012,0.12,-0.143,-13.65,-33.15,-54.0,2214.0
1787131572.8488026,-2.952,-2.354,8.478,-0.623,0.114,-0.012,-12.45,-34.2,-57.15,2214.0
1787131572.8488135,-3.177,-2.495,8.341,-0.342,0.04,0.118,-12.9,-34.8,-56.25,2186.0
1787131573.0543025,-3.122,-2.148,9.182,0.068,0.055,-0.027,-13.2,-34.5,-56.4,2158.0
1787131573.054327,-3.182,-2.236,9.177,0.136,0.095,0.005,-12.45,-35.25,-55.65,2205.0
1787131573.0543377,-3.285,-2.222,9.143,0.176,0.062,0.0,-13.5,-34.95,-55.65,2205.0
1787131573.2582462,-2.978,-2.279,8.811,0.502,-0.007,0.123,-12.0,-33.75,-54.9,2209.0
1787131573.25827,-3.168,-2.454,8.76,0.921,-0.046,0.218,-13.65,-33.15,-54.75,2225.0
1787131573.2582808,-3.165,-2.334,8.681,1.459,-0.105,0.337,-11.7,-33.45,-51.6,2225.0
1787131573.46306,-2.31,2.507,7.733,3.387,0.488,0.645,-7.35,-21.9,-30.9,2144.0
1787131573.4630857,-2.658,3.464,7.652,3.468,0.863,0.681,-7.8,-21.9,-31.2,2144.0
1787131573.4630966,-3.232,4.216,7.628,3.378,0.915,0.633,-4.35,-18.9,-25.35,953.0
1787131573.6683047,-3.189,7.242,8.317,-0.392,0.004,-0.176,-1.2,-7.8,-13.65,1135.0
1787131573.6683297,-3.184,6.902,8.205,-0.455,0.08,-0.2,-1.35,-8.4,-15.75,1135.0
1787131573.668388,-3.558,6.95,7.918,-0.585,0.03,-0.268,-2.7,-8.7,-14.1,1095.0
1787131573.8724482,-3.395,4.975,7.664,-2.529,-0.406,-0.484,-4.35,-17.4,-23.55,948.0
1787131573.8725207,-3.029,4.233,8.045,-2.967,-0.392,-0.487,-4.95,-18.75,-23.25,948.0
1787131573.8725324,-3.043,3.663,8.286,-3.14,-0.304,-0.452,-6.3,-22.35,-27.9,948.0
1787131574.077759,-2.581,-1.049,8.543,-0.995,-0.049,-0.151,-10.05,-35.55,-50.7,2199.0
1787131574.0777845,-2.708,-1.159,8.368,-0.661,0.159,-0.098,-12.6,-34.35,-53.7,2199.0
1787131574.0777955,-2.784,-1.403,8.452,-0.441,0.187,-0.054,-12.0,-33.75,-52.35,2196.0
1787131574.2815335,-3.122,-1.415,9.512,-0.006,0.085,-0.074,-12.45,-34.2,-54.15,2149.0
1787131574.2815576,-3.007,-1.434,9.469,0.038,0.041,-0.044,-12.45,-33.75,-53.1,2149.0
1787131574.486876,-2.947,-1.542,8.746,0.969,0.007,-0.006,-12.0,-35.7,-52.05,2192.0
1787131574.4869018,-3.05,-1.822,8.645,1.513,-0.023,-0.173,-12.75,-33.0,-50.1,2192.0
1787131574.4869132,-2.737,-1.156,8.389,2.147,0.022,-0.228,-11.1,-32.4,-50.4,2192.0
1787131574.6914108,-3.625,7.156,7.53,2.293,0.425,0.465,-4.05,-11.55,-18.0,1163.0
1787131574.691435,-3.922,6.883,8.413,1.285,0.257,0.147,-1.95,-10.5,-17.1,1163.0
1787131574.6914458,-3.778,7.173,8.926,0.436,0.111,-0.085,-2.7,-9.0,-15.6,1163.0
1787131574.8961363,-3.134,5.775,6.797,-0.526,-0.196,0.173,-3.15,-9.0,-17.7,1097.0
1787131574.8961632,-2.945,5.344,6.699,-0.436,-0.123,0.112,-2.7,-10.5,-15.9,1097.0
1787131574.8961747,-3.029,5.447,6.529,-0.365,-0.075,0.021,-1.35,-9.6,-16.8,1097.0
1787131575.1011074,-3.496,5.064,8.645,-2.077,-0.19,-0.46,-5.1,-15.45,-21.3,863.0
1787131575.1011329,-3.158,4.623,8.866,-2.316,-0.175,-0.448,-4.65,-19.5,-24.0,863.0
1787131575.1011436,-3.175,4.137,9.131,-2.421,-0.1,-0.494,-3.6,-18.45,-26.1,863.0
1787131575.3055031,-3.112,1.022,8.358,-2.201,0.067,-0.589,-12.0,-31.8,-43.2,1045.0
1787131575.3055305,-3.572,-0.587,8.471,-2.04,0.167,-0.605,-10.95,-31.5,-43.95,2201.0
1787131575.305544,-3.014,-0.622,8.504,-1.912,0.279,-0.516,-12.9,-33.15,-48.15,2201.0
1787131575.510934,-3.486,-2.251,8.384,0.131,-0.114,0.06,-14.85,-33.9,-55.5,2271.0
1787131575.5109591,-3.357,-1.884,8.08,0.102,-0.195,0.022,-13.5,-34.2,-54.15,2271.0
1787131575.5109704,-3.251,-1.767,8.602,0.015,-0.17,0.021,-13.65,-34.35,-56.25,2229.0
1787131575.715157,-3.529,-1.925,9.179,0.072,0.057,0.016,-14.1,-33.6,-55.8,2148.0
1787131575.7151816,-3.536,-1.834,8.959,0.123,0.008,0.041,-14.1,-34.8,-54.45,2148.0
1787131575.7151926,-3.57,-1.621,8.906,0.129,-0.056,0.037,-12.9,-33.15,-54.45,2259.0
1787131575.917643,-2.789,0.263,8.114,2.179,-0.414,0.163,-10.2,-31.8,-44.25,2211.0
1787131576.1305094,-3.424,6.706,8.471,0.132,0.152,-0.248,-2.7,-9.0,-16.35,1113.0
1787131576.1305344,-3.259,6.414,8.392,0.046,0.212,-0.239,-3.3,-7.65,-16.05,1113.0
1787131576.1305454,-3.421,6.335,8.049,0.01,0.165,-0.219,-3.3,-7.65,-15.45,1113.0
1787131576.3297892,-3.412,5.928,7.269,-0.438,-0.047,-0.114,-3.6,-9.15,-18.0,1137.0
1787131576.329814,-3.259,5.619,7.005,-0.493,-0.061,-0.093,-4.35,-10.05,-18.0,1137.0
1787131576.3298252,-3.215,5.471,6.756,-0.5,-0.077,-0.063,-3.15,-9.45,-17.7,1137.0
1787131576.534056,-3.711,4.81,8.203,-1.925,-0.08,-0.59,-4.2,-14.85,-22.5,1117.0
1787131576.534081,-3.991,4.482,8.459,-2.125,-0.19,-0.704,-4.35,-17.4,-21.6,874.0
1787131576.5340924,-4.061,4.63,8.564,-2.488,-0.262,-0.784,-7.05,-16.95,-26.4,874.0
1787131576.7396712,-3.074,-1.516,8.672,-0.139,-0.095,-0.026,-14.25,-34.95,-52.8,2223.0
1787131576.7396965,-3.124,-1.492,8.732,-0.061,-0.069,-0.015,-14.25,-34.2,-52.05,2223.0
1787131576.7397075,-2.964,-1.508,9.055,0.002,-0.031,-0.014,-14.25,-33.0,-53.1,2223.0
1787131576.9433732,-3.132,-1.336,9.05,0.156,0.037,0.026,-12.0,-33.45,-53.1,2189.0
1787131576.9433973,-3.163,-1.465,9.038,0.218,0.037,0.037,-13.5,-34.5,-52.35,2189.0
1787131576.9434085,-3.208,-1.372,9.009,0.315,0.017,0.054,-13.5,-33.75,-51.6,2189.0
1787131577.1495237,-2.954,-0.117,8.097,2.715,0.011,0.294,-12.75,-31.05,-43.95,2234.0
1787131577.1495485,-2.832,1.02,7.87,2.89,0.088,0.416,-10.5,-29.1,-39.9,2088.0
1787131577.1495597,-3.11,1.434,7.812,2.932,0.165,0.5,-10.05,-25.05,-36.75,2088.0
1787131577.3527842,-2.842,6.067,7.855,1.732,-0.018,0.854,-4.2,-10.5,-19.95,1202.0
1787131577.3528097,-2.796,6.505,7.925,1.474,-0.004,0.698,-3.3,-10.8,-19.05,1202.0
1787131577.3528214,-2.823,7.161,7.839,1.02,-0.036,0.444,-3.9,-9.0,-18.15,1202.0
1787131577.5555918,-2.983,5.794,6.883,-0.216,0.036,-0.177,-2.85,-9.15,-15.75,1164.0
1787131577.7626746,-3.412,2.368,8.581,-2.938,-0.349,-0.609,-9.0,-22.5,-32.85,955.0
1787131577.7626996,-2.99,1.405,8.839,-2.641,-0.253,-0.48,-12.0,-26.85,-37.2,955.0
1787131577.7627113,-3.213,1.128,8.729,-2.292,-0.288,-0.454,-9.45,-27.6,-37.2,1884.0
1787131577.968066,-3.407,-1.116,8.112,-0.019,-0.187,0.032,-14.1,-33.15,-50.4,2190.0
1787131577.968099,-2.914,-0.867,8.207,-0.019,-0.305,0.003,-15.75,-31.5,-48.75,2190.0
1787131577.9681056,-2.686,-0.929,8.353,0.022,-0.218,0.053,-13.5,-32.25,-49.8,2268.0
1787131578.1716993,-3.28,-0.668,9.476,0.107,0.039,-0.016,-13.95,-31.5,-49.05,2201.0
1787131578.1717243,-3.282,-0.555,9.354,0.017,-0.007,-0.01,-15.45,-33.0,-47.25,2201.0
1787131578.1717353,-3.249,-0.536,9.309,-0.052,-0.02,0.008,-14.85,-33.15,-47.4,2214.0
1787131578.3763936,-3.342,1.211,7.563,2.802,-0.067,0.532,-11.25,-26.1,-37.2,2237.0
1787131578.3764179,-2.65,2.274,7.702,2.683,0.13,0.602,-10.35,-25.05,-33.75,2237.0
1787131578.3764288,-2.82,3.024,7.772,2.412,0.303,0.587,-8.85,-22.8,-30.15,2237.0
1787131578.5811248,-3.735,5.942,7.98,1.37,0.046,0.466,-4.2,-11.4,-18.9,1125.0
1787131578.5811493,-3.46,6.318,7.697,1.093,0.026,0.391,-5.85,-10.35,-18.3,1125.0
1787131578.5811615,-3.357,6.093,7.585,0.906,-0.025,0.353,-4.05,-8.85,-16.8,1125.0
1787131578.786372,-3.112,6.493,6.773,-0.321,-0.001,-0.125,-4.05,-4.95,-15.45,1086.0
1787131578.7863975,-3.175,6.584,6.859,-0.44,0.016,-0.18,-2.7,-7.05,-15.15,1086.0
1787131578.7864082,-3.318,6.725,7.242,-0.732,0.032,-0.275,-3.9,-6.3,-15.15,1086.0
1787131578.9903977,-3.371,3.936,8.598,-3.322,-0.259,-0.861,-6.6,-19.2,-25.35,969.0
1787131578.9904218,-3.215,3.457,8.464,-3.24,-0.32,-0.885,-9.0,-21.75,-29.55,969.0
1787131578.9904325,-3.292,2.468,8.478,-3.017,-0.296,-0.788,-10.8,-23.85,-33.45,969.0
1787131579.1952684,-2.684,0.22,8.557,-0.014,0.034,-0.018,-15.45,-31.8,-42.75,2163.0
1787131579.1952937,-3.242,0.278,9.167,0.235,0.029,0.053,-13.35,-30.45,-42.6,2163.0
1787131579.4001868,-2.986,0.522,8.878,0.171,0.085,0.082,-13.5,-29.85,-42.45,2134.0
1787131579.4002123,-2.928,0.318,8.787,0.408,0.165,0.168,-12.15,-30.45,-42.3,2146.0
1787131579.4002233,-3.146,0.381,8.65,0.772,0.198,0.288,-12.45,-29.85,-40.95,2146.0
1787131579.604756,-2.868,4.549,7.815,2.272,0.193,0.659,-5.1,-16.2,-24.15,1191.0
1787131579.6047812,-3.692,5.586,7.602,2.217,0.295,0.46,-4.35,-16.5,-22.35,1141.0
1787131579.6047924,-3.12,5.547,8.114,1.861,0.329,0.338,-5.85,-15.45,-21.6,1141.0
1787131579.8093755,-3.021,6.761,7.41,-0.243,-0.093,-0.008,-2.4,-5.85,-15.9,1107.0
1787131579.8093996,-3.117,6.419,7.065,-0.322,-0.019,-0.093,-5.1,-6.45,-14.7,1115.0
1787131579.8094103,-3.189,6.258,6.823,-0.369,-0.013,-0.105,-2.85,-5.4,-14.25,1115.0
1787131580.2193663,-2.763,-0.563,8.317,-1.693,-0.167,-0.444,-14.7,-31.5,-44.7,1776.0
1787131580.2193909,-2.586,-1.221,8.119,-1.125,-0.105,-0.248,-13.95,-32.25,-46.8,2235.0
1787131580.219402,-2.212,-1.35,8.023,-0.443,0.02,-0.04,-15.45,-31.05,-48.75,2235.0
1787131580.423886,-3.306,-0.084,9.574,0.347,0.065,0.006,-15.6,-30.45,-45.6,2214.0
1787131580.423912,-3.259,-0.029,9.797,0.252,0.049,0.004,-15.9,-31.65,-45.9,2214.0
1787131580.4239235,-3.12,0.029,9.986,0.124,0.045,-0.008,-14.85,-30.15,-44.1,2150.0
1787131580.6283338,-2.966,-0.196,8.885,-0.103,0.081,0.012,-15.45,-29.55,-45.75,2243.0
1787131580.6283588,-3.086,-0.151,8.758,0.064,0.052,0.054,-15.6,-30.9,-44.85,2243.0
1787131580.6283698,-3.158,0.043,8.624,0.264,0.034,0.11,-13.5,-31.5,-44.25,2243.0
1787131580.8324363,-3.306,2.442,8.344,1.843,0.363,0.586,-9.3,-22.8,-32.7,1991.0
1787131580.8324609,-3.594,3.282,8.243,1.718,0.15,0.813,-7.5,-20.25,-28.2,1991.0
1787131581.0377207,-3.184,6.967,7.424,0.186,0.107,-0.139,-1.05,-5.4,-15.75,1098.0
1787131581.0377445,-2.988,6.972,7.446,0.109,0.054,-0.081,-4.2,-4.8,-14.85,1098.0
1787131581.0377555,-2.713,6.886,7.396,-0.216,-0.008,-0.13,-3.45,-5.1,-14.85,1098.0
1787131581.2423987,-3.091,5.377,8.03,-2.685,-0.259,-0.822,-5.55,-15.45,-20.85,1226.0
1787131581.2424624,-3.081,5.066,8.104,-2.793,-0.193,-0.685,-6.75,-16.35,-24.75,1226.0
1787131581.2424743,-3.414,4.496,8.373,-2.882,-0.225,-0.654,-7.95,-19.05,-26.55,1226.0
1787131581.4472358,-2.236,0.433,8.265,-1.134,-0.059,-0.155,-13.35,-31.2,-44.4,2162.0
1787131581.4472604,-2.397,-0.464,8.696,-0.766,-0.033,-0.137,-13.95,-29.85,-45.0,2162.0
1787131581.447271,-2.471,0.136,8.681,-0.609,-0.057,-0.164,-13.65,-31.95,-47.1,2162.0
1787131581.651995,-2.693,-0.472,9.354,0.082,0.006,0.029,-13.65,-30.9,-48.45,2174.0
1787131581.6520176,-2.636,-0.34,9.297,0.01,-0.004,0.003,-13.95,-31.8,-49.05,2174.0
1787131581.652029,-2.602,-0.421,9.4,-0.073,-0.001,0.005,-13.2,-33.0,-49.05,2174.0
1787131581.8566914,-2.574,-0.381,9.215,0.31,0.019,0.054,-14.4,-30.9,-47.7,2208.0
1787131581.8567152,-2.354,-0.453,9.122,0.408,0.002,0.068,-12.6,-32.4,-47.1,2208.0
1787131581.8567262,-2.313,-0.395,8.935,0.581,0.062,0.117,-13.35,-32.4,-46.65,2208.0
1787131582.061762,-2.579,1.015,8.468,1.984,0.415,0.454,-11.1,-25.5,-36.0,2136.0
1787131582.0617864,-2.89,1.875,8.171,2.237,0.449,0.542,-10.2,-25.2,-34.65,2136.0
1787131582.0617976,-2.911,1.856,8.011,2.44,0.394,0.571,-7.35,-23.55,-33.45,2136.0
1787131582.2660623,-2.933,5.631,8.119,0.832,0.217,0.025,-4.2,-12.45,-19.65,985.0
1787131582.2660851,-3.275,5.332,8.274,0.635,0.298,-0.101,-4.8,-12.75,-18.75,1189.0
1787131582.266096,-3.642,5.583,7.865,0.502,0.317,-0.136,-4.95,-10.95,-17.7,1189.0
1787131582.4711695,-3.349,5.768,7.068,-0.014,0.001,0.057,-3.45,-9.75,-17.7,1132.0
1787131582.4712,-3.51,5.921,7.104,-0.205,-0.11,0.021,-2.7,-9.75,-15.15,1134.0
1787131582.676786,-3.376,2.088,8.384,-3.08,-0.592,-0.709,-11.25,-26.85,-34.65,793.0
1787131582.6768103,-3.077,1.077,8.507,-2.654,-0.438,-0.528,-12.15,-29.25,-38.55,793.0
1787131582.676821,-3.201,0.68,8.66,-2.273,-0.388,-0.536,-14.1,-29.7,-41.1,793.0
1787131582.8807952,-2.892,-0.994,8.222,-0.322,-0.366,-0.122,-16.5,-32.25,-52.8,2251.0
1787131582.88082,-2.832,-1.35,8.705,-0.462,-0.303,-0.117,-15.9,-33.15,-51.45,2251.0
1787131582.8808308,-2.629,-2.231,9.218,-0.338,-0.068,0.032,-15.9,-31.95,-51.75,2251.0
1787131583.08517,-3.369,-1.597,9.225,0.123,-0.068,0.037,-16.35,-32.85,-52.2,2217.0
1787131583.0851924,-3.014,-1.188,9.055,-0.052,-0.109,0.007,-16.65,-33.15,-52.5,2217.0
1787131583.0851986,-2.799,-1.372,9.251,-0.147,-0.046,-0.003,-15.15,-32.85,-52.5,2217.0
1787131583.2896688,-3.12,-1.501,8.971,0.395,-0.009,0.179,-15.45,-32.55,-52.05,2188.0
1787131583.2896936,-3.021,-1.496,8.873,0.577,-0.018,0.267,-14.4,-31.95,-50.4,2188.0
1787131583.2897046,-2.849,-1.762,8.918,0.893,-0.027,0.476,-14.1,-32.4,-51.75,2188.0
1787131583.4950664,-2.447,1.628,8.162,2.368,0.107,0.949,-9.75,-26.1,-35.4,2094.0
1787131583.4950914,-2.689,2.298,8.301,2.364,0.188,0.916,-8.1,-25.8,-34.2,2094.0
1787131583.495102,-2.813,2.653,8.43,2.45,0.269,0.908,-7.35,-23.1,-30.15,2094.0
1787131583.699252,-3.481,6.445,8.066,0.564,-0.009,0.054,-2.4,-12.45,-18.15,1151.0
1787131583.6992779,-2.741,6.191,8.071,0.3,-0.044,0.01,-2.1,-11.1,-19.05,1151.0
1787131583.6992888,-2.552,6.019,7.985,0.095,0.046,-0.078,-1.8,-10.05,-18.75,1151.0
1787131583.9041307,-2.935,5.734,7.748,-1.097,-0.156,-0.318,-2.85,-12.75,-18.3,1207.0
1787131583.9041564,-3.223,5.351,8.179,-1.473,-0.128,-0.415,-4.05,-12.3,-19.05,1207.0
1787131583.9041674,-3.225,5.289,8.413,-1.78,-0.15,-0.527,-4.05,-14.55,-21.3,1207.0
1787131584.106226,-2.66,0.625,9.273,-2.306,-0.077,-0.611,-11.7,-29.85,-43.5,2161.0
1787131584.3132885,-2.976,-1.48,9.333,0.147,-0.046,0.014,-15.45,-32.55,-52.35,2184.0
1787131584.3133123,-2.801,-1.573,9.345,0.138,-0.016,0.013,-14.85,-32.85,-52.5,2184.0
1787131584.3133235,-2.598,-1.621,9.366,0.149,0.046,0.016,-16.35,-32.85,-53.25,2184.0
1787131584.5185494,-2.813,-0.548,8.849,0.97,0.003,0.177,-13.5,-32.25,-46.8,2158.0
1787131584.5185742,-2.634,-0.378,8.794,1.129,0.059,0.214,-12.6,-31.2,-47.4,2151.0
1787131584.5185852,-2.571,-0.218,8.669,1.319,0.159,0.223,-12.9,-31.65,-45.15,2151.0
1787131584.7227855,-3.033,1.97,9.036,1.595,0.203,0.519,-9.3,-23.85,-34.5,2134.0
1787131584.7228112,-3.074,2.624,8.878,1.696,0.176,0.542,-8.55,-22.35,-30.45,2134.0
1787131584.7228222,-2.595,2.866,8.686,1.757,0.246,0.59,-8.85,-20.85,-30.9,2134.0
1787131584.9279068,-3.227,5.772,7.855,0.668,0.103,0.147,-3.9,-12.9,-20.4,1176.0
1787131584.9279351,-3.22,5.701,7.887,0.615,0.154,0.089,-3.6,-11.85,-19.5,1176.0
1787131584.9279463,-3.129,5.66,8.047,0.5,0.115,0.072,-3.3,-12.3,-18.3,1148.0
1787131585.1322334,-3.17,5.926,7.977,-1.037,-0.072,-0.461,-4.65,-12.15,-18.9,1111.0
1787131585.1322577,-3.115,5.385,8.401,-1.454,-0.018,-0.572,-4.65,-14.1,-19.95,1111.0
1787131585.1322691,-3.428,5.416,8.507,-1.736,-0.001,-0.648,-4.35,-13.5,-21.3,1089.0
1787131585.3371716,-3.297,1.209,8.54,-2.597,-0.299,-0.777,-13.5,-29.85,-40.65,1089.0
1787131585.3371956,-2.674,0.201,8.882,-2.317,-0.217,-0.594,-13.35,-30.15,-43.65,1089.0
1787131585.3372066,-2.66,-0.259,9.072,-1.688,-0.162,-0.492,-15.75,-31.8,-46.5,2191.0
1787131585.5415957,-2.849,-1.628,8.291,-0.111,-0.187,0.079,-15.6,-33.6,-52.95,2206.0
1787131585.54162,-2.763,-1.302,8.353,-0.138,-0.344,0.018,-15.45,-31.05,-52.8,2206.0
1787131585.5416307,-2.471,-1.456,8.464,-0.263,-0.308,0.037,-14.85,-33.15,-54.0,2206.0
1787131585.7448885,-2.981,-1.583,9.244,0.112,0.049,0.034,-15.75,-32.55,-52.8,2169.0
1787131585.951437,-2.562,3.084,7.841,3.102,0.371,0.922,-7.05,-22.35,-29.7,2170.0
1787131585.9514616,-2.626,3.725,7.944,2.969,0.454,0.924,-7.95,-21.0,-26.55,2170.0
1787131585.9514725,-2.713,4.571,7.846,2.815,0.506,0.879,-6.6,-17.7,-27.15,2170.0
1787131586.157242,-3.098,6.874,7.887,0.309,-0.061,0.117,-3.15,-7.05,-14.85,1145.0
1787131586.1572683,-3.005,6.967,7.638,0.033,-0.021,-0.024,-2.4,-7.05,-14.4,1145.0
1787131586.1572795,-2.65,6.627,7.465,-0.292,-0.036,-0.142,-3.45,-7.8,-14.4,1145.0
1787131586.3605912,-3.153,5.401,7.784,-1.754,-0.205,-0.438,-3.45,-15.9,-20.7,1121.0
1787131586.360616,-3.115,5.119,8.068,-1.914,-0.254,-0.502,-4.2,-14.85,-20.7,1121.0
1787131586.3606265,-3.069,4.583,8.356,-2.011,-0.242,-0.537,-4.8,-15.75,-23.85,1121.0
1787131586.5656683,-2.686,0.759,8.566,-2.002,0.018,-0.592,-12.0,-29.85,-42.45,2146.0
1787131586.565693,-2.528,0.615,8.636,-1.856,0.057,-0.543,-12.9,-32.85,-43.65,2146.0
1787131586.770211,-2.83,-1.195,8.954,0.013,-0.096,0.003,-13.95,-33.0,-49.35,2200.0
1787131586.770231,-2.708,-0.809,8.882,-0.078,-0.093,-0.062,-14.85,-31.65,-50.7,2200.0
1787131586.7702367,-2.729,-0.941,9.131,-0.153,-0.027,-0.059,-15.45,-31.8,-50.55,2200.0
1787131586.97466,-3.017,-1.188,9.318,0.012,0.046,0.024,-14.85,-31.95,-51.45,2213.0
1787131586.974684,-3.043,-1.094,9.191,0.151,0.041,0.072,-15.15,-34.35,-51.0,2213.0
1787131586.9746964,-2.995,-0.907,9.081,0.239,0.017,0.073,-13.95,-33.45,-49.8,2218.0
1787131587.1801147,-2.847,0.031,8.878,0.881,-0.068,0.203,-13.35,-30.45,-46.65,2211.0
1787131587.1801524,-2.957,-0.002,9.079,0.944,-0.079,0.206,-15.15,-31.95,-44.1,2211.0
1787131587.180159,-2.928,0.287,9.208,1.111,-0.022,0.22,-11.55,-29.7,-44.85,2164.0
1787131587.3820286,-3.333,2.471,8.435,1.793,0.355,0.399,-10.2,-21.45,-28.8,2061.0
1787131587.588751,-2.873,6.531,7.846,0.057,-0.197,0.292,-2.1,-8.1,-14.25,1157.0
1787131587.588776,-2.713,6.567,7.848,-0.297,-0.134,0.121,-3.15,-9.45,-16.65,1157.0
1787131587.5887873,-2.935,6.524,7.807,-0.494,-0.087,-0.04,-4.8,-8.4,-15.75,1157.0
1787131587.7937415,-3.371,4.518,8.193,-2.596,-0.067,-1.041,-7.35,-17.7,-23.55,1197.0
1787131587.7937655,-3.196,3.723,8.325,-2.864,-0.077,-1.123,-9.3,-22.35,-27.15,1197.0
1787131587.7937763,-3.134,3.357,8.382,-2.987,-0.078,-1.117,-10.8,-21.15,-29.4,1197.0
1787131587.9986837,-3.191,-1.166,8.14,-1.399,0.004,-0.506,-15.45,-31.5,-51.3,2260.0
1787131587.9987092,-3.242,-1.535,8.375,-1.172,0.072,-0.361,-16.5,-32.55,-49.35,2260.0
1787131587.9987202,-3.28,-1.563,8.267,-0.993,0.086,-0.337,-18.0,-33.0,-52.8,2260.0
1787131588.20549,-3.383,-2.107,8.629,-0.053,-0.126,0.01,-18.0,-33.0,-53.85,2268.0
1787131588.2055151,-3.467,-2.32,8.832,0.102,-0.017,0.067,-17.25,-33.0,-54.15,2268.0
1787131588.4077768,-3.318,-2.21,8.851,0.279,0.036,0.095,-18.75,-33.45,-53.85,2238.0
1787131588.4078012,-3.326,-2.279,8.78,0.404,0.0,0.164,-17.25,-32.55,-53.85,2238.0
1787131588.4078124,-3.419,-2.119,8.703,0.553,-0.05,0.24,-18.15,-31.95,-54.45,2238.0
1787131588.6122987,-2.911,-0.247,8.262,2.177,-0.271,0.662,-17.25,-31.8,-45.75,2259.0
1787131588.6123235,-2.851,0.651,8.243,2.241,-0.223,0.624,-13.5,-29.1,-41.7,2151.0
1787131588.612374,-2.78,0.567,8.54,2.298,-0.01,0.752,-13.2,-28.8,-40.65,2151.0
1787131588.81729,-3.469,5.284,9.017,0.453,0.174,0.115,-6.3,-14.55,-22.35,1571.0
1787131588.8173676,-3.61,5.061,9.165,0.337,0.108,0.004,-5.4,-15.6,-20.4,1309.0
1787131588.81738,-3.306,4.724,9.062,0.27,0.081,-0.032,-5.85,-16.2,-21.6,1309.0
1787131589.0198667,-2.832,4.513,7.396,0.188,0.008,0.068,-6.45,-14.85,-21.15,1211.0
1787131589.226637,-3.263,5.145,9.11,-2.258,-0.023,-0.694,-6.0,-15.6,-21.75,1311.0
1787131589.226662,-3.618,4.671,9.127,-2.689,-0.062,-0.78,-7.2,-16.8,-22.5,1311.0
1787131589.226673,-3.601,4.058,9.122,-3.095,-0.209,-0.82,-8.55,-20.85,-26.4,1311.0
1787131589.431172,-2.713,-1.765,8.234,-1.449,0.238,-0.392,-14.4,-32.4,-52.2,2213.0
1787131589.431195,-2.777,-1.951,8.092,-0.95,0.087,-0.257,-16.5,-31.5,-52.8,2213.0
1787131589.4312065,-2.964,-1.946,7.872,-0.573,-0.09,-0.08,-16.2,-33.45,-53.4,2213.0
1787131589.636236,-3.165,-2.219,9.67,-0.001,0.065,-0.002,-16.95,-33.45,-54.6,2173.0
1787131589.6362607,-3.235,-2.339,9.584,0.127,0.113,0.038,-15.9,-33.15,-54.0,2173.0
1787131589.6362722,-3.314,-2.16,9.366,0.131,0.057,-0.004,-16.5,-33.0,-54.6,2224.0
1787131589.8403466,-2.935,-1.858,8.576,0.037,-0.031,0.048,-15.6,-33.15,-54.0,2166.0
1787131589.8403697,-2.895,-2.011,8.655,0.178,-0.027,0.113,-15.75,-33.45,-54.9,2166.0
1787131590.0454872,-1.944,2.047,8.212,3.108,0.007,0.951,-11.85,-25.8,-36.3,2228.0
1787131590.0455108,-2.394,2.468,7.896,3.231,0.211,1.091,-11.1,-24.75,-34.95,2228.0
1787131590.0455217,-2.856,2.705,8.284,3.327,0.291,1.158,-9.6,-21.6,-30.45,2228.0
1787131590.2500508,-3.124,7.013,7.942,1.405,0.112,0.719,-2.7,-8.25,-15.9,1145.0
1787131590.2500753,-3.407,7.362,7.86,0.891,-0.08,0.675,-0.45,-7.8,-15.6,1145.0
1787131590.2500863,-3.4,8.143,7.659,0.57,-0.21,0.599,-0.6,-7.2,-15.75,1145.0
1787131590.4568977,-2.579,5.804,7.432,-1.523,-0.063,-0.577,-2.85,-10.8,-16.8,1140.0
1787131590.4569352,-2.614,5.787,7.537,-1.803,-0.007,-0.635,-2.85,-11.55,-18.75,1140.0
1787131590.4569464,-2.825,5.466,7.76,-1.977,-0.062,-0.681,-2.85,-14.55,-19.5,1140.0
1787131590.6593158,-2.737,1.992,8.729,-2.594,-0.106,-0.589,-9.3,-28.2,-35.55,1419.0
1787131590.8642955,-2.715,-1.188,8.83,0.111,-0.018,0.021,-13.35,-33.15,-51.45,2184.0
1787131590.8643203,-2.954,-1.252,9.086,0.222,-0.003,0.068,-13.2,-30.6,-52.8,2199.0
1787131590.8643312,-3.041,-1.355,9.232,0.335,-0.02,0.052,-13.5,-33.45,-51.6,2199.0
1787131591.0697882,-2.636,-0.766,9.194,0.251,-0.004,0.033,-12.45,-32.55,-49.05,2213.0
1787131591.0698133,-2.619,-1.07,9.392,0.394,0.022,0.13,-12.45,-33.0,-49.05,2180.0
1787131591.0698242,-2.804,-0.62,9.096,0.585,-0.002,0.19,-13.2,-31.5,-49.05,2180.0
1787131591.273814,-2.849,3.06,7.659,2.919,0.169,0.393,-7.95,-22.5,-30.6,2181.0
1787131591.2738426,-2.461,3.524,7.53,2.725,0.317,0.362,-7.8,-21.9,-28.2,2181.0
1787131591.2738621,-2.866,4.211,7.889,2.508,0.51,0.516,-3.6,-18.45,-26.4,2181.0
1787131591.478962,-3.16,7.252,7.238,0.962,-0.023,0.42,-1.8,-6.45,-15.75,1170.0
1787131591.4791496,-2.938,7.159,7.441,0.529,-0.061,0.276,-1.65,-5.55,-13.65,1087.0
1787131591.4791582,-3.033,7.705,7.005,0.259,-0.031,0.154,-1.65,-4.8,-14.1,1087.0
1787131591.6838686,-2.825,6.395,6.649,-0.814,-0.084,-0.339,-2.1,-5.7,-13.95,1054.0
1787131591.6838946,-3.103,6.79,6.881,-1.063,-0.098,-0.467,-1.65,-7.05,-14.4,1109.0
1787131591.6839054,-2.83,6.486,7.144,-1.413,-0.096,-0.517,-2.1,-7.2,-13.5,1109.0
1787131591.8881288,-3.108,3.182,8.444,-2.503,-0.272,-0.499,-7.2,-20.25,-27.0,1063.0
1787131591.8881521,-2.902,2.976,8.25,-2.409,-0.245,-0.518,-7.8,-22.8,-30.9,1063.0
1787131591.8881636,-3.024,2.286,8.356,-2.292,-0.22,-0.462,-8.55,-26.25,-33.45,1179.0
1787131592.093383,-3.007,-0.309,8.739,-0.874,0.048,-0.229,-13.2,-31.5,-45.75,2170.0
1787131592.0934093,-2.911,-0.287,8.787,-0.685,0.039,-0.148,-12.15,-31.65,-45.9,2170.0
1787131592.0934203,-2.892,-0.328,9.017,-0.649,-0.051,-0.195,-11.1,-32.85,-47.1,2170.0
1787131592.2959685,-2.823,-0.931,9.299,-0.11,-0.01,0.048,-12.15,-33.15,-51.75,2228.0
1787131592.5026982,-2.777,-0.656,9.163,0.317,0.029,0.028,-12.6,-33.15,-48.15,2215.0
1787131592.5027223,-2.509,-0.579,8.988,0.34,0.098,0.022,-12.75,-33.75,-48.15,2215.0
1787131592.5027366,-2.67,-0.393,9.045,0.4,0.139,0.088,-12.9,-32.85,-47.4,2215.0
1787131592.7071402,-3.235,1.324,7.894,3.036,0.053,0.418,-8.1,-25.5,-35.25,1948.0
1787131592.7071872,-2.737,2.452,7.621,3.305,0.22,0.38,-9.0,-23.25,-28.8,1948.0
1787131592.707198,-3.189,3.512,7.353,3.34,0.428,0.469,-6.0,-21.0,-28.8,1948.0
1787131592.911707,-3.141,7.779,7.331,0.772,-0.099,0.589,-1.8,-5.4,-15.0,1108.0
1787131592.9117315,-2.808,8.071,7.827,0.265,-0.099,0.376,-3.45,-5.55,-12.6,1108.0
1787131592.9117424,-2.796,7.829,7.791,-0.287,-0.143,0.163,-2.1,-4.2,-13.2,1108.0
1787131593.1186924,-2.942,6.227,7.061,-1.363,0.024,-0.602,-3.45,-9.0,-16.35,1186.0
1787131593.1187174,-2.974,5.737,7.563,-1.481,0.065,-0.602,-3.6,-10.05,-16.8,1186.0
1787131593.1187284,-3.254,5.686,7.791,-1.647,-0.014,-0.615,-3.45,-13.2,-18.45,1186.0
1787131593.3215413,-2.713,1.803,8.638,-3.32,-0.092,-0.846,-11.7,-28.8,-37.2,1045.0
1787131593.3215647,-3.079,-0.045,9.055,-3.084,-0.011,-0.699,-12.9,-30.45,-40.8,1045.0
1787131593.3215756,-3.299,0.62,8.641,-2.699,0.054,-0.618,-14.4,-30.9,-45.15,1045.0
1787131593.5276783,-2.892,-2.078,7.932,-0.042,-0.14,0.156,-16.2,-31.8,-51.6,2225.0
1787131593.5277035,-2.849,-1.618,7.968,0.052,-0.344,0.046,-15.0,-34.5,-51.3,2225.0
1787131593.5277145,-2.48,-1.487,7.951,0.09,-0.325,0.022,-16.35,-32.4,-54.0,2225.0
1787131593.7310262,-3.112,-1.276,9.67,0.131,0.007,-0.009,-15.9,-33.6,-52.2,2225.0
1787131593.731052,-2.957,-1.142,9.555,0.079,0.023,-0.004,-14.1,-33.6,-49.95,2197.0
1787131593.7310648,-2.897,-1.032,9.491,0.041,-0.001,-0.001,-13.5,-33.45,-51.6,2197.0
1787131593.9353971,-2.753,-0.704,9.139,0.571,-0.111,0.221,-14.4,-33.6,-49.2,2233.0
1787131593.9354217,-2.916,-0.752,9.091,0.772,-0.063,0.287,-13.65,-32.85,-46.35,2176.0
1787131594.1401944,-2.483,4.42,7.867,2.77,0.156,1.214,-6.3,-20.85,-24.15,2151.0
1787131594.1402194,-2.916,5.176,7.752,2.785,0.087,1.246,-4.35,-14.25,-19.8,2151.0
1787131594.1402304,-2.674,5.863,7.956,2.63,-0.077,1.212,-4.35,-11.55,-19.8,2151.0
1787131594.3450582,-2.696,6.364,7.968,-1.082,0.131,-0.685,-1.35,-8.85,-15.75,1128.0
1787131594.3450835,-2.761,6.007,7.793,-1.239,0.089,-0.676,-1.2,-9.0,-15.6,1128.0
1787131594.3450942,-2.756,5.926,7.432,-1.356,0.032,-0.691,-1.95,-10.2,-16.65,1128.0
1787131594.5511637,-2.856,3.378,8.528,-2.537,-0.335,-0.561,-7.95,-23.7,-31.35,1072.0
1787131594.5511887,-3.05,2.33,9.103,-2.647,-0.335,-0.491,-9.3,-27.45,-33.75,1072.0
1787131594.551201,-2.277,1.762,9.268,-2.668,-0.332,-0.485,-11.25,-28.8,-37.65,1072.0
1787131594.754194,-2.387,-0.919,8.746,-0.869,-0.126,-0.159,-13.95,-33.0,-50.85,2226.0
1787131594.754219,-2.167,-1.609,8.751,-0.293,-0.03,0.061,-13.65,-32.85,-51.45,2226.0
1787131594.7542298,-2.313,-1.791,8.674,0.097,-0.052,0.134,-14.7,-33.45,-52.05,2226.0
1787131594.9600115,-2.871,-0.666,9.598,0.274,-0.013,-0.038,-14.1,-32.85,-51.0,2157.0
1787131594.9600365,-2.679,-0.599,9.699,0.1,-0.031,-0.08,-13.5,-32.25,-50.55,2157.0
1787131594.960048,-2.466,-0.828,9.802,-0.013,0.064,-0.049,-13.35,-33.6,-50.7,2157.0
1787131595.1648307,-2.703,-0.977,9.388,-0.187,0.207,-0.04,-14.1,-31.2,-50.7,2174.0
1787131595.1648645,-2.672,-1.044,9.122,-0.103,0.155,-0.039,-13.5,-33.75,-50.85,2174.0
1787131595.164876,-2.459,-1.034,8.985,-0.022,0.124,-0.009,-12.9,-32.4,-51.75,2174.0
1787131595.368445,-2.77,1.645,7.099,3.582,-0.335,0.882,-8.7,-27.6,-36.15,2088.0
1787131595.3684692,-1.195,2.018,7.345,3.515,0.127,1.023,-8.7,-24.9,-33.9,2088.0
1787131595.36848,-2.239,3.589,7.046,3.673,0.636,1.228,-5.7,-21.75,-28.8,2088.0
1787131595.573133,-2.995,7.647,7.681,0.976,0.17,0.1,0.45,-6.75,-14.85,1070.0
1787131595.778353,-3.328,5.198,7.594,-2.153,-0.19,-0.716,-2.1,-13.8,-21.3,1167.0
1787131595.7783782,-3.266,4.851,7.673,-2.373,-0.304,-0.688,-4.2,-18.3,-24.0,1167.0
1787131595.7783895,-3.036,4.338,8.006,-2.415,-0.316,-0.611,-4.95,-19.5,-25.2,962.0
1787131595.9826536,-3.139,0.134,8.842,-1.509,0.092,-0.372,-10.95,-31.5,-43.5,1981.0
1787131595.9826794,-3.091,-0.223,8.861,-1.131,0.038,-0.291,-12.15,-32.4,-44.85,1981.0
1787131595.9826903,-3.021,-0.192,8.703,-0.893,-0.031,-0.274,-12.45,-33.0,-44.25,2209.0
1787131596.1887648,-3.177,-1.008,9.256,-0.49,-0.113,-0.161,-13.5,-33.45,-51.6,2211.0
1787131596.1888382,-2.887,-1.154,9.201,-0.49,-0.019,-0.14,-14.85,-33.9,-52.2,2211.0
1787131596.1888497,-2.861,-1.583,9.407,-0.326,0.119,-0.09,-12.6,-34.35,-52.2,2225.0
1787131596.392056,-2.954,-1.271,8.942,0.203,0.003,0.061,-14.85,-33.15,-52.5,2208.0
1787131596.3920813,-2.99,-1.149,8.782,0.193,0.012,0.064,-13.35,-33.6,-52.95,2208.0
1787131596.3920922,-3.251,-1.207,8.961,0.156,-0.007,0.08,-14.7,-32.55,-51.3,2241.0
1787131596.5972688,-2.945,-0.922,9.158,1.202,-0.08,0.405,-12.6,-33.9,-49.95,2179.0
1787131596.5972934,-2.72,-0.998,8.997,1.709,-0.132,0.531,-12.9,-32.4,-47.4,2179.0
1787131596.5973043,-2.665,-0.237,8.444,2.285,-0.142,0.616,-11.7,-31.8,-45.75,2157.0
1787131596.8013616,-3.041,3.68,7.688,3.187,0.512,0.955,-6.3,-20.1,-24.9,1262.0
1787131596.8013859,-3.11,4.69,7.444,2.917,0.276,0.833,-4.2,-16.8,-21.75,1262.0
1787131596.8013968,-3.002,5.351,7.444,2.639,0.216,0.783,-3.6,-15.0,-21.3,1262.0
1787131597.0065963,-2.433,7.786,6.993,-0.148,0.037,-0.167,0.45,-4.05,-12.6,1027.0
1787131597.0066216,-2.583,7.609,6.914,-0.334,0.052,-0.249,-0.9,-2.85,-13.65,1027.0
1787131597.2086596,-3.074,4.875,7.867,-2.677,-0.218,-0.736,-4.2,-16.35,-22.95,1148.0
1787131597.4161868,-3.045,-0.656,9.06,-0.75,-0.03,-0.14,-11.85,-33.6,-49.95,2239.0
1787131597.4162126,-3.036,-0.668,8.777,-0.437,-0.065,-0.047,-12.75,-33.0,-48.3,2239.0
1787131597.4162235,-2.969,-0.972,8.971,-0.277,-0.014,0.006,-12.9,-33.15,-49.2,2239.0
1787131597.6201992,-3.045,-0.656,9.064,-0.012,-0.047,-0.016,-12.0,-29.85,-50.1,2220.0
1787131597.6202228,-3.1,-0.618,9.187,-0.074,0.009,-0.019,-13.5,-32.55,-50.55,2220.0
1787131597.620234,-3.141,-0.754,9.266,-0.068,0.047,-0.013,-12.9,-35.1,-50.4,2220.0
1787131597.824859,-2.919,-0.795,8.741,1.447,-0.048,0.375,-13.2,-31.8,-47.55,2209.0
1787131597.8248835,-3.165,-0.105,8.768,1.653,-0.248,0.233,-12.75,-31.8,-43.95,2209.0
1787131597.824895,-2.89,0.716,8.452,1.811,-0.277,0.208,-10.8,-30.9,-42.6,2209.0
1787131598.029782,-3.165,3.445,8.253,1.98,0.401,0.394,-6.0,-20.25,-25.5,1801.0
1787131598.0298064,-3.014,3.982,8.514,1.761,0.403,0.338,-5.55,-18.45,-25.35,916.0
1787131598.0298176,-3.582,4.791,8.406,1.543,0.336,0.316,-3.6,-17.7,-23.1,916.0
1787131598.2341692,-3.326,6.12,7.156,0.486,0.053,0.085,-3.9,-9.75,-15.9,1136.0
1787131598.2341928,-3.455,6.175,6.946,0.38,0.053,0.044,-1.8,-9.6,-17.25,1155.0
1787131598.2342036,-3.036,5.49,7.094,0.374,0.088,0.023,-1.05,-7.65,-16.05,1155.0
1787131598.439049,-2.971,6.443,7.63,-0.567,-0.084,-0.237,-4.35,-10.05,-15.75,1152.0
1787131598.439074,-3.091,6.275,7.999,-0.824,-0.096,-0.302,-2.85,-11.55,-15.75,1152.0
1787131598.4390845,-3.299,6.304,8.159,-1.227,-0.114,-0.371,-3.9,-12.15,-16.35,1112.0
1787131598.6461713,-2.942,2.195,8.334,-2.83,-0.131,-0.586,-7.5,-30.3,-37.2,979.0
1787131598.6462045,-2.947,0.936,8.693,-2.536,0.018,-0.531,-10.8,-30.15,-40.8,979.0
1787131598.6462111,-3.038,0.187,8.576,-2.164,0.164,-0.518,-10.05,-30.15,-43.35,2141.0
1787131598.8471546,-3.031,-2.121,8.638,-0.403,0.141,-0.132,-15.15,-35.1,-52.95,2219.0
1787131599.053495,-3.112,-1.082,9.325,-0.113,0.016,-0.069,-14.25,-34.2,-53.4,2214.0
1787131599.0535188,-3.026,-1.219,9.404,-0.14,0.078,-0.055,-13.35,-33.15,-53.25,2214.0
1787131599.0535302,-3.275,-1.372,9.38,-0.093,0.08,-0.022,-12.9,-33.15,-53.25,2214.0
1787131599.2579947,-3.136,-1.463,8.732,0.469,-0.072,0.186,-12.15,-32.85,-52.2,2274.0
1787131599.2580197,-3.129,-1.688,8.765,0.736,-0.067,0.283,-14.25,-33.0,-51.6,2274.0
1787131599.258031,-3.187,-1.865,8.696,1.265,-0.052,0.41,-12.75,-33.0,-50.55,2274.0
1787131599.462596,-3.622,4.386,8.696,2.062,0.287,0.419,-6.3,-18.9,-28.2,2225.0
1787131599.4626205,-3.551,4.403,9.05,1.734,0.238,0.358,-5.85,-18.45,-27.15,2225.0
1787131599.462632,-3.311,4.482,9.091,1.571,0.256,0.309,-5.85,-17.4,-22.8,2225.0
1787131599.67912,-2.899,5.416,7.453,0.062,-0.012,0.063,-4.05,-11.55,-18.75,1136.0
1787131599.6791446,-2.978,5.294,7.357,0.073,0.012,0.064,-4.05,-10.8,-18.3,1136.0
1787131599.6791558,-3.06,5.509,7.199,0.084,0.028,0.034,-2.7,-12.9,-18.9,1136.0
1787131599.872642,-3.342,5.729,7.858,-1.005,-0.026,-0.513,-4.05,-14.25,-19.05,1102.0
1787131599.8726678,-3.402,5.183,8.317,-1.348,-0.059,-0.595,-4.95,-14.85,-19.65,1102.0
1787131599.8726792,-3.519,5.162,8.519,-1.643,-0.107,-0.662,-4.05,-14.55,-22.05,1102.0
1787131600.0841544,-3.249,1.913,9.117,-2.964,-0.402,-0.442,-10.2,-27.9,-37.2,936.0
1787131600.0841792,-3.196,1.219,8.794,-2.805,-0.473,-0.407,-12.0,-31.05,-39.9,2040.0
1787131600.08419,-2.806,0.915,8.856,-2.586,-0.46,-0.404,-10.8,-30.9,-43.65,2040.0
1787131600.2822192,-3.141,-2.593,8.25,-1.096,-0.063,-0.25,-15.6,-33.9,-58.5,2233.0
1787131600.2822447,-2.634,-3.747,8.526,-0.704,-0.072,-0.023,-15.15,-34.35,-58.8,2240.0
1787131600.2822556,-2.464,-3.491,8.43,-0.254,-0.038,0.184,-15.0,-33.75,-59.7,2240.0
1787131600.4858818,-2.796,-2.581,9.084,0.07,0.031,-0.046,-15.6,-34.35,-58.8,2205.0
1787131600.4859068,-2.851,-2.619,9.136,0.135,0.082,0.033,-15.0,-33.75,-59.4,2205.0
1787131600.6908474,-2.784,-1.638,8.066,2.133,0.005,0.31,-13.5,-34.2,-52.35,2243.0
1787131600.6908956,-2.866,-0.871,7.908,2.555,0.067,0.359,-13.5,-32.25,-49.8,2243.0
1787131600.6909065,-2.705,-0.024,7.918,2.693,0.112,0.236,-11.85,-31.2,-44.85,2243.0
1787131600.8961544,-3.974,5.557,8.174,2.069,0.164,0.709,-3.45,-15.15,-23.7,825.0
1787131600.8961794,-4.027,5.629,8.25,1.694,0.106,0.632,-5.1,-16.2,-21.6,825.0
1787131600.8961904,-3.45,6.862,8.583,1.266,0.064,0.571,-3.45,-14.85,-17.7,1099.0
1787131601.1007726,-3.376,5.653,7.391,-0.124,0.009,0.001,-2.1,-10.05,-16.5,1120.0
1787131601.1007977,-3.304,5.646,7.111,-0.235,-0.059,0.027,-1.95,-10.2,-15.9,1120.0
1787131601.10081,-3.201,5.533,7.111,-0.297,-0.126,0.026,-2.1,-9.6,-15.75,1120.0
1787131601.3057826,-3.79,4.475,8.892,-3.217,-0.104,-1.097,-7.05,-20.4,-26.1,951.0
1787131601.3058076,-3.895,3.223,9.031,-3.293,-0.119,-1.025,-9.45,-24.9,-29.85,951.0
1787131601.3058183,-3.579,2.638,9.34,-3.268,-0.241,-1.017,-9.0,-25.2,-33.6,951.0
1787131601.5105202,-2.411,-2.2,7.822,-0.934,-0.116,-0.109,-15.15,-32.4,-55.8,2262.0
1787131601.5105472,-2.521,-2.418,7.824,-0.61,-0.043,0.018,-15.45,-33.75,-57.15,2262.0
1787131601.5105596,-2.701,-2.641,7.824,-0.277,-0.04,0.117,-15.75,-34.2,-55.65,2262.0
1787131601.71516,-2.88,-2.174,9.1,0.358,-0.072,0.086,-15.6,-31.95,-55.8,2214.0
1787131601.715184,-3.012,-2.176,9.4,0.41,-0.029,0.091,-16.35,-34.35,-55.05,2214.0
1787131601.7151947,-3.11,-2.033,9.522,0.389,-0.015,0.044,-14.1,-33.6,-54.75,2214.0
1787131601.918783,-2.495,-0.522,8.648,1.591,-0.379,0.606,-12.0,-32.25,-47.25,2177.0
1787131601.918807,-2.547,-0.122,8.454,1.719,-0.36,0.646,-11.7,-31.05,-46.5,2177.0
1787131602.1236289,-1.872,3.579,8.607,1.986,0.037,0.459,-6.45,-21.75,-28.5,1887.0
1787131602.1236532,-1.997,4.386,8.298,1.75,0.347,0.407,-4.2,-15.6,-24.75,1887.0
1787131602.3288774,-2.289,7.108,7.547,-0.201,-0.012,-0.091,-1.05,-5.7,-14.7,1169.0
1787131602.3289006,-2.286,6.965,7.556,-0.424,0.004,-0.166,-1.65,-9.0,-14.85,1138.0
1787131602.3289113,-2.358,6.931,7.484,-0.584,0.026,-0.217,-1.35,-6.45,-13.2,1138.0
1787131602.5399053,-2.909,4.345,8.226,-2.453,-0.184,-0.491,-5.85,-17.7,-24.9,1224.0
1787131602.5399296,-3.005,4.207,8.282,-2.901,-0.318,-0.645,-4.2,-19.05,-26.55,1524.0
1787131602.5399404,-2.2,3.697,8.076,-3.156,-0.145,-0.572,-4.8,-21.6,-31.2,1524.0
1787131602.7394042,-2.339,-0.962,8.72,-0.925,-0.106,-0.097,-10.95,-32.55,-49.8,2197.0
1787131602.73943,-2.332,-1.293,8.59,-0.463,-0.056,0.095,-10.05,-32.4,-51.45,2174.0
1787131602.7394407,-2.691,-0.931,8.471,-0.025,-0.064,0.16,-8.7,-33.75,-51.6,2174.0
1787131602.9436076,-2.583,-0.421,9.833,0.046,0.08,-0.136,-9.75,-34.2,-48.3,2125.0
1787131602.9436328,-2.626,-0.476,10.036,-0.043,0.135,-0.108,-8.55,-33.15,-50.4,2133.0
1787131602.9436438,-2.732,-0.424,10.046,-0.147,0.087,-0.132,-9.3,-33.9,-49.2,2133.0
1787131603.1481943,-2.856,-0.646,8.964,-0.417,0.115,-0.147,-10.95,-33.0,-52.05,2173.0
1787131603.1482172,-2.763,-1.13,9.091,-0.276,0.119,-0.097,-10.35,-32.85,-51.75,2173.0
1787131603.148223,-2.55,-1.302,8.933,-0.065,0.105,-0.007,-10.8,-33.9,-52.5,2158.0
1787131603.3528917,-1.982,0.879,6.929,3.994,0.17,0.687,-7.8,-27.75,-37.5,2201.0
1787131603.3529162,-1.537,2.251,6.673,4.388,0.466,1.034,-8.25,-26.85,-36.6,2201.0
1787131603.3529272,-2.636,3.194,6.146,4.739,0.535,1.336,-3.45,-22.5,-29.25,2201.0
1787131603.5569246,-2.983,6.946,8.99,-0.64,0.118,-0.488,-0.9,-9.0,-16.65,1136.0
1787131603.5569928,-3.158,6.63,8.543,-0.867,0.068,-0.477,-1.2,-9.75,-16.35,1136.0
1787131603.5570045,-3.005,6.002,8.167,-1.174,-0.032,-0.517,-2.4,-9.45,-18.45,1152.0
1787131603.7614896,-2.873,3.876,7.891,-2.407,-0.141,-0.95,-6.6,-22.35,-26.85,1045.0
1787131603.9666576,-2.964,-0.558,8.535,0.044,-0.146,0.036,-14.1,-32.85,-49.2,2205.0
1787131603.9666827,-3.067,-0.381,8.552,-0.009,-0.176,0.037,-12.9,-30.9,-49.2,2205.0
1787131603.9666934,-3.132,-0.417,8.882,-0.035,-0.138,0.05,-14.4,-32.4,-47.7,2205.0
1787131604.1716287,-3.045,-0.46,9.591,0.145,0.033,0.037,-14.1,-31.2,-47.7,2229.0
1787131604.1716537,-2.947,-0.417,9.443,0.235,0.065,0.051,-13.35,-31.2,-47.4,2229.0
1787131604.1716645,-3.122,-0.232,9.325,0.276,0.046,0.042,-15.15,-31.2,-47.4,2229.0
1787131604.3760777,-3.259,0.591,8.882,0.696,-0.023,0.188,-12.15,-29.25,-41.85,2135.0
1787131604.3761055,-3.033,0.713,8.89,0.732,0.022,0.244,-12.75,-30.3,-40.65,2135.0
1787131604.376117,-3.189,0.52,9.036,0.899,0.086,0.308,-12.9,-29.25,-39.3,2135.0
1787131604.5804925,-3.44,4.69,7.187,2.816,0.146,0.976,-6.3,-16.95,-24.6,982.0
1787131604.5805163,-3.129,5.428,7.137,2.334,0.059,0.766,-5.85,-15.75,-20.85,982.0
1787131604.5805278,-3.084,5.318,8.095,1.769,0.137,0.532,-3.6,-13.5,-18.3,982.0
1787131604.7862668,-3.062,5.634,7.898,-0.569,-0.012,-0.222,-2.85,-11.1,-19.5,1161.0
1787131604.786292,-3.017,5.282,7.53,-0.665,-0.027,-0.216,-4.05,-10.35,-19.5,1161.0
1787131604.7863028,-3.062,5.021,7.286,-0.586,-0.024,-0.192,-5.4,-11.4,-19.2,1161.0
1787131604.990011,-3.251,4.427,7.271,-0.345,0.011,-0.157,-5.7,-15.6,-21.45,1139.0
1787131604.9900339,-3.297,4.52,7.412,-0.111,0.012,-0.123,-4.35,-13.8,-21.6,1139.0
1787131604.9900448,-3.189,4.585,7.556,-0.014,0.045,-0.09,-6.3,-15.0,-22.8,1167.0
1787131605.195244,-3.522,4.951,8.207,-0.467,-0.014,-0.184,-6.45,-15.6,-21.75,1048.0
1787131605.195269,-3.632,5.03,8.279,-0.813,-0.059,-0.239,-5.55,-16.5,-22.35,1048.0
1787131605.19528,-3.785,4.891,8.538,-1.185,-0.119,-0.351,-7.05,-16.95,-23.85,914.0
1787131605.3992279,-2.387,-1.35,9.062,-2.051,-0.337,-0.306,-12.9,-31.2,-45.6,1881.0
1787131605.3992531,-2.004,-1.123,8.55,-1.516,0.103,-0.277,-14.1,-33.6,-49.95,2207.0
1787131605.6042678,-2.981,-1.262,9.414,0.379,0.007,0.004,-15.15,-31.95,-52.5,2196.0
1787131605.6042926,-2.78,-1.13,9.4,0.276,-0.04,-0.019,-14.85,-34.8,-52.95,2196.0
1787131605.6043038,-2.65,-1.183,9.55,0.23,0.002,0.006,-15.6,-33.6,-50.7,2196.0
1787131605.8090096,-2.495,-0.297,8.679,1.297,0.027,0.304,-13.65,-31.65,-47.1,2184.0
1787131605.809035,-2.423,-0.041,8.574,1.559,0.036,0.373,-14.25,-30.6,-45.0,2184.0
1787131605.809046,-2.358,0.388,8.31,1.857,0.086,0.46,-11.55,-29.7,-41.55,2184.0
1787131606.0187395,-2.246,4.391,8.092,2.553,0.206,0.951,-5.4,-19.8,-25.2,1534.0
1787131606.0187638,-1.867,4.128,7.956,2.853,0.342,0.923,-5.55,-16.95,-22.8,1534.0
1787131606.018775,-2.634,5.914,7.41,3.144,0.392,0.867,-2.85,-15.0,-21.6,1534.0
1787131606.2185724,-2.497,6.886,7.697,-0.487,0.028,-0.249,0.45,-7.05,-14.1,1118.0
1787131606.2185972,-2.562,6.675,7.496,-0.497,0.011,-0.187,-1.8,-6.9,-15.0,1118.0
1787131606.218608,-2.614,6.546,7.398,-0.598,-0.044,-0.181,-1.05,-7.65,-14.7,1118.0
1787131606.423179,-2.885,4.568,8.195,-2.365,-0.035,-0.816,-6.75,-18.75,-22.5,1224.0
1787131606.423203,-3.136,4.013,8.437,-2.409,-0.05,-0.768,-6.3,-20.85,-27.15,1224.0
1787131606.4232142,-3.086,3.685,8.684,-2.408,-0.137,-0.767,-7.05,-21.6,-29.4,1224.0
1787131606.630232,-3.079,0.29,8.325,-1.302,-0.043,-0.308,-11.55,-33.6,-44.85,2211.0
1787131606.630257,-2.837,-0.031,8.449,-1.16,-0.069,-0.268,-13.5,-31.05,-48.0,2211.0
1787131606.6302686,-2.665,-0.232,8.533,-1.083,-0.082,-0.226,-12.75,-32.55,-47.25,2211.0
1787131606.8332958,-2.875,-1.018,9.38,0.067,0.001,0.068,-12.75,-32.25,-49.35,2212.0
1787131606.833325,-3.024,-0.838,9.309,0.094,0.046,0.026,-12.15,-32.4,-49.95,2212.0
1787131606.8333364,-3.098,-0.836,9.352,0.072,0.048,0.023,-14.4,-33.15,-49.65,2212.0
1787131607.0377352,-2.851,-0.567,9.151,0.308,0.011,0.081,-13.35,-33.9,-48.45,2205.0
1787131607.0377603,-2.794,-0.579,9.17,0.618,-0.009,0.147,-12.15,-32.85,-47.7,2205.0
1787131607.2425346,-2.935,2.466,8.423,2.185,0.292,0.636,-7.2,-23.7,-30.3,2055.0
1787131607.2425594,-2.787,2.784,8.066,2.387,0.342,0.818,-7.2,-22.95,-28.8,2055.0
1787131607.2425702,-3.014,3.002,7.836,2.474,0.3,0.907,-5.4,-20.25,-27.0,1023.0
1787131607.4476993,-2.962,6.079,8.531,-0.181,0.009,-0.092,-3.3,-11.1,-16.8,1196.0
1787131607.4477243,-2.873,5.863,8.349,-0.292,0.019,-0.086,-3.9,-12.9,-18.45,1196.0
1787131607.4477353,-2.72,5.545,8.186,-0.313,0.044,-0.037,-1.95,-10.5,-19.2,1222.0
1787131607.6525834,-2.782,5.409,8.013,-1.075,-0.112,-0.504,-3.15,-15.15,-19.65,1172.0
1787131607.652608,-2.878,5.32,8.38,-1.469,0.016,-0.565,-4.05,-15.0,-22.05,1172.0
1787131607.652622,-2.986,4.978,8.667,-1.852,0.054,-0.622,-3.45,-15.9,-21.15,1167.0
1787131607.8623872,-2.658,-0.077,8.866,-2.006,0.102,-0.352,-12.0,-31.8,-45.3,1936.0
1787131607.8624122,-2.907,-0.263,8.492,-1.663,0.181,-0.317,-12.6,-31.65,-45.15,1936.0
1787131607.8624237,-2.99,-0.594,8.37,-1.242,0.134,-0.276,-12.0,-33.0,-47.25,2200.0
1787131608.062142,-2.921,-1.125,8.873,0.239,-0.052,0.035,-12.75,-32.55,-52.35,2178.0
1787131608.0621676,-2.935,-1.154,9.036,0.314,-0.052,0.074,-12.6,-33.15,-49.95,2178.0
1787131608.0621784,-3.002,-0.998,9.359,0.355,-0.074,0.091,-13.2,-33.45,-49.35,2182.0
1787131608.270144,-3.021,-0.575,9.345,0.901,-0.033,0.2,-12.15,-31.2,-46.35,2212.0
1787131608.2701685,-2.646,-0.321,9.048,1.207,-0.027,0.26,-11.25,-31.05,-44.7,2212.0
1787131608.2701795,-2.904,-0.189,8.765,1.805,-0.014,0.42,-11.85,-30.15,-44.4,2212.0
1787131608.4704862,-2.717,5.291,7.973,2.21,0.103,0.803,-3.3,-16.5,-21.6,1107.0
1787131608.4705105,-2.576,5.306,8.528,1.986,0.023,0.617,-3.3,-13.8,-20.1,1107.0
1787131608.4705217,-2.253,6.388,8.401,1.31,-0.003,0.436,-2.85,-13.05,-19.8,1107.0
1787131608.673135,-2.816,6.127,7.784,-0.826,0.021,-0.343,-3.45,-11.7,-18.45,1188.0
1787131608.8798387,-2.94,0.979,8.909,-1.373,-0.031,-0.32,-11.85,-30.45,-39.6,2114.0
1787131608.8798745,-2.964,0.809,8.727,-1.26,-0.017,-0.274,-10.05,-29.25,-41.85,2114.0
1787131608.8798864,-2.964,0.46,8.945,-1.125,0.004,-0.226,-10.35,-31.65,-43.35,2114.0
1787131609.0846262,-3.038,-0.807,8.99,-0.126,0.025,-0.006,-13.35,-33.15,-49.2,2187.0
1787131609.0846517,-2.942,-0.728,8.806,0.053,-0.032,0.031,-10.95,-32.55,-47.55,2239.0
1787131609.0846624,-2.892,-0.656,8.796,0.162,-0.084,0.04,-12.0,-32.25,-48.3,2239.0
1787131609.289237,-2.895,0.151,9.27,0.364,0.03,0.071,-12.45,-31.8,-44.7,2194.0
1787131609.289262,-2.995,0.115,9.287,0.48,0.01,0.11,-10.2,-33.0,-44.25,2194.0
1787131609.2892745,-3.06,0.163,9.309,0.598,-0.045,0.128,-10.8,-31.95,-44.85,2194.0
1787131609.4945424,-2.598,1.844,7.944,3.117,0.335,0.853,-5.85,-23.55,-31.5,2151.0
1787131609.4945672,-2.837,3.366,7.228,3.055,0.147,0.8,-4.65,-22.2,-28.05,1141.0
1787131609.4945781,-2.368,4.027,7.199,2.895,0.194,0.821,-3.9,-19.05,-25.5,1141.0
1787131609.69873,-2.761,8.212,7.901,0.188,0.038,0.014,0.15,-4.35,-13.65,1154.0
1787131609.6987545,-2.751,7.8,7.934,-0.295,0.048,-0.167,-1.2,-4.05,-13.65,1112.0
1787131609.6987655,-2.72,7.329,7.772,-0.592,0.061,-0.249,0.15,-5.1,-14.85,1112.0
1787131609.90364,-2.792,6.136,7.149,-1.609,-0.022,-0.678,-2.55,-10.35,-16.8,1152.0
1787131609.903665,-3.122,5.713,7.592,-1.746,-0.048,-0.726,-3.15,-11.7,-19.2,1152.0
1787131609.9036758,-3.089,5.507,7.774,-1.991,-0.121,-0.783,-3.9,-12.9,-20.7,1152.0
1787131610.1084504,-2.739,0.622,8.648,-1.772,0.188,-0.462,-9.0,-29.85,-42.75,1998.0
1787131610.108475,-3.033,-0.031,8.631,-1.565,0.177,-0.378,-10.8,-33.6,-45.6,1998.0
1787131610.1084857,-2.703,-0.139,8.554,-1.294,0.122,-0.286,-11.25,-31.5,-45.75,2201.0
1787131610.3113902,-3.196,-0.682,9.328,0.167,0.071,0.024,-12.9,-31.95,-49.95,2219.0
1787131610.5175912,-2.284,1.599,7.532,2.545,-0.117,0.88,-8.1,-27.45,-38.55,2158.0
1787131610.517616,-2.016,1.384,7.786,2.829,0.074,1.072,-6.6,-25.8,-33.45,2158.0
1787131610.5176275,-2.224,2.368,7.659,3.076,0.127,1.188,-6.3,-23.1,-30.9,2158.0
1787131610.722885,-2.689,8.011,8.289,0.724,0.165,0.102,0.9,-7.05,-15.15,1118.0
1787131610.72291,-2.732,8.119,8.162,0.24,0.119,-0.056,-0.9,-4.35,-13.65,1118.0
1787131610.722921,-2.722,8.025,8.076,-0.009,0.057,-0.125,0.6,-5.4,-14.25,1118.0
1787131610.9270916,-3.079,5.619,7.745,-2.027,0.016,-0.819,-0.6,-13.05,-18.3,1179.0
1787131610.9271157,-2.861,5.394,7.621,-2.372,-0.093,-0.916,-1.8,-13.8,-20.55,1179.0
1787131610.92717,-2.638,4.645,7.714,-2.573,-0.085,-0.81,-2.7,-15.6,-22.5,1179.0
1787131611.13262,-2.761,1.302,8.768,-1.53,-0.04,-0.387,-9.3,-28.2,-41.1,2033.0
1787131611.1326447,-2.708,0.599,8.758,-1.344,0.011,-0.322,-9.6,-30.15,-42.6,2033.0
1787131611.132656,-2.77,0.359,8.952,-1.265,0.056,-0.333,-10.8,-31.95,-43.05,2033.0
1787131611.336857,-2.969,-0.474,8.866,-0.188,-0.064,-0.053,-10.5,-31.8,-47.55,2218.0
1787131611.3368812,-2.84,-0.678,9.002,-0.115,-0.04,-0.022,-10.35,-32.4,-48.15,2218.0
1787131611.336892,-2.768,-0.426,8.988,-0.026,-0.011,-0.009,-11.1,-32.85,-49.2,2218.0
1787131611.5409977,-3.065,-0.589,9.21,0.306,-0.06,0.121,-10.8,-33.9,-47.7,2161.0
1787131611.54103,-2.959,-0.496,9.143,0.366,-0.111,0.119,-10.5,-31.8,-48.0,2181.0
1787131611.5410414,-2.732,-0.543,9.072,0.477,-0.087,0.165,-10.5,-33.45,-47.55,2181.0
1787131611.746396,-3.069,4.441,7.393,3.189,0.541,0.805,-3.45,-18.75,-26.25,942.0
1787131611.7464206,-3.349,4.906,7.523,3.066,0.349,0.707,-4.05,-15.0,-23.1,942.0
1787131611.7464318,-3.273,5.128,7.453,2.982,0.204,0.667,-3.45,-14.85,-19.95,942.0
1787131611.948489,-2.538,8.49,7.575,-0.145,-0.068,-0.071,2.55,-1.05,-13.2,1101.0
1787131612.1559184,-3.089,1.848,8.131,-2.294,-0.211,-0.659,-9.3,-27.75,-35.25,853.0
1787131612.1559436,-2.962,1.386,8.282,-2.128,-0.223,-0.647,-9.75,-28.8,-38.7,853.0
1787131612.1559548,-2.67,0.946,8.195,-1.999,-0.196,-0.599,-10.2,-29.55,-39.9,853.0
1787131612.3601904,-2.99,-1.295,8.839,-0.303,0.016,-0.035,-13.35,-32.4,-49.2,2231.0
1787131612.3602152,-3.227,-1.092,8.875,-0.147,-0.05,-0.011,-14.85,-32.4,-49.2,2231.0
1787131612.3602262,-3.012,-1.049,8.789,0.016,-0.056,0.078,-12.6,-32.85,-48.45,2231.0
1787131612.5647006,-3.033,0.541,8.226,2.335,-0.004,0.476,-10.95,-31.05,-41.7,2247.0
1787131612.5647264,-2.818,1.441,7.666,2.408,0.017,0.45,-8.25,-27.6,-37.2,2247.0
1787131612.5647373,-2.974,1.369,7.889,2.468,0.152,0.558,-9.45,-26.1,-36.15,2247.0
1787131612.7696168,-3.388,6.503,8.236,0.979,0.146,0.317,-1.65,-11.4,-17.7,1088.0
1787131612.7696452,-3.443,6.704,8.27,0.609,0.121,0.15,-1.05,-11.55,-17.55,1088.0
1787131612.7696564,-3.584,6.675,8.294,0.319,0.089,0.038,-1.65,-10.2,-15.9,1088.0
1787131612.974118,-3.16,6.069,7.195,-0.682,-0.1,-0.269,-2.1,-8.4,-16.05,1133.0
1787131612.9741411,-3.27,6.412,7.204,-1.038,-0.086,-0.461,-2.4,-10.95,-16.05,1133.0
1787131612.9741526,-3.254,6.227,7.752,-1.377,-0.038,-0.554,-2.55,-10.8,-16.8,1133.0
1787131613.1797462,-3.634,3.496,8.729,-3.286,-0.507,-0.724,-7.95,-26.1,-32.55,838.0
1787131613.179771,-3.345,2.55,8.957,-3.203,-0.492,-0.775,-8.85,-26.55,-37.8,838.0
1787131613.179782,-2.617,0.898,8.631,-3.33,-0.422,-0.907,-11.25,-29.1,-39.15,838.0
1787131613.3842103,-3.333,-1.501,8.064,-0.216,-0.184,-0.185,-14.85,-32.85,-51.75,2258.0
1787131613.384236,-2.873,-1.528,8.088,-0.047,-0.217,-0.132,-15.9,-32.4,-51.45,2258.0
1787131613.3842475,-2.433,-1.824,8.238,0.18,-0.056,-0.012,-14.1,-34.35,-52.2,2258.0
1787131613.5876603,-3.407,-1.056,9.301,0.445,0.027,0.175,-16.5,-32.25,-48.75,2243.0
1787131613.587685,-3.646,-0.627,9.069,0.796,-0.088,0.326,-14.25,-32.25,-48.75,2243.0
1787131613.7949343,-2.804,-0.625,8.514,2.059,-0.067,0.768,-12.9,-31.2,-44.4,2221.0
1787131613.7949588,-2.717,-0.158,8.088,2.505,-0.105,0.957,-12.0,-28.8,-40.2,2221.0
1787131613.7949696,-2.959,1.269,7.532,2.807,-0.175,1.123,-10.95,-28.8,-40.65,2221.0
1787131613.9982793,-2.54,5.995,7.609,-1.073,0.136,-0.634,-1.05,-7.65,-15.75,1137.0
1787131613.9983048,-2.72,6.026,7.355,-1.204,0.012,-0.689,-1.95,-9.75,-15.9,1191.0
1787131613.998316,-2.346,5.588,7.314,-1.378,0.003,-0.745,-1.95,-10.5,-15.9,1191.0
1787131614.2031312,-3.261,2.313,8.825,-2.021,0.33,-0.785,-7.5,-25.2,-33.6,1057.0
1787131614.2031562,-3.663,2.116,8.672,-1.773,0.353,-0.717,-9.3,-27.45,-34.95,1057.0
1787131614.2031674,-3.373,1.566,8.947,-1.645,0.263,-0.683,-9.0,-26.85,-36.15,1057.0
1787131614.4073737,-3.747,0.213,8.466,-0.349,-0.061,-0.211,-11.7,-31.5,-43.95,2087.0
1787131614.4073985,-3.785,0.316,8.617,-0.392,-0.119,-0.228,-11.85,-31.95,-43.65,2250.0
1787131614.4074092,-3.527,0.278,8.799,-0.365,-0.057,-0.223,-12.45,-33.0,-44.25,2250.0
1787131614.6129286,-2.555,-0.879,8.574,-1.088,1.545,-0.4,-13.65,-32.85,-49.65,2249.0
1787131614.6129532,-1.966,-1.36,7.939,-1.219,2.376,-0.463,-13.5,-32.55,-49.05,2249.0
1787131614.6129642,-1.75,-1.949,7.506,-1.164,3.608,-0.474,-13.95,-34.2,-50.85,2289.0
1787131614.817273,-9.828,-2.246,4.034,-1.061,4.875,0.575,-10.5,-35.25,-52.05,1488.0
1787131614.817298,-9.914,-1.944,3.261,-0.882,4.092,0.667,-9.45,-34.95,-53.85,1488.0
1787131614.8173096,-10.604,-1.891,2.701,-0.654,3.36,0.753,-7.05,-35.55,-55.05,1488.0
1787131615.0219617,-9.91,-1.781,-0.213,0.176,0.055,0.078,-3.15,-34.5,-59.4,1278.0
1787131615.0221398,-10.238,-1.714,-0.012,0.25,-0.017,0.034,-1.8,-35.1,-60.6,1278.0
1787131615.0221472,-10.123,-1.721,0.306,0.267,-0.114,0.006,-1.65,-36.15,-58.95,1310.0
1787131615.2239826,-9.764,-1.147,1.025,-0.138,0.118,0.087,-4.05,-35.1,-56.55,1315.0
1787131615.4314058,-10.939,-1.523,-1.389,5.096,-0.651,1.08,-1.05,-29.25,-41.85,1353.0
1787131615.4314306,-9.752,1.537,-2.612,5.466,-1.144,1.463,0.9,-25.2,-36.6,1353.0
1787131615.431441,-9.227,0.702,-1.638,5.257,-1.61,1.455,1.8,-22.8,-31.5,1353.0
1787131615.6354814,-9.881,3.345,3.371,0.051,0.146,-0.368,7.05,-6.45,-16.05,207.0
1787131615.6355073,-9.895,2.746,3.318,-0.376,0.068,-0.318,7.5,-5.1,-14.4,207.0
1787131615.6355193,-9.871,2.425,3.16,-0.698,-0.06,-0.265,5.1,-6.45,-15.45,207.0
1787131615.8403924,-9.515,0.328,0.936,-3.014,0.587,-1.186,1.8,-21.6,-27.15,557.0
1787131615.8404174,-9.002,-0.453,0.857,-3.018,0.781,-1.216,0.45,-24.15,-32.1,557.0
1787131615.8404286,-9.816,-1.113,0.869,-2.669,0.871,-1.179,-1.35,-25.8,-36.3,557.0
1787131616.0452993,-9.304,-1.731,-0.723,-0.117,-0.105,-0.016,-4.05,-31.2,-44.85,1389.0
1787131616.0453236,-9.052,-1.935,-0.572,-0.056,-0.098,-0.007,-5.55,-31.2,-44.85,1389.0
1787131616.0453346,-8.681,-2.191,-0.378,0.078,0.101,0.062,-3.3,-31.65,-45.15,1389.0
1787131616.2503405,-9.967,-1.686,-0.014,-0.008,0.022,0.038,-4.8,-30.45,-43.65,1360.0
1787131616.2503662,-9.895,-1.683,0.053,-0.056,0.108,0.012,-2.55,-31.65,-43.65,1360.0
1787131616.2503777,-9.826,-1.609,-0.019,-0.083,0.196,-0.005,-1.8,-31.65,-44.4,1360.0
1787131616.4551578,-9.637,-1.786,-0.014,-0.186,0.11,0.073,-2.85,-31.95,-44.4,1328.0
1787131616.4551923,-9.608,-1.676,-0.113,-0.153,0.098,0.052,-3.3,-30.9,-43.65,1328.0
1787131616.4551988,-9.424,-1.319,-0.235,-0.285,0.133,-0.01,-1.35,-30.45,-45.6,1357.0
1787131616.6657898,-9.369,-1.762,-0.534,-0.545,0.589,-0.07,0.0,-31.2,-48.9,1378.0
1787131616.665816,-9.677,-1.724,-0.682,-0.672,0.604,-0.08,-1.2,-32.55,-49.8,1378.0
1787131616.6658268,-9.491,-1.992,-0.962,-0.716,0.705,-0.011,0.15,-33.45,-50.55,1363.0
1787131616.8655946,-9.321,-1.475,-3.175,0.443,-0.1,0.17,-0.45,-34.5,-56.1,1380.0
1787131616.8656201,-9.1,-2.198,-3.065,0.799,-0.111,0.271,-1.05,-33.6,-54.75,1380.0
1787131616.8656313,-9.273,-2.263,-2.851,1.381,-0.209,0.501,-1.35,-33.9,-55.05,1380.0
1787131617.0688086,-9.39,0.163,-1.19,3.642,-0.598,1.164,6.6,-16.5,-24.15,488.0
1787131617.0688336,-8.657,0.876,-0.4,2.677,-0.321,0.731,8.7,-10.5,-20.7,488.0
1787131617.0688446,-9.131,1.288,0.632,1.656,0.074,0.411,9.75,-10.5,-18.15,488.0
1787131617.273275,-10.295,-0.019,-0.364,-2.586,0.403,-0.85,7.2,-17.1,-24.75,242.0
1787131617.2732995,-10.068,0.127,-0.941,-2.788,0.498,-0.914,6.0,-18.75,-28.05,242.0
1787131617.2733102,-9.661,-0.362,-0.986,-2.945,0.706,-0.965,4.95,-21.75,-32.1,242.0
1787131617.4783368,-9.574,-1.396,-2.38,-1.037,0.335,-0.115,0.15,-32.25,-49.05,1382.0
1787131617.478362,-9.22,-1.587,-2.5,-0.741,0.17,-0.094,-1.05,-33.9,-50.4,1382.0
1787131617.4783728,-9.476,-1.293,-2.995,-0.551,0.059,-0.066,0.0,-31.95,-51.75,1382.0
1787131617.6831114,-9.629,-1.463,-2.294,-0.098,-0.158,-0.038,-0.45,-31.8,-54.6,1389.0
1787131617.6831448,-9.601,-1.755,-2.03,0.101,-0.035,0.051,0.0,-34.35,-53.25,1389.0
1787131617.6831517,-9.742,-1.539,-2.116,0.18,-0.021,0.067,-0.6,-30.9,-54.45,1389.0
1787131617.888226,-9.934,-1.516,-2.009,0.68,-0.338,0.163,0.0,-31.65,-51.45,1369.0
1787131617.888249,-10.022,-1.556,-2.102,0.996,-0.516,0.261,-0.6,-31.2,-48.9,1369.0
1787131617.8882546,-10.039,-1.997,-2.071,1.538,-0.653,0.4,-0.3,-30.9,-48.9,1369.0
1787131618.0922716,-8.32,-0.453,-0.292,2.773,-0.473,0.975,4.65,-18.75,-27.0,505.0
1787131618.0923407,-8.748,0.311,-0.007,2.526,-0.188,0.797,5.55,-15.0,-24.6,505.0
1787131618.0923529,-9.448,1.008,0.431,2.041,-0.036,0.608,6.3,-16.2,-23.55,505.0
1787131618.2972252,-10.348,0.97,0.752,-1.283,0.013,-0.38,6.75,-13.65,-20.7,225.0
1787131618.2972505,-10.163,0.553,0.644,-1.71,0.068,-0.544,7.35,-13.8,-20.55,225.0
1787131618.2972622,-10.032,0.632,0.445,-1.983,0.244,-0.703,6.6,-16.2,-23.1,225.0
1787131618.5014248,-9.493,-2.109,-1.446,-1.925,0.879,-0.624,-0.45,-31.8,-49.05,1379.0
1787131618.501449,-9.902,-1.788,-2.085,-0.663,0.527,-0.13,-2.4,-32.25,-51.6,1379.0
1787131618.7064471,-9.608,-1.544,-1.037,0.129,-0.005,0.007,-1.8,-30.45,-52.95,1348.0
1787131618.7064717,-9.9,-1.238,-1.166,0.036,0.012,0.008,-1.95,-31.05,-52.8,1348.0
1787131618.706494,-9.905,-1.276,-1.185,-0.064,0.042,0.025,-0.45,-33.75,-51.6,1365.0
1787131618.9132686,-9.689,-1.618,-1.264,0.152,0.018,0.039,-2.85,-31.65,-49.95,1366.0
1787131618.9132936,-9.692,-1.748,-1.286,0.344,-0.019,0.08,-3.15,-31.8,-50.85,1366.0
1787131618.9133043,-9.661,-1.439,-1.556,0.496,-0.068,0.07,-2.4,-33.45,-50.85,1364.0
1787131619.11569,-8.746,-0.8,-2.306,3.648,-1.25,1.464,4.65,-22.2,-32.1,1364.0
1787131619.1157138,-8.444,-0.287,-1.604,3.71,-0.98,1.525,4.65,-19.05,-26.25,1364.0
1787131619.115726,-8.693,0.306,-1.168,3.422,-0.641,1.395,7.05,-15.75,-22.35,490.0
1787131619.3210652,-11.044,1.391,0.771,-0.935,-0.072,-0.148,9.6,-8.1,-18.0,192.0
1787131619.3210926,-10.582,1.176,0.599,-1.172,-0.07,-0.281,8.7,-8.7,-18.45,192.0
1787131619.3211038,-10.625,0.991,0.395,-1.611,0.106,-0.614,8.1,-9.6,-18.3,205.0
1787131619.5255878,-9.457,-0.522,-1.441,-2.924,0.88,-1.228,2.1,-27.45,-41.1,491.0
1787131619.5256116,-9.1,-1.362,-1.707,-2.67,0.892,-1.016,-0.3,-29.25,-44.1,491.0
1787131619.5256226,-9.167,-2.253,-1.719,-2.342,0.861,-0.816,-2.4,-31.8,-46.05,1415.0
1787131619.7322636,-9.22,-2.267,-2.523,-0.001,-0.269,0.226,-3.15,-32.55,-55.35,1368.0
1787131619.7322893,-9.44,-1.659,-2.591,0.003,-0.365,0.03,-4.65,-33.0,-54.15,1368.0
1787131619.7323003,-8.961,-1.324,-2.552,-0.187,-0.311,-0.073,-3.9,-32.55,-54.9,1368.0
1787131619.934753,-9.73,-1.539,-1.743,-0.245,0.027,0.061,-4.05,-32.85,-54.45,1354.0
1787131619.9347775,-9.79,-1.374,-1.865,-0.203,0.047,0.013,-2.7,-33.75,-56.4,1354.0
1787131619.9347892,-9.974,-1.061,-1.93,-0.315,0.042,-0.025,-2.4,-33.0,-57.15,1354.0
1787131620.1400826,-9.706,-1.568,-2.387,0.101,-0.306,0.161,-1.2,-33.0,-60.15,1315.0
1787131620.3448744,-8.686,-0.199,-1.247,3.518,-0.913,0.958,5.55,-20.1,-27.9,1305.0
1787131620.3448985,-8.701,0.421,-0.304,2.263,-0.233,0.459,6.3,-18.15,-25.35,465.0
1787131620.34491,-8.569,0.084,0.728,1.478,0.231,0.129,5.85,-15.0,-23.55,465.0
1787131620.5529048,-10.381,-0.093,-1.077,-2.11,0.098,-0.568,4.95,-21.0,-28.8,509.0
1787131620.55293,-9.977,-0.819,-1.14,-2.268,0.286,-0.559,4.35,-23.85,-30.9,509.0
1787131620.5529413,-9.926,-0.795,-1.348,-2.239,0.432,-0.624,3.6,-25.05,-34.5,509.0
1787131620.75393,-9.27,-1.48,-1.468,-1.72,-0.24,-0.125,-0.6,-33.15,-54.0,1344.0
1787131620.753955,-9.232,-1.468,-1.731,-1.472,-0.162,-0.132,-1.65,-31.5,-55.35,1344.0
1787131620.7539659,-8.825,-1.343,-1.875,-1.296,0.026,-0.097,-1.65,-33.45,-57.9,1344.0
1787131620.9591603,-9.519,-1.628,-1.324,-0.205,-0.208,-0.021,-1.95,-32.55,-60.75,1303.0
1787131620.9591908,-9.742,-1.595,-1.295,-0.03,-0.078,0.029,-3.6,-31.65,-60.3,1300.0
1787131620.959197,-9.783,-1.329,-1.288,0.023,-0.011,0.034,-2.1,-32.4,-60.6,1300.0
1787131621.1636405,-9.723,-1.164,-1.286,0.191,-0.033,-0.016,-2.55,-32.4,-59.1,1292.0
1787131621.1636658,-9.675,-1.099,-1.231,0.175,-0.042,0.01,-2.1,-33.9,-59.55,1293.0
1787131621.1636775,-9.716,-1.147,-1.271,0.152,-0.049,0.038,-2.4,-31.5,-57.45,1293.0
1787131621.3683336,-9.807,-1.391,-1.125,0.313,-0.019,0.09,-1.95,-33.0,-57.45,1302.0
1787131621.3683586,-9.787,-1.393,-1.252,0.444,-0.019,0.087,-2.55,-33.15,-57.0,1302.0
1787131621.3683693,-9.991,-1.618,-1.219,0.601,-0.093,0.089,-1.95,-32.25,-56.85,1302.0
1787131621.5725975,-8.088,-0.352,-1.223,2.766,-0.275,0.391,2.85,-22.8,-31.95,1353.0
1787131621.5726223,-8.126,-0.584,-0.46,2.464,0.29,0.26,3.15,-21.75,-29.25,1353.0
1787131621.5726335,-8.631,-0.084,-0.031,2.111,0.64,0.064,3.3,-19.2,-27.9,510.0
1787131621.7772465,-10.494,-0.01,0.172,-0.086,-0.275,0.084,6.3,-12.75,-20.55,225.0
1787131621.7772717,-10.008,-0.237,-0.005,-0.279,-0.086,-0.125,5.85,-13.5,-20.1,213.0
1787131621.9826024,-10.403,-1.422,-1.595,-2.525,0.339,-0.659,0.45,-28.35,-39.45,419.0
1787131621.982628,-9.962,-1.719,-1.487,-2.318,0.228,-0.494,-1.05,-30.15,-44.85,419.0
1787131621.982639,-9.464,-2.382,-1.599,-1.872,0.211,-0.368,-1.2,-29.85,-44.7,419.0
1787131622.1867855,-9.076,-1.992,-1.894,-0.046,-0.283,-0.038,-3.6,-31.95,-50.7,1358.0
1787131622.1868112,-9.036,-2.116,-1.592,0.035,-0.086,0.039,-4.05,-30.45,-51.45,1358.0
1787131622.3920772,-9.759,-1.695,-1.336,-0.016,0.017,0.018,-3.15,-32.55,-50.55,1374.0
1787131622.3921015,-9.79,-1.654,-1.35,-0.047,-0.013,0.013,-2.1,-31.65,-48.45,1374.0
1787131622.3921125,-9.62,-1.853,-1.372,0.008,-0.018,0.013,-2.85,-31.2,-49.65,1374.0
1787131622.5967386,-10.329,-1.59,-2.313,2.64,-0.778,0.756,0.9,-25.2,-38.7,1381.0
1787131622.5967631,-9.39,-0.982,-1.745,2.553,-0.963,0.631,1.35,-22.35,-36.3,1381.0
1787131622.596774,-8.708,-1.204,-1.31,2.459,-0.783,0.64,0.9,-24.15,-32.1,1381.0
1787131622.801187,-9.567,0.397,0.737,1.287,-0.113,0.514,7.35,-10.35,-19.5,194.0
1787131622.8012075,-9.773,0.486,0.692,0.915,-0.021,0.341,6.0,-10.95,-18.9,194.0
1787131622.8012135,-9.687,0.323,0.824,0.665,0.105,0.206,7.35,-8.1,-17.55,194.0
1787131623.005622,-9.766,0.086,0.283,-2.152,0.441,-1.013,5.1,-14.55,-20.1,249.0
1787131623.0056481,-9.732,-0.057,0.134,-2.507,0.662,-1.079,5.55,-15.45,-23.85,249.0
1787131623.005659,-8.894,-0.443,-0.244,-2.935,0.753,-1.209,4.05,-18.9,-25.35,249.0
1787131623.2141435,-9.574,-2.272,-2.356,-1.16,0.219,-0.318,-0.45,-29.1,-42.75,249.0
1787131623.2141688,-9.294,-2.411,-2.43,-0.763,0.073,-0.285,-1.2,-30.3,-43.5,249.0
1787131623.2141795,-9.134,-1.994,-2.722,-0.52,0.077,-0.221,-1.35,-31.95,-44.4,249.0
1787131623.4135525,-9.73,-1.946,-1.966,-0.055,-0.03,0.077,-3.3,-30.45,-49.2,1404.0
1787131623.6200762,-9.553,-1.798,-1.932,0.053,-0.114,0.082,-2.1,-31.2,-47.1,1457.0
1787131623.6201055,-9.546,-1.769,-1.87,-0.045,-0.131,0.034,-1.95,-29.55,-46.8,1457.0
1787131623.6201165,-9.498,-1.92,-1.781,-0.051,-0.09,0.053,-0.9,-31.5,-47.55,1457.0
1787131623.8246891,-9.847,-2.155,-1.712,0.817,-0.195,0.225,-2.1,-30.9,-45.6,1391.0
1787131623.824714,-9.754,-2.093,-1.966,1.256,-0.284,0.346,-1.65,-28.35,-43.95,1391.0
1787131623.824725,-10.096,-2.119,-2.088,1.77,-0.437,0.596,-0.6,-27.45,-43.05,1391.0
1787131624.0296683,-9.079,0.306,0.498,2.332,0.295,0.376,5.55,-11.85,-19.05,417.0
1787131624.0296936,-9.606,0.321,0.941,1.77,0.396,0.175,6.75,-9.45,-18.9,417.0
1787131624.0297048,-9.974,0.694,1.271,1.291,0.405,-0.04,7.05,-6.45,-16.8,417.0
1787131624.234442,-10.06,-0.51,-0.45,-1.858,0.37,-0.976,6.6,-13.05,-20.55,185.0
1787131624.234467,-9.934,-0.733,-0.397,-1.95,0.555,-1.026,6.6,-12.75,-22.35,185.0
1787131624.2344778,-9.989,-0.821,-0.666,-1.993,0.556,-0.983,5.7,-16.8,-23.7,185.0
1787131624.4391773,-9.189,-2.375,-2.037,-0.883,0.384,-0.342,-1.05,-27.45,-39.0,545.0
1787131624.4392025,-9.639,-1.978,-2.255,-0.71,0.258,-0.246,-0.9,-28.35,-38.4,545.0
1787131624.4392087,-9.519,-2.318,-2.217,-0.555,0.117,-0.195,-1.2,-29.85,-40.2,545.0
1787131624.6435468,-9.388,-2.222,-1.994,-0.154,0.067,-0.04,-1.05,-30.15,-40.8,545.0
1787131624.6435716,-9.462,-2.124,-1.705,-0.211,0.096,-0.092,-1.65,-29.1,-43.2,545.0
1787131624.643583,-9.505,-1.858,-1.765,-0.276,0.103,-0.12,-1.8,-29.25,-42.6,545.0
1787131624.8481212,-9.603,-1.956,-2.126,-0.126,-0.056,-0.047,-2.55,-29.25,-42.6,545.0
1787131624.8481438,-9.55,-1.968,-2.195,-0.214,-0.063,-0.045,-2.7,-29.55,-43.95,545.0
1787131624.8481543,-9.352,-2.124,-2.061,-0.229,-0.061,-0.025,-2.7,-29.55,-44.7,545.0
1787131625.0524864,-9.546,-2.26,-1.918,0.042,-0.135,0.194,-2.55,-31.2,-44.85,545.0
1787131625.052512,-9.613,-2.057,-1.887,0.128,-0.19,0.198,-3.3,-30.9,-44.85,545.0
1787131625.2575223,-8.882,-0.34,-0.546,3.623,-0.286,0.827,4.35,-13.5,-21.3,482.0
1787131625.2575474,-8.732,0.275,0.771,2.928,0.103,0.482,6.3,-10.05,-19.8,482.0
1787131625.2575586,-9.026,0.187,1.48,2.001,0.4,0.119,7.35,-8.1,-16.5,177.0
1787131625.462894,-9.965,-0.35,-0.395,-1.851,0.27,-0.835,6.3,-10.8,-17.55,175.0
1787131625.462966,-10.137,-0.225,-0.357,-2.141,0.428,-1.021,5.7,-12.9,-21.45,215.0
1787131625.4629781,-10.013,-0.747,-0.172,-2.303,0.524,-1.022,4.95,-14.4,-21.75,215.0
1787131625.668508,-8.605,-1.896,-2.337,-1.519,-0.113,-0.452,-0.3,-28.95,-40.05,502.0
1787131625.6685317,-8.475,-1.944,-2.339,-1.264,0.229,-0.54,-2.1,-29.25,-43.65,502.0
1787131625.6685436,-8.921,-2.157,-2.16,-1.149,0.513,-0.396,-2.1,-30.15,-44.1,502.0
1787131625.8718386,-9.618,-2.116,-2.085,-0.051,-0.238,0.121,-2.85,-31.2,-47.7,1395.0
1787131625.8718724,-9.603,-2.126,-1.963,0.046,-0.155,0.044,-1.8,-30.9,-47.4,1395.0
1787131625.8718836,-9.651,-1.757,-1.666,0.015,-0.066,0.002,-2.7,-31.5,-48.75,1363.0
1787131626.0769222,-9.491,-1.863,-1.305,-0.113,0.016,0.038,-3.3,-32.85,-48.15,1410.0
1787131626.076947,-9.536,-1.968,-1.384,-0.097,0.062,0.006,-2.85,-32.85,-47.7,1410.0
1787131626.0769577,-9.744,-1.791,-1.446,-0.161,0.052,-0.01,-1.8,-31.65,-48.45,1401.0
1787131626.281805,-9.598,-2.105,-1.8,-0.261,-0.012,-0.065,-2.7,-30.6,-50.55,1352.0
1787131626.2818296,-9.388,-2.282,-1.903,-0.168,0.018,-0.052,-2.55,-32.4,-50.7,1352.0
1787131626.2818406,-9.821,-2.052,-1.856,-0.006,0.032,-0.01,-3.3,-31.95,-49.2,1352.0
1787131626.485898,-9.663,-1.561,-1.417,-0.135,-0.056,-0.034,-3.6,-31.95,-49.95,1373.0
1787131626.4859247,-9.553,-1.999,-1.211,-0.105,-0.034,0.022,-3.6,-30.45,-48.45,1373.0
1787131626.485936,-9.641,-2.277,-1.065,0.157,0.001,0.078,-2.1,-31.95,-48.45,1373.0
1787131626.6888876,-9.11,-1.077,-2.413,3.226,0.078,0.51,-0.45,-22.2,-33.3,1366.0
1787131626.8952153,-10.537,-0.424,0.163,-1.612,0.147,-0.424,6.6,-12.75,-20.1,223.0
1787131626.8952396,-10.582,-0.45,-0.067,-1.867,0.139,-0.513,4.2,-14.4,-20.4,223.0
1787131626.8952508,-10.233,-0.711,-0.067,-2.052,0.162,-0.545,4.95,-17.1,-24.0,223.0
1787131627.1005187,-9.692,-1.836,-1.822,-1.252,0.256,-0.494,-1.65,-29.1,-40.95,502.0
1787131627.1005435,-9.871,-1.781,-1.908,-1.151,0.126,-0.326,-1.05,-30.15,-41.85,502.0
1787131627.1005545,-9.474,-1.779,-1.999,-1.105,-0.102,-0.291,-1.65,-28.8,-43.95,502.0
1787131627.3051574,-9.419,-2.296,-1.25,-0.156,-0.069,0.035,-1.95,-30.6,-47.25,1365.0
1787131627.3051822,-9.629,-2.145,-1.238,-0.014,-0.011,0.096,-4.35,-30.15,-47.7,1365.0
1787131627.3051927,-9.756,-1.836,-1.267,0.006,-0.044,0.018,-3.45,-31.8,-48.0,1365.0
1787131627.5092297,-9.807,-1.901,-1.374,-0.039,0.03,-0.013,-2.1,-30.15,-46.65,1368.0
1787131627.5092525,-9.651,-1.82,-1.398,-0.032,0.001,0.007,-2.85,-31.2,-47.1,1368.0
1787131627.5092635,-9.713,-1.875,-1.362,0.009,-0.021,0.005,-3.6,-32.4,-47.4,1368.0
1787131627.7141464,-9.689,-2.004,-1.499,-0.193,0.016,0.012,-2.7,-31.8,-48.3,1361.0
1787131627.714182,-9.845,-2.306,-1.439,-0.07,-0.003,0.034,-1.95,-31.05,-47.55,1361.0
1787131627.7141886,-9.938,-2.322,-1.501,0.19,-0.044,0.069,-3.15,-31.8,-47.55,1361.0
1787131627.9190013,-9.737,-2.107,-1.918,2.87,-0.609,1.018,0.6,-24.3,-37.05,1319.0
1787131627.9190295,-9.345,-1.14,-2.025,3.178,-0.653,1.133,1.8,-23.55,-33.45,1319.0
1787131627.919041,-9.06,-1.219,-2.222,3.454,-0.603,1.251,2.7,-19.8,-30.6,512.0
1787131628.1234148,-10.946,1.501,1.786,-0.369,0.23,-0.248,7.8,-6.15,-15.0,188.0
1787131628.123439,-10.836,1.302,1.341,-0.926,-0.002,-0.271,9.0,-7.8,-17.1,188.0
1787131628.12345,-10.688,0.553,0.972,-1.313,-0.125,-0.15,7.5,-7.5,-16.35,183.0
1787131628.3268394,-9.986,-0.678,-0.833,-2.571,0.262,-0.965,2.7,-20.55,-26.55,422.0
1787131628.5336783,-9.364,-2.057,-1.666,-0.031,-0.27,0.106,-5.85,-32.4,-49.2,1373.0
1787131628.5337036,-9.404,-2.064,-1.408,-0.023,-0.187,0.026,-3.9,-32.25,-47.55,1373.0
1787131628.533715,-9.333,-2.152,-1.19,0.014,-0.038,0.016,-3.3,-31.65,-49.65,1373.0
1787131628.738166,-9.708,-1.714,-1.458,-0.037,0.01,-0.037,-3.15,-31.8,-49.05,1380.0
1787131628.73819,-9.675,-1.832,-1.42,-0.066,0.013,-0.015,-2.55,-32.4,-50.4,1380.0
1787131628.738201,-9.589,-1.875,-1.422,-0.081,0.002,0.012,-2.55,-31.95,-50.4,1380.0
1787131628.9426334,-9.969,-2.121,-1.693,0.952,-0.289,0.327,-3.6,-30.9,-47.1,1360.0
1787131628.9426587,-9.795,-2.315,-1.729,1.303,-0.397,0.457,-1.95,-29.55,-45.75,1360.0
1787131628.9426699,-10.077,-2.083,-1.882,1.737,-0.559,0.56,-2.4,-28.8,-44.25,1360.0
1787131629.147762,-8.923,-0.029,0.455,2.662,0.11,0.636,2.7,-16.35,-23.7,511.0
1787131629.1477864,-9.596,0.022,1.276,1.749,0.252,0.258,4.95,-13.2,-20.7,511.0
1787131629.1477976,-9.541,0.594,1.839,0.874,0.222,-0.024,4.8,-12.75,-20.55,511.0
1787131629.3520985,-10.262,-0.441,-0.761,-2.104,0.224,-0.614,2.1,-18.45,-26.85,519.0
1787131629.3521223,-9.902,-0.725,-0.757,-2.232,0.181,-0.643,2.1,-20.4,-28.95,519.0
1787131629.3521338,-9.574,-0.984,-0.86,-2.228,0.11,-0.772,1.2,-22.95,-31.35,519.0
1787131629.5566373,-9.184,-1.927,-1.068,-1.509,0.22,-0.437,-4.8,-31.2,-47.7,1404.0
1787131629.5566616,-9.414,-2.27,-1.25,-1.324,0.212,-0.303,-5.4,-31.5,-49.8,1404.0
1787131629.5566726,-9.218,-2.466,-1.384,-1.01,0.306,-0.183,-5.55,-31.2,-51.0,1404.0
1787131629.7619777,-9.546,-2.334,-1.607,0.23,-0.243,0.091,-4.05,-32.85,-52.2,1365.0
1787131629.7620025,-9.673,-2.057,-1.494,0.212,-0.175,0.028,-5.1,-31.95,-52.5,1365.0
1787131629.7620134,-9.625,-2.047,-1.152,0.177,-0.093,0.015,-4.65,-32.55,-51.3,1365.0
1787131629.9660819,-9.651,-1.846,-1.118,-0.006,-0.013,-0.037,-4.35,-31.95,-51.0,1328.0
1787131629.9661064,-9.74,-1.927,-1.044,-0.01,-0.065,0.035,-4.8,-32.4,-50.4,1328.0
1787131630.1713715,-9.694,-1.681,-1.159,2.465,-0.647,0.7,-0.6,-30.45,-43.65,1351.0
1787131630.1713958,-9.917,-1.377,-1.302,2.723,-0.787,0.529,-0.3,-28.95,-40.35,1351.0
1787131630.1714065,-9.28,-0.821,-1.776,2.985,-0.557,0.67,0.6,-25.05,-37.05,1351.0
1787131630.376218,-10.597,0.503,1.786,0.163,0.124,-0.071,3.6,-13.8,-19.05,478.0
1787131630.3762546,-10.343,0.457,1.714,-0.175,0.014,-0.086,4.65,-12.9,-21.15,478.0
1787131630.3762608,-10.283,0.464,1.561,-0.404,-0.016,-0.074,4.65,-12.9,-20.7,284.0
1787131630.5803623,-9.388,-0.804,0.002,-2.186,0.212,-0.593,1.8,-19.2,-26.4,284.0
1787131630.5803869,-9.548,-0.924,-0.225,-2.286,0.205,-0.676,0.9,-21.0,-30.3,284.0
1787131630.5803976,-9.443,-1.006,-0.122,-2.413,0.223,-0.636,1.2,-22.5,-33.3,284.0
1787131630.785556,-10.044,-2.16,-1.827,-0.29,-0.018,0.014,-3.3,-30.45,-47.7,1357.0
1787131630.7855809,-9.914,-2.126,-1.82,-0.046,-0.223,0.059,-3.3,-29.7,-47.4,1357.0
1787131630.785592,-9.404,-1.896,-1.642,0.087,-0.292,0.081,-3.3,-31.2,-45.9,1356.0
1787131630.9898827,-9.902,-1.8,-0.79,-0.031,-0.019,0.021,-3.6,-30.9,-45.6,1358.0
1787131630.989927,-9.799,-1.798,-0.879,-0.014,-0.003,0.02,-3.45,-29.85,-46.5,1358.0
1787131630.9899387,-9.874,-1.688,-1.01,-0.001,0.024,0.007,-3.6,-30.45,-46.65,1361.0
1787131631.1951606,-9.845,-2.164,-1.207,1.505,-0.209,0.326,-2.85,-29.7,-41.85,1353.0
1787131631.1951818,-10.084,-2.023,-1.331,1.778,-0.318,0.35,-1.65,-27.15,-42.75,1353.0
1787131631.1951878,-9.902,-1.484,-1.602,1.925,-0.366,0.363,-0.6,-26.25,-37.8,1353.0
1787131631.3998668,-9.541,-0.271,0.783,0.952,-0.258,0.642,3.15,-17.55,-25.8,485.0
1787131631.3998926,-9.876,0.091,0.697,0.817,-0.334,0.451,1.65,-16.35,-24.0,485.0
1787131631.3999038,-9.586,-0.347,0.936,0.599,-0.2,0.339,2.85,-15.75,-23.55,485.0
1787131631.6041484,-10.118,0.074,0.869,-0.17,-0.115,-0.017,3.9,-14.85,-22.2,416.0
1787131631.808733,-9.266,-1.554,-0.723,-2.661,0.291,-0.474,-2.1,-30.45,-44.85,487.0
1787131631.8087587,-9.345,-2.739,-0.654,-2.272,0.27,-0.308,-0.9,-31.05,-46.8,1348.0
1787131631.8087695,-9.218,-2.114,-1.379,-1.307,0.425,-0.185,-3.15,-31.8,-50.55,1348.0
1787131632.013466,-9.361,-1.815,-0.639,0.252,-0.107,0.019,-3.3,-31.2,-51.0,1339.0
1787131632.0134902,-9.596,-1.834,-0.287,0.209,-0.023,0.012,-2.55,-31.65,-51.0,1339.0
1787131632.0135012,-9.823,-1.719,-0.213,0.202,0.026,0.027,-4.05,-31.65,-49.2,1339.0
1787131632.2186773,-9.931,-1.568,-0.759,-0.027,0.065,-0.03,-4.95,-31.8,-49.8,1352.0
1787131632.218702,-9.814,-1.583,-0.725,-0.06,0.055,-0.044,-4.35,-31.2,-49.95,1357.0
1787131632.2187128,-9.878,-1.642,-0.764,-0.045,0.032,-0.046,-3.6,-31.2,-49.95,1357.0
1787131632.422827,-9.833,-1.939,-0.95,1.156,-0.207,0.227,-3.6,-30.15,-48.9,1372.0
1787131632.4228601,-9.981,-2.097,-1.118,1.49,-0.272,0.24,-2.55,-30.15,-46.35,1379.0
1787131632.422872,-9.785,-1.939,-0.977,1.853,-0.342,0.301,-2.55,-28.2,-45.15,1379.0
1787131632.628271,-9.064,0.002,1.724,1.484,0.073,0.265,3.15,-14.4,-21.15,520.0
1787131632.628296,-9.5,0.84,1.903,0.776,0.242,0.088,3.6,-13.05,-19.8,362.0
1787131632.6283069,-10.032,0.943,2.186,0.113,0.225,-0.061,4.65,-12.45,-20.7,362.0
1787131632.8328226,-10.295,0.132,0.419,-1.251,0.002,-0.325,2.55,-15.75,-23.1,388.0
1787131632.8328474,-10.228,-0.235,0.35,-1.344,0.219,-0.444,3.45,-16.35,-24.0,388.0
1787131632.832926,-9.922,-0.448,0.268,-1.438,0.359,-0.523,3.15,-16.8,-24.0,388.0
1787131633.0369525,-9.191,-1.7,-0.529,-1.196,0.403,-0.219,-1.8,-29.7,-43.65,503.0
1787131633.037135,-9.321,-1.441,-0.759,-1.119,0.519,-0.18,-2.55,-29.7,-45.15,503.0
1787131633.0371628,-9.548,-1.654,-0.752,-0.997,0.507,-0.174,-2.85,-29.7,-45.15,1348.0
1787131633.23958,-9.864,-1.7,-0.855,-0.007,0.061,0.015,-1.95,-32.25,-48.3,1365.0
1787131633.4481702,-9.838,-1.702,-0.831,0.187,-0.004,0.066,-0.45,-31.05,-48.3,1373.0
1787131633.4481957,-9.948,-1.64,-0.986,0.245,-0.056,0.061,-4.2,-31.5,-48.0,1373.0
1787131633.4482064,-9.938,-1.729,-0.974,0.357,-0.095,0.088,-2.1,-29.7,-47.7,1373.0
1787131633.6512923,-9.088,-0.728,-0.235,2.369,-0.586,0.842,1.95,-22.2,-31.05,1373.0
1787131633.651317,-9.167,-0.373,0.201,2.277,-0.446,0.705,4.05,-20.1,-28.2,1373.0
1787131633.6513286,-9.086,0.35,0.371,1.962,-0.194,0.49,2.1,-18.9,-26.4,1373.0
1787131633.8555412,-10.233,0.23,0.546,-0.905,-0.045,-0.195,3.9,-17.55,-22.5,421.0
1787131633.855565,-10.044,-0.031,0.369,-0.938,0.154,-0.346,4.95,-15.6,-23.7,421.0
1787131633.855576,-9.965,-0.093,0.304,-1.07,0.338,-0.465,3.9,-17.1,-24.0,421.0
1787131634.0611591,-9.608,-0.783,-0.469,-1.375,0.302,-0.491,-0.3,-27.45,-39.6,538.0
1787131634.0611835,-9.364,-1.358,-0.39,-1.303,0.355,-0.477,-0.3,-27.45,-39.6,538.0
1787131634.0611944,-9.483,-1.563,-0.532,-1.101,0.425,-0.441,-1.2,-27.6,-41.25,538.0
1787131634.2658777,-9.804,-1.915,-1.281,-0.303,0.187,-0.045,-2.7,-30.6,-46.05,1374.0
1787131634.2659028,-9.761,-1.688,-1.336,-0.278,0.112,-0.068,-2.55,-29.7,-47.1,1374.0
1787131634.2659135,-9.938,-1.887,-1.259,-0.235,0.046,-0.071,-2.85,-30.9,-46.65,1374.0
1787131634.4698887,-9.807,-1.793,-1.056,0.046,0.068,0.037,-1.65,-31.05,-47.55,1389.0
1787131634.469913,-9.797,-1.721,-1.132,0.095,-0.002,0.035,-1.8,-31.65,-47.7,1359.0
1787131634.4699242,-9.759,-1.654,-1.192,0.072,-0.034,-0.002,-1.65,-30.6,-48.0,1359.0
1787131634.6748672,-9.934,-1.796,-0.998,-0.104,-0.04,0.016,-1.8,-29.7,-47.4,1387.0
1787131634.6748922,-9.886,-1.851,-0.986,-0.103,-0.097,0.031,-3.15,-30.6,-47.55,1403.0
1787131634.674904,-9.89,-1.824,-1.032,-0.074,-0.142,0.086,-3.9,-31.05,-47.55,1403.0
1787131634.8791664,-9.967,-2.236,-1.027,2.054,-0.299,0.739,0.0,-26.55,-40.8,1372.0
1787131635.0841742,-10.74,0.22,0.338,-0.127,-0.174,0.125,7.05,-11.85,-20.1,222.0
1787131635.0841985,-10.242,0.024,0.127,-0.332,-0.194,0.098,5.7,-10.5,-19.65,222.0
1787131635.0842097,-9.946,-0.072,0.081,-0.42,-0.155,-0.007,4.8,-11.85,-20.1,222.0
1787131635.2904272,-9.562,-0.242,0.151,-1.957,0.188,-0.428,3.45,-18.3,-27.3,414.0
1787131635.290452,-9.452,-0.587,0.093,-2.216,0.199,-0.435,2.7,-21.75,-28.05,414.0
1787131635.290463,-9.321,-0.687,-0.065,-2.309,0.267,-0.424,2.85,-19.2,-30.9,414.0
1787131635.4942315,-9.816,-1.537,-1.817,-1.014,0.085,-0.1,-0.45,-30.6,-48.0,1339.0
1787131635.4942565,-9.598,-1.853,-1.87,-0.879,-0.004,-0.066,0.3,-30.45,-48.45,1339.0
1787131635.4942675,-9.641,-1.551,-1.99,-0.7,-0.04,-0.015,-0.6,-30.45,-49.65,1339.0
1787131635.6991777,-9.699,-1.391,-1.448,-0.158,-0.125,0.107,-1.8,-32.4,-52.5,1358.0
1787131635.6991966,-9.823,-1.408,-1.348,-0.105,-0.114,0.067,0.15,-31.5,-51.6,1358.0
1787131635.6992025,-9.663,-1.336,-1.386,-0.086,-0.095,0.044,-38.25,-31.05,-52.35,1358.0
1787131635.9036458,-9.857,-1.398,-1.628,0.007,0.015,0.193,-0.6,-31.95,-53.25,1337.0
1787131635.9036713,-9.934,-1.326,-1.671,0.132,-0.053,0.164,0.9,-31.05,-52.05,1337.0
1787131635.9036825,-9.871,-1.401,-1.647,0.308,-0.11,0.168,0.45,-32.55,-52.35,1337.0
1787131636.108239,-10.477,-0.472,-2.741,3.675,-0.992,0.492,2.7,-26.4,-39.15,1328.0
1787131636.1082637,-9.653,-0.594,-2.241,3.706,-0.931,0.403,3.45,-22.2,-33.9,1328.0
1787131636.108275,-8.914,0.019,-2.16,3.418,-0.52,0.516,4.05,-23.1,-30.15,1328.0
1787131636.313173,-10.285,0.402,0.795,-0.848,-0.266,0.018,7.2,-12.9,-20.4,252.0
1787131636.3131986,-10.101,0.199,0.555,-0.976,-0.157,-0.104,4.2,-13.65,-22.2,252.0
1787131636.31321,-9.91,-0.115,0.244,-1.04,0.057,-0.262,5.55,-14.25,-21.6,252.0
1787131636.516886,-9.445,-1.441,-0.694,-1.119,0.025,-0.296,1.95,-24.15,-35.1,538.0
1787131636.5169108,-9.129,-1.372,-1.185,-0.933,0.177,-0.3,0.15,-26.85,-38.7,538.0
1787131636.728276,-9.787,-1.674,-1.307,-0.193,-0.24,0.093,-1.35,-30.45,-45.9,1384.0
1787131636.7283,-9.883,-1.532,-1.269,-0.117,-0.221,0.091,-0.3,-31.2,-46.35,1384.0
1787131636.7283108,-9.862,-1.47,-1.216,-0.13,-0.246,0.025,-0.6,-32.4,-47.1,1358.0
1787131636.9271038,-9.701,-1.41,-0.781,-0.064,0.044,-0.006,-1.05,-31.95,-47.1,1379.0
1787131636.927128,-9.948,-1.341,-0.812,-0.081,0.055,-0.019,-1.8,-30.45,-46.65,1339.0
1787131636.9271393,-10.029,-1.152,-0.757,-0.16,0.02,-0.043,0.0,-32.4,-47.7,1339.0
1787131637.1321356,-9.708,-1.793,-0.812,-0.116,-0.082,0.065,-1.05,-31.95,-47.7,1350.0
1787131637.1321704,-9.737,-1.623,-0.845,0.086,-0.074,0.1,-2.4,-31.5,-48.3,1362.0
1787131637.1321769,-9.855,-1.528,-0.903,0.263,-0.093,0.129,-2.1,-30.9,-48.9,1362.0
1787131637.3365145,-9.723,-1.288,-0.649,0.636,0.023,0.165,0.15,-29.1,-46.05,1351.0
1787131637.3365395,-9.787,-1.322,-0.692,0.755,0.008,0.199,-0.45,-29.55,-44.25,1351.0
1787131637.3365507,-9.993,-1.267,-0.661,0.869,-0.109,0.216,0.15,-29.1,-43.2,1351.0
1787131637.541802,-9.761,-0.534,-0.345,2.565,-0.089,0.617,2.85,-19.2,-28.65,1351.0
1787131637.5418265,-9.764,-0.292,-0.273,2.612,-0.077,0.656,4.95,-19.05,-27.0,1351.0
1787131637.541838,-9.773,-0.194,0.103,2.57,-0.092,0.656,6.0,-14.4,-21.45,399.0
1787131637.746075,-10.087,0.795,1.276,-0.648,0.108,-0.268,6.45,-8.25,-17.4,188.0
1787131637.7460988,-10.206,0.596,0.898,-0.93,0.032,-0.226,7.05,-9.15,-18.3,188.0
1787131637.7461104,-10.163,0.39,0.455,-1.037,-0.078,-0.241,5.7,-9.75,-19.65,188.0
1787131637.9509652,-9.608,-0.804,-0.311,-1.981,0.102,-0.555,1.8,-20.85,-30.15,494.0
1787131637.95099,-9.704,-1.073,-0.254,-1.975,0.049,-0.54,3.3,-23.1,-32.25,494.0
1787131637.9510028,-9.656,-0.919,-0.634,-1.925,0.003,-0.487,0.6,-23.55,-35.55,494.0
1787131638.1542068,-9.804,-1.748,-1.135,-1.16,-0.085,-0.193,-3.6,-31.2,-47.1,1351.0
1787131638.3604739,-9.651,-1.532,-0.35,0.014,-0.007,0.019,-1.2,-31.5,-49.35,1361.0
1787131638.3604975,-9.828,-1.487,-0.412,-0.013,0.039,0.021,-2.85,-31.2,-48.9,1361.0
1787131638.3605087,-9.747,-1.482,-0.529,-0.076,0.05,-0.003,-2.85,-31.2,-48.45,1361.0
1787131638.5661993,-9.768,-1.822,-0.783,0.724,-0.102,0.228,-3.45,-31.5,-48.3,1356.0
1787131638.5662248,-9.929,-1.939,-0.895,1.181,-0.192,0.347,-1.8,-31.65,-47.1,1356.0
1787131638.5662374,-10.077,-1.824,-1.027,1.671,-0.321,0.409,-2.55,-31.95,-46.65,1356.0
1787131638.7704487,-9.227,-0.235,0.759,2.383,0.033,0.661,4.95,-17.1,-24.45,497.0
1787131638.7704735,-9.1,0.335,1.259,2.002,0.082,0.476,3.45,-15.15,-22.2,497.0
1787131638.7704842,-9.728,1.046,1.204,1.565,0.147,0.351,6.45,-11.7,-19.2,497.0
1787131638.9759088,-10.104,0.072,0.438,-0.872,-0.092,-0.2,4.95,-10.5,-18.9,250.0
1787131638.9759345,-10.056,0.299,0.388,-1.086,-0.027,-0.325,4.35,-11.1,-19.8,250.0
1787131638.9759455,-9.874,-0.017,0.529,-1.301,0.083,-0.43,4.05,-14.25,-21.3,250.0
1787131639.1796622,-9.517,-1.173,-0.189,-2.274,0.221,-0.379,-0.15,-27.6,-41.25,489.0
1787131639.1796875,-9.194,-1.238,-0.462,-2.071,0.275,-0.231,-0.45,-30.6,-41.25,489.0
1787131639.1796982,-9.823,-1.159,-0.694,-1.807,0.337,-0.142,-0.9,-29.85,-44.25,489.0
1787131639.3855243,-10.444,-1.372,-1.08,-0.06,-0.068,-0.029,-2.1,-33.15,-50.4,1392.0
1787131639.385549,-10.245,-1.3,-0.991,-0.088,-0.215,-0.095,-0.6,-31.65,-50.4,1392.0
1787131639.3855598,-9.78,-1.365,-0.694,-0.096,-0.176,-0.072,-2.1,-31.95,-49.95,1347.0
1787131639.588893,-9.809,-1.271,-0.318,-0.02,0.013,-0.008,-1.05,-31.65,-48.45,1347.0
1787131639.588917,-9.749,-1.288,-0.414,0.018,0.021,-0.04,-0.15,-31.8,-49.05,1347.0
1787131639.588928,-9.929,-1.18,-0.467,0.006,0.032,-0.013,-1.65,-32.25,-49.8,1348.0
1787131639.7917173,-10.022,-1.41,-0.357,0.561,-0.192,0.151,-0.6,-31.95,-46.35,1343.0
1787131639.9981282,-10.06,1.298,1.731,0.322,0.348,-0.198,5.1,-13.5,-21.6,492.0
1787131640.2036953,-9.687,-0.182,0.347,-0.946,0.19,-0.428,5.4,-17.1,-24.0,548.0
1787131640.20372,-9.591,-0.266,0.333,-1.043,0.268,-0.452,5.55,-18.45,-26.4,548.0
1787131640.2037313,-9.661,-0.28,0.302,-1.116,0.286,-0.534,6.0,-19.8,-26.25,548.0
1787131640.408555,-9.828,-0.843,0.273,-2.006,0.25,-0.393,0.0,-26.55,-39.3,510.0
1787131640.4085805,-9.397,-1.298,0.479,-1.954,0.307,-0.326,0.0,-27.75,-39.3,510.0
1787131640.4086454,-9.483,-1.039,-0.041,-1.844,0.371,-0.319,0.6,-29.7,-43.05,510.0
1787131640.6127484,-9.268,-1.46,-0.543,0.191,-0.172,0.065,-0.9,-31.5,-48.75,1374.0
1787131640.6127763,-9.481,-1.386,-0.326,0.16,-0.09,0.049,-2.1,-30.9,-48.9,1374.0
1787131640.6127882,-9.433,-1.281,-0.168,0.101,-0.034,0.007,-0.45,-29.1,-46.8,1374.0
1787131640.818159,-10.841,-1.403,-1.077,1.577,-0.318,0.384,-0.45,-29.1,-44.25,1338.0
1787131640.818184,-10.324,-1.549,-0.874,2.036,-0.538,0.587,0.45,-27.15,-40.95,1338.0
1787131640.8181949,-9.914,-1.061,-1.085,2.405,-0.749,0.841,1.2,-26.4,-39.15,1338.0
1787131641.0223548,-10.022,-0.891,-0.747,2.686,-1.008,1.044,1.65,-24.15,-35.85,1338.0
1787131641.0223792,-9.328,-0.393,-0.728,2.818,-1.192,1.013,3.45,-22.5,-32.1,538.0
1787131641.0223908,-8.748,0.124,-0.706,2.652,-0.793,0.666,2.85,-18.45,-28.95,538.0
1787131641.2271655,-10.075,0.067,0.299,-0.424,0.221,-0.386,4.05,-15.0,-21.6,515.0
1787131641.2271903,-9.68,-0.05,0.441,-0.321,0.169,-0.34,4.8,-15.45,-23.55,515.0
1787131641.2272015,-9.55,-0.014,0.453,-0.247,0.026,-0.228,5.4,-15.6,-23.25,515.0
1787131641.4313138,-9.761,-0.357,0.639,-0.177,0.126,-0.001,3.6,-17.4,-24.6,503.0
1787131641.431337,-9.934,-0.196,0.611,-0.104,0.046,0.035,5.1,-17.4,-25.35,503.0
1787131641.6371043,-9.567,0.261,0.986,-0.336,-0.031,-0.119,3.6,-16.5,-26.4,485.0
1787131641.6371286,-9.692,0.421,1.166,-0.793,0.034,-0.329,3.6,-17.4,-26.4,509.0
1787131641.8414347,-9.883,-1.166,-0.596,-1.654,0.624,-0.403,1.05,-31.2,-45.15,509.0
1787131641.841458,-9.989,-1.044,-1.022,-1.419,0.741,-0.236,-0.6,-31.65,-46.35,509.0
1787131641.8414688,-10.278,-1.302,-1.092,-1.121,0.666,-0.146,0.0,-30.45,-47.7,1374.0
1787131642.0473206,-9.433,-1.19,-0.048,0.162,-0.112,0.028,-0.9,-31.8,-49.05,1351.0
1787131642.0473459,-9.615,-1.164,0.019,0.139,-0.003,0.038,-1.35,-30.9,-48.9,1351.0
1787131642.0473568,-9.905,-1.161,0.002,0.094,0.045,0.066,-1.05,-32.4,-47.1,1375.0
1787131642.2514687,-9.699,-1.183,-0.019,-0.068,0.049,-0.056,-1.05,-31.95,-47.7,1345.0
1787131642.2514935,-9.675,-1.259,-0.045,0.018,0.036,-0.042,-1.05,-30.45,-47.4,1345.0
1787131642.2515047,-9.898,-1.109,-0.122,0.062,-0.013,-0.024,-1.05,-31.65,-48.45,1353.0
1787131642.455794,-10.204,-1.408,-0.436,1.126,-0.201,0.119,-0.9,-31.05,-45.0,1353.0
1787131642.4558175,-10.058,-1.65,-0.553,1.522,-0.261,0.188,-0.15,-28.8,-43.5,1353.0
1787131642.4558284,-9.847,-1.097,-0.905,1.738,-0.261,0.219,-0.3,-29.7,-41.55,1353.0
1787131642.6611567,-9.29,0.28,1.209,1.73,-0.26,0.653,4.2,-15.6,-24.45,507.0
1787131642.6611817,-9.385,0.498,1.561,1.228,-0.169,0.524,5.55,-14.55,-21.6,507.0
1787131642.6611927,-9.754,1.334,1.776,0.754,-0.08,0.334,6.6,-12.3,-19.5,507.0
1787131642.865332,-9.847,0.455,0.711,-1.604,0.201,-0.468,5.55,-17.7,-25.35,468.0
1787131642.8653562,-9.661,0.227,0.618,-1.808,0.286,-0.492,4.35,-16.95,-27.45,468.0
1787131642.8653674,-9.732,0.041,0.397,-1.919,0.319,-0.527,5.1,-18.9,-28.95,468.0
1787131643.0682297,-9.558,-1.776,-0.572,-1.375,0.126,-0.394,-2.7,-30.3,-48.3,1379.0
1787131643.2771497,-9.957,-1.465,-0.168,0.033,0.062,0.027,-2.7,-31.5,-50.1,1333.0
1787131643.2771745,-10.005,-1.312,-0.316,0.013,-0.026,0.001,-1.35,-33.6,-49.2,1344.0
1787131643.2771857,-9.776,-1.307,-0.333,0.0,-0.011,-0.026,-2.1,-32.4,-49.2,1344.0
1787131643.4801612,-9.718,-1.645,-0.242,0.697,-0.165,0.243,-1.2,-30.3,-46.05,1356.0
1787131643.4801862,-9.902,-1.475,-0.479,0.941,-0.235,0.336,-1.35,-31.2,-46.35,1337.0
1787131643.4801977,-9.943,-1.336,-0.472,1.206,-0.341,0.47,-0.45,-29.85,-45.3,1337.0
1787131643.6865635,-9.0,0.646,1.008,1.937,0.213,0.462,3.9,-16.35,-25.8,1337.0
1787131643.6865892,-9.567,1.123,1.329,1.562,0.279,0.304,7.05,-15.0,-22.35,511.0
1787131643.6866002,-9.756,1.504,1.633,1.223,0.204,0.243,5.85,-15.45,-22.05,511.0
1787131643.8891737,-10.144,0.876,1.058,-0.971,0.126,-0.516,6.0,-12.9,-21.75,312.0
1787131643.8891988,-10.089,0.833,0.962,-1.186,0.206,-0.65,5.55,-14.55,-22.05,504.0
1787131643.8892095,-9.723,0.776,0.876,-1.484,0.35,-0.747,6.0,-15.6,-24.0,504.0
1787131644.0945613,-9.723,-1.338,-0.012,-2.329,0.685,-0.782,0.6,-28.2,-40.05,504.0
1787131644.0945866,-9.977,-1.053,-0.326,-2.052,0.557,-0.656,-0.6,-29.7,-40.8,504.0
1787131644.0945978,-10.051,-1.231,-0.539,-1.774,0.396,-0.532,-0.15,-29.1,-42.75,504.0
1787131644.299245,-9.562,-1.425,-1.231,-0.064,-0.268,0.072,-1.65,-32.25,-50.55,1359.0
1787131644.29927,-9.275,-1.669,-0.939,-0.01,-0.164,0.112,-2.1,-31.65,-51.0,1359.0
1787131644.2992811,-9.725,-1.544,-0.601,0.082,-0.068,0.105,-0.45,-31.5,-48.75,1359.0
1787131644.504273,-9.905,-1.343,-0.393,-0.081,0.047,0.027,-0.6,-31.95,-49.95,1364.0
1787131644.5042977,-9.907,-1.245,-0.517,-0.029,0.034,0.021,-0.45,-31.5,-49.35,1364.0
1787131644.504309,-9.797,-1.199,-0.678,-0.048,0.014,0.019,-0.9,-33.0,-50.1,1341.0
1787131644.7077594,-9.625,-1.961,-1.25,1.752,0.173,0.367,-0.9,-31.5,-47.55,1334.0
1787131644.7077851,-9.967,-1.561,-1.788,3.242,0.169,0.824,1.2,-27.6,-43.2,1334.0
1787131644.913631,-10.819,1.736,1.762,-0.457,0.103,-0.192,9.6,-8.4,-18.0,195.0
1787131644.913656,-10.707,1.336,1.317,-1.303,-0.204,-0.06,9.3,-8.85,-18.75,195.0
1787131644.9136674,-10.669,1.058,0.864,-1.602,-0.311,-0.149,7.95,-10.5,-18.45,195.0
1787131645.1181395,-9.57,-0.991,-1.092,-2.13,0.124,-0.689,1.2,-25.65,-38.4,370.0
1787131645.1181593,-9.459,-1.317,-0.919,-1.949,0.102,-0.689,1.65,-29.1,-38.7,370.0
1787131645.1181653,-9.476,-0.895,-1.372,-1.749,0.16,-0.56,0.3,-28.5,-40.8,370.0
1787131645.322681,-9.517,-1.808,-1.362,-0.443,-0.507,0.01,-0.6,-31.95,-49.95,1344.0
1787131645.3227046,-9.256,-1.839,-1.259,-0.187,-0.354,0.062,-0.9,-33.0,-49.8,1344.0
1787131645.3227153,-9.273,-1.717,-1.271,-0.004,-0.142,0.098,-1.05,-32.4,-51.45,1344.0
1787131645.5276718,-9.998,-1.156,-0.958,0.05,-0.097,-0.002,0.3,-31.95,-51.0,1351.0
1787131645.5276976,-9.778,-1.176,-0.998,-0.049,-0.086,-0.048,-0.45,-33.0,-52.35,1351.0
1787131645.5277085,-9.515,-1.381,-0.776,-0.081,-0.007,-0.038,-1.35,-31.95,-50.4,1351.0
1787131645.7328377,-9.716,-1.286,-0.848,0.023,0.037,0.034,-1.2,-32.25,-50.55,1359.0
1787131645.7328715,-9.692,-1.238,-0.867,0.009,0.011,0.073,-1.2,-33.45,-52.35,1359.0
1787131645.7328825,-9.993,-1.152,-0.79,-0.004,-0.059,0.12,-2.1,-31.95,-51.75,1359.0
1787131645.9375458,-10.142,-1.458,-0.883,0.79,-0.241,0.261,0.6,-31.95,-49.65,1349.0
1787131645.9375708,-9.977,-1.599,-1.07,1.123,-0.314,0.37,0.45,-29.1,-47.55,1358.0
1787131645.9375823,-10.111,-1.417,-0.996,1.639,-0.494,0.433,0.3,-29.1,-47.55,1358.0
1787131646.1417344,-8.904,0.599,0.232,2.143,-0.158,0.479,6.0,-15.6,-22.95,1358.0
1787131646.14176,-9.139,0.982,0.594,1.789,0.038,0.336,6.6,-14.25,-23.55,457.0
1787131646.141771,-9.515,0.587,1.279,1.504,0.195,0.175,7.5,-13.2,-20.4,457.0
1787131646.3451502,-10.388,0.362,-0.002,-1.18,-0.082,-0.335,7.05,-13.8,-20.85,195.0
1787131646.551929,-10.343,-1.516,-1.46,-1.089,0.575,-0.401,-1.95,-31.8,-48.0,1342.0
1787131646.5519547,-10.175,-1.676,-1.501,-0.94,0.245,-0.251,-1.8,-31.2,-48.9,1342.0
1787131646.5519657,-9.934,-1.937,-1.417,-0.779,-0.11,-0.158,-2.55,-31.2,-51.0,1342.0
1787131646.7559602,-9.967,-1.602,-0.781,-0.047,0.088,0.022,-2.7,-33.45,-52.35,1326.0
1787131646.7561634,-10.029,-1.427,-0.757,-0.137,-0.016,-0.015,-2.55,-32.4,-51.75,1326.0
1787131646.7561722,-10.025,-1.369,-0.725,-0.238,-0.095,-0.028,-2.55,-32.85,-53.25,1326.0
1787131646.9610183,-9.673,-1.671,-1.178,-0.246,0.104,-0.052,-2.4,-31.05,-55.65,1340.0
1787131646.9610434,-9.74,-1.532,-1.269,-0.3,0.08,-0.054,-4.05,-32.4,-55.8,1340.0
1787131646.9610543,-9.74,-1.472,-1.334,-0.389,0.038,-0.051,-3.3,-32.4,-54.0,1340.0
1787131647.166155,-9.287,-2.124,-1.741,1.89,-0.03,0.859,-1.65,-31.8,-51.3,1327.0
1787131647.16618,-9.677,-1.829,-1.824,2.668,0.095,1.049,-0.9,-31.5,-48.3,1327.0
1787131647.1661906,-9.641,-0.948,-2.291,3.081,0.037,1.114,2.55,-29.7,-44.85,1327.0
1787131647.370357,-9.84,0.939,0.84,0.455,0.346,-0.308,9.45,-13.65,-23.25,496.0
1787131647.3703804,-10.386,0.919,0.886,0.024,0.429,-0.258,9.0,-14.85,-22.5,496.0
1787131647.3703916,-10.736,1.049,0.57,-0.335,0.251,-0.184,8.25,-13.65,-24.0,496.0
1787131647.5753717,-9.948,-0.024,-1.058,-1.117,0.256,-0.606,8.1,-17.7,-27.15,495.0
1787131647.575396,-9.934,-0.091,-1.032,-1.252,0.354,-0.759,6.75,-16.35,-26.25,495.0
1787131647.575452,-9.957,-0.172,-1.075,-1.444,0.373,-0.79,6.6,-18.9,-30.45,495.0
1787131647.7804973,-9.328,-0.893,-1.061,-1.821,-0.57,-0.355,1.65,-31.8,-45.3,1385.0
1787131647.7805843,-9.086,-1.523,-0.84,-1.473,-0.36,-0.278,-0.45,-30.6,-48.75,1385.0
1787131647.7805963,-9.407,-1.314,-0.812,-1.148,-0.129,-0.243,-0.45,-30.3,-50.1,1385.0
1787131647.9828088,-9.857,-1.243,-1.41,-0.291,-0.116,-0.039,-3.15,-32.55,-56.4,1309.0
1787131648.1894755,-9.948,-1.302,-0.747,0.008,-0.039,0.039,-2.4,-31.5,-56.1,1307.0
1787131648.1895034,-9.845,-1.199,-0.843,0.039,-0.015,0.036,-2.55,-32.85,-54.75,1304.0
1787131648.1895146,-9.878,-1.209,-0.855,0.055,-0.005,0.037,-1.2,-31.05,-56.4,1304.0
1787131648.3947482,-9.783,-1.142,-0.828,0.039,-0.029,0.029,-1.2,-32.55,-56.4,1305.0
1787131648.394773,-9.74,-1.135,-0.781,0.068,-0.01,-0.009,-1.8,-31.95,-56.55,1305.0
1787131648.394784,-9.795,-1.338,-0.711,0.178,0.026,0.007,-0.6,-32.85,-57.75,1304.0
1787131648.5991518,-9.017,-1.42,-0.735,2.661,-0.217,0.242,0.15,-26.1,-38.4,1330.0
1787131648.599177,-9.34,-0.694,-0.845,2.821,-0.105,0.31,0.9,-24.15,-35.1,1330.0
1787131648.5991879,-9.115,-0.496,-0.594,2.678,-0.031,0.29,1.35,-22.8,-33.75,1330.0
1787131648.8039486,-10.003,0.017,1.267,-0.618,-0.098,-0.008,3.15,-17.55,-23.7,540.0
1787131648.8039727,-9.845,-0.067,1.147,-0.86,-0.105,-0.042,3.3,-17.4,-24.6,540.0
1787131648.803984,-9.857,-0.395,0.833,-0.983,-0.037,-0.055,3.15,-18.3,-26.25,508.0
1787131649.0086992,-9.778,-0.678,-1.053,-2.091,0.143,-0.367,-0.15,-25.2,-39.45,488.0
1787131649.0087237,-9.855,-1.422,-0.826,-2.029,0.174,-0.202,-0.3,-29.25,-42.6,488.0
1787131649.008735,-9.416,-0.931,-0.905,-1.966,0.186,-0.111,-1.35,-28.95,-43.35,1415.0
1787131649.2148907,-10.077,-1.472,-1.563,-0.691,0.061,-0.149,0.0,-33.15,-54.45,1323.0
1787131649.214915,-9.869,-1.494,-1.377,-0.594,0.024,-0.133,-0.45,-33.0,-54.9,1323.0
1787131649.2149258,-9.814,-1.281,-1.506,-0.581,0.043,-0.086,-1.35,-31.65,-57.0,1319.0
1787131649.4186485,-9.589,-1.599,-1.683,-0.159,0.002,-0.073,-2.4,-32.55,-58.2,1315.0
1787131649.418674,-9.567,-1.532,-1.688,-0.028,0.062,0.012,-3.6,-32.4,-59.55,1315.0
1787131649.4186845,-9.658,-1.3,-1.738,0.024,0.055,0.053,-2.85,-31.65,-58.05,1315.0
1787131649.6224554,-9.893,-1.463,-1.595,0.051,-0.056,0.038,-2.55,-32.4,-58.5,1310.0
1787131649.827406,-9.182,-0.591,-0.733,2.008,-1.188,0.685,4.95,-26.1,-40.95,1273.0
1787131649.8274317,-9.019,-0.599,-0.5,2.178,-0.898,0.563,4.05,-24.3,-37.8,1273.0
1787131649.8274448,-9.323,0.323,0.297,2.09,-0.69,0.368,6.3,-23.85,-36.3,1273.0
1787131650.0324275,-10.132,0.651,1.437,-0.258,0.08,-0.136,5.55,-20.1,-28.2,1273.0
1787131650.0324519,-10.113,0.596,1.281,-0.388,0.129,-0.255,5.4,-19.5,-28.8,1273.0
1787131650.0324628,-10.02,0.553,1.063,-0.517,0.218,-0.376,7.05,-20.1,-28.2,1273.0
1787131650.2373185,-9.622,-0.395,-0.622,-1.966,0.643,-0.592,-0.45,-29.55,-44.7,1381.0
1787131650.2373424,-9.718,-0.67,-0.613,-2.197,0.588,-0.514,0.3,-30.9,-47.4,1381.0
1787131650.237354,-9.67,-0.996,-0.603,-2.275,0.507,-0.328,-0.15,-30.3,-49.8,1381.0
1787131650.4425228,-10.082,-1.032,-1.829,-0.594,0.135,0.07,-1.2,-33.45,-61.5,1280.0
1787131650.4425485,-9.931,-1.118,-1.784,-0.61,-0.03,-0.037,-2.7,-31.5,-60.45,1280.0
1787131650.4425595,-9.835,-1.259,-1.836,-0.563,-0.081,-0.082,-2.1,-31.65,-62.1,1280.0
1787131650.6474202,-9.704,-1.152,-1.343,-0.015,-0.047,-0.062,-0.9,-33.45,-64.8,1246.0
1787131650.6474483,-9.644,-1.161,-1.319,0.092,0.013,0.024,-1.65,-31.5,-62.25,1267.0
1787131650.6474595,-9.68,-0.917,-1.338,0.106,0.044,0.053,-2.55,-32.4,-62.85,1267.0
1787131650.8521645,-9.756,-1.135,-1.355,0.203,-0.039,0.092,-1.8,-32.85,-62.1,1239.0
1787131650.85219,-9.948,-1.116,-1.338,0.319,-0.055,0.144,-1.35,-32.4,-62.85,1239.0
1787131650.8522012,-9.984,-1.245,-1.348,0.519,-0.077,0.201,-1.2,-31.05,-61.95,1270.0
1787131651.056318,-9.153,0.436,-1.683,3.414,-1.198,0.311,3.45,-26.1,-39.9,1302.0
1787131651.0563426,-9.019,0.101,-1.137,3.195,-0.783,0.366,3.9,-22.5,-35.1,1302.0
1787131651.0563536,-8.396,0.34,-0.318,2.745,-0.297,0.395,6.3,-23.1,-32.25,1302.0
1787131651.2591438,-10.479,0.864,1.245,-0.905,-0.09,-0.194,5.55,-17.4,-25.65,493.0
1787131651.4660547,-9.148,-1.47,-1.413,-2.127,0.721,-0.283,-2.85,-31.2,-55.8,1344.0
1787131651.4660788,-9.503,-1.324,-1.753,-1.902,0.667,-0.185,-3.3,-33.15,-59.1,1344.0
1787131651.4660895,-9.421,-1.717,-1.705,-1.639,0.583,-0.132,-2.4,-33.45,-59.7,1344.0
1787131651.6712375,-9.704,-1.358,-2.076,0.118,-0.082,0.004,-3.45,-32.25,-66.0,1252.0
1787131651.6712627,-9.685,-1.403,-1.856,0.079,-0.09,-0.028,-2.55,-31.65,-65.85,1252.0
1787131651.6712737,-9.821,-1.36,-1.705,0.079,-0.099,-0.03,-3.15,-32.25,-65.25,1252.0
1787131651.8727744,-9.651,-1.207,-1.573,0.046,0.012,0.061,-1.8,-32.4,-65.85,1245.0
1787131651.8728,-9.685,-1.118,-1.65,0.07,-0.005,0.072,-2.4,-32.55,-65.25,1245.0
1787131651.8761039,-9.759,-1.228,-1.69,0.115,-0.007,0.092,-3.3,-32.85,-65.85,1245.0
1787131652.0803003,-10.254,-1.432,-2.21,2.771,-0.791,0.539,2.4,-30.3,-54.6,1308.0
1787131652.0803258,-10.386,-0.702,-2.406,2.93,-1.013,0.403,1.65,-29.55,-50.1,1308.0
1787131652.0803368,-9.912,-0.855,-2.124,3.077,-1.09,0.399,2.55,-27.75,-47.1,1308.0
1787131652.2813623,-9.313,1.494,1.853,0.807,0.254,0.052,6.0,-16.8,-24.0,496.0
1787131652.28526,-9.917,1.271,1.985,0.374,0.361,-0.069,6.0,-14.4,-23.25,496.0
1787131652.2852845,-10.434,1.518,1.769,-0.023,0.345,-0.089,7.05,-15.75,-24.6,496.0
1787131652.487699,-9.847,-0.314,-0.103,-2.122,0.677,-0.7,5.1,-21.9,-33.45,538.0
1787131652.4877245,-9.752,-0.172,-0.46,-2.303,0.506,-0.735,2.1,-25.05,-35.55,538.0
1787131652.499148,-9.558,0.072,-0.68,-2.581,0.282,-0.713,3.15,-26.85,-37.2,538.0
1787131652.6961017,-9.409,-0.881,-1.788,-2.435,0.519,-0.185,-1.05,-31.65,-61.8,1297.0
1787131652.6961265,-9.795,-1.439,-1.817,-1.959,0.508,-0.256,-1.95,-32.25,-63.45,1297.0
1787131652.6961372,-10.348,-1.616,-2.377,-1.062,0.359,-0.163,-2.7,-31.5,-64.8,1297.0
1787131652.9048448,-9.594,-1.319,-1.64,0.346,-0.011,0.042,-1.05,-31.2,-66.9,1259.0
1787131652.9048815,-9.661,-1.099,-1.472,0.199,0.021,-0.099,-1.65,-32.55,-64.8,1259.0
1787131653.1058135,-9.771,-1.037,-1.781,0.4,-0.038,0.089,-1.35,-31.65,-64.65,1264.0
1787131653.1058376,-9.759,-1.511,-1.772,0.655,-0.07,0.121,-0.6,-31.95,-63.9,1264.0
1787131653.1058486,-9.785,-1.75,-1.686,1.093,-0.073,0.202,-1.05,-31.95,-62.85,1264.0
1787131653.315287,-9.127,0.215,-0.764,3.386,-0.391,0.815,5.4,-21.75,-31.35,1303.0
1787131653.3153121,-9.187,0.606,-0.101,2.713,-0.141,0.667,4.2,-23.7,-30.3,1303.0
1787131653.315323,-9.565,0.697,0.508,1.989,-0.101,0.532,5.7,-18.3,-27.3,486.0
1787131653.5136738,-10.568,0.108,0.05,-1.372,0.111,-0.56,5.55,-16.95,-27.45,500.0
1787131653.5136986,-10.206,0.065,-0.096,-1.645,0.232,-0.717,6.45,-20.25,-28.5,500.0
1787131653.513712,-10.077,-0.213,-0.199,-1.871,0.405,-0.778,4.05,-20.85,-28.65,500.0
1787131653.7204645,-9.34,-1.741,-1.597,-1.713,0.255,-0.545,-2.55,-31.65,-51.45,1359.0
1787131653.7204888,-9.342,-1.312,-1.93,-1.588,0.327,-0.412,-3.9,-32.55,-54.6,1359.0
1787131653.9292192,-9.878,-1.386,-1.937,-0.377,-0.073,0.03,-4.8,-33.6,-63.15,1302.0
1787131653.9292438,-9.936,-1.75,-1.726,-0.267,-0.179,0.092,-3.9,-31.8,-63.45,1302.0
1787131653.9292552,-9.795,-2.133,-1.654,-0.027,-0.195,0.106,-2.85,-32.85,-63.15,1302.0
1787131654.1285543,-9.799,-1.144,-1.178,0.087,0.014,-0.057,-3.15,-34.2,-61.95,1261.0
1787131654.1285794,-9.816,-1.053,-1.264,-0.003,0.038,-0.074,-2.85,-31.95,-62.55,1261.0
1787131654.1285906,-9.634,-1.274,-1.152,-0.043,0.081,-0.02,-4.2,-33.45,-62.7,1261.0
1787131654.3331125,-9.85,-1.489,-1.341,0.105,0.035,0.059,-4.05,-31.65,-61.05,1261.0
1787131654.333137,-9.883,-1.494,-1.437,0.189,-0.021,0.067,-4.05,-31.65,-61.05,1261.0
1787131654.5361633,-10.029,-0.917,-1.314,4.008,-2.317,1.644,4.05,-25.5,-44.1,1349.0
1787131654.7421358,-9.237,0.68,0.364,-2.274,0.268,-0.933,3.15,-21.0,-30.3,525.0
1787131654.7421603,-8.693,0.52,0.311,-2.822,1.03,-1.245,3.45,-24.45,-35.1,525.0
1787131654.7421713,-9.459,0.845,-0.156,-3.359,1.513,-1.482,0.6,-25.5,-36.75,525.0
1787131654.9531815,-8.435,-1.226,-3.036,-1.603,0.058,-0.097,-7.35,-30.9,-69.15,1334.0
1787131654.9532065,-9.242,-1.386,-3.843,-0.516,0.2,-0.111,-7.5,-31.5,-69.6,1255.0
1787131654.953218,-9.543,-1.125,-3.735,-0.082,0.136,0.159,-7.5,-31.05,-68.85,1255.0
1787131655.1522777,-9.699,-1.839,-1.199,0.575,-0.156,0.185,-4.95,-31.8,-66.3,1245.0
1787131655.152358,-9.986,-1.776,-1.07,0.656,-0.12,0.25,-3.6,-32.4,-66.15,1257.0
1787131655.1523705,-10.288,-1.566,-0.843,0.658,-0.172,0.199,-4.35,-31.95,-64.35,1257.0
1787131655.356911,-9.876,-1.188,-0.651,-0.056,-0.001,-0.071,-4.65,-31.8,-62.7,1265.0
1787131655.356993,-9.694,-1.374,-0.675,-0.081,0.017,-0.068,-4.05,-32.4,-63.15,1252.0
1787131655.3570051,-9.677,-1.429,-0.754,-0.054,0.035,-0.054,-2.7,-31.8,-61.95,1252.0
1787131655.5616717,-10.156,-1.935,-1.645,2.018,-0.344,0.833,-2.1,-31.65,-58.5,1271.0
1787131655.5616968,-10.676,-1.508,-2.09,2.564,-0.73,1.017,-1.05,-30.9,-55.8,1312.0
1787131655.5617077,-10.812,-0.836,-2.028,2.882,-1.304,1.055,0.15,-29.1,-51.6,1312.0
1787131655.7661831,-8.317,0.007,0.931,3.541,0.545,0.823,2.85,-21.9,-32.25,1312.0
1787131655.7662084,-10.769,1.719,0.706,3.512,0.185,0.813,5.4,-19.8,-28.5,1312.0
1787131655.7662196,-10.254,1.867,0.912,3.229,-0.288,0.816,6.6,-18.15,-26.1,1312.0
1787131655.97092,-10.621,1.994,1.812,-1.52,0.252,-0.548,7.8,-11.1,-20.1,261.0
1787131655.9709442,-10.64,1.614,1.379,-1.614,0.247,-0.594,6.6,-13.8,-21.3,261.0
1787131655.9709554,-10.36,1.432,1.022,-1.842,0.267,-0.676,7.05,-13.8,-22.35,481.0
1787131656.173876,-9.682,-1.247,0.069,-2.207,0.807,-0.755,1.35,-28.2,-41.85,481.0
1787131656.3802905,-9.725,-1.477,-1.444,0.024,-0.014,0.049,-1.95,-32.25,-60.45,1297.0
1787131656.3803146,-9.747,-1.539,-1.319,0.072,-0.054,0.038,-1.65,-31.05,-59.7,1297.0
1787131656.3803256,-9.795,-1.46,-1.176,0.104,-0.096,0.059,-3.15,-32.55,-58.95,1297.0
1787131656.585266,-10.048,-1.223,-1.01,0.009,0.069,-0.031,-2.1,-31.65,-59.1,1305.0
1787131656.585291,-10.015,-1.245,-1.073,-0.026,0.031,-0.079,-1.65,-31.05,-58.95,1305.0
1787131656.585302,-9.946,-1.135,-1.049,-0.064,0.046,-0.118,-2.4,-33.75,-58.2,1305.0
1787131656.7900205,-9.718,-1.425,-1.384,0.436,-0.187,0.25,-2.55,-34.35,-59.1,1297.0
1787131656.7900443,-9.78,-1.714,-1.207,0.68,-0.287,0.418,-3.3,-31.95,-57.3,1297.0
1787131656.7900553,-9.924,-1.726,-1.245,1.105,-0.461,0.716,-1.8,-31.2,-57.3,1297.0
1787131656.996187,-8.851,-0.733,-0.06,3.236,-1.183,1.423,6.0,-23.25,-36.15,1314.0
1787131656.9962122,-8.904,0.002,-0.22,3.399,-1.091,1.384,7.95,-21.75,-34.35,1314.0
1787131656.9962232,-9.167,1.329,-0.074,3.624,-0.955,1.343,6.6,-18.15,-30.9,1314.0
1787131657.1997309,-10.362,3.326,2.978,-1.473,0.0,-0.609,10.35,-6.9,-18.3,247.0
1787131657.1997569,-10.068,2.713,2.749,-2.114,-0.023,-0.562,9.0,-7.05,-18.15,247.0
1787131657.1997683,-10.07,2.658,2.236,-2.434,-0.021,-0.58,10.05,-10.8,-20.55,247.0
1787131657.4042232,-10.077,2.174,1.87,-2.649,-0.003,-0.723,8.1,-13.05,-20.85,247.0
1787131657.4042473,-9.596,1.999,1.425,-2.915,0.276,-0.905,7.95,-16.35,-24.0,247.0
1787131657.404258,-9.0,1.662,0.383,-3.167,0.675,-1.121,6.45,-17.85,-25.8,512.0
1787131657.6091986,-9.761,-0.79,-0.895,-2.47,1.481,-0.94,2.4,-31.5,-46.8,1379.0
1787131657.6092238,-10.197,-1.068,-1.377,-2.191,1.178,-0.653,0.3,-31.2,-51.0,1379.0
1787131657.609235,-9.792,-1.393,-1.118,-1.816,0.785,-0.403,-0.6,-30.45,-52.95,1379.0
1787131657.813911,-9.869,-1.626,-1.415,-1.307,0.36,-0.218,0.6,-31.2,-55.05,1379.0
1787131657.8139355,-9.574,-1.76,-1.674,-0.804,0.093,-0.08,-0.9,-31.5,-54.9,1379.0
1787131657.8139467,-9.246,-1.614,-2.097,-0.411,-0.042,0.039,-1.35,-30.9,-57.75,1300.0
1787131658.0189643,-9.507,-1.247,-0.685,-0.068,0.021,0.04,-2.55,-31.65,-55.8,1323.0
1787131658.018994,-9.591,-1.252,-0.795,-0.057,-0.002,0.054,-1.2,-31.8,-54.6,1323.0
1787131658.0190053,-9.538,-1.276,-0.946,-0.062,-0.011,0.069,0.0,-31.2,-54.45,1323.0
1787131658.2239692,-10.137,-1.267,-0.828,1.94,-0.501,0.534,1.65,-29.1,-48.3,1337.0
1787131658.2240772,-10.027,-1.056,-1.039,2.429,-0.67,0.707,3.15,-26.4,-45.0,1337.0
1787131658.2240868,-10.293,-0.781,-1.034,2.703,-0.985,0.871,4.65,-26.4,-41.7,1337.0
1787131658.4282055,-9.543,2.478,2.768,0.461,0.118,0.03,10.35,-6.45,-16.8,414.0
1787131658.42823,-10.099,3.292,2.674,-0.11,0.177,-0.126,10.05,-5.4,-16.05,414.0
1787131658.4282415,-10.403,2.94,2.737,-0.57,0.137,-0.195,9.75,-6.75,-16.35,414.0
1787131658.6336472,-10.568,2.734,2.464,-0.962,0.04,-0.226,9.0,-5.55,-19.2,217.0
1787131658.6336715,-10.721,2.545,2.109,-1.308,-0.065,-0.316,10.05,-8.85,-16.8,217.0
1787131658.6336827,-10.558,1.824,1.097,-1.52,-0.095,-0.443,10.05,-8.4,-19.05,217.0
1787131658.837762,-9.606,-1.075,-0.124,-0.455,0.094,-0.117,0.6,-27.45,-44.1,515.0
1787131658.8377898,-9.787,-1.037,-0.144,-0.367,0.057,-0.109,-0.3,-29.25,-43.05,515.0
1787131658.8378012,-9.831,-1.001,-0.05,-0.324,0.04,-0.046,0.0,-29.25,-44.4,515.0
1787131659.044216,-9.73,-1.185,0.144,-0.25,0.167,-0.068,-1.2,-29.1,-45.3,1354.0
1787131659.044238,-9.922,-1.116,0.153,-0.36,0.135,-0.13,0.45,-28.8,-46.5,1354.0
1787131659.0442448,-9.864,-0.979,-0.014,-0.503,0.159,-0.176,0.45,-29.55,-46.05,1354.0
1787131659.247766,-9.72,-1.417,-0.235,-0.566,0.21,0.006,-1.65,-32.25,-50.55,1340.0
1787131659.247791,-9.776,-1.302,-0.419,-0.474,0.175,0.038,-1.05,-30.9,-52.2,1340.0
1787131659.247802,-9.718,-1.221,-0.57,-0.441,0.146,0.092,-0.3,-31.65,-53.7,1340.0
1787131659.4519434,-10.609,-1.638,-1.255,2.196,-0.624,0.486,0.9,-30.3,-48.3,1332.0
1787131659.6568239,-10.633,1.372,1.389,-0.322,-0.162,0.115,7.8,-12.75,-20.1,484.0
1787131659.6568484,-10.439,1.082,1.135,-0.516,-0.285,0.097,7.5,-12.15,-21.15,484.0
1787131659.6568677,-10.104,0.783,0.982,-0.605,-0.257,0.051,7.2,-12.45,-21.45,473.0
1787131659.8615644,-9.505,0.103,0.438,-2.1,0.286,-0.653,3.45,-20.55,-30.6,515.0
1787131659.861589,-9.385,-0.342,0.294,-2.203,0.333,-0.612,0.6,-23.85,-34.95,515.0
1787131659.8616002,-9.673,-0.433,0.01,-2.221,0.325,-0.519,1.35,-25.05,-35.25,515.0
1787131660.0669663,-9.634,-1.566,-0.515,-1.102,0.246,-0.134,-1.8,-31.65,-52.2,1338.0
1787131660.067152,-9.783,-1.595,-0.79,-0.695,0.152,-0.109,-2.4,-32.25,-52.35,1338.0
1787131660.0671604,-9.799,-1.369,-1.013,-0.576,0.154,-0.114,-1.8,-31.95,-53.7,1337.0
1787131660.271237,-9.759,-1.164,-0.718,-0.175,0.07,-0.078,-2.1,-31.65,-55.05,1331.0
1787131660.2712612,-9.91,-1.496,-0.51,-0.088,0.109,0.016,-2.4,-32.55,-55.65,1331.0
1787131660.2712722,-9.84,-1.554,-0.599,0.031,0.082,0.057,-2.85,-31.95,-56.55,1323.0
1787131660.4765313,-10.089,-1.884,-0.453,1.031,-0.263,0.433,-1.2,-32.25,-53.85,1314.0
1787131660.476557,-10.209,-1.717,-0.704,1.484,-0.452,0.695,0.0,-32.4,-53.25,1314.0
1787131660.4765682,-10.07,-1.815,-0.838,2.033,-0.645,0.875,-2.55,-31.65,-51.45,1332.0
1787131660.6811883,-8.89,0.06,-0.115,3.371,-0.128,0.772,5.85,-22.35,-32.25,1332.0
1787131660.6812084,-9.574,0.5,0.256,3.222,-0.057,0.674,6.0,-18.75,-28.05,1332.0
1787131660.6812148,-9.577,1.041,0.883,2.88,-0.046,0.465,5.7,-16.8,-27.0,1332.0
1787131660.885517,-10.307,1.326,1.283,-1.23,0.055,-0.496,8.85,-10.05,-20.1,271.0
1787131660.8855407,-10.132,1.075,1.001,-1.447,0.145,-0.584,7.35,-11.85,-19.05,271.0
1787131660.885552,-10.254,0.713,0.857,-1.551,0.237,-0.681,4.95,-12.9,-21.75,271.0
1787131661.0928755,-9.455,-1.817,-0.505,-1.905,0.221,-0.255,-1.05,-29.25,-44.85,523.0
1787131661.0929015,-9.529,-1.374,-0.85,-1.507,0.238,-0.144,-1.8,-32.4,-50.4,1355.0
1787131661.0929122,-9.311,-1.556,-0.989,-1.264,0.247,-0.073,-1.95,-30.3,-52.05,1355.0
1787131661.2954247,-9.831,-1.202,-0.984,-0.072,-0.006,0.2,-0.15,-30.6,-55.65,1322.0
1787131661.295451,-10.218,-0.867,-0.946,-0.117,-0.081,0.128,0.3,-32.85,-56.25,1322.0
1787131661.295462,-10.089,-1.087,-0.587,-0.137,-0.142,0.108,1.95,-31.8,-57.15,1322.0
1787131661.500562,-9.809,-0.721,-0.445,-0.188,0.032,0.063,0.6,-32.4,-56.25,1304.0
1787131661.5005867,-9.708,-0.56,-0.536,-0.237,0.023,0.07,0.9,-29.55,-56.85,1304.0
1787131661.5005975,-9.744,-0.706,-0.534,-0.237,0.057,0.096,2.55,-30.15,-57.3,1304.0
1787131661.704625,-9.878,-0.397,-1.015,-0.324,0.059,0.092,1.65,-30.3,-58.95,1267.0
1787131661.7046483,-9.953,-0.28,-1.164,-0.354,0.045,0.075,1.8,-31.2,-60.3,1267.0
1787131661.7046592,-9.874,-0.596,-0.924,-0.324,0.044,0.109,1.8,-31.95,-60.3,1267.0
1787131661.9091172,-9.773,-0.553,-0.977,0.35,0.009,0.158,0.9,-31.8,-59.7,1267.0
1787131661.909135,-9.941,-0.457,-1.032,0.478,-0.005,0.168,3.15,-31.5,-60.75,1267.0
1787131661.9091415,-9.737,-0.627,-0.893,0.669,0.017,0.184,2.85,-30.45,-59.1,1267.0
1787131662.1145062,-10.52,0.776,-2.703,3.247,-1.017,0.561,8.1,-24.3,-39.6,1313.0
1787131662.1145315,-9.89,0.067,-1.968,3.175,-1.209,0.414,6.75,-24.15,-36.9,1313.0
1787131662.114543,-9.206,0.397,-1.398,3.199,-1.129,0.437,9.0,-22.2,-34.35,1313.0
1787131662.319452,-10.297,1.946,1.712,0.265,0.078,-0.184,8.7,-10.2,-19.2,389.0
1787131662.3195221,-10.393,1.882,1.889,-0.274,-0.052,-0.133,11.1,-10.05,-19.05,389.0
1787131662.319534,-10.25,1.714,1.506,-0.722,-0.164,-0.143,9.3,-11.55,-19.05,209.0
1787131662.5238054,-10.106,-0.496,-0.68,-2.035,0.399,-0.611,4.65,-21.45,-30.6,478.0
1787131662.52383,-9.62,-0.496,-0.797,-2.033,0.278,-0.485,4.2,-21.75,-33.9,478.0
1787131662.5238411,-9.553,-0.618,-0.776,-2.006,0.208,-0.299,5.1,-24.75,-36.75,478.0
1787131662.728449,-9.189,-0.639,-0.962,-1.799,0.158,0.06,1.95,-27.9,-41.7,478.0
1787131662.7284749,-9.091,-0.486,-0.91,-1.717,0.184,0.114,3.6,-30.15,-44.4,478.0
1787131662.728486,-9.275,-0.666,-0.996,-1.539,0.297,0.084,2.85,-28.2,-46.35,1385.0
1787131662.9333196,-9.708,-0.256,-1.657,-0.109,-0.081,-0.127,3.15,-31.05,-59.7,1284.0
1787131662.933345,-9.804,-0.51,-1.496,-0.117,-0.123,-0.092,2.1,-31.2,-59.85,1284.0
1787131662.9333556,-9.507,-0.749,-1.465,-0.052,-0.115,-0.036,3.3,-30.45,-59.55,1284.0
1787131663.138032,-9.847,-0.457,-1.453,0.226,-0.087,0.15,1.2,-29.85,-60.15,1283.0
1787131663.1380525,-9.934,-0.505,-1.336,0.329,-0.123,0.187,2.55,-30.15,-58.8,1283.0
1787131663.1380584,-9.998,-0.62,-1.334,0.503,-0.151,0.22,2.85,-29.7,-58.05,1283.0
1787131663.3426201,-10.223,-0.249,-1.456,2.725,-0.874,0.675,7.05,-26.25,-44.1,1352.0
1787131663.3426495,-10.044,0.565,-1.956,2.96,-1.111,0.731,8.85,-23.1,-40.05,1352.0
1787131663.3426614,-9.804,0.503,-1.405,3.215,-1.318,0.7,8.25,-22.95,-37.65,1352.0
1787131663.5479174,-10.206,1.664,1.994,-0.76,0.131,-0.266,9.0,-12.9,-24.0,493.0
1787131663.5479426,-10.367,1.602,1.64,-1.151,0.025,-0.183,8.7,-14.85,-24.0,493.0
1787131663.5479538,-10.12,1.159,1.398,-1.394,0.014,-0.172,8.55,-16.95,-24.9,493.0
1787131663.7522488,-9.665,0.101,-1.142,-2.108,0.64,-0.398,4.35,-27.0,-45.15,516.0
1787131663.7522726,-9.713,-0.381,-1.085,-2.071,0.554,-0.306,4.65,-29.55,-49.05,516.0
1787131663.7522833,-9.354,-0.079,-1.434,-1.999,0.54,-0.233,4.8,-28.95,-49.95,516.0
1787131663.957027,-10.015,-0.512,-2.014,-0.586,0.177,0.095,4.05,-30.45,-59.85,1320.0
1787131663.957051,-10.202,-0.266,-2.155,-0.409,-0.013,0.101,4.8,-30.15,-59.85,1294.0
1787131663.9570625,-9.876,-0.266,-2.049,-0.345,-0.187,0.006,2.7,-31.05,-60.75,1294.0
1787131664.1629636,-9.847,-0.311,-1.571,0.082,-0.097,0.033,4.05,-30.45,-60.6,1279.0
1787131664.1629932,-9.74,-0.158,-1.482,0.119,-0.12,0.035,2.85,-30.45,-59.85,1276.0
1787131664.1631126,-9.637,-0.115,-1.499,0.125,-0.086,-0.005,3.3,-29.7,-60.6,1276.0
1787131664.366149,-9.862,-0.256,-1.396,0.203,0.005,0.004,3.9,-31.05,-58.65,1286.0
1787131664.571322,-8.396,0.508,0.206,2.452,-0.774,0.496,8.25,-20.25,-28.8,1350.0
1787131664.5713463,-8.559,1.334,0.527,2.0,-0.345,0.214,9.3,-18.9,-27.45,1350.0
1787131664.5713573,-9.026,1.487,1.331,1.47,0.046,-0.018,6.45,-15.9,-26.25,1350.0
1787131664.7767217,-9.438,0.462,-0.031,-1.884,0.715,-0.71,7.2,-19.8,-30.3,473.0
1787131664.776747,-9.72,0.632,-0.376,-2.15,0.864,-0.757,5.7,-21.45,-32.55,473.0
1787131664.776758,-9.469,0.151,-0.326,-2.41,0.833,-0.742,5.4,-23.7,-35.85,473.0
1787131664.9817383,-8.952,-0.941,-1.595,-2.116,0.615,-0.241,0.6,-31.95,-57.3,1333.0
1787131664.9817638,-9.266,-0.996,-1.879,-1.759,0.79,-0.16,0.3,-31.65,-57.0,1333.0
1787131664.9817748,-9.673,-1.322,-1.956,-1.419,0.828,-0.07,0.9,-29.55,-60.45,1333.0
1787131665.1858482,-9.716,-0.953,-1.832,0.1,-0.089,0.009,0.15,-31.8,-64.5,1276.0
1787131665.1858828,-9.857,-0.86,-1.726,0.143,-0.07,0.021,1.05,-30.15,-63.15,1276.0
1787131665.1858945,-9.756,-0.723,-1.561,0.131,-0.082,-0.004,0.0,-30.15,-64.35,1276.0
1787131665.3905694,-9.641,-0.555,-1.618,0.125,-0.038,0.082,0.9,-31.5,-62.7,1247.0
1787131665.3905942,-9.618,-0.615,-1.578,0.143,-0.059,0.1,1.35,-30.45,-63.6,1247.0
1787131665.390606,-9.752,-0.608,-1.542,0.186,-0.091,0.105,-0.9,-29.85,-61.95,1247.0
1787131665.595741,-9.627,-0.522,-1.731,2.137,-0.577,0.336,3.6,-28.5,-50.4,1318.0
1787131665.5957658,-9.845,-0.417,-1.652,2.323,-0.668,0.322,5.7,-28.8,-49.35,1318.0
1787131665.595777,-9.601,-0.357,-1.413,2.541,-0.694,0.363,6.6,-27.45,-44.1,1318.0
1787131665.8005037,-9.309,1.185,0.8,1.703,-0.213,0.011,8.7,-12.9,-21.45,503.0
1787131665.8005285,-9.146,1.556,1.611,0.95,0.141,-0.128,9.0,-11.4,-22.2,503.0
1787131665.8005397,-9.665,1.664,1.839,0.231,0.336,-0.247,7.35,-10.8,-20.1,503.0
1787131666.0043497,-9.4,0.457,-1.02,-2.681,0.713,-0.693,5.85,-19.2,-28.65,489.0
1787131666.0043752,-9.527,-0.235,-0.998,-2.847,0.973,-0.763,5.1,-23.1,-36.3,489.0
1787131666.210134,-9.72,-0.721,-2.768,-0.431,0.035,0.084,2.85,-30.15,-60.3,1340.0
1787131666.2101593,-9.728,-0.555,-2.82,-0.275,-0.014,0.074,2.7,-29.85,-60.15,1340.0
1787131666.210171,-9.692,-0.706,-2.674,-0.188,-0.076,0.082,2.55,-30.45,-60.6,1319.0
1787131666.4149122,-9.835,-0.232,-1.712,0.092,-0.005,-0.038,2.85,-30.45,-59.55,1296.0
1787131666.4149373,-9.764,-0.294,-1.743,0.089,-0.024,0.001,3.15,-31.05,-58.95,1289.0
1787131666.4149487,-9.723,-0.366,-1.781,0.155,-0.055,0.012,3.45,-30.3,-59.7,1289.0
1787131666.6207209,-10.092,-0.704,-1.829,2.021,-0.897,0.136,3.6,-28.95,-49.95,1323.0
1787131666.6207457,-9.646,-0.728,-1.796,2.3,-0.859,0.222,5.55,-27.45,-46.35,1394.0
1787131666.620757,-9.689,-0.836,-1.76,2.572,-0.806,0.3,5.1,-27.45,-40.35,1394.0
1787131666.823664,-9.912,0.5,0.876,1.184,0.054,0.118,9.6,-13.5,-22.8,1394.0
1787131666.8236885,-10.051,1.109,0.879,0.811,0.074,-0.011,9.3,-11.55,-21.3,338.0
1787131666.8237,-10.312,1.037,0.955,0.386,0.008,-0.046,9.75,-12.15,-21.75,338.0
1787131667.0289311,-9.807,0.244,-0.067,-1.431,0.114,-0.492,7.05,-15.45,-24.15,369.0
1787131667.028956,-10.089,0.263,-0.002,-1.645,0.177,-0.442,6.6,-16.2,-26.1,369.0
1787131667.0289683,-9.819,0.168,0.038,-1.864,0.105,-0.459,7.35,-18.45,-26.85,484.0
1787131667.2338636,-9.084,-1.077,-0.402,-2.154,0.458,-0.147,2.55,-28.2,-44.85,484.0
1787131667.2338903,-9.675,-1.111,-0.62,-1.731,0.578,-0.122,1.35,-28.95,-48.15,484.0
1787131667.2339013,-9.72,-0.888,-0.826,-1.392,0.61,-0.102,1.95,-28.8,-49.35,484.0
1787131667.4382918,-9.73,-0.836,-1.101,-0.137,-0.383,-0.079,1.35,-29.7,-54.0,1316.0
1787131667.4383159,-9.732,-0.989,-0.864,-0.051,-0.266,0.015,1.05,-29.7,-55.05,1316.0
1787131667.438327,-9.682,-1.049,-0.68,0.068,-0.16,0.091,1.2,-31.5,-55.65,1316.0
1787131667.6411417,-9.744,-0.836,-0.168,-0.054,-0.346,0.01,0.45,-30.6,-54.9,1305.0
1787131667.8483872,-10.235,-0.977,0.175,1.59,-0.606,-0.004,0.6,-30.45,-46.65,1350.0
1787131667.848413,-9.914,-0.996,0.285,1.939,-0.641,0.081,2.55,-30.15,-46.65,1350.0
1787131667.848424,-9.845,-0.754,0.378,2.274,-0.682,0.2,0.9,-27.6,-41.25,1350.0
1787131668.0524464,-9.548,1.231,2.172,1.846,0.039,0.278,4.05,-11.55,-19.5,565.0
1787131668.052472,-9.625,1.544,1.808,1.68,0.097,0.286,4.2,-11.4,-18.9,565.0
1787131668.0524833,-9.699,1.463,2.188,1.475,0.164,0.247,4.65,-9.45,-18.15,565.0
1787131668.257722,-9.852,1.429,1.551,-0.416,-0.039,-0.131,7.05,-6.9,-17.25,210.0
1787131668.2577472,-9.787,1.097,1.475,-0.551,-0.064,-0.102,5.55,-7.2,-15.75,210.0
1787131668.257758,-9.833,1.252,1.271,-0.718,-0.098,-0.165,4.95,-7.8,-15.9,210.0
1787131668.462726,-9.795,0.215,1.065,-2.628,0.16,-0.359,1.65,-19.8,-28.8,567.0
1787131668.462751,-9.366,-0.388,0.958,-2.634,0.049,-0.276,1.05,-21.6,-31.2,567.0
1787131668.4627619,-9.433,-0.668,0.721,-2.35,0.108,-0.257,1.8,-24.75,-35.55,567.0
1787131668.6674829,-10.034,-0.867,0.129,-0.054,-0.074,-0.014,0.15,-29.1,-43.5,1400.0
1787131668.6675074,-9.862,-0.831,0.227,-0.015,-0.13,0.017,0.0,-29.7,-43.65,1400.0
1787131668.6675186,-9.651,-0.802,0.357,0.005,-0.123,0.016,1.8,-28.95,-43.35,1400.0
1787131668.871596,-10.046,-0.606,0.606,-0.03,0.07,0.006,0.45,-29.55,-43.5,1359.0
1787131668.8716207,-10.183,-0.599,0.551,-0.08,-0.017,0.003,1.8,-28.5,-43.35,1359.0
1787131668.8716319,-9.986,-0.692,0.469,-0.098,-0.043,0.025,0.15,-27.6,-44.25,1351.0
1787131669.0791852,-10.005,-0.848,0.299,0.914,-0.141,0.21,0.6,-29.7,-40.8,1421.0
1787131669.0792096,-9.895,-0.972,0.304,1.23,-0.231,0.268,0.3,-26.25,-39.6,1421.0
1787131669.0792212,-9.653,-0.599,0.017,1.536,-0.254,0.313,1.35,-28.5,-38.55,1421.0
1787131669.2813492,-9.867,0.812,0.529,2.051,-0.082,0.478,7.95,-14.4,-22.95,515.0
1787131669.4862742,-9.536,1.214,1.219,-1.573,0.196,-0.627,7.35,-9.15,-18.3,227.0
1787131669.4862988,-9.682,1.197,1.183,-1.832,0.493,-0.864,7.05,-11.1,-19.5,227.0
1787131669.48631,-9.239,1.156,0.95,-2.184,0.779,-1.031,7.2,-14.85,-21.45,227.0
1787131669.6906948,-9.369,-1.013,-1.47,-1.489,1.177,-0.39,2.7,-29.55,-45.3,530.0
1787131669.6907644,-9.771,-1.137,-1.791,-1.331,1.071,-0.426,3.15,-29.55,-47.55,530.0
1787131669.6908076,-10.183,-1.41,-1.97,-1.015,0.744,-0.162,0.3,-29.7,-48.45,530.0
1787131669.8976595,-9.953,-1.238,-1.47,-0.007,0.154,-0.026,1.65,-30.3,-51.3,1345.0
1787131669.8976846,-9.965,-1.063,-1.662,0.018,0.077,-0.018,1.2,-30.3,-53.1,1345.0
1787131669.8976958,-10.166,-0.955,-1.714,-0.046,-0.055,-0.03,2.55,-32.4,-52.95,1345.0
1787131670.1013026,-9.615,-1.003,-1.511,-0.179,-0.004,-0.059,0.45,-29.1,-52.05,1332.0
1787131670.101328,-9.744,-1.053,-1.472,-0.149,0.001,-0.074,0.45,-29.85,-54.6,1332.0
1787131670.1013389,-9.776,-1.068,-1.472,-0.113,0.013,-0.041,1.2,-29.55,-54.6,1332.0
1787131670.3067203,-10.039,-1.274,-1.915,0.085,0.026,0.098,0.45,-31.05,-53.1,1304.0
1787131670.3067453,-10.144,-0.991,-1.827,0.23,-0.06,0.076,1.2,-29.85,-54.6,1304.0
1787131670.3067565,-9.972,-1.132,-1.867,0.334,-0.145,0.094,0.45,-31.5,-53.1,1304.0
1787131670.5112817,-10.594,0.354,-3.326,3.704,-1.252,0.997,6.75,-21.75,-37.2,1342.0
1787131670.5113068,-10.321,-0.192,-2.744,3.858,-1.627,1.04,8.25,-21.0,-35.85,1342.0
1787131670.5113177,-8.614,-0.433,-1.978,3.916,-1.587,1.059,8.55,-18.45,-29.7,1342.0
1787131670.7151687,-10.487,0.977,1.733,-0.917,0.05,-0.297,8.1,-9.6,-18.3,204.0
1787131670.7151961,-10.455,0.783,1.156,-1.169,-0.177,-0.142,7.8,-8.4,-19.8,204.0
1787131670.715207,-10.02,0.52,0.634,-1.405,-0.238,-0.087,6.3,-11.1,-20.1,204.0
1787131670.9190087,-9.649,-0.737,-1.319,-2.223,0.223,-0.474,4.2,-22.2,-35.4,549.0
1787131671.1286979,-9.764,-0.874,-2.164,-0.036,-0.263,0.028,2.55,-29.25,-52.5,1358.0
1787131671.1287227,-9.708,-0.979,-1.784,0.028,-0.181,0.063,1.8,-29.7,-54.45,1358.0
1787131671.1287339,-9.649,-1.075,-1.63,0.113,-0.127,0.077,1.8,-29.7,-54.45,1315.0
1787131671.3334002,-9.893,-0.663,-1.688,-0.012,0.037,-0.038,2.4,-29.55,-52.35,1340.0
1787131671.3334248,-9.792,-0.864,-1.568,-0.022,0.038,0.016,2.85,-29.25,-51.75,1340.0
1787131671.333436,-9.871,-0.723,-1.496,-0.025,0.003,0.013,2.85,-29.7,-52.2,1350.0
1787131671.5337029,-9.804,-0.73,-1.592,0.092,-0.126,0.046,0.6,-31.2,-52.95,1330.0
1787131671.533727,-9.665,-0.766,-1.504,0.132,-0.114,0.091,1.35,-30.45,-53.7,1330.0
1787131671.5337389,-9.685,-0.785,-1.396,0.184,-0.096,0.131,1.95,-29.85,-52.35,1325.0
1787131671.739859,-10.321,0.201,-2.665,3.079,-0.545,1.121,8.1,-23.1,-39.0,1380.0
1787131671.7398853,-10.264,-0.134,-2.583,3.252,-0.903,1.057,7.8,-19.2,-35.25,1380.0
1787131671.739898,-9.337,0.089,-2.188,3.512,-1.16,0.745,10.2,-19.5,-32.55,528.0
1787131671.9431634,-10.463,1.499,1.358,-0.649,-0.114,-0.134,8.85,-6.45,-18.0,202.0
1787131671.9431875,-10.331,1.094,1.106,-1.035,-0.299,-0.012,9.75,-7.5,-18.15,202.0
1787131671.9431987,-10.068,0.948,0.541,-1.363,-0.366,0.034,8.7,-8.25,-17.7,206.0
1787131672.1481783,-10.084,-0.297,-0.84,-2.264,0.351,-0.566,7.05,-19.2,-29.4,530.0
1787131672.1482038,-9.486,-0.321,-0.898,-2.325,0.259,-0.476,4.8,-21.6,-34.5,530.0
1787131672.1482148,-9.304,-0.654,-0.8,-2.279,0.288,-0.377,5.4,-23.7,-36.15,530.0
1787131672.3534253,-10.216,-0.706,-2.131,-0.493,0.185,-0.019,3.3,-29.7,-48.45,1388.0
1787131672.3534498,-10.321,-0.757,-1.978,-0.389,-0.084,0.031,2.1,-28.5,-49.95,1388.0
1787131672.3534608,-10.111,-0.97,-1.903,-0.275,-0.328,0.043,3.15,-29.1,-49.05,1388.0
1787131672.555617,-10.058,-0.498,-0.984,0.097,-0.095,-0.005,4.2,-30.6,-47.25,1356.0
1787131672.762932,-9.74,-0.5,-0.778,0.042,-0.021,0.013,4.2,-26.1,-45.75,1347.0
1787131672.7629578,-9.84,-0.546,-0.733,0.077,0.0,0.037,2.55,-28.5,-47.1,1382.0
1787131672.76297,-9.898,-0.63,-0.737,0.174,-0.004,0.044,2.55,-28.2,-45.6,1382.0
1787131672.9675643,-9.941,-0.151,-1.817,3.151,-0.685,0.645,8.85,-18.15,-30.15,511.0
1787131672.9675894,-10.094,0.603,-1.154,2.506,-0.765,0.189,6.3,-15.75,-26.1,511.0
1787131672.9676008,-9.122,0.232,-0.172,1.873,-0.474,-0.051,8.7,-13.65,-23.7,511.0
1787131673.1721256,-9.967,0.115,0.127,-1.128,-0.028,-0.073,7.2,-13.65,-22.5,221.0
1787131673.1721566,-9.888,0.127,-0.366,-1.123,0.135,-0.19,7.95,-14.85,-24.75,395.0
1787131673.1721628,-9.902,0.026,-0.539,-1.157,0.322,-0.332,6.6,-15.75,-24.9,395.0
1787131673.378567,-9.582,-0.395,-1.767,-1.591,0.374,-0.418,5.1,-26.55,-39.6,521.0
1787131673.3785915,-9.397,-0.771,-1.492,-1.694,0.247,-0.391,3.45,-25.65,-42.0,521.0
1787131673.3786023,-9.316,-0.694,-1.652,-1.677,0.151,-0.344,3.9,-27.6,-43.5,521.0
1787131673.5821505,-9.759,-1.08,-1.851,-0.39,-0.149,0.168,3.45,-29.85,-54.15,1363.0
1787131673.5821838,-9.89,-0.893,-1.745,-0.198,-0.056,0.178,1.35,-31.2,-53.25,1321.0
1787131673.5821908,-10.015,-0.625,-1.877,-0.155,-0.07,0.09,2.85,-30.45,-54.0,1321.0
1787131673.786871,-9.594,-0.579,-1.221,-0.06,-0.107,-0.01,3.3,-30.9,-55.8,1305.0
1787131673.7868972,-9.558,-0.567,-1.199,-0.077,-0.065,0.034,3.15,-30.3,-53.1,1305.0
1787131673.7869086,-9.625,-0.776,-1.216,0.125,-0.002,0.047,2.85,-30.9,-52.5,1303.0
1787131673.9907353,-10.743,0.211,-2.382,4.255,-1.621,0.709,6.6,-21.9,-34.5,1379.0
1787131673.9907606,-9.486,0.132,-1.729,3.767,-1.693,0.21,8.7,-21.45,-31.8,1379.0
1787131673.990772,-8.313,0.122,-0.79,3.159,-1.079,0.007,6.0,-17.1,-26.55,500.0
1787131674.1936662,-9.922,0.18,0.608,-0.913,-0.386,0.245,6.0,-10.95,-21.15,208.0
1787131674.4008143,-9.424,-0.965,-0.625,-2.14,0.36,-0.111,2.7,-27.15,-42.0,534.0
1787131674.4008393,-9.263,-0.752,-0.96,-2.074,0.351,-0.068,2.7,-27.9,-42.0,534.0
1787131674.4008508,-9.309,-1.049,-1.087,-1.831,0.393,-0.044,2.4,-28.35,-45.3,534.0
1787131674.6053267,-10.056,-1.147,-1.568,-0.253,0.027,-0.04,1.05,-31.95,-53.25,1339.0
1787131674.6053557,-10.089,-0.974,-1.551,-0.17,-0.062,-0.007,0.9,-31.5,-53.4,1339.0
1787131674.6053672,-9.924,-1.111,-1.506,-0.125,-0.115,-0.029,0.45,-30.3,-52.8,1339.0
1787131674.8106732,-9.957,-1.022,-1.626,0.789,-0.282,0.189,2.1,-29.25,-51.0,1337.0
1787131674.8106987,-9.955,-0.962,-1.733,1.066,-0.363,0.235,0.9,-31.05,-52.05,1337.0
1787131674.81071,-9.876,-1.185,-1.458,1.381,-0.428,0.319,3.3,-30.15,-49.2,1337.0
1787131675.0151088,-9.11,-0.469,-0.996,3.272,-0.102,0.632,7.8,-16.2,-27.15,1337.0
1787131675.0151334,-9.618,0.249,-1.013,3.344,-0.096,0.593,9.45,-14.1,-24.0,1337.0
1787131675.0151443,-10.113,0.637,-1.137,3.04,-0.194,0.446,7.8,-12.3,-22.35,1337.0
1787131675.2257159,-10.367,1.111,0.905,-1.024,-0.177,-0.032,9.0,-9.75,-17.4,195.0
1787131675.2257402,-10.159,0.702,0.565,-1.215,-0.156,-0.171,8.55,-8.85,-18.0,195.0
1787131675.2257516,-10.118,0.491,0.098,-1.33,-0.026,-0.355,8.25,-10.2,-20.4,195.0
1787131675.4244165,-8.554,-0.438,-0.591,-2.76,0.414,-0.707,5.55,-21.9,-33.0,386.0
1787131675.4244418,-9.012,-0.998,-0.433,-2.762,0.725,-0.461,4.2,-25.2,-35.85,386.0
1787131675.4244528,-9.036,-0.749,-0.601,-2.448,1.025,-0.188,3.45,-25.2,-40.65,386.0
1787131675.6296756,-9.934,-1.123,-2.928,-0.656,0.079,0.16,3.9,-28.8,-54.15,1366.0
1787131675.6297007,-9.895,-0.725,-2.993,-0.405,-0.072,0.067,4.65,-27.6,-54.6,1347.0
1787131675.6297116,-9.653,-0.644,-2.828,-0.224,-0.07,0.048,4.95,-30.6,-54.6,1347.0
1787131675.832159,-9.953,0.045,-1.985,-0.535,-0.06,-0.272,3.45,-31.8,-56.85,1344.0
1787131676.0384939,-9.685,-0.955,-1.638,0.124,-0.173,0.114,2.55,-31.2,-60.3,1262.0
1787131676.0385206,-9.823,-0.721,-1.762,0.297,-0.135,0.141,0.15,-31.05,-60.45,1262.0
1787131676.0385325,-9.744,-0.625,-1.753,0.447,-0.121,0.187,1.95,-32.25,-57.9,1262.0
1787131676.2437391,-9.177,0.266,-1.099,2.981,-0.694,-0.188,7.05,-19.2,-31.5,1340.0
1787131676.243764,-8.921,0.362,-0.455,2.617,-0.269,-0.245,8.25,-19.8,-29.85,1340.0
1787131676.2437751,-8.77,0.541,0.093,2.164,0.105,-0.26,8.25,-17.1,-27.3,483.0
1787131676.4488046,-9.826,0.208,-0.17,-0.235,-0.242,0.135,7.05,-11.85,-20.55,250.0
1787131676.4488292,-9.867,0.105,-0.129,-0.478,-0.109,0.081,7.5,-12.15,-22.5,250.0
1787131676.4488404,-10.029,-0.079,-0.285,-0.67,-0.023,-0.019,6.75,-13.65,-23.7,250.0
1787131676.6536117,-9.218,-0.163,-0.69,-2.423,0.237,-0.237,4.35,-22.35,-34.95,505.0
1787131676.6536384,-8.823,-0.098,-0.879,-2.691,0.37,-0.29,4.05,-25.5,-39.0,505.0
1787131676.6536496,-9.22,-0.314,-1.08,-2.839,0.601,-0.312,4.35,-27.0,-40.8,505.0
1787131676.8578038,-10.046,-0.615,-2.796,-0.576,0.056,0.056,2.1,-30.45,-59.55,1305.0
1787131676.8578284,-10.247,-0.543,-2.662,-0.283,-0.078,0.121,2.4,-29.85,-61.2,1305.0
1787131676.8578396,-9.902,-0.637,-2.547,-0.072,-0.263,0.102,2.1,-30.9,-61.35,1305.0
1787131677.062604,-9.641,-0.402,-1.073,0.126,-0.034,0.016,1.95,-30.6,-59.4,1256.0
1787131677.0626292,-9.847,-0.275,-0.989,0.081,-0.011,0.013,2.55,-30.9,-59.85,1256.0
1787131677.0626967,-9.79,-0.342,-1.01,0.045,-0.002,-0.017,3.6,-29.25,-59.1,1256.0
1787131677.2675521,-9.893,-0.318,-1.446,-0.047,0.012,0.048,4.2,-30.6,-58.95,1265.0
1787131677.2675776,-9.816,-0.45,-1.475,0.033,-0.001,0.082,4.95,-31.5,-59.7,1265.0
1787131677.267589,-9.826,-0.505,-1.573,0.148,-0.031,0.063,2.85,-30.15,-59.1,1260.0
1787131677.4722893,-8.712,0.371,-1.279,2.917,-1.344,0.858,10.35,-20.85,-36.0,1280.0
1787131677.4723148,-0.613,0.611,-0.002,-0.101,0.001,0.142,4041.6,0.0,1204.5,1280.0
1787131677.4723268,0.0,0.0,0.0,0.026,6.562,6.764,1212.0,2456.85,2211.0,1280.0
1787131677.678677,0.0,0.0,0.0,0.026,6.562,6.764,1212.0,2456.85,2211.0,1280.0
1787131677.6787016,0.0,0.0,0.0,0.026,6.562,6.764,1212.0,2456.85,2211.0,1280.0
1787131677.6787124,0.0,0.0,0.0,0.026,6.562,6.764,1212.0,2456.85,2211.0,1280.0
1787131677.882287,0.0,0.0,0.0,0.026,6.562,6.764,1212.0,2456.85,2211.0,1280.0
1787131677.8823113,0.0,0.536,43.507,8.673,-11.579,0.089,1212.0,2456.85,2211.0,1280.0
1787131677.8823228,0.0,0.0,0.0,0.026,6.292,6.628,1212.0,2456.85,2211.0,1280.0
1787131678.086236,0.0,0.0,0.0,0.026,6.562,6.764,1212.0,2456.85,2211.0,1280.0
1787131678.0862591,0.0,0.0,0.0,0.026,6.562,6.764,1212.0,2456.85,2211.0,1280.0
1787131678.0862691,0.0,0.0,0.0,0.026,6.562,6.764,1212.0,2456.85,2211.0,1280.0
1787131678.2914524,0.0,0.0,0.0,0.026,6.562,6.764,1212.0,2456.85,2211.0,1280.0
1787131678.2914762,0.0,0.0,0.0,0.026,6.562,6.764,1212.0,2456.85,2211.0,1280.0
1787131678.2914865,0.0,0.0,0.0,0.026,6.562,6.764,1212.0,2456.85,2211.0,1280.0
1787131678.495913,0.0,0.0,0.0,0.026,6.562,6.764,1212.0,2456.85,2211.0,1280.0
1787131678.4959364,0.0,0.0,0.0,0.026,6.562,6.764,1212.0,2456.85,2211.0,1280.0
1787131678.4959474,0.0,0.0,0.0,0.026,6.562,6.764,1212.0,2456.85,2211.0,1280.0
1787131678.7039435,0.0,0.0,0.0,0.026,6.562,6.764,1212.0,2456.85,2211.0,1280.0
1787131678.7039673,0.0,0.0,0.0,0.026,6.562,6.764,1212.0,2456.85,2211.0,1280.0
1787131678.703977,0.0,0.0,0.0,0.026,6.562,6.764,1212.0,2456.85,2211.0,1280.0
1787131678.9055912,0.0,0.0,0.0,0.026,6.562,6.764,1212.0,2456.85,2211.0,1280.0
1787131678.9056153,0.0,0.0,0.0,0.026,6.562,6.764,1212.0,2456.85,2211.0,1280.0
1787131678.9056256,0.0,0.0,0.0,0.026,6.562,6.764,1212.0,2456.85,2211.0,1280.0
1787131679.1098604,0.0,0.0,0.0,0.026,6.562,6.764,1212.0,2456.85,2211.0,1280.0
1787131679.3162568,0.0,0.0,0.0,0.026,6.562,6.764,1212.0,2456.85,2211.0,1280.0
1787131679.3162818,0.0,0.0,0.0,0.002,0.0,0.089,1212.0,2456.85,2211.0,1280.0
1787131679.3162923,0.0,0.0,0.0,0.026,6.562,6.764,1212.0,2456.85,2211.0,1280.0
1787131679.521317,0.0,0.0,0.0,0.026,6.562,6.764,1212.0,2456.85,2211.0,1280.0
1787131679.5213418,0.0,0.0,0.0,0.026,6.562,6.764,1212.0,2456.85,2211.0,1280.0
1787131679.521352,0.0,0.0,0.0,0.026,6.562,6.764,1212.0,2456.85,2211.0,1280.0
1787131679.7251236,0.0,0.0,0.0,0.026,6.562,6.764,1212.0,2456.85,2211.0,1280.0
1787131679.725155,0.0,0.0,0.0,0.026,6.562,6.764,1212.0,2456.85,2211.0,1280.0
1787131679.725161,0.0,0.0,0.0,0.026,6.562,6.764,1212.0,2456.85,2211.0,1280.0
1787131679.9296036,0.0,0.0,0.0,0.026,6.562,6.764,1212.0,2456.85,2211.0,1280.0
1787131679.9296272,0.0,0.0,0.0,0.002,0.0,0.089,1212.0,2456.85,2211.0,1280.0
1787131679.9296377,0.0,0.0,0.0,0.026,6.562,6.764,1212.0,2456.85,2211.0,1280.0
1787131680.1392488,0.0,0.0,0.0,0.026,6.562,6.764,1212.0,2456.85,2211.0,1280.0
1787131680.139273,0.0,0.0,0.0,0.026,6.562,6.764,1212.0,2456.85,2211.0,1280.0
1787131680.1392834,0.0,0.0,0.0,0.026,6.562,6.764,1212.0,2456.85,2211.0,1280.0
1787131680.339283,0.0,0.0,0.0,0.026,6.562,6.764,1212.0,2456.85,2211.0,1280.0
1787131680.339307,0.0,0.0,0.0,0.026,6.562,6.764,1212.0,2456.85,2211.0,1280.0
1787131680.339317,0.0,0.0,0.0,0.026,6.562,6.764,1212.0,2456.85,2211.0,1280.0
1787131680.5435936,0.0,0.0,0.0,0.026,6.562,6.764,1212.0,2456.85,2211.0,1280.0
1787131680.5436177,0.0,0.0,0.0,0.026,6.562,6.764,1212.0,2456.85,2211.0,1280.0
1787131680.543628,0.0,0.0,0.0,0.026,6.562,6.764,1212.0,2456.85,2211.0,1280.0
1787131680.7535713,0.0,0.0,0.0,0.026,6.562,6.764,1212.0,2456.85,2211.0,1280.0
1787131680.7535977,0.0,0.0,0.0,0.026,6.562,6.764,1212.0,2456.85,2211.0,1280.0
1787131680.7536085,0.0,0.0,0.0,0.026,6.562,6.764,1212.0,2456.85,2211.0,1280.0
1787131680.9575505,0.0,0.0,0.0,0.026,6.562,6.764,1212.0,2456.85,2211.0,1280.0
1787131680.9575748,0.0,0.0,0.0,0.026,6.562,6.764,1212.0,2456.85,2211.0,1280.0
1787131680.957585,0.0,0.0,0.0,0.026,6.562,6.764,1212.0,2456.85,2211.0,1280.0
1787131681.1591792,0.0,0.0,0.0,0.026,6.562,6.764,1212.0,2456.85,2211.0,1280.0
1787131681.1592033,0.0,0.0,0.0,0.026,6.562,6.764,1212.0,2456.85,2211.0,1280.0
1787131681.1592133,0.0,0.0,0.0,0.026,6.562,6.764,1212.0,2456.85,2211.0,1280.0
1787131681.363236,0.0,0.0,0.0,0.026,6.562,6.764,1212.0,2456.85,2211.0,1280.0
1787131681.3632593,0.0,0.0,0.0,0.026,6.562,6.764,1212.0,2456.85,2211.0,1280.0
1787131681.3632693,0.0,0.0,0.0,0.026,6.562,6.764,1212.0,2456.85,2211.0,1280.0
1787131681.5678737,0.0,0.0,0.0,0.026,6.562,6.764,1212.0,2456.85,2211.0,1280.0
1787131681.567898,0.0,0.0,0.0,0.026,6.562,6.764,1212.0,2456.85,2211.0,1280.0
1787131681.5679085,0.0,0.0,0.0,0.026,6.562,6.764,1212.0,2456.85,2211.0,1280.0
1787131681.7726245,0.0,0.0,0.0,0.002,0.0,0.089,1212.0,2456.85,2211.0,1280.0
1787131681.772648,0.0,0.0,0.0,0.026,6.562,6.764,1212.0,2456.85,2211.0,1280.0
1787131681.772658,0.0,0.0,0.0,0.026,6.562,6.764,1212.0,2456.85,2211.0,1280.0
1787131681.9778388,0.0,0.0,0.0,0.026,6.562,6.764,1212.0,2456.85,2211.0,1280.0
1787131681.977875,0.0,0.0,0.0,0.026,6.562,6.764,1212.0,2456.85,2211.0,1280.0
1787131681.9778852,0.0,0.0,0.0,0.026,6.562,6.764,1212.0,2456.85,2211.0,1280.0
1787131682.1824076,0.0,0.0,0.0,0.026,6.562,6.764,1212.0,2456.85,2211.0,1280.0
1787131682.182432,0.0,0.0,0.0,0.026,6.562,6.764,1212.0,2456.85,2211.0,1280.0
1787131682.182442,0.0,0.0,0.0,0.026,6.562,6.764,1212.0,2456.85,2211.0,1280.0
1787131682.386703,0.0,0.0,0.0,0.026,6.562,6.764,1212.0,2456.85,2211.0,1280.0
1787131682.5933845,0.0,0.0,0.0,0.026,6.562,6.764,1212.0,2456.85,2211.0,1280.0
1787131682.5934083,0.0,0.0,0.0,0.026,6.562,6.764,1212.0,2456.85,2211.0,1280.0
1787131682.5934198,0.0,0.0,0.0,0.026,6.562,6.764,1212.0,2456.85,2211.0,1280.0
1787131682.801932,0.0,0.0,0.0,0.026,6.562,6.764,1212.0,2456.85,2211.0,1280.0
1787131682.8019567,0.0,0.0,0.0,0.026,6.562,6.764,1212.0,2456.85,2211.0,1280.0
1787131682.801967,0.0,0.0,0.0,0.026,6.562,6.764,1212.0,2456.85,2211.0,1280.0
1787131683.001493,0.0,0.0,0.0,0.026,6.562,6.764,1212.0,2456.85,2211.0,1280.0
1787131683.001517,0.0,0.0,0.0,0.026,6.562,6.764,1212.0,2456.85,2211.0,1280.0
1787131683.0015273,0.0,0.0,0.0,0.026,6.562,6.764,1212.0,2456.85,2211.0,1280.0
1787131683.2059987,0.0,0.0,0.0,0.026,6.562,6.764,1212.0,2456.85,2211.0,1280.0
1787131683.2060277,0.0,0.0,0.0,0.026,6.562,6.764,1212.0,2456.85,2211.0,1280.0
1787131683.2060378,0.0,0.0,0.0,0.026,6.562,6.764,1212.0,2456.85,2211.0,1280.0
1787131683.4111304,0.0,0.0,0.0,0.026,6.562,6.764,1212.0,2456.85,2211.0,1280.0
1787131683.4111702,0.0,0.0,0.0,0.026,6.562,6.764,1212.0,2456.85,2211.0,1280.0
1787131683.4111764,0.0,0.0,0.0,0.026,6.562,6.764,1212.0,2456.85,2211.0,1280.0
1787131683.6157506,0.0,0.0,0.0,0.026,6.562,6.764,1212.0,2456.85,2211.0,1280.0
1787131683.6157756,0.0,0.0,0.0,0.026,6.562,6.764,1212.0,2456.85,2211.0,1280.0
1787131683.6157858,0.0,0.0,0.0,0.026,6.562,6.764,1212.0,2456.85,2211.0,1280.0
1787131683.820325,0.0,0.0,0.0,0.026,6.562,6.764,1212.0,2456.85,2211.0,1280.0
1787131683.820349,0.0,0.0,0.0,0.026,6.562,6.764,1212.0,2456.85,2211.0,1280.0
1787131683.8203592,0.0,0.536,43.507,8.673,-11.579,0.089,1212.0,2456.85,2211.0,1280.0
1787131684.0244865,0.0,0.0,0.0,0.026,6.562,6.764,1212.0,2456.85,2211.0,1280.0
1787131684.0245104,0.0,0.0,0.0,0.026,6.562,6.764,1212.0,2456.85,2211.0,1280.0
1787131684.2296922,0.0,0.0,0.0,0.026,6.562,6.764,1212.0,2456.85,2211.0,1280.0
1787131684.2297165,0.0,0.0,0.0,0.002,0.0,0.089,1212.0,2456.85,2211.0,1280.0
1787131684.2297854,0.0,0.0,0.0,0.026,6.562,6.764,1212.0,2456.85,2211.0,1280.0
1787131684.4345136,0.0,0.0,0.0,0.026,6.562,6.764,1212.0,2456.85,2211.0,1280.0
1787131684.4345381,0.0,0.0,0.0,0.026,6.562,6.764,1212.0,2456.85,2211.0,1280.0
1787131684.434549,0.0,0.0,0.0,0.026,6.562,6.764,1212.0,2456.85,2211.0,1280.0
1787131684.6392229,0.0,0.0,0.0,0.026,6.562,6.764,1212.0,2456.85,2211.0,1280.0
1787131684.639247,0.0,0.0,0.0,0.026,6.562,6.764,1212.0,2456.85,2211.0,1280.0
1787131684.6392572,0.0,0.0,0.0,0.026,6.562,6.764,1212.0,2456.85,2211.0,1280.0
1787131684.8444874,0.0,0.0,0.0,0.026,6.562,6.764,1212.0,2456.85,2211.0,1280.0
1787131684.8445122,0.0,0.0,0.0,0.026,6.562,6.764,1212.0,2456.85,2211.0,1280.0
1787131684.8445222,0.0,0.0,0.0,0.026,6.562,6.764,1212.0,2456.85,2211.0,1280.0
1787131685.0497222,0.0,0.0,0.0,0.026,6.562,6.764,1212.0,2456.85,2211.0,1280.0
1787131685.0497465,0.0,0.0,0.0,0.026,6.562,6.764,1212.0,2456.85,2211.0,1280.0
1787131685.0497568,0.0,0.0,0.0,0.026,6.562,6.764,1212.0,2456.85,2211.0,1280.0
1787131685.2534568,0.0,0.0,0.0,0.026,6.562,6.764,1212.0,2456.85,2211.0,1280.0
1787131685.25348,0.0,0.0,0.0,0.002,0.0,0.089,1212.0,2456.85,2211.0,1280.0
1787131685.2534902,0.0,0.0,0.0,0.026,6.562,6.764,1212.0,2456.85,2211.0,1280.0
1787131685.461842,0.0,0.0,0.0,0.026,6.562,6.764,1212.0,2456.85,2211.0,1280.0
1787131685.4618762,0.0,0.0,0.0,0.026,6.562,6.764,1212.0,2456.85,2211.0,1280.0
1787131685.4618866,0.0,0.0,0.0,0.026,6.562,6.764,1212.0,2456.85,2211.0,1280.0
1787131685.660941,0.0,0.0,0.0,0.026,6.562,6.764,1212.0,2456.85,2211.0,1280.0
1787131685.86843,0.0,0.0,0.0,0.026,6.562,6.764,1212.0,2456.85,2211.0,1280.0
1787131685.8684542,0.0,0.0,0.0,0.026,6.562,6.764,1212.0,2456.85,2211.0,1280.0
1787131685.868465,0.0,0.0,0.0,0.026,6.562,6.764,1212.0,2456.85,2211.0,1280.0
1787131686.073222,0.0,0.0,0.0,0.026,6.562,6.764,1212.0,2456.85,2211.0,1280.0
1787131686.0732455,0.0,0.0,0.0,0.026,6.562,6.764,1212.0,2456.85,2211.0,1280.0
1787131686.0732565,0.0,0.0,0.0,0.026,6.562,6.764,1212.0,2456.85,2211.0,1280.0
1787131686.2773066,0.0,0.0,0.0,0.026,6.562,6.764,1212.0,2456.85,2211.0,1280.0
1787131686.2773297,0.0,0.0,0.0,0.026,6.562,6.764,1212.0,2456.85,2211.0,1280.0
1787131686.277343,0.0,0.0,0.0,0.026,6.562,6.764,1212.0,2456.85,2211.0,1280.0
1787131686.4826295,0.0,0.0,0.0,0.026,6.841,6.628,1212.0,2456.85,2211.0,1280.0
1787131686.482654,0.0,0.0,0.0,0.026,6.562,6.764,1212.0,2456.85,2211.0,1280.0
1787131686.482664,0.0,0.0,0.0,0.026,6.562,6.764,1212.0,2456.85,2211.0,1280.0
1787131686.686966,0.0,0.0,0.0,0.026,6.562,6.764,1212.0,2456.85,2211.0,1280.0
1787131686.6869898,0.0,0.0,0.0,0.026,6.562,6.764,1212.0,2456.85,2211.0,1280.0
1787131686.687104,0.0,0.0,0.0,0.026,6.562,6.764,1212.0,2456.85,2211.0,1280.0
1787131686.8922935,0.0,0.0,0.0,0.026,6.562,6.764,1212.0,2456.85,2211.0,1280.0
1787131686.8923175,0.0,0.0,0.0,0.026,6.562,6.764,1212.0,2456.85,2211.0,1280.0
1787131686.892328,0.0,0.0,0.0,0.026,6.562,6.764,1212.0,2456.85,2211.0,1280.0
1787131687.0977468,0.0,0.0,0.0,0.026,6.562,6.764,1212.0,2456.85,2211.0,1280.0
1787131687.097772,0.0,0.0,0.0,0.026,6.562,6.764,1212.0,2456.85,2211.0,1280.0
1787131687.0977817,0.0,0.0,0.0,0.026,6.562,6.764,1212.0,2456.85,2211.0,1280.0
1787131687.3014257,0.0,0.0,0.0,0.026,6.562,6.764,1212.0,2456.85,2211.0,1280.0
1787131687.5068605,0.0,0.0,0.0,0.026,6.562,6.764,1212.0,2456.85,2211.0,1280.0
1787131687.506886,0.0,0.0,0.0,0.026,6.562,6.764,1212.0,2456.85,2211.0,1280.0
1787131687.5068967,0.0,0.0,0.0,0.026,6.562,6.764,1212.0,2456.85,2211.0,1280.0
1787131687.7113876,0.0,0.0,0.0,0.026,6.562,6.764,1212.0,2456.85,2211.0,1280.0
1787131687.7114122,0.0,0.0,0.0,0.002,0.0,0.089,1212.0,2456.85,2211.0,1280.0
1787131687.7114224,0.0,0.0,0.0,0.026,6.562,6.764,1212.0,2456.85,2211.0,1280.0
1787131687.9155366,0.0,0.0,0.0,0.026,6.562,6.764,1212.0,2456.85,2211.0,1280.0
1787131687.915561,0.0,0.0,0.0,0.026,6.562,6.764,1212.0,2456.85,2211.0,1280.0
1787131687.9155715,0.0,0.536,43.507,8.673,-11.579,0.089,1212.0,2456.85,2211.0,1280.0
1787131688.1202288,0.0,0.0,0.0,0.026,6.562,6.764,1212.0,2456.85,2211.0,1280.0
1787131688.1202528,0.0,0.0,0.0,0.026,6.562,6.764,1212.0,2456.85,2211.0,1280.0
1787131688.120264,0.0,0.0,0.0,0.026,6.562,6.764,1212.0,2456.85,2211.0,1280.0
1787131688.3259292,0.0,0.0,0.0,0.026,6.562,6.764,1212.0,2456.85,2211.0,1280.0
1787131688.3259537,0.0,0.0,0.0,0.026,6.562,6.764,1212.0,2456.85,2211.0,1280.0
1787131688.325964,0.0,0.0,0.0,0.026,6.562,6.764,1212.0,2456.85,2211.0,1280.0
1787131688.532176,0.0,0.0,0.0,0.026,6.562,6.764,1212.0,2456.85,2211.0,1280.0
1787131688.5322053,0.0,0.0,0.0,0.026,6.562,6.764,1212.0,2456.85,2211.0,1280.0
1787131688.5322106,0.0,0.0,0.0,0.026,6.562,6.764,1212.0,2456.85,2211.0,1280.0
1787131688.7350807,0.0,0.0,0.0,0.026,6.562,6.764,1212.0,2456.85,2211.0,1280.0
1787131688.7351055,0.0,0.0,0.0,0.026,6.562,6.764,1212.0,2456.85,2211.0,1280.0
1787131688.7351155,0.0,0.0,0.0,0.026,6.562,6.764,1212.0,2456.85,2211.0,1280.0
1787131688.939206,0.0,0.0,0.0,0.026,6.562,6.764,1212.0,2456.85,2211.0,1280.0
1787131689.144903,0.0,0.0,0.0,0.026,6.562,6.764,1212.0,2456.85,2211.0,1280.0
1787131689.1449285,0.0,0.0,0.0,0.026,6.562,6.764,1212.0,2456.85,2211.0,1280.0
1787131689.144939,0.0,0.0,0.0,0.026,6.562,6.764,1212.0,2456.85,2211.0,1280.0
1787131689.349532,0.0,0.0,0.0,0.026,6.562,6.764,1212.0,2456.85,2211.0,1280.0
1787131689.3495567,0.0,0.0,0.0,0.026,6.562,6.764,1212.0,2456.85,2211.0,1280.0
1787131689.3495667,0.0,0.0,0.0,0.026,6.562,6.764,1212.0,2456.85,2211.0,1280.0
1787131689.5536878,0.0,0.0,0.0,0.026,6.562,6.764,1212.0,2456.85,2211.0,1280.0
1787131689.5537121,0.0,0.0,0.0,0.026,6.562,6.764,1212.0,2456.85,2211.0,1280.0
1787131689.5537224,0.0,0.0,0.0,0.026,6.562,6.764,1212.0,2456.85,2211.0,1280.0
1787131689.7586994,0.0,0.0,0.0,0.026,6.562,6.764,1212.0,2456.85,2211.0,1280.0
1787131689.7587245,0.0,0.0,0.0,0.026,6.562,6.764,1212.0,2456.85,2211.0,1280.0
1787131689.7587347,0.0,0.0,0.0,0.026,6.562,6.764,1212.0,2456.85,2211.0,1280.0
1787131689.963908,0.0,0.0,0.0,0.026,6.562,6.764,1212.0,2456.85,2211.0,1280.0
1787131689.963933,0.0,0.0,0.0,0.026,6.562,6.764,1212.0,2456.85,2211.0,1280.0
1787131689.963943,0.0,0.0,0.0,0.026,6.562,6.764,1212.0,2456.85,2211.0,1280.0
1787131690.1678653,0.0,0.0,0.0,0.002,0.0,0.089,1212.0,2456.85,2211.0,1280.0
1787131690.1678898,0.0,0.0,0.0,0.002,0.0,0.089,1212.0,2456.85,2211.0,1280.0
1787131690.1679,0.0,0.0,0.0,0.026,6.562,6.764,1212.0,2456.85,2211.0,1280.0
1787131690.3729844,0.0,0.0,0.0,0.026,6.562,6.764,1212.0,2456.85,2211.0,1280.0
1787131690.3730087,0.0,0.0,0.0,0.026,6.562,6.764,1212.0,2456.85,2211.0,1280.0
1787131690.3730192,0.0,0.0,0.0,0.026,6.562,6.764,1212.0,2456.85,2211.0,1280.0
1787131690.5756989,0.0,0.0,0.0,0.026,6.562,6.764,1212.0,2456.85,2211.0,1280.0
1787131690.7826395,0.0,0.0,0.0,0.026,6.562,6.764,1212.0,2456.85,2211.0,1280.0
1787131690.7826653,0.0,0.536,43.507,8.673,-11.579,0.089,1212.0,2456.85,2211.0,1280.0
1787131690.7826765,0.0,0.0,0.0,0.026,6.292,6.628,1212.0,2456.85,2211.0,1280.0
1787131690.987094,0.0,0.0,0.0,0.026,6.562,6.764,1212.0,2456.85,2211.0,1280.0
1787131690.9871173,0.0,0.0,0.0,0.026,6.562,6.764,1212.0,2456.85,2211.0,1280.0
1787131690.987128,0.0,0.0,0.0,0.026,6.562,6.764,1212.0,2456.85,2211.0,1280.0
1787131691.192499,0.0,0.0,0.0,0.026,6.562,6.764,1212.0,2456.85,2211.0,1280.0
1787131691.1925235,0.0,0.0,0.0,0.026,6.562,6.764,1212.0,2456.85,2211.0,1280.0
1787131691.1925337,0.0,0.0,0.0,0.026,6.562,6.764,1212.0,2456.85,2211.0,1280.0
1787131691.3968801,0.0,0.0,0.0,0.026,6.841,6.628,1212.0,2456.85,2211.0,1280.0
1787131691.396905,0.0,0.0,0.0,0.026,6.562,6.764,1212.0,2456.85,2211.0,1280.0
1787131691.396915,0.0,0.0,0.0,0.026,6.562,6.764,1212.0,2456.85,2211.0,1280.0
1787131691.602078,0.0,0.0,0.0,0.026,6.562,6.764,1212.0,2456.85,2211.0,1280.0
1787131691.6021023,0.0,0.0,0.0,0.026,6.562,6.764,1212.0,2456.85,2211.0,1280.0
1787131691.6021838,0.0,0.0,0.0,0.026,6.562,6.764,1212.0,2456.85,2211.0,1280.0
1787131691.8069065,0.0,0.0,0.0,0.026,6.562,6.764,1212.0,2456.85,2211.0,1280.0
1787131691.80693,0.0,0.0,0.0,0.026,6.562,6.764,1212.0,2456.85,2211.0,1280.0
1787131691.8069403,0.0,0.0,0.0,0.026,6.562,6.764,1212.0,2456.85,2211.0,1280.0
1787131692.011788,0.0,0.0,0.0,0.026,6.562,6.764,1212.0,2456.85,2211.0,1280.0
1787131692.0118124,0.0,0.0,0.0,0.026,6.562,6.764,1212.0,2456.85,2211.0,1280.0
1787131692.0118227,0.0,0.0,0.0,0.026,6.562,6.764,1212.0,2456.85,2211.0,1280.0
1787131692.2139807,0.0,0.0,0.0,0.026,6.562,6.764,1212.0,2456.85,2211.0,1280.0
1787131692.4222298,0.0,0.0,0.0,0.026,6.562,6.764,1212.0,2456.85,2211.0,1280.0
1787131692.4222543,0.0,0.0,0.0,0.026,6.562,6.764,1212.0,2456.85,2211.0,1280.0
1787131692.4222646,0.0,0.0,0.0,0.026,6.562,6.764,1212.0,2456.85,2211.0,1280.0
1787131692.6251426,0.0,0.0,0.0,0.026,6.562,6.764,1212.0,2456.85,2211.0,1280.0
1787131692.6251688,0.0,0.0,0.0,0.026,6.562,6.764,1212.0,2456.85,2211.0,1280.0
1787131692.6251793,0.0,0.0,0.0,0.026,6.562,6.764,1212.0,2456.85,2211.0,1280.0
1787131692.8302991,0.0,0.0,0.0,0.026,6.562,6.764,1212.0,2456.85,2211.0,1280.0
1787131692.8303235,0.0,0.0,0.0,0.002,0.0,0.089,1212.0,2456.85,2211.0,1280.0
1787131692.8303337,0.0,0.0,0.0,0.026,6.562,6.764,1212.0,2456.85,2211.0,1280.0
1787131693.0350559,0.0,0.0,0.0,0.026,6.562,6.764,1212.0,2456.85,2211.0,1280.0
1787131693.0350788,0.0,0.0,0.0,0.026,6.562,6.764,1212.0,2456.85,2211.0,1280.0
1787131693.0350888,0.0,0.0,0.0,0.026,6.562,6.764,1212.0,2456.85,2211.0,1280.0
1787131693.240346,0.0,0.0,0.0,0.026,6.562,6.764,1212.0,2456.85,2211.0,1280.0
1787131693.2403703,0.0,0.0,0.0,0.002,0.0,0.089,1212.0,2456.85,2211.0,1280.0
1787131693.2403812,0.0,0.0,0.0,0.026,6.562,6.764,1212.0,2456.85,2211.0,1280.0
1787131693.4444144,0.0,0.0,0.0,0.026,6.02,0.053,3571.2,0.0,1204.5,1280.0
1787131693.4444382,0.0,0.0,0.0,0.026,6.841,6.628,1212.0,2456.85,2211.0,1280.0
1787131693.4444492,0.0,0.0,0.0,0.026,6.562,6.764,1212.0,2456.85,2211.0,1280.0
1787131693.6508136,0.0,0.0,0.0,0.026,6.562,6.764,1212.0,2456.85,2211.0,1280.0
1787131693.6508377,0.0,0.0,0.0,0.002,0.0,0.089,1212.0,2456.85,2211.0,1280.0
1787131693.650848,0.0,0.0,0.0,0.026,6.562,6.764,1212.0,2456.85,2211.0,1280.0
1787131693.8559217,0.0,0.0,0.0,0.026,6.562,6.764,1212.0,2456.85,2211.0,1280.0
1787131693.855946,0.0,0.0,0.0,0.026,6.562,6.764,1212.0,2456.85,2211.0,1280.0
1787131693.855956,0.0,0.0,0.0,0.026,6.562,6.764,1212.0,2456.85,2211.0,1280.0
1787131694.0594711,0.0,0.0,0.0,0.026,6.562,6.764,1212.0,2456.85,2211.0,1280.0
1787131694.0594952,0.0,0.0,0.0,0.026,6.562,6.764,1212.0,2456.85,2211.0,1280.0
1787131694.0595055,0.0,0.0,0.0,0.026,6.562,6.764,1212.0,2456.85,2211.0,1280.0
1787131694.2640684,0.0,0.0,0.0,0.026,6.562,6.764,1212.0,2456.85,2211.0,1280.0
1787131694.2640927,0.0,0.0,0.0,0.026,6.562,6.764,1212.0,2456.85,2211.0,1280.0
1787131694.2641027,0.0,0.0,0.0,0.026,6.562,6.764,1212.0,2456.85,2211.0,1280.0
1787131694.4684122,0.0,0.0,0.0,0.026,6.562,6.764,1212.0,2456.85,2211.0,1280.0
1787131694.4684365,0.0,0.0,0.0,0.026,6.562,6.764,1212.0,2456.85,2211.0,1280.0
1787131694.4684465,0.0,0.0,0.0,0.026,6.562,6.764,1212.0,2456.85,2211.0,1280.0
1787131694.6736166,0.0,0.0,0.0,0.026,6.562,6.764,1212.0,2456.85,2211.0,1280.0
1787131694.673641,0.0,0.0,0.0,0.026,6.562,6.764,1212.0,2456.85,2211.0,1280.0
1787131694.6736512,0.0,0.0,0.0,0.026,6.562,6.764,1212.0,2456.85,2211.0,1280.0
1787131694.8779664,0.0,0.0,0.0,0.026,6.562,6.764,1212.0,2456.85,2211.0,1280.0
1787131694.8781688,0.0,0.0,0.0,0.026,6.562,6.764,1212.0,2456.85,2211.0,1280.0
1787131694.8781762,0.0,0.0,0.0,0.026,6.562,6.764,1212.0,2456.85,2211.0,1280.0
1787131695.082851,0.0,0.0,0.0,0.026,6.562,6.764,1212.0,2456.85,2211.0,1280.0
1787131695.0828865,0.0,0.0,0.0,0.026,6.562,6.764,1212.0,2456.85,2211.0,1280.0
1787131695.0828967,0.0,0.0,0.0,0.026,6.562,6.764,1212.0,2456.85,2211.0,1280.0
1787131695.2875824,0.0,0.0,0.0,0.026,6.562,6.764,1212.0,2456.85,2211.0,1280.0
1787131695.2876105,0.0,0.0,0.0,0.002,0.0,0.089,1212.0,2456.85,2211.0,1280.0
1787131695.287621,0.0,0.0,0.0,0.026,6.562,6.764,1212.0,2456.85,2211.0,1280.0
1787131695.4920897,0.0,0.0,0.0,0.026,6.562,6.764,1212.0,2456.85,2211.0,1280.0
1787131695.6975496,0.0,0.0,0.0,0.026,6.562,6.764,1212.0,2456.85,2211.0,1280.0
1787131695.6975746,0.0,0.0,0.0,0.026,6.562,6.764,1212.0,2456.85,2211.0,1280.0
1787131695.697585,0.0,0.0,0.0,0.026,6.562,6.764,1212.0,2456.85,2211.0,1280.0
1787131695.9018178,0.0,0.0,0.0,0.026,6.562,6.764,1212.0,2456.85,2211.0,1280.0
1787131695.9018426,0.0,0.0,0.0,0.002,0.0,0.089,1212.0,2456.85,2211.0,1280.0
1787131695.9018626,0.0,0.0,0.0,0.026,6.562,6.764,1212.0,2456.85,2211.0,1280.0
1787131696.1074142,0.0,0.0,0.0,0.026,6.562,6.764,1212.0,2456.85,2211.0,1280.0
1787131696.1074388,0.0,0.0,0.0,0.026,6.562,6.764,1212.0,2456.85,2211.0,1280.0
1787131696.1074488,0.0,0.0,0.0,0.026,6.562,6.764,1212.0,2456.85,2211.0,1280.0
1787131696.3116994,0.0,0.0,0.0,0.026,6.562,6.764,1212.0,2456.85,2211.0,1280.0
1787131696.3117237,0.0,0.0,0.0,0.026,6.562,6.764,1212.0,2456.85,2211.0,1280.0
1787131696.3117354,0.0,0.0,0.0,0.026,6.562,6.764,1212.0,2456.85,2211.0,1280.0
1787131696.5176775,0.0,0.0,0.0,0.026,6.562,6.764,1212.0,2456.85,2211.0,1280.0
1787131696.5177014,0.0,0.0,0.0,0.026,6.562,6.764,1212.0,2456.85,2211.0,1280.0
1787131696.5177116,0.0,0.0,0.0,0.026,6.562,6.764,1212.0,2456.85,2211.0,1280.0
1787131696.7208989,0.0,0.0,0.0,0.026,6.562,6.764,1212.0,2456.85,2211.0,1280.0
1787131696.720916,0.0,0.0,0.0,0.026,6.562,6.764,1212.0,2456.85,2211.0,1280.0
1787131696.720921,0.0,0.0,0.0,0.026,6.562,6.764,1212.0,2456.85,2211.0,1280.0
1787131696.9256845,0.0,0.0,0.0,0.026,6.562,6.764,1212.0,2456.85,2211.0,1280.0
1787131696.925708,0.0,0.0,0.0,0.026,6.562,6.764,1212.0,2456.85,2211.0,1280.0
1787131696.9257185,0.0,0.0,0.0,0.026,6.562,6.764,1212.0,2456.85,2211.0,1280.0
1787131697.1305325,0.0,0.0,0.0,0.002,0.0,0.089,1212.0,2456.85,2211.0,1280.0
1787131697.3357742,0.0,0.0,0.0,0.026,6.562,6.764,1212.0,2456.85,2211.0,1280.0
1787131697.3357997,0.0,0.0,0.0,0.026,6.562,6.764,1212.0,2456.85,2211.0,1280.0
1787131697.3358104,0.0,0.0,0.0,0.026,6.562,6.764,1212.0,2456.85,2211.0,1280.0
1787131697.5400383,0.0,0.0,0.0,0.026,6.562,6.764,1212.0,2456.85,2211.0,1280.0
1787131697.5400612,0.0,0.0,0.0,0.026,6.562,6.764,1212.0,2456.85,2211.0,1280.0
1787131697.5400715,0.0,0.0,0.0,0.026,6.562,6.764,1212.0,2456.85,2211.0,1280.0
1787131697.7426548,0.0,0.0,0.0,0.026,6.562,6.764,1212.0,2456.85,2211.0,1280.0
1787131697.7426796,0.0,0.536,43.507,8.673,-11.579,0.089,1212.0,2456.85,2211.0,1280.0
1787131697.7534661,0.0,0.0,0.0,0.026,6.292,6.628,1212.0,2456.85,2211.0,1280.0
1787131697.9494662,0.0,0.0,0.0,0.026,6.292,6.628,1212.0,2456.85,2211.0,1280.0
1787131697.9494889,0.0,0.0,0.0,0.026,6.562,6.764,1212.0,2456.85,2211.0,1280.0
1787131697.9494991,0.0,0.0,0.0,0.0,0.0,0.0,0.0,0.0,0.0,1280.0
1787131698.153829,0.0,0.0,0.0,0.026,6.562,6.764,1212.0,2456.85,2211.0,1280.0
1787131698.1538608,0.0,0.0,0.0,0.026,6.562,6.764,1212.0,2456.85,2211.0,1280.0
1787131698.1580155,0.0,0.0,0.0,0.026,6.562,6.764,1212.0,2456.85,2211.0,1280.0
1787131698.3612804,0.0,0.0,0.0,0.026,6.562,6.764,1212.0,2456.85,2211.0,1280.0
1787131698.3613036,0.0,0.0,0.0,0.026,6.562,6.764,1212.0,2456.85,2211.0,1280.0
1787131698.361314,0.0,0.0,0.0,0.026,6.562,6.764,1212.0,2456.85,2211.0,1280.0
1787131698.5640564,0.0,0.0,0.0,0.026,6.562,6.764,1212.0,2456.85,2211.0,1280.0
1787131698.5640826,0.0,0.0,0.0,0.026,6.562,6.764,1212.0,2456.85,2211.0,1280.0
1787131698.5640929,0.0,0.0,0.0,0.026,6.562,6.764,1212.0,2456.85,2211.0,1280.0
1787131698.7747104,0.0,0.0,0.0,0.026,6.562,6.764,1212.0,2456.85,2211.0,1280.0
1787131698.9733753,0.0,0.0,0.0,0.026,6.562,6.764,1212.0,2456.85,2211.0,1280.0
1787131698.9733999,0.0,0.0,0.0,0.002,0.0,0.089,1212.0,2456.85,2211.0,1280.0
1787131698.97348,0.0,0.0,0.0,0.026,6.562,6.764,1212.0,2456.85,2211.0,1280.0
1787131699.184166,0.0,0.0,0.0,0.026,6.562,6.764,1212.0,2456.85,2211.0,1280.0
1787131699.1841905,0.0,0.0,0.0,0.026,6.562,6.764,1212.0,2456.85,2211.0,1280.0
1787131699.184201,0.0,0.0,0.0,0.026,6.562,6.764,1212.0,2456.85,2211.0,1280.0
1787131699.3834362,0.0,0.0,0.0,0.026,6.562,6.764,1212.0,2456.85,2211.0,1280.0
1787131699.3834608,0.0,0.0,0.0,0.026,6.562,6.764,1212.0,2456.85,2211.0,1280.0
1787131699.3834708,0.0,0.0,0.0,0.026,6.562,6.764,1212.0,2456.85,2211.0,1280.0
1787131699.5949836,0.0,0.0,0.0,0.026,6.562,6.764,1212.0,2456.85,2211.0,1280.0
1787131699.5950074,0.0,0.0,0.0,0.026,6.562,6.764,1212.0,2456.85,2211.0,1280.0
1787131699.5950177,0.0,0.0,0.0,0.002,0.0,0.089,1212.0,2456.85,2211.0,1280.0
1787131699.7955832,0.0,0.0,0.0,0.026,6.562,6.764,1212.0,2456.85,2211.0,1280.0
1787131699.7956076,0.0,0.0,0.0,0.026,6.562,6.764,1212.0,2456.85,2211.0,1280.0
1787131699.997156,0.0,0.0,0.0,0.026,6.562,6.764,1212.0,2456.85,2211.0,1280.0
1787131699.9971788,0.0,0.0,0.0,0.026,6.562,6.764,1212.0,2456.85,2211.0,1280.0
1787131699.99719,0.0,0.0,0.0,0.026,6.562,6.764,1212.0,2456.85,2211.0,1280.0
1787131700.202065,0.0,0.0,0.0,0.026,6.562,6.764,1212.0,2456.85,2211.0,1280.0
1787131700.202088,0.0,0.0,0.0,0.026,6.562,6.764,1212.0,2456.85,2211.0,1280.0
1787131700.2021,0.0,0.0,0.0,0.026,6.562,6.764,1212.0,2456.85,2211.0,1280.0
1787131700.4061506,0.0,0.0,0.0,0.0,0.0,0.0,0.0,0.0,0.0,1280.0
1787131700.4061723,0.0,0.0,0.0,0.026,6.841,6.628,1212.0,2456.85,2211.0,1280.0
1787131700.6121635,0.0,0.0,0.0,0.026,6.562,6.764,1212.0,2456.85,2211.0,1280.0
1787131700.6121888,0.0,0.0,0.0,0.026,6.562,6.764,1212.0,2456.85,2211.0,1280.0
1787131700.6121993,0.0,0.0,0.0,0.026,6.562,6.764,1212.0,2456.85,2211.0,1280.0
1787131700.8228018,0.0,0.0,0.0,0.026,6.562,6.764,1212.0,2456.85,2211.0,1280.0
1787131700.8228264,0.0,0.0,0.0,0.026,6.562,6.764,1212.0,2456.85,2211.0,1280.0
1787131700.8228374,0.0,0.0,0.0,0.026,6.562,6.764,1212.0,2456.85,2211.0,1280.0
1787131701.0211031,0.0,0.0,0.0,0.026,6.562,6.764,1212.0,2456.85,2211.0,1280.0
1787131701.0212178,0.0,0.536,43.507,8.673,-11.579,0.089,1212.0,2456.85,2211.0,1280.0
1787131701.021226,0.0,0.0,0.0,0.026,6.292,6.628,1212.0,2456.85,2211.0,1280.0
1787131701.226705,0.0,0.0,0.0,0.026,6.562,6.764,1212.0,2456.85,2211.0,1280.0
1787131701.2267275,0.0,0.0,0.0,0.026,6.562,6.764,1212.0,2456.85,2211.0,1280.0
1787131701.2267377,0.0,0.0,0.0,0.026,6.562,6.764,1212.0,2456.85,2211.0,1280.0
1787131701.4309866,0.0,0.0,0.0,0.026,6.562,6.764,1212.0,2456.85,2211.0,1280.0
1787131701.431012,0.0,0.0,0.0,0.026,6.562,6.764,1212.0,2456.85,2211.0,1280.0
1787131701.4310222,0.0,0.0,0.0,0.026,6.562,6.764,1212.0,2456.85,2211.0,1280.0
1787131701.6354957,0.0,0.0,0.0,0.026,6.562,6.764,1212.0,2456.85,2211.0,1280.0
1787131701.6355197,0.0,0.0,0.0,0.026,6.562,6.764,1212.0,2456.85,2211.0,1280.0
1787131701.63553,0.0,0.536,43.507,8.673,-11.579,0.089,1212.0,2456.85,2211.0,1280.0
1787131701.8425374,0.0,0.0,0.0,0.026,6.562,6.764,1212.0,2456.85,2211.0,1280.0
1787131701.8425615,0.0,0.0,0.0,0.026,6.562,6.764,1212.0,2456.85,2211.0,1280.0
1787131701.8425715,0.0,0.0,0.0,0.026,6.562,6.764,1212.0,2456.85,2211.0,1280.0
1787131702.0433075,0.0,0.0,0.0,0.0,0.0,0.0,0.0,0.0,0.0,1280.0
1787131702.249629,0.0,0.0,0.0,0.026,6.562,6.764,1212.0,2456.85,2211.0,1280.0
1787131702.2496557,0.0,0.0,0.0,0.026,6.562,6.764,1212.0,2456.85,2211.0,1280.0
1787131702.4548142,0.0,0.0,0.0,0.026,6.562,6.764,1212.0,2456.85,2211.0,1280.0
1787131702.4548385,0.0,0.0,0.0,0.026,6.562,6.764,1212.0,2456.85,2211.0,1280.0
1787131702.454849,0.0,0.0,0.0,0.026,6.562,6.764,1212.0,2456.85,2211.0,1280.0
1787131702.6599665,0.0,0.0,0.0,0.002,0.0,0.089,1212.0,2456.85,2211.0,1280.0
1787131702.659995,0.0,0.0,0.0,0.026,6.562,6.764,1212.0,2456.85,2211.0,1280.0
1787131702.6600053,0.0,0.0,0.0,0.026,6.562,6.764,1212.0,2456.85,2211.0,1280.0
1787131702.8647768,0.0,0.0,0.0,0.026,6.562,6.764,1212.0,2456.85,2211.0,1280.0
1787131702.8648016,0.0,0.0,0.0,0.026,6.562,6.764,1212.0,2456.85,2211.0,1280.0
1787131702.8648114,0.0,0.0,0.0,0.026,6.562,6.764,1212.0,2456.85,2211.0,1280.0
1787131703.0675542,0.0,0.0,0.0,0.026,6.562,6.764,1212.0,2456.85,2211.0,1280.0
1787131703.0675783,0.0,0.0,0.0,0.026,6.562,6.764,1212.0,2456.85,2211.0,1280.0
1787131703.0791965,0.0,0.0,0.0,0.026,6.562,6.764,1212.0,2456.85,2211.0,1280.0
1787131703.2742696,0.0,0.0,0.0,0.026,6.562,6.764,1212.0,2456.85,2211.0,1280.0
1787131703.2742944,0.0,0.0,0.0,0.026,6.562,6.764,1212.0,2456.85,2211.0,1280.0
1787131703.2743046,0.0,0.0,0.0,0.026,6.562,6.764,1212.0,2456.85,2211.0,1280.0
1787131703.4791818,0.0,0.0,0.0,0.026,6.562,6.764,1212.0,2456.85,2211.0,1280.0
1787131703.479206,0.0,0.0,0.0,0.026,6.562,6.764,1212.0,2456.85,2211.0,1280.0
1787131703.4792163,0.0,0.0,0.0,0.026,6.562,6.764,1212.0,2456.85,2211.0,1280.0
1787131703.6814003,0.0,0.0,0.0,0.026,6.562,6.764,1212.0,2456.85,2211.0,1280.0
1787131703.890329,0.0,0.0,0.0,0.026,6.562,6.764,1212.0,2456.85,2211.0,1280.0
1787131703.890353,0.0,0.0,0.0,0.026,6.562,6.764,1212.0,2456.85,2211.0,1280.0
1787131703.8903642,0.0,0.0,0.0,0.026,6.562,6.764,1212.0,2456.85,2211.0,1280.0
1787131704.0930796,0.0,0.0,0.0,0.026,6.292,6.628,1212.0,2456.85,2211.0,1280.0
1787131704.0931036,0.0,0.0,0.0,0.026,6.562,6.764,1212.0,2456.85,2211.0,1280.0
1787131704.093114,0.0,0.0,0.0,0.026,6.562,6.764,1212.0,2456.85,2211.0,1280.0
1787131704.2978153,0.0,0.0,0.0,0.026,6.562,6.764,1212.0,2456.85,2211.0,1280.0
1787131704.2978399,0.0,0.0,0.0,0.026,6.562,6.764,1212.0,2456.85,2211.0,1280.0
1787131704.2978501,0.0,0.0,0.0,0.026,6.562,6.764,1212.0,2456.85,2211.0,1280.0
1787131704.502606,0.0,0.0,0.0,0.002,0.0,0.089,1212.0,2456.85,2211.0,1280.0
1787131704.5026302,0.0,0.0,0.0,0.026,6.562,6.764,1212.0,2456.85,2211.0,1280.0
1787131704.5026407,0.0,0.0,0.0,0.026,6.562,6.764,1212.0,2456.85,2211.0,1280.0
1787131704.7072308,0.0,0.0,0.0,0.026,6.562,6.764,1212.0,2456.85,2211.0,1280.0
1787131704.707254,0.0,0.0,0.0,0.026,6.562,6.764,1212.0,2456.85,2211.0,1280.0
1787131704.7072659,0.0,0.0,0.0,0.026,6.562,6.764,1212.0,2456.85,2211.0,1280.0
1787131704.9122593,0.0,0.0,0.0,0.026,6.562,6.764,1212.0,2456.85,2211.0,1280.0
1787131704.9122827,0.0,0.0,0.0,0.026,6.562,6.764,1212.0,2456.85,2211.0,1280.0
1787131704.9122922,0.0,0.0,0.0,0.026,6.562,6.764,1212.0,2456.85,2211.0,1280.0
1787131705.116929,0.0,0.0,0.0,0.026,6.562,6.764,1212.0,2456.85,2211.0,1280.0
1787131705.1169531,0.0,0.0,0.0,0.026,6.562,6.764,1212.0,2456.85,2211.0,1280.0
1787131705.1169634,0.0,0.0,0.0,0.026,6.562,6.764,1212.0,2456.85,2211.0,1280.0
1787131705.321173,0.0,0.0,0.0,0.026,6.562,6.764,1212.0,2456.85,2211.0,1280.0
1787131705.321197,0.0,0.0,0.0,0.026,6.562,6.764,1212.0,2456.85,2211.0,1280.0
1787131705.5270677,0.0,0.0,0.0,0.026,6.562,6.764,1212.0,2456.85,2211.0,1280.0
1787131705.5270922,0.0,0.0,0.0,0.026,6.562,6.764,1212.0,2456.85,2211.0,1280.0
1787131705.5271025,0.0,0.0,0.0,0.026,6.562,6.764,1212.0,2456.85,2211.0,1280.0
1787131705.7316995,0.0,0.0,0.0,0.026,6.562,6.764,1212.0,2456.85,2211.0,1280.0
1787131705.7317235,0.0,0.0,0.0,0.026,6.562,6.764,1212.0,2456.85,2211.0,1280.0
1787131705.731734,0.0,0.0,0.0,0.026,6.562,6.764,1212.0,2456.85,2211.0,1280.0
1787131705.9359872,0.0,0.0,0.0,0.026,6.562,6.764,1212.0,2456.85,2211.0,1280.0
1787131705.9360101,0.0,0.0,0.0,0.026,6.562,6.764,1212.0,2456.85,2211.0,1280.0
1787131705.9360204,0.0,0.0,0.0,0.026,6.562,6.764,1212.0,2456.85,2211.0,1280.0
1787131706.1410177,0.0,0.0,0.0,0.026,6.562,6.764,1212.0,2456.85,2211.0,1280.0
1787131706.1412115,0.0,0.0,0.0,0.026,6.562,6.764,1212.0,2456.85,2211.0,1280.0
1787131706.1412196,0.0,0.0,0.0,0.026,6.562,6.764,1212.0,2456.85,2211.0,1280.0
1787131706.3461397,0.0,0.0,0.0,0.026,6.562,6.764,1212.0,2456.85,2211.0,1280.0
1787131706.346164,0.0,0.0,0.0,0.026,6.562,6.764,1212.0,2456.85,2211.0,1280.0
1787131706.3462446,0.0,0.0,0.0,0.026,6.562,6.764,1212.0,2456.85,2211.0,1280.0
1787131706.5504906,0.0,0.0,0.0,0.026,6.562,6.764,1212.0,2456.85,2211.0,1280.0
1787131706.5505157,0.0,0.0,0.0,0.026,6.562,6.764,1212.0,2456.85,2211.0,1280.0
1787131706.550526,0.0,0.0,0.0,0.026,6.562,6.764,1212.0,2456.85,2211.0,1280.0
1787131706.7551804,0.0,0.0,0.0,0.026,6.562,6.764,1212.0,2456.85,2211.0,1280.0
1787131706.7552044,0.0,0.0,0.0,0.026,6.562,6.764,1212.0,2456.85,2211.0,1280.0
1787131706.7552147,0.0,0.0,0.0,0.002,0.0,0.089,1212.0,2456.85,2211.0,1280.0
1787131706.9585028,0.0,0.0,0.0,0.026,6.562,6.764,1212.0,2456.85,2211.0,1280.0
1787131707.1649113,0.0,0.0,0.0,0.026,6.562,6.764,1212.0,2456.85,2211.0,1280.0
1787131707.1649354,0.0,0.0,0.0,0.026,6.562,6.764,1212.0,2456.85,2211.0,1280.0
1787131707.1649458,0.0,0.0,0.0,0.026,6.562,6.764,1212.0,2456.85,2211.0,1280.0
1787131707.3693721,0.0,0.0,0.0,0.026,6.562,6.764,1212.0,2456.85,2211.0,1280.0
1787131707.3693967,0.0,0.0,0.0,0.026,6.562,6.764,1212.0,2456.85,2211.0,1280.0
1787131707.3694074,0.0,0.0,0.0,0.026,6.562,6.764,1212.0,2456.85,2211.0,1280.0
1787131707.574508,0.0,0.0,0.0,0.026,6.562,6.764,1212.0,2456.85,2211.0,1280.0
1787131707.5745325,0.0,0.0,0.0,0.026,6.562,6.764,1212.0,2456.85,2211.0,1280.0
1787131707.5745428,0.0,0.0,0.0,0.026,6.562,6.764,1212.0,2456.85,2211.0,1280.0
1787131707.7792068,0.0,0.0,0.0,0.026,6.562,6.764,1212.0,2456.85,2211.0,1280.0
1787131707.7792304,0.0,0.0,0.0,0.026,6.562,6.764,1212.0,2456.85,2211.0,1280.0
1787131707.7792404,0.0,0.0,0.0,0.026,6.562,6.764,1212.0,2456.85,2211.0,1280.0
1787131707.9845226,0.0,0.0,0.0,0.026,6.562,6.764,1212.0,2456.85,2211.0,1280.0
1787131707.9845471,0.0,0.0,0.0,0.026,6.562,6.764,1212.0,2456.85,2211.0,1280.0
1787131707.9845574,0.0,0.0,0.0,0.002,0.0,0.089,1212.0,2456.85,2211.0,1280.0
1787131708.1901324,0.0,0.0,0.0,0.026,6.562,6.764,1212.0,2456.85,2211.0,1280.0
1787131708.1901696,0.0,0.0,0.0,0.026,6.562,6.764,1212.0,2456.85,2211.0,1280.0
1787131708.1901758,0.0,0.0,0.0,0.026,6.562,6.764,1212.0,2456.85,2211.0,1280.0
1787131708.3936872,0.0,0.0,0.0,0.026,6.562,6.764,1212.0,2456.85,2211.0,1280.0
1787131708.3937116,0.0,0.0,0.0,0.026,6.562,6.764,1212.0,2456.85,2211.0,1280.0
1787131708.3937218,0.0,0.0,0.0,0.026,6.562,6.764,1212.0,2456.85,2211.0,1280.0
1787131708.5981808,0.0,0.0,0.0,0.026,6.562,6.764,1212.0,2456.85,2211.0,1280.0
1787131708.598205,0.0,0.0,0.0,0.026,6.562,6.764,1212.0,2456.85,2211.0,1280.0
1787131708.8031,0.0,0.0,0.0,0.026,6.562,6.764,1212.0,2456.85,2211.0,1280.0
1787131708.8031237,0.0,0.0,0.0,0.026,6.562,6.764,1212.0,2456.85,2211.0,1280.0
1787131708.8031344,0.0,0.0,0.0,0.026,6.562,6.764,1212.0,2456.85,2211.0,1280.0
1787131709.008454,0.0,0.0,0.0,0.026,6.562,6.764,1212.0,2456.85,2211.0,1280.0
1787131709.0084782,0.0,0.0,0.0,0.026,6.562,6.764,1212.0,2456.85,2211.0,1280.0
1787131709.0084884,0.0,0.0,0.0,0.026,6.562,6.764,1212.0,2456.85,2211.0,1280.0
1787131709.2126653,0.0,0.0,0.0,0.026,6.562,6.764,1212.0,2456.85,2211.0,1280.0
1787131709.212688,0.0,0.0,0.0,0.026,6.562,6.764,1212.0,2456.85,2211.0,1280.0
1787131709.2126982,0.0,0.0,0.0,0.026,6.562,6.764,1212.0,2456.85,2211.0,1280.0
1787131709.4179657,0.0,0.0,0.0,0.026,6.562,6.764,1212.0,2456.85,2211.0,1280.0
1787131709.4179943,0.0,0.0,0.0,0.026,6.562,6.764,1212.0,2456.85,2211.0,1280.0
1787131709.4180045,0.0,0.0,0.0,0.026,6.562,6.764,1212.0,2456.85,2211.0,1280.0
1787131709.622299,0.0,0.0,0.0,0.026,6.562,6.764,1212.0,2456.85,2211.0,1280.0
1787131709.6223228,0.0,0.0,0.0,0.026,6.562,6.764,1212.0,2456.85,2211.0,1280.0
1787131709.6223335,0.0,0.0,0.0,0.026,6.562,6.764,1212.0,2456.85,2211.0,1280.0
1787131709.8274803,0.0,0.0,0.0,0.026,6.562,6.764,1212.0,2456.85,2211.0,1280.0
1787131709.8275046,0.0,0.0,0.0,0.002,0.0,0.089,1212.0,2456.85,2211.0,1280.0
1787131709.827515,0.0,0.0,0.0,0.026,6.562,6.764,1212.0,2456.85,2211.0,1280.0
1787131710.0322115,0.0,0.0,0.0,0.026,6.562,6.764,1212.0,2456.85,2211.0,1280.0
1787131710.0322373,0.0,0.0,0.0,0.026,6.562,6.764,1212.0,2456.85,2211.0,1280.0
1787131710.0322473,0.0,0.0,0.0,0.026,6.562,6.764,1212.0,2456.85,2211.0,1280.0
1787131710.2380443,0.0,0.0,0.0,0.026,6.562,6.764,1212.0,2456.85,2211.0,1280.0
1787131710.2380688,0.0,0.0,0.0,0.026,6.562,6.764,1212.0,2456.85,2211.0,1280.0
1787131710.2380788,0.0,0.0,0.0,0.026,6.562,6.764,1212.0,2456.85,2211.0,1280.0
1787131710.4414098,0.0,0.0,0.0,0.026,6.562,6.764,1212.0,2456.85,2211.0,1280.0
1787131710.441434,0.0,0.0,0.0,0.002,0.0,0.089,1212.0,2456.85,2211.0,1280.0
1787131710.4414444,0.0,0.0,0.0,0.026,6.562,6.764,1212.0,2456.85,2211.0,1280.0
1787131710.6470213,0.0,0.0,0.0,0.026,6.562,6.764,1212.0,2456.85,2211.0,1280.0
1787131710.647045,0.0,0.0,0.0,0.026,6.562,6.764,1212.0,2456.85,2211.0,1280.0
1787131710.6470554,0.0,0.0,0.0,0.026,6.562,6.764,1212.0,2456.85,2211.0,1280.0
1787131710.8517418,0.0,0.0,0.0,0.026,6.562,6.764,1212.0,2456.85,2211.0,1280.0
1787131710.851766,0.0,0.0,0.0,0.026,6.562,6.764,1212.0,2456.85,2211.0,1280.0
1787131710.8517766,0.0,0.0,0.0,0.026,6.562,6.764,1212.0,2456.85,2211.0,1280.0
1787131711.0563226,0.0,0.0,0.0,0.026,6.562,6.764,1212.0,2456.85,2211.0,1280.0
1787131711.0563474,0.0,0.0,0.0,0.026,6.562,6.764,1212.0,2456.85,2211.0,1280.0
1787131711.0563574,0.0,0.0,0.0,0.026,6.562,6.764,1212.0,2456.85,2211.0,1280.0
1787131711.2608063,0.0,0.0,0.0,0.026,6.292,6.628,1212.0,2456.85,2211.0,1280.0
1787131711.2608304,0.0,0.0,0.0,0.026,6.562,6.764,1212.0,2456.85,2211.0,1280.0
1787131711.2608402,0.0,0.0,0.0,0.026,6.562,6.764,1212.0,2456.85,2211.0,1280.0
1787131711.4653978,0.0,0.0,0.0,0.026,6.562,6.764,1212.0,2456.85,2211.0,1280.0
1787131711.4654255,0.0,0.0,0.0,0.026,6.562,6.764,1212.0,2456.85,2211.0,1280.0
1787131711.4654357,0.0,0.0,0.0,0.026,6.562,6.764,1212.0,2456.85,2211.0,1280.0
1787131711.670091,0.0,0.0,0.0,0.026,6.562,6.764,1212.0,2456.85,2211.0,1280.0
1787131711.6701195,0.0,0.0,0.0,0.026,6.562,6.764,1212.0,2456.85,2211.0,1280.0
1787131711.6701298,0.0,0.0,0.0,0.026,6.562,6.764,1212.0,2456.85,2211.0,1280.0
1787131711.8751254,0.0,0.0,0.0,0.002,0.0,0.089,1212.0,2456.85,2211.0,1280.0
1787131712.0802965,0.0,0.0,0.0,0.026,6.562,6.764,1212.0,2456.85,2211.0,1280.0
1787131712.0803208,0.0,0.0,0.0,0.026,6.562,6.764,1212.0,2456.85,2211.0,1280.0
1787131712.0803313,0.0,0.0,0.0,0.026,6.562,6.764,1212.0,2456.85,2211.0,1280.0
1787131712.284646,0.0,0.0,0.0,0.026,6.562,6.764,1212.0,2456.85,2211.0,1280.0
1787131712.28467,0.0,0.0,0.0,0.026,6.562,6.764,1212.0,2456.85,2211.0,1280.0
1787131712.2846806,0.0,0.0,0.0,0.002,0.0,0.089,1212.0,2456.85,2211.0,1280.0
1787131712.4901898,0.0,0.0,0.0,0.026,6.562,6.764,1212.0,2456.85,2211.0,1280.0
1787131712.490217,0.0,0.0,0.0,0.0,0.0,0.149,3859.2,0.0,1204.5,1280.0
1787131712.4902225,0.0,0.0,0.0,0.026,6.841,6.628,1212.0,2456.85,2211.0,1280.0
1787131712.6954172,0.0,0.0,0.0,0.026,6.562,6.764,1212.0,2456.85,2211.0,1280.0
1787131712.695442,0.0,0.0,0.0,0.026,6.562,6.764,1212.0,2456.85,2211.0,1280.0
1787131712.695452,0.0,0.0,0.0,0.026,6.562,6.764,1212.0,2456.85,2211.0,1280.0
1787131712.8997293,0.0,0.0,0.0,0.026,6.562,6.764,1212.0,2456.85,2211.0,1280.0
1787131712.8997538,0.0,0.0,0.0,0.026,6.562,6.764,1212.0,2456.85,2211.0,1280.0
1787131712.899764,0.0,0.0,0.0,0.026,6.562,6.764,1212.0,2456.85,2211.0,1280.0
1787131713.103785,0.0,0.0,0.0,0.026,6.562,6.764,1212.0,2456.85,2211.0,1280.0
1787131713.1038098,0.0,0.0,0.0,0.026,6.562,6.764,1212.0,2456.85,2211.0,1280.0
1787131713.1038203,0.0,0.0,0.0,0.026,6.562,6.764,1212.0,2456.85,2211.0,1280.0
1787131713.30958,0.0,0.0,0.0,0.026,6.562,6.764,1212.0,2456.85,2211.0,1280.0
1787131713.3096042,0.0,0.0,0.0,0.026,6.562,6.764,1212.0,2456.85,2211.0,1280.0
1787131713.3096144,0.0,0.0,0.0,0.026,6.562,6.764,1212.0,2456.85,2211.0,1280.0
1787131713.5129187,0.0,0.0,0.0,0.026,6.562,6.764,1212.0,2456.85,2211.0,1280.0
1787131713.7183025,0.0,0.0,0.0,0.026,6.562,6.764,1212.0,2456.85,2211.0,1280.0
1787131713.7183907,0.0,0.0,0.0,0.026,6.562,6.764,1212.0,2456.85,2211.0,1280.0
1787131713.7184021,0.0,0.0,0.0,0.026,6.562,6.764,1212.0,2456.85,2211.0,1280.0
1787131713.9287915,0.0,0.0,0.0,0.026,6.562,6.764,1212.0,2456.85,2211.0,1280.0
1787131713.9288154,0.0,0.0,0.0,0.026,6.562,6.764,1212.0,2456.85,2211.0,1280.0
1787131713.9288254,0.0,0.0,0.0,0.026,6.562,6.764,1212.0,2456.85,2211.0,1280.0
1787131714.1281228,0.0,0.0,0.0,0.026,6.562,6.764,1212.0,2456.85,2211.0,1280.0
1787131714.128147,0.0,0.0,0.0,0.026,6.562,6.764,1212.0,2456.85,2211.0,1280.0
1787131714.1281571,0.0,0.0,0.0,0.026,6.562,6.764,1212.0,2456.85,2211.0,1280.0
1787131714.332358,0.0,0.0,0.0,0.026,6.562,6.764,1212.0,2456.85,2211.0,1280.0
1787131714.332385,0.0,0.0,0.0,0.026,6.562,6.764,1212.0,2456.85,2211.0,1280.0
1787131714.332396,0.0,0.0,0.0,0.026,6.562,6.764,1212.0,2456.85,2211.0,1280.0
1787131714.5374641,0.0,0.0,0.0,0.026,6.562,6.764,1212.0,2456.85,2211.0,1280.0
1787131714.5374892,0.0,0.0,0.0,0.026,6.562,6.764,1212.0,2456.85,2211.0,1280.0
1787131714.5374997,0.0,0.0,0.0,0.026,6.562,6.764,1212.0,2456.85,2211.0,1280.0
1787131714.7422197,0.0,0.0,0.0,0.026,6.562,6.764,1212.0,2456.85,2211.0,1280.0
1787131714.742243,0.0,0.0,0.0,0.026,6.562,6.764,1212.0,2456.85,2211.0,1280.0
1787131714.7422533,0.0,0.0,0.0,0.026,6.562,6.764,1212.0,2456.85,2211.0,1280.0
1787131714.9525952,0.0,0.0,0.0,0.026,6.562,6.764,1212.0,2456.85,2211.0,1280.0
1787131714.95262,0.0,0.0,0.0,0.026,6.562,6.764,1212.0,2456.85,2211.0,1280.0
1787131714.9526303,0.0,0.0,0.0,0.026,6.562,6.764,1212.0,2456.85,2211.0,1280.0
1787131715.1497762,0.0,0.0,0.0,0.026,6.562,6.764,1212.0,2456.85,2211.0,1280.0
1787131715.3566346,0.0,0.0,0.0,0.026,6.562,6.764,1212.0,2456.85,2211.0,1280.0
1787131715.3566592,0.0,0.0,0.0,0.026,6.562,6.764,1212.0,2456.85,2211.0,1280.0
1787131715.3566697,0.0,0.0,0.0,0.026,6.562,6.764,1212.0,2456.85,2211.0,1280.0
1787131715.5611346,0.0,0.0,0.0,0.026,6.562,6.764,1212.0,2456.85,2211.0,1280.0
1787131715.5611587,0.0,0.0,0.0,0.026,6.562,6.764,1212.0,2456.85,2211.0,1280.0
1787131715.5611687,0.0,0.0,0.0,0.026,6.562,6.764,1212.0,2456.85,2211.0,1280.0
1787131715.7658699,0.0,0.0,0.0,0.026,6.562,6.764,1212.0,2456.85,2211.0,1280.0
1787131715.765916,0.0,0.0,0.0,0.026,6.562,6.764,1212.0,2456.85,2211.0,1280.0
1787131715.765931,0.0,0.0,0.0,0.026,6.562,6.764,1212.0,2456.85,2211.0,1280.0
1787131715.9707444,0.0,0.0,0.0,0.026,6.562,6.764,1212.0,2456.85,2211.0,1280.0
1787131715.970768,0.0,0.0,0.0,0.026,6.562,6.764,1212.0,2456.85,2211.0,1280.0
1787131715.9707782,0.0,0.0,0.0,0.026,6.562,6.764,1212.0,2456.85,2211.0,1280.0
1787131716.1755593,0.0,0.0,0.0,0.026,6.562,6.764,1212.0,2456.85,2211.0,1280.0
1787131716.1755838,0.0,0.0,0.0,0.026,6.562,6.764,1212.0,2456.85,2211.0,1280.0
1787131716.175594,0.0,0.0,0.0,0.026,6.562,6.764,1212.0,2456.85,2211.0,1280.0
1787131716.3802829,0.0,0.0,0.0,0.026,6.562,6.764,1212.0,2456.85,2211.0,1280.0
1787131716.380305,0.0,0.0,0.0,0.026,6.562,6.764,1212.0,2456.85,2211.0,1280.0
1787131716.380315,0.0,0.0,0.0,0.026,6.562,6.764,1212.0,2456.85,2211.0,1280.0
1787131716.5859041,0.0,0.0,0.0,0.026,6.562,6.764,1212.0,2456.85,2211.0,1280.0
1787131716.5859275,0.0,0.0,0.0,0.026,6.562,6.764,1212.0,2456.85,2211.0,1280.0
1787131716.58608,0.0,0.0,0.0,0.026,6.562,6.764,1212.0,2456.85,2211.0,1280.0
1787131716.791553,0.0,0.0,0.0,0.026,6.562,6.764,1212.0,2456.85,2211.0,1280.0
1787131716.9951944,0.0,0.0,0.0,0.026,6.562,6.764,1212.0,2456.85,2211.0,1280.0
1787131716.9952273,0.0,0.0,0.0,0.026,6.562,6.764,1212.0,2456.85,2211.0,1280.0
1787131716.9952333,0.0,0.0,0.0,0.026,6.562,6.764,1212.0,2456.85,2211.0,1280.0
1787131717.2001276,0.0,0.0,0.0,0.026,6.562,6.764,1212.0,2456.85,2211.0,1280.0
1787131717.2001514,0.0,0.0,0.0,0.026,6.562,6.764,1212.0,2456.85,2211.0,1280.0
1787131717.2001615,0.0,0.0,0.0,0.026,6.562,6.764,1212.0,2456.85,2211.0,1280.0
1787131717.4043605,0.0,0.0,0.0,0.026,6.562,6.764,1212.0,2456.85,2211.0,1280.0
1787131717.4043846,0.0,0.0,0.0,0.026,6.562,6.764,1212.0,2456.85,2211.0,1280.0
1787131717.4043944,0.0,0.0,0.0,0.026,6.562,6.764,1212.0,2456.85,2211.0,1280.0
1787131717.6097376,0.0,0.0,0.0,0.026,6.562,6.764,1212.0,2456.85,2211.0,1280.0
1787131717.6097631,0.0,0.0,0.0,0.026,6.562,6.764,1212.0,2456.85,2211.0,1280.0
1787131717.6097734,0.0,0.0,0.0,0.026,6.562,6.764,1212.0,2456.85,2211.0,1280.0
1787131717.814443,0.0,0.0,0.0,0.026,6.562,6.764,1212.0,2456.85,2211.0,1280.0
1787131717.8144677,0.0,0.536,43.507,8.673,-11.579,0.089,1212.0,2456.85,2211.0,1280.0
1787131717.8144789,0.0,0.0,0.0,0.026,6.292,6.628,1212.0,2456.85,2211.0,1280.0
1787131718.0201054,0.0,0.0,0.0,0.026,6.562,6.764,1212.0,2456.85,2211.0,1280.0
1787131718.0201294,0.0,0.0,0.0,0.026,6.562,6.764,1212.0,2456.85,2211.0,1280.0
1787131718.0201395,0.0,0.0,0.0,0.026,6.562,6.764,1212.0,2456.85,2211.0,1280.0
1787131718.224039,0.0,0.0,0.0,0.026,6.562,6.764,1212.0,2456.85,2211.0,1280.0
1787131718.2240672,0.0,0.0,0.0,0.026,6.562,6.764,1212.0,2456.85,2211.0,1280.0
1787131718.2240775,0.0,0.0,0.0,0.026,6.562,6.764,1212.0,2456.85,2211.0,1280.0
1787131718.4283319,0.0,0.0,0.0,0.002,0.0,0.089,1212.0,2456.85,2211.0,1280.0
1787131718.6330278,0.0,0.0,0.0,0.026,6.562,6.764,1212.0,2456.85,2211.0,1280.0
1787131718.6330552,0.0,0.0,0.0,0.026,6.562,6.764,1212.0,2456.85,2211.0,1280.0
1787131718.6330657,0.0,0.0,0.0,0.026,6.562,6.764,1212.0,2456.85,2211.0,1280.0
1787131718.838378,0.0,0.0,0.0,0.026,6.562,6.764,1212.0,2456.85,2211.0,1280.0
1787131718.8384023,0.0,0.0,0.0,0.002,0.0,0.089,1212.0,2456.85,2211.0,1280.0
1787131718.8384125,0.0,0.0,0.0,0.026,6.562,6.764,1212.0,2456.85,2211.0,1280.0
1787131719.043423,0.0,0.0,0.0,0.002,0.0,0.089,1212.0,2456.85,2211.0,1280.0
1787131719.043447,0.0,0.0,0.0,0.026,6.562,6.764,1212.0,2456.85,2211.0,1280.0
1787131719.043457,0.0,0.0,0.0,0.026,6.562,6.764,1212.0,2456.85,2211.0,1280.0
1787131719.2478924,0.0,0.0,0.0,0.026,6.562,6.764,1212.0,2456.85,2211.0,1280.0
1787131719.247917,0.0,0.0,0.0,0.026,6.562,6.764,1212.0,2456.85,2211.0,1280.0
1787131719.247927,0.0,0.0,0.0,0.026,6.562,6.764,1212.0,2456.85,2211.0,1280.0
1787131719.4521787,0.0,0.0,0.0,0.002,0.0,0.089,1212.0,2456.85,2211.0,1280.0
1787131719.4522033,0.0,0.0,0.0,0.026,6.562,6.764,1212.0,2456.85,2211.0,1280.0
1787131719.4522138,0.0,0.0,0.0,0.026,6.562,6.764,1212.0,2456.85,2211.0,1280.0
1787131719.6576002,0.0,0.0,0.0,0.026,6.562,6.764,1212.0,2456.85,2211.0,1280.0
1787131719.6576242,0.0,0.0,0.0,0.026,6.562,6.764,1212.0,2456.85,2211.0,1280.0
1787131719.6576347,0.0,0.0,0.0,0.002,0.0,0.089,1212.0,2456.85,2211.0,1280.0
1787131719.862139,0.0,0.0,0.0,0.026,6.562,6.764,1212.0,2456.85,2211.0,1280.0
1787131719.8621716,0.0,0.0,0.0,0.026,6.562,6.764,1212.0,2456.85,2211.0,1280.0
1787131719.8621776,0.0,0.0,0.0,0.026,6.562,6.764,1212.0,2456.85,2211.0,1280.0
1787131720.0664217,0.0,0.0,0.0,0.026,6.562,6.764,1212.0,2456.85,2211.0,1280.0
1787131720.271568,0.0,0.0,0.0,0.026,6.562,6.764,1212.0,2456.85,2211.0,1280.0
1787131720.2715924,0.0,0.0,0.0,0.026,6.562,6.764,1212.0,2456.85,2211.0,1280.0
1787131720.2716029,0.0,0.0,0.0,0.026,6.562,6.764,1212.0,2456.85,2211.0,1280.0
1787131720.4742224,0.0,0.0,0.0,0.026,6.562,6.764,1212.0,2456.85,2211.0,1280.0
1787131720.485189,0.0,0.0,0.0,0.026,6.562,6.764,1212.0,2456.85,2211.0,1280.0
1787131720.4852133,0.0,0.0,0.0,0.026,6.562,6.764,1212.0,2456.85,2211.0,1280.0
1787131720.6813471,0.0,0.0,0.0,0.026,6.562,6.764,1212.0,2456.85,2211.0,1280.0
1787131720.6813707,0.0,0.0,0.0,0.026,6.562,6.764,1212.0,2456.85,2211.0,1280.0
1787131720.6813807,0.0,0.0,0.0,0.026,6.562,6.764,1212.0,2456.85,2211.0,1280.0
1787131720.885627,0.0,0.0,0.0,0.026,6.562,6.764,1212.0,2456.85,2211.0,1280.0
1787131720.8856506,0.0,0.0,0.0,0.026,6.562,6.764,1212.0,2456.85,2211.0,1280.0
1787131720.885661,0.0,0.0,0.0,0.026,6.562,6.764,1212.0,2456.85,2211.0,1280.0
1787131721.090404,0.0,0.0,0.0,0.026,6.562,6.764,1212.0,2456.85,2211.0,1280.0
1787131721.0905018,0.0,0.0,0.0,0.026,6.562,6.764,1212.0,2456.85,2211.0,1280.0
1787131721.0905132,0.0,0.0,0.0,0.026,6.562,6.764,1212.0,2456.85,2211.0,1280.0
1787131721.2960653,0.0,0.0,0.0,0.002,0.0,0.089,1212.0,2456.85,2211.0,1280.0
1787131721.296089,0.0,0.0,0.0,0.026,6.562,6.764,1212.0,2456.85,2211.0,1280.0
1787131721.2960992,0.0,0.0,0.0,0.026,6.562,6.764,1212.0,2456.85,2211.0,1280.0
1787131721.5003693,0.0,0.0,0.0,0.026,6.562,6.764,1212.0,2456.85,2211.0,1280.0
1787131721.5003934,0.0,0.0,0.0,0.026,6.562,6.764,1212.0,2456.85,2211.0,1280.0
1787131721.5004036,0.0,0.0,0.0,0.026,6.562,6.764,1212.0,2456.85,2211.0,1280.0
1787131721.7027247,0.0,0.0,0.0,0.026,6.562,6.764,1212.0,2456.85,2211.0,1280.0
1787131721.906175,0.0,0.0,0.0,0.002,0.0,0.089,1212.0,2456.85,2211.0,1280.0
1787131721.9103327,0.0,0.0,0.0,0.026,6.562,6.764,1212.0,2456.85,2211.0,1280.0
1787131721.9103568,0.0,0.0,0.0,0.026,6.562,6.764,1212.0,2456.85,2211.0,1280.0
1787131722.1142807,0.0,0.0,0.0,0.026,6.562,6.764,1212.0,2456.85,2211.0,1280.0
1787131722.1143029,0.0,0.0,0.0,0.026,6.562,6.764,1212.0,2456.85,2211.0,1280.0
1787131722.1143134,0.0,0.0,0.0,0.026,6.562,6.764,1212.0,2456.85,2211.0,1280.0
1787131722.3199775,0.0,0.0,0.0,0.026,6.562,6.764,1212.0,2456.85,2211.0,1280.0
1787131722.3201668,0.0,0.0,0.0,0.002,0.0,0.089,1212.0,2456.85,2211.0,1280.0
1787131722.3201823,0.0,0.0,0.0,0.026,6.562,6.764,1212.0,2456.85,2211.0,1280.0
1787131722.5240304,0.0,0.0,0.0,0.026,6.562,6.764,1212.0,2456.85,2211.0,1280.0
1787131722.5240538,0.0,0.0,0.0,0.026,6.562,6.764,1212.0,2456.85,2211.0,1280.0
1787131722.524064,0.0,0.0,0.0,0.026,6.562,6.764,1212.0,2456.85,2211.0,1280.0
1787131722.7295337,0.0,0.0,0.0,0.026,6.562,6.764,1212.0,2456.85,2211.0,1280.0
1787131722.729558,0.0,0.0,0.0,0.026,6.562,6.764,1212.0,2456.85,2211.0,1280.0
1787131722.7295685,0.0,0.0,0.0,0.026,6.562,6.764,1212.0,2456.85,2211.0,1280.0
1787131722.9335063,0.0,0.0,0.0,0.026,6.562,6.764,1212.0,2456.85,2211.0,1280.0
1787131722.9335306,0.0,0.0,0.0,0.026,6.562,6.764,1212.0,2456.85,2211.0,1280.0
1787131722.9335403,0.0,0.0,0.0,0.026,6.562,6.764,1212.0,2456.85,2211.0,1280.0
1787131723.1384776,0.0,0.0,0.0,0.026,6.562,6.764,1212.0,2456.85,2211.0,1280.0
1787131723.1385016,0.0,0.0,0.0,0.026,6.562,6.764,1212.0,2456.85,2211.0,1280.0
1787131723.138512,0.0,0.0,0.0,0.026,6.562,6.764,1212.0,2456.85,2211.0,1280.0
1787131723.3432956,0.0,0.0,0.0,0.002,0.0,0.089,1212.0,2456.85,2211.0,1280.0
1787131723.3433197,0.0,0.0,0.0,0.026,6.562,6.764,1212.0,2456.85,2211.0,1280.0
1787131723.5501978,0.0,0.0,0.0,0.026,6.562,6.764,1212.0,2456.85,2211.0,1280.0
1787131723.5502229,0.0,0.0,0.0,0.026,6.562,6.764,1212.0,2456.85,2211.0,1280.0
1787131723.5502334,0.0,0.0,0.0,0.026,6.562,6.764,1212.0,2456.85,2211.0,1280.0
1787131723.752726,0.0,0.0,0.0,0.026,6.562,6.764,1212.0,2456.85,2211.0,1280.0
1787131723.7527492,0.0,0.0,0.0,0.026,6.562,6.764,1212.0,2456.85,2211.0,1280.0
1787131723.7527597,0.0,0.0,0.0,0.002,0.0,0.089,1212.0,2456.85,2211.0,1280.0
1787131723.9576275,0.0,0.0,0.0,0.026,6.562,6.764,1212.0,2456.85,2211.0,1280.0
1787131723.957651,0.0,0.0,0.0,0.026,6.562,6.764,1212.0,2456.85,2211.0,1280.0
1787131723.9576612,0.0,0.0,0.0,0.026,6.562,6.764,1212.0,2456.85,2211.0,1280.0
1787131724.1631444,0.0,0.0,0.0,0.026,6.562,6.764,1212.0,2456.85,2211.0,1280.0
1787131724.1631632,0.0,0.0,0.0,0.026,6.562,6.764,1212.0,2456.85,2211.0,1280.0
1787131724.1631682,0.0,0.0,0.0,0.026,6.562,6.764,1212.0,2456.85,2211.0,1280.0
1787131724.3671584,0.0,0.0,0.0,0.026,6.562,6.764,1212.0,2456.85,2211.0,1280.0
1787131724.3671818,0.0,0.0,0.0,0.026,6.562,6.764,1212.0,2456.85,2211.0,1280.0
1787131724.367192,0.0,0.0,0.0,0.026,6.562,6.764,1212.0,2456.85,2211.0,1280.0
1787131724.5723264,0.0,0.0,0.0,0.026,6.562,6.764,1212.0,2456.85,2211.0,1280.0
1787131724.572351,0.0,0.0,0.0,0.026,6.562,6.764,1212.0,2456.85,2211.0,1280.0
1787131724.5723615,0.0,0.0,0.0,0.026,6.562,6.764,1212.0,2456.85,2211.0,1280.0
1787131724.7780545,0.0,0.0,0.0,0.026,6.562,6.764,1212.0,2456.85,2211.0,1280.0
1787131724.7780786,0.0,0.0,0.0,0.026,6.562,6.764,1212.0,2456.85,2211.0,1280.0
1787131724.7780888,0.0,0.0,0.0,0.026,6.562,6.764,1212.0,2456.85,2211.0,1280.0
1787131724.9815996,0.0,0.0,0.0,0.026,6.562,6.764,1212.0,2456.85,2211.0,1280.0
1787131725.1861706,0.0,0.0,0.0,0.026,6.562,6.764,1212.0,2456.85,2211.0,1280.0
1787131725.186194,0.0,0.0,0.0,0.026,6.562,6.764,1212.0,2456.85,2211.0,1280.0
1787131725.1862044,0.0,0.0,0.0,0.026,6.562,6.764,1212.0,2456.85,2211.0,1280.0
1787131725.3954124,0.0,0.0,0.0,0.026,6.562,6.764,1212.0,2456.85,2211.0,1280.0
1787131725.3954356,0.0,0.0,0.0,0.026,6.562,6.764,1212.0,2456.85,2211.0,1280.0
1787131725.3954458,0.0,0.0,0.0,0.026,6.562,6.764,1212.0,2456.85,2211.0,1280.0
1787131725.5962887,0.0,0.0,0.0,0.026,6.562,6.764,1212.0,2456.85,2211.0,1280.0
1787131725.596313,0.0,0.0,0.0,0.026,6.562,6.764,1212.0,2456.85,2211.0,1280.0
1787131725.596323,0.0,0.0,0.0,0.026,6.562,6.764,1212.0,2456.85,2211.0,1280.0
1787131725.8010848,0.0,0.0,0.0,0.026,6.562,6.764,1212.0,2456.85,2211.0,1280.0
1787131725.801108,0.0,0.0,0.0,0.002,0.0,0.089,1212.0,2456.85,2211.0,1280.0
1787131725.8011196,0.0,0.0,0.0,0.026,6.562,6.764,1212.0,2456.85,2211.0,1280.0
1787131726.0066414,0.0,0.0,0.0,0.026,6.562,6.764,1212.0,2456.85,2211.0,1280.0
1787131726.0066705,0.0,0.0,0.0,0.026,6.562,6.764,1212.0,2456.85,2211.0,1280.0
1787131726.0066807,0.0,0.0,0.0,0.002,0.0,0.089,1212.0,2456.85,2211.0,1280.0
1787131726.2116475,0.0,0.0,0.0,0.026,6.562,6.764,1212.0,2456.85,2211.0,1280.0
1787131726.2116716,0.0,0.0,0.0,0.026,6.562,6.764,1212.0,2456.85,2211.0,1280.0
1787131726.2116816,0.0,0.0,0.0,0.026,6.562,6.764,1212.0,2456.85,2211.0,1280.0
1787131726.41492,0.0,0.0,0.0,0.026,6.562,6.764,1212.0,2456.85,2211.0,1280.0
1787131726.6193142,0.0,0.0,0.0,0.026,6.562,6.764,1212.0,2456.85,2211.0,1280.0
1787131726.8245847,0.0,0.0,0.0,0.026,6.562,6.764,1212.0,2456.85,2211.0,1280.0
1787131726.824608,0.0,0.0,0.0,0.002,0.0,0.089,1212.0,2456.85,2211.0,1280.0
1787131726.8246183,0.0,0.0,0.0,0.026,6.562,6.764,1212.0,2456.85,2211.0,1280.0
1787131727.0303876,0.0,0.0,0.0,0.026,6.562,6.764,1212.0,2456.85,2211.0,1280.0
1787131727.0304122,0.0,0.0,0.0,0.026,6.562,6.764,1212.0,2456.85,2211.0,1280.0
1787131727.0304224,0.0,0.0,0.0,0.026,6.562,6.764,1212.0,2456.85,2211.0,1280.0
1787131727.234887,0.0,0.0,0.0,0.026,6.562,6.764,1212.0,2456.85,2211.0,1280.0
1787131727.2349107,0.0,0.0,0.0,0.026,6.562,6.764,1212.0,2456.85,2211.0,1280.0
1787131727.2349207,0.0,0.0,0.0,0.026,6.562,6.764,1212.0,2456.85,2211.0,1280.0
1787131727.4395416,0.0,0.0,0.0,0.026,6.562,6.764,1212.0,2456.85,2211.0,1280.0
1787131727.4395661,0.0,0.0,0.0,0.026,6.562,6.764,1212.0,2456.85,2211.0,1280.0
1787131727.4395766,0.0,0.0,0.0,0.026,6.562,6.764,1212.0,2456.85,2211.0,1280.0
1787131727.6445901,0.0,0.0,0.0,0.026,6.562,6.764,1212.0,2456.85,2211.0,1280.0
1787131727.644615,0.0,0.0,0.0,0.026,6.562,6.764,1212.0,2456.85,2211.0,1280.0
1787131727.644625,0.0,0.0,0.0,0.026,6.562,6.764,1212.0,2456.85,2211.0,1280.0
1787131727.848618,0.0,0.0,0.0,0.026,6.562,6.764,1212.0,2456.85,2211.0,1280.0
1787131727.8486419,0.0,0.0,0.0,0.002,0.0,0.089,1212.0,2456.85,2211.0,1280.0
1787131727.8486521,0.0,0.0,0.0,0.026,6.562,6.764,1212.0,2456.85,2211.0,1280.0
1787131728.0533462,0.0,0.0,0.0,0.026,6.562,6.764,1212.0,2456.85,2211.0,1280.0
1787131728.0533707,0.0,0.0,0.0,0.026,6.562,6.764,1212.0,2456.85,2211.0,1280.0
1787131728.0533805,0.0,0.0,0.0,0.026,6.562,6.764,1212.0,2456.85,2211.0,1280.0
1787131728.2577474,0.0,0.0,0.0,0.026,6.562,6.764,1212.0,2456.85,2211.0,1280.0
1787131728.2577724,0.0,0.0,0.0,0.026,6.562,6.764,1212.0,2456.85,2211.0,1280.0
1787131728.4630346,0.0,0.0,0.0,0.026,6.292,6.628,1212.0,2456.85,2211.0,1280.0
1787131728.463058,0.0,0.0,0.0,0.026,6.562,6.764,1212.0,2456.85,2211.0,1280.0
1787131728.4630685,0.0,0.0,0.0,0.026,6.562,6.764,1212.0,2456.85,2211.0,1280.0
1787131728.6681206,0.0,0.0,0.0,0.026,6.562,6.764,1212.0,2456.85,2211.0,1280.0
1787131728.6681445,0.0,0.0,0.0,0.026,6.562,6.764,1212.0,2456.85,2211.0,1280.0
1787131728.6681547,0.0,0.0,0.0,0.026,6.562,6.764,1212.0,2456.85,2211.0,1280.0
1787131728.8729706,0.0,0.0,0.0,0.026,6.562,6.764,1212.0,2456.85,2211.0,1280.0
1787131728.8729947,0.0,0.0,0.0,0.026,6.562,6.764,1212.0,2456.85,2211.0,1280.0
1787131728.8730044,0.0,0.0,0.0,0.0,0.0,0.0,0.0,0.0,0.0,1280.0
1787131729.078007,0.0,0.0,0.0,0.026,6.562,6.764,1212.0,2456.85,2211.0,1280.0
1787131729.0780308,0.0,0.0,0.0,0.026,6.562,6.764,1212.0,2456.85,2211.0,1280.0
1787131729.078041,0.0,0.0,0.0,0.026,6.562,6.764,1212.0,2456.85,2211.0,1280.0
1787131729.2821314,0.0,0.0,0.0,0.026,6.562,6.764,1212.0,2456.85,2211.0,1280.0
1787131729.282155,0.0,0.0,0.0,0.026,6.562,6.764,1212.0,2456.85,2211.0,1280.0
1787131729.2821653,0.0,0.0,0.0,0.026,6.562,6.764,1212.0,2456.85,2211.0,1280.0
1787131729.4869928,0.0,0.0,0.0,0.026,6.562,6.764,1212.0,2456.85,2211.0,1280.0
1787131729.4870176,0.0,0.0,0.0,0.026,6.562,6.764,1212.0,2456.85,2211.0,1280.0
1787131729.4870238,0.0,0.0,0.0,0.026,6.562,6.764,1212.0,2456.85,2211.0,1280.0
1787131729.6939986,0.0,0.0,0.0,0.026,6.562,6.764,1212.0,2456.85,2211.0,1280.0
1787131729.6941383,0.0,0.0,0.0,0.026,6.562,6.764,1212.0,2456.85,2211.0,1280.0
1787131729.6941533,0.0,0.0,0.0,0.026,6.562,6.764,1212.0,2456.85,2211.0,1280.0
1787131729.9022768,0.0,0.0,0.0,0.026,6.562,6.764,1212.0,2456.85,2211.0,1280.0
1787131730.107361,0.0,0.0,0.0,0.026,6.562,6.764,1212.0,2456.85,2211.0,1280.0
1787131730.1073854,0.0,0.0,0.0,0.026,6.562,6.764,1212.0,2456.85,2211.0,1280.0
1787131730.1073954,0.0,0.0,0.0,0.026,6.562,6.764,1212.0,2456.85,2211.0,1280.0
1787131730.3102725,0.0,0.0,0.0,0.026,6.562,6.764,1212.0,2456.85,2211.0,1280.0
1787131730.3102968,0.0,0.0,0.0,0.026,6.562,6.764,1212.0,2456.85,2211.0,1280.0
1787131730.310307,0.0,0.0,0.0,0.026,6.562,6.764,1212.0,2456.85,2211.0,1280.0
1787131730.517151,0.0,0.0,0.0,0.026,6.562,6.764,1212.0,2456.85,2211.0,1280.0
1787131730.5171778,0.0,0.0,0.0,0.026,6.562,6.764,1212.0,2456.85,2211.0,1280.0
1787131730.5171878,0.0,0.0,0.0,0.026,6.562,6.764,1212.0,2456.85,2211.0,1280.0
1787131730.712142,0.0,0.0,0.0,0.026,6.562,6.764,1212.0,2456.85,2211.0,1280.0
1787131730.7238412,0.0,0.0,0.0,0.026,6.562,6.764,1212.0,2456.85,2211.0,1280.0
1787131730.723875,0.0,0.0,0.0,0.026,6.562,6.764,1212.0,2456.85,2211.0,1280.0
1787131730.9202392,0.0,0.0,0.0,0.026,6.562,6.764,1212.0,2456.85,2211.0,1280.0
1787131730.9202628,0.0,0.0,0.0,0.002,0.0,0.089,1212.0,2456.85,2211.0,1280.0
1787131730.920274,0.0,0.0,0.0,0.026,6.562,6.764,1212.0,2456.85,2211.0,1280.0
1787131731.1317675,0.0,0.0,0.0,0.026,6.562,6.764,1212.0,2456.85,2211.0,1280.0
1787131731.1317918,0.0,0.0,0.0,0.026,6.562,6.764,1212.0,2456.85,2211.0,1280.0
1787131731.1318018,0.0,0.0,0.0,0.026,6.562,6.764,1212.0,2456.85,2211.0,1280.0
1787131731.3325946,0.0,0.0,0.0,0.026,6.562,6.764,1212.0,2456.85,2211.0,1280.0
1787131731.3326182,0.0,0.0,0.0,0.026,6.562,6.764,1212.0,2456.85,2211.0,1280.0
1787131731.3326285,0.0,0.0,0.0,0.026,6.562,6.764,1212.0,2456.85,2211.0,1280.0
1787131731.534704,0.0,0.0,0.0,0.026,6.562,6.764,1212.0,2456.85,2211.0,1280.0
1787131731.7397876,0.0,0.0,0.0,0.026,6.562,6.764,1212.0,2456.85,2211.0,1280.0
1787131731.7398129,0.0,0.0,0.0,0.026,6.562,6.764,1212.0,2456.85,2211.0,1280.0
1787131731.7398229,0.0,0.0,0.0,0.026,6.562,6.764,1212.0,2456.85,2211.0,1280.0
1787131731.945135,0.0,0.0,0.0,0.026,6.562,6.764,1212.0,2456.85,2211.0,1280.0
1787131731.945159,0.0,0.0,0.0,0.026,6.562,6.764,1212.0,2456.85,2211.0,1280.0
1787131731.945169,0.0,0.0,0.0,0.026,6.562,6.764,1212.0,2456.85,2211.0,1280.0
1787131732.1496174,0.0,0.0,0.0,0.026,6.562,6.764,1212.0,2456.85,2211.0,1280.0
1787131732.149642,0.0,0.0,0.0,0.026,6.562,6.764,1212.0,2456.85,2211.0,1280.0
1787131732.1496525,0.0,0.0,0.0,0.026,6.562,6.764,1212.0,2456.85,2211.0,1280.0
1787131732.353883,0.0,0.0,0.0,0.026,6.562,6.764,1212.0,2456.85,2211.0,1280.0
1787131732.3539069,0.0,0.0,0.0,0.026,6.562,6.764,1212.0,2456.85,2211.0,1280.0
1787131732.353917,0.0,0.0,0.0,0.026,6.562,6.764,1212.0,2456.85,2211.0,1280.0
1787131732.5591853,0.0,0.0,0.0,0.026,6.562,6.764,1212.0,2456.85,2211.0,1280.0
1787131732.559209,0.0,0.0,0.0,0.026,6.562,6.764,1212.0,2456.85,2211.0,1280.0
1787131732.5592194,0.0,0.0,0.0,0.026,6.562,6.764,1212.0,2456.85,2211.0,1280.0
1787131732.7636113,0.0,0.0,0.0,0.026,6.562,6.764,1212.0,2456.85,2211.0,1280.0
1787131732.7636352,0.0,0.0,0.0,0.002,0.0,0.089,1212.0,2456.85,2211.0,1280.0
1787131732.7636456,0.0,0.0,0.0,0.026,6.562,6.764,1212.0,2456.85,2211.0,1280.0
1787131732.9683397,0.0,0.0,0.0,0.026,6.562,6.764,1212.0,2456.85,2211.0,1280.0
1787131732.9683623,0.0,0.0,0.0,0.026,6.562,6.764,1212.0,2456.85,2211.0,1280.0
1787131732.968373,0.0,0.0,0.0,0.0,0.0,0.265,3859.2,0.0,1204.5,1280.0
1787131733.1727355,0.0,0.0,0.0,0.026,6.562,6.764,1212.0,2456.85,2211.0,1280.0
1787131733.3780744,0.0,0.0,0.0,0.026,6.562,6.764,1212.0,2456.85,2211.0,1280.0
1787131733.3780968,0.0,0.0,0.0,0.026,6.562,6.764,1212.0,2456.85,2211.0,1280.0
1787131733.3781085,0.0,0.0,0.0,0.026,6.562,6.764,1212.0,2456.85,2211.0,1280.0
1787131733.5826125,0.0,0.0,0.0,0.026,6.562,6.764,1212.0,2456.85,2211.0,1280.0
1787131733.5826364,0.0,0.0,0.0,0.002,0.0,0.089,1212.0,2456.85,2211.0,1280.0
1787131733.5826468,0.0,0.0,0.0,0.026,6.562,6.764,1212.0,2456.85,2211.0,1280.0
1787131733.7895563,0.0,0.0,0.0,0.026,6.562,6.764,1212.0,2456.85,2211.0,1280.0
1787131733.7895803,0.0,0.0,0.0,0.026,6.562,6.764,1212.0,2456.85,2211.0,1280.0
1787131733.7895906,0.0,0.0,0.0,0.026,6.562,6.764,1212.0,2456.85,2211.0,1280.0
1787131733.992185,0.0,0.0,0.0,0.026,6.562,6.764,1212.0,2456.85,2211.0,1280.0
1787131733.9922087,0.0,0.0,0.0,0.026,6.562,6.764,1212.0,2456.85,2211.0,1280.0
1787131733.9922187,0.0,0.0,0.0,0.026,6.562,6.764,1212.0,2456.85,2211.0,1280.0
1787131734.1973968,0.0,0.0,0.0,0.026,6.562,6.764,1212.0,2456.85,2211.0,1280.0
1787131734.1974206,0.0,0.0,0.0,0.026,6.562,6.764,1212.0,2456.85,2211.0,1280.0
1787131734.1974316,0.0,0.0,0.0,0.026,6.562,6.764,1212.0,2456.85,2211.0,1280.0
1787131734.4016228,0.0,0.0,0.0,0.026,6.562,6.764,1212.0,2456.85,2211.0,1280.0
1787131734.401646,0.0,0.0,0.0,0.026,6.562,6.764,1212.0,2456.85,2211.0,1280.0
1787131734.4016562,0.0,0.0,0.0,0.026,6.562,6.764,1212.0,2456.85,2211.0,1280.0
1787131734.6145885,0.0,0.0,0.0,0.026,6.562,6.764,1212.0,2456.85,2211.0,1280.0
1787131734.614613,0.0,0.0,0.0,0.026,6.562,6.764,1212.0,2456.85,2211.0,1280.0
1787131734.6146233,0.0,0.0,0.0,0.026,6.562,6.764,1212.0,2456.85,2211.0,1280.0
1787131734.8092296,0.0,0.0,0.0,0.026,6.562,6.764,1212.0,2456.85,2211.0,1280.0
1787131735.0161312,0.0,0.0,0.0,0.026,6.562,6.764,1212.0,2456.85,2211.0,1280.0
1787131735.016156,0.0,0.0,0.0,0.026,6.562,6.764,1212.0,2456.85,2211.0,1280.0
1787131735.0161662,0.0,0.0,0.0,0.026,6.562,6.764,1212.0,2456.85,2211.0,1280.0
1787131735.2209582,0.0,0.0,0.0,0.026,6.562,6.764,1212.0,2456.85,2211.0,1280.0
1787131735.2209733,0.0,0.0,0.0,0.026,6.562,6.764,1212.0,2456.85,2211.0,1280.0
1787131735.2209833,0.0,0.0,0.0,0.026,6.562,6.764,1212.0,2456.85,2211.0,1280.0
1787131735.4257646,0.0,0.0,0.0,0.026,6.562,6.764,1212.0,2456.85,2211.0,1280.0
1787131735.4257798,0.0,0.0,0.0,0.026,6.562,6.764,1212.0,2456.85,2211.0,1280.0
1787131735.4257898,0.0,0.0,0.0,0.026,6.562,6.764,1212.0,2456.85,2211.0,1280.0
1787131735.630935,0.0,0.0,0.0,0.002,0.0,0.089,1212.0,2456.85,2211.0,1280.0
1787131735.6309505,0.0,0.0,0.0,0.026,6.562,6.764,1212.0,2456.85,2211.0,1280.0
1787131735.6309607,0.0,0.0,0.0,0.026,6.562,6.764,1212.0,2456.85,2211.0,1280.0
1787131735.8355052,0.0,0.0,0.0,0.026,6.562,6.764,1212.0,2456.85,2211.0,1280.0
1787131735.8355281,0.0,0.0,0.0,0.026,6.562,6.764,1212.0,2456.85,2211.0,1280.0
1787131735.835538,0.0,0.0,0.0,0.026,6.562,6.764,1212.0,2456.85,2211.0,1280.0
1787131736.0400379,0.0,0.0,0.0,0.026,6.562,6.764,1212.0,2456.85,2211.0,1280.0
1787131736.0400624,0.0,0.0,0.0,0.026,6.562,6.764,1212.0,2456.85,2211.0,1280.0
1787131736.040073,0.0,0.0,0.0,0.026,6.562,6.764,1212.0,2456.85,2211.0,1280.0
1787131736.2446766,0.0,0.0,0.0,0.026,6.562,6.764,1212.0,2456.85,2211.0,1280.0
1787131736.2446883,0.0,0.0,0.0,0.026,6.562,6.764,1212.0,2456.85,2211.0,1280.0
1787131736.2446976,0.0,0.0,0.0,0.002,0.0,0.089,1212.0,2456.85,2211.0,1280.0
1787131736.447926,0.0,0.0,0.0,0.026,6.562,6.764,1212.0,2456.85,2211.0,1280.0
1787131736.6554675,0.0,0.0,0.0,0.026,6.562,6.764,1212.0,2456.85,2211.0,1280.0
1787131736.655492,0.0,0.0,0.0,0.026,6.562,6.764,1212.0,2456.85,2211.0,1280.0
1787131736.6555026,0.0,0.0,0.0,0.026,6.562,6.764,1212.0,2456.85,2211.0,1280.0
1787131736.8591225,0.0,0.0,0.0,0.026,6.562,6.764,1212.0,2456.85,2211.0,1280.0
1787131736.859145,0.0,0.0,0.0,0.026,6.562,6.764,1212.0,2456.85,2211.0,1280.0
1787131736.8591552,0.0,0.0,0.0,0.026,6.562,6.764,1212.0,2456.85,2211.0,1280.0
1787131737.06438,0.0,0.536,43.507,8.673,-11.579,0.089,1212.0,2456.85,2211.0,1280.0
1787131737.0644047,0.0,0.0,0.0,0.026,6.292,6.628,1212.0,2456.85,2211.0,1280.0
1787131737.0644155,0.0,0.0,0.0,0.026,6.562,6.764,1212.0,2456.85,2211.0,1280.0
1787131737.2690454,0.0,0.0,0.0,0.026,6.562,6.764,1212.0,2456.85,2211.0,1280.0
1787131737.2690687,0.0,0.0,0.0,0.026,6.562,6.764,1212.0,2456.85,2211.0,1280.0
1787131737.2690794,0.0,0.0,0.0,0.026,6.562,6.764,1212.0,2456.85,2211.0,1280.0
1787131737.474123,0.0,0.0,0.0,0.026,6.562,6.764,1212.0,2456.85,2211.0,1280.0
1787131737.474147,0.0,0.0,0.0,0.026,6.562,6.764,1212.0,2456.85,2211.0,1280.0
1787131737.4741569,0.0,0.0,0.0,0.026,6.562,6.764,1212.0,2456.85,2211.0,1280.0
1787131737.6785944,0.0,0.0,0.0,0.026,6.562,6.764,1212.0,2456.85,2211.0,1280.0
1787131737.6786184,0.0,0.0,0.0,0.026,6.562,6.764,1212.0,2456.85,2211.0,1280.0
1787131737.6786287,0.0,0.0,0.0,0.026,6.562,6.764,1212.0,2456.85,2211.0,1280.0
1787131737.8832977,0.0,0.0,0.0,0.026,6.562,6.764,1212.0,2456.85,2211.0,1280.0
1787131737.8833213,0.0,0.0,0.0,0.0,0.0,0.15,3859.2,0.0,1204.5,1280.0
1787131737.8833313,0.0,0.0,0.0,0.026,6.841,6.628,1212.0,2456.85,2211.0,1280.0
1787131738.0876162,0.0,0.0,0.0,0.026,6.562,6.764,1212.0,2456.85,2211.0,1280.0
1787131738.0876403,0.0,0.0,0.0,0.026,6.562,6.764,1212.0,2456.85,2211.0,1280.0
1787131738.2932603,0.0,0.0,0.0,0.026,6.562,6.764,1212.0,2456.85,2211.0,1280.0
1787131738.2932847,0.0,0.0,0.0,0.026,6.562,6.764,1212.0,2456.85,2211.0,1280.0
1787131738.293295,0.0,0.0,0.0,0.026,6.562,6.764,1212.0,2456.85,2211.0,1280.0
1787131738.4974337,0.0,0.0,0.0,0.026,6.562,6.764,1212.0,2456.85,2211.0,1280.0
1787131738.4974597,0.0,0.0,0.0,0.026,6.562,6.764,1212.0,2456.85,2211.0,1280.0
1787131738.4974706,0.0,0.0,0.0,0.026,6.562,6.764,1212.0,2456.85,2211.0,1280.0
1787131738.706985,0.0,0.0,0.0,0.026,6.562,6.764,1212.0,2456.85,2211.0,1280.0
1787131738.7070088,0.0,0.0,0.0,0.026,6.562,6.764,1212.0,2456.85,2211.0,1280.0
1787131738.707019,0.0,0.0,0.0,0.026,6.562,6.764,1212.0,2456.85,2211.0,1280.0
1787131738.9072142,0.0,0.0,0.0,0.026,6.562,6.764,1212.0,2456.85,2211.0,1280.0
1787131738.9072375,0.0,0.0,0.0,0.026,6.562,6.764,1212.0,2456.85,2211.0,1280.0
1787131738.9072485,0.0,0.0,0.0,0.026,6.562,6.764,1212.0,2456.85,2211.0,1280.0
1787131739.112073,0.0,0.0,0.0,0.026,6.562,6.764,1212.0,2456.85,2211.0,1280.0
1787131739.112097,0.0,0.0,0.0,0.026,6.562,6.764,1212.0,2456.85,2211.0,1280.0
1787131739.1121073,0.0,0.0,0.0,0.026,6.562,6.764,1212.0,2456.85,2211.0,1280.0
1787131739.3175726,0.0,0.0,0.0,0.026,6.562,6.764,1212.0,2456.85,2211.0,1280.0
1787131739.3175972,0.0,0.0,0.0,0.002,0.0,0.089,1212.0,2456.85,2211.0,1280.0
1787131739.3176076,0.0,0.0,0.0,0.026,6.562,6.764,1212.0,2456.85,2211.0,1280.0
1787131739.521591,0.0,0.0,0.0,0.026,6.562,6.764,1212.0,2456.85,2211.0,1280.0
1787131739.5216162,0.0,0.0,0.0,0.026,6.562,6.764,1212.0,2456.85,2211.0,1280.0
1787131739.5216267,0.0,0.0,0.0,0.026,6.562,6.764,1212.0,2456.85,2211.0,1280.0
1787131739.7328315,0.0,0.0,0.0,0.026,6.562,6.764,1212.0,2456.85,2211.0,1280.0
1787131739.7328656,0.0,0.0,0.0,0.026,6.562,6.764,1212.0,2456.85,2211.0,1280.0
1787131739.7328768,0.0,0.0,0.0,0.026,6.562,6.764,1212.0,2456.85,2211.0,1280.0
1787131739.9375403,0.0,0.0,0.0,0.026,6.562,6.764,1212.0,2456.85,2211.0,1280.0
1787131739.9375644,0.0,0.0,0.0,0.002,0.0,0.089,1212.0,2456.85,2211.0,1280.0
1787131739.9375746,0.0,0.0,0.0,0.026,6.562,6.764,1212.0,2456.85,2211.0,1280.0
1787131740.142292,0.0,0.0,0.0,0.026,6.562,6.764,1212.0,2456.85,2211.0,1280.0
1787131740.340739,0.0,0.0,0.0,0.002,0.0,0.089,1212.0,2456.85,2211.0,1280.0
1787131740.340763,0.0,0.0,0.0,0.026,6.562,6.764,1212.0,2456.85,2211.0,1280.0
1787131740.3407733,0.0,0.0,0.0,0.026,6.562,6.764,1212.0,2456.85,2211.0,1280.0
1787131740.5452478,0.0,0.0,0.0,0.026,6.562,6.764,1212.0,2456.85,2211.0,1280.0
1787131740.545272,0.0,0.0,0.0,0.026,6.562,6.764,1212.0,2456.85,2211.0,1280.0
1787131740.5452824,0.0,0.0,0.0,0.026,6.562,6.764,1212.0,2456.85,2211.0,1280.0
1787131740.7507195,0.0,0.0,0.0,0.026,6.562,6.764,1212.0,2456.85,2211.0,1280.0
1787131740.7507453,0.0,0.0,0.0,0.026,6.562,6.764,1212.0,2456.85,2211.0,1280.0
1787131740.7507558,0.0,0.0,0.0,0.026,6.562,6.764,1212.0,2456.85,2211.0,1280.0
1787131740.9615345,0.0,0.0,0.0,0.026,6.562,6.764,1212.0,2456.85,2211.0,1280.0
1787131740.9615586,0.0,0.0,0.0,0.002,0.0,0.089,1212.0,2456.85,2211.0,1280.0
1787131740.9615693,0.0,0.0,0.0,0.026,6.562,6.764,1212.0,2456.85,2211.0,1280.0
1787131741.1599126,0.0,0.0,0.0,0.026,6.562,6.764,1212.0,2456.85,2211.0,1280.0
1787131741.159937,0.0,0.0,0.0,0.026,6.562,6.764,1212.0,2456.85,2211.0,1280.0
1787131741.159947,0.0,0.0,0.0,0.002,0.0,0.089,1212.0,2456.85,2211.0,1280.0
1787131741.3647885,0.0,0.0,0.0,0.026,6.562,6.764,1212.0,2456.85,2211.0,1280.0
1787131741.3648133,0.0,0.0,0.0,0.026,6.562,6.764,1212.0,2456.85,2211.0,1280.0
1787131741.5696104,0.0,0.0,0.0,0.002,0.0,0.089,1212.0,2456.85,2211.0,1280.0
1787131741.569634,0.0,0.0,0.0,0.026,6.562,6.764,1212.0,2456.85,2211.0,1280.0
1787131741.5696456,0.0,0.0,0.0,0.026,6.562,6.764,1212.0,2456.85,2211.0,1280.0
1787131741.7747738,0.0,0.0,0.0,0.026,6.562,6.764,1212.0,2456.85,2211.0,1280.0
1787131741.7747982,0.0,0.0,0.0,0.026,6.562,6.764,1212.0,2456.85,2211.0,1280.0
1787131741.7748082,0.0,0.0,0.0,0.026,6.562,6.764,1212.0,2456.85,2211.0,1280.0
1787131741.9797354,0.0,0.0,0.0,0.026,6.562,6.764,1212.0,2456.85,2211.0,1280.0
1787131741.9797595,0.0,0.0,0.0,0.026,6.562,6.764,1212.0,2456.85,2211.0,1280.0
1787131741.9797697,0.0,0.0,0.0,0.026,6.562,6.764,1212.0,2456.85,2211.0,1280.0
1787131742.183805,0.0,0.0,0.0,0.026,6.292,6.628,1212.0,2456.85,2211.0,1280.0
1787131742.1838293,0.0,0.0,0.0,0.002,0.0,0.089,1212.0,2456.85,2211.0,1280.0
1787131742.18384,0.0,0.0,0.0,0.026,6.562,6.764,1212.0,2456.85,2211.0,1280.0
1787131742.389163,0.0,0.0,0.0,0.026,6.562,6.764,1212.0,2456.85,2211.0,1280.0
1787131742.3891842,36.794,39.562,19.601,8.713,-7.079,0.232,3897.6,0.0,1204.5,1280.0
1787131742.3891907,0.0,0.0,0.0,0.028,6.564,6.083,1212.0,2456.85,2211.0,1280.0
1787131742.5940592,0.0,0.0,0.0,0.026,6.562,6.764,1212.0,2456.85,2211.0,1280.0
1787131742.594084,0.0,0.0,0.0,0.026,6.562,6.764,1212.0,2456.85,2211.0,1280.0
1787131742.594094,0.0,0.0,0.0,0.026,6.562,6.764,1212.0,2456.85,2211.0,1280.0
1787131742.798122,0.0,0.0,0.0,0.026,6.562,6.764,1212.0,2456.85,2211.0,1280.0
1787131742.7981443,0.0,0.0,0.0,0.026,6.562,6.764,1212.0,2456.85,2211.0,1280.0
1787131742.7981546,0.0,0.0,0.0,0.002,0.0,0.089,1212.0,2456.85,2211.0,1280.0
1787131743.0009794,0.0,0.0,0.0,0.026,6.562,6.764,1212.0,2456.85,2211.0,1280.0
1787131743.2077813,0.0,0.0,0.0,0.026,6.562,6.764,1212.0,2456.85,2211.0,1280.0
1787131743.2078052,0.0,0.0,0.0,0.026,6.562,6.764,1212.0,2456.85,2211.0,1280.0
1787131743.2078156,0.0,0.0,0.0,0.002,0.0,0.089,1212.0,2456.85,2211.0,1280.0
1787131743.412903,0.0,0.0,0.0,0.026,6.562,6.764,1212.0,2456.85,2211.0,1280.0
1787131743.412926,0.0,0.0,0.0,0.026,6.562,6.764,1212.0,2456.85,2211.0,1280.0
1787131743.4129367,0.0,0.0,0.0,0.026,6.562,6.764,1212.0,2456.85,2211.0,1280.0
1787131743.6185787,0.0,0.0,0.0,0.026,6.562,6.764,1212.0,2456.85,2211.0,1280.0
1787131743.6186025,0.0,0.0,0.0,0.002,0.0,0.089,1212.0,2456.85,2211.0,1280.0
1787131743.6186128,0.0,0.0,0.0,0.026,6.562,6.764,1212.0,2456.85,2211.0,1280.0
1787131743.8226585,0.0,0.0,0.0,0.026,6.562,6.764,1212.0,2456.85,2211.0,1280.0
1787131743.8226824,0.0,0.0,0.0,0.026,6.562,6.764,1212.0,2456.85,2211.0,1280.0
1787131743.8226924,0.0,0.0,0.0,0.026,6.562,6.764,1212.0,2456.85,2211.0,1280.0
1787131744.0277073,0.0,0.0,0.0,0.002,0.0,0.089,1212.0,2456.85,2211.0,1280.0
1787131744.0277317,0.0,0.0,0.0,0.026,6.562,6.764,1212.0,2456.85,2211.0,1280.0
1787131744.027742,0.0,0.0,0.0,0.026,6.562,6.764,1212.0,2456.85,2211.0,1280.0
1787131744.2315092,0.0,0.0,0.0,0.026,6.562,6.764,1212.0,2456.85,2211.0,1280.0
1787131744.2315323,0.0,0.0,0.0,0.002,0.0,0.089,1212.0,2456.85,2211.0,1280.0
1787131744.2315433,0.0,0.0,0.0,0.026,6.562,6.764,1212.0,2456.85,2211.0,1280.0
1787131744.4366763,0.0,0.0,0.0,0.002,0.0,0.089,1212.0,2456.85,2211.0,1280.0
1787131744.4366999,0.0,0.0,0.0,0.002,0.0,0.089,1212.0,2456.85,2211.0,1280.0
1787131744.4367104,0.0,0.0,0.0,0.026,6.562,6.764,1212.0,2456.85,2211.0,1280.0
1787131744.6391509,0.0,0.0,0.0,0.026,6.562,6.764,1212.0,2456.85,2211.0,1280.0
1787131744.846522,0.0,0.0,0.0,0.026,6.562,6.764,1212.0,2456.85,2211.0,1280.0
1787131744.8465464,0.0,0.0,0.0,0.026,6.562,6.764,1212.0,2456.85,2211.0,1280.0
1787131744.8465567,0.0,0.0,0.0,0.026,6.562,6.764,1212.0,2456.85,2211.0,1280.0
1787131745.0509963,0.0,0.0,0.0,0.026,6.562,6.764,1212.0,2456.85,2211.0,1280.0
1787131745.0511765,0.0,0.0,0.0,0.026,6.562,6.764,1212.0,2456.85,2211.0,1280.0
1787131745.0511842,0.0,0.0,0.0,0.026,6.562,6.764,1212.0,2456.85,2211.0,1280.0
1787131745.2553391,0.0,0.0,0.0,0.026,6.562,6.764,1212.0,2456.85,2211.0,1280.0
1787131745.2553625,0.0,0.0,0.0,0.026,6.562,6.764,1212.0,2456.85,2211.0,1280.0
1787131745.2553728,0.0,0.0,0.0,0.026,6.562,6.764,1212.0,2456.85,2211.0,1280.0
1787131745.463419,0.0,0.0,0.0,0.026,6.562,6.764,1212.0,2456.85,2211.0,1280.0
1787131745.4634423,0.0,0.0,0.0,0.026,6.562,6.764,1212.0,2456.85,2211.0,1280.0
1787131745.4634523,0.0,0.0,0.0,0.026,6.562,6.764,1212.0,2456.85,2211.0,1280.0
1787131745.6659112,0.0,0.0,0.0,0.026,6.02,0.067,3590.4,0.0,1204.5,1280.0
1787131745.6659355,0.0,0.0,0.0,0.026,6.841,6.628,1212.0,2456.85,2211.0,1280.0
1787131745.665946,0.0,0.0,0.0,0.026,6.562,6.764,1212.0,2456.85,2211.0,1280.0
1787131745.8705971,0.0,0.0,0.0,0.026,6.562,6.764,1212.0,2456.85,2211.0,1280.0
1787131745.8706214,0.0,0.0,0.0,0.026,6.562,6.764,1212.0,2456.85,2211.0,1280.0
1787131745.8706317,0.0,0.0,0.0,0.026,6.562,6.764,1212.0,2456.85,2211.0,1280.0
1787131746.0749006,0.0,0.0,0.0,0.026,6.562,6.764,1212.0,2456.85,2211.0,1280.0
1787131746.0749254,0.0,0.0,0.0,0.026,6.562,6.764,1212.0,2456.85,2211.0,1280.0
1787131746.0749352,0.0,0.0,0.0,0.002,0.0,0.089,1212.0,2456.85,2211.0,1280.0
1787131746.2781272,0.0,0.0,0.0,0.026,6.562,6.764,1212.0,2456.85,2211.0,1280.0
1787131746.4844544,0.0,0.0,0.0,0.026,6.562,6.764,1212.0,2456.85,2211.0,1280.0
1787131746.484483,0.0,0.0,0.0,0.026,6.562,6.764,1212.0,2456.85,2211.0,1280.0
1787131746.4844935,0.0,0.0,0.0,0.026,6.562,6.764,1212.0,2456.85,2211.0,1280.0
1787131746.6892872,0.0,0.0,0.0,0.026,6.562,6.764,1212.0,2456.85,2211.0,1280.0
1787131746.689311,0.0,0.0,0.0,0.026,6.562,6.764,1212.0,2456.85,2211.0,1280.0
1787131746.6893213,0.0,0.0,0.0,0.026,6.562,6.764,1212.0,2456.85,2211.0,1280.0
1787131746.895407,0.0,0.0,0.0,0.026,6.562,6.764,1212.0,2456.85,2211.0,1280.0
1787131746.8954306,0.0,0.0,0.0,0.026,6.562,6.764,1212.0,2456.85,2211.0,1280.0
1787131746.8954408,0.0,0.0,0.0,0.026,6.562,6.764,1212.0,2456.85,2211.0,1280.0
1787131747.1051962,0.0,0.0,0.0,0.026,6.562,6.764,1212.0,2456.85,2211.0,1280.0
1787131747.1052194,0.0,0.0,0.0,0.026,6.562,6.764,1212.0,2456.85,2211.0,1280.0
1787131747.1052294,0.0,0.0,0.0,0.026,6.562,6.764,1212.0,2456.85,2211.0,1280.0
1787131747.3039823,0.0,0.0,0.0,0.0,0.0,0.263,3859.2,0.0,1204.5,1280.0
1787131747.304169,0.0,0.0,0.0,0.026,6.841,6.628,1212.0,2456.85,2211.0,1280.0
1787131747.304176,0.0,0.0,0.0,0.026,6.562,6.764,1212.0,2456.85,2211.0,1280.0
1787131747.5141323,0.0,0.0,0.0,0.026,6.562,6.764,1212.0,2456.85,2211.0,1280.0
1787131747.5141568,0.0,0.0,0.0,0.026,6.562,6.764,1212.0,2456.85,2211.0,1280.0
1787131747.514167,0.0,0.0,0.0,0.026,6.562,6.764,1212.0,2456.85,2211.0,1280.0
1787131747.7141094,0.0,0.0,0.0,0.026,6.562,6.764,1212.0,2456.85,2211.0,1280.0
1787131747.7141335,0.0,0.0,0.0,0.026,6.562,6.764,1212.0,2456.85,2211.0,1280.0
1787131747.7141435,0.0,0.0,0.0,0.026,6.562,6.764,1212.0,2456.85,2211.0,1280.0
1787131747.9158778,0.0,0.0,0.0,0.026,6.562,6.764,1212.0,2456.85,2211.0,1280.0
1787131748.1234105,0.0,0.0,0.0,0.026,6.562,6.764,1212.0,2456.85,2211.0,1280.0
1787131748.123434,0.0,0.0,0.0,0.026,6.562,6.764,1212.0,2456.85,2211.0,1280.0
1787131748.1234453,0.0,0.0,0.0,0.026,6.562,6.764,1212.0,2456.85,2211.0,1280.0
1787131748.327583,0.0,0.0,0.0,0.026,6.562,6.764,1212.0,2456.85,2211.0,1280.0
1787131748.327608,0.0,0.0,0.0,0.026,6.562,6.764,1212.0,2456.85,2211.0,1280.0
1787131748.3276184,0.0,0.0,0.0,0.026,6.562,6.764,1212.0,2456.85,2211.0,1280.0
1787131748.5328896,0.0,0.0,0.0,0.026,6.562,6.764,1212.0,2456.85,2211.0,1280.0
1787131748.5329144,0.0,0.0,0.0,0.026,6.562,6.764,1212.0,2456.85,2211.0,1280.0
1787131748.5329242,0.0,0.0,0.0,0.002,0.0,0.089,1212.0,2456.85,2211.0,1280.0
1787131748.7371998,0.0,0.0,0.0,0.026,6.841,6.628,1212.0,2456.85,2211.0,1280.0
1787131748.737227,0.0,0.0,0.0,0.026,6.562,6.764,1212.0,2456.85,2211.0,1280.0
1787131748.7372322,0.0,0.0,0.0,0.026,6.562,6.764,1212.0,2456.85,2211.0,1280.0
1787131748.9428718,0.0,0.0,0.0,0.026,6.562,6.764,1212.0,2456.85,2211.0,1280.0
1787131748.942896,0.0,0.0,0.0,0.026,6.562,6.764,1212.0,2456.85,2211.0,1280.0
1787131748.9429073,0.0,0.0,0.0,0.026,6.562,6.764,1212.0,2456.85,2211.0,1280.0
1787131749.1491523,0.0,0.0,0.0,0.026,6.562,6.764,1212.0,2456.85,2211.0,1280.0
1787131749.1491919,0.0,0.0,0.0,0.026,6.562,6.764,1212.0,2456.85,2211.0,1280.0
1787131749.149198,0.0,0.0,0.0,0.026,6.562,6.764,1212.0,2456.85,2211.0,1280.0
1787131749.3514106,0.0,0.0,0.0,0.026,6.292,6.628,1212.0,2456.85,2211.0,1280.0
1787131749.3514342,0.0,0.0,0.0,0.026,6.562,6.764,1212.0,2456.85,2211.0,1280.0
1787131749.3514445,0.0,0.0,0.0,0.026,6.562,6.764,1212.0,2456.85,2211.0,1280.0
1787131749.5542796,0.0,0.0,0.0,0.026,6.562,6.764,1212.0,2456.85,2211.0,1280.0
1787131749.7613075,0.0,0.0,0.0,0.026,6.562,6.764,1212.0,2456.85,2211.0,1280.0
1787131749.7613354,0.0,0.0,0.0,0.026,6.562,6.764,1212.0,2456.85,2211.0,1280.0
1787131749.7613459,0.0,0.0,0.0,0.026,6.562,6.764,1212.0,2456.85,2211.0,1280.0
1787131749.9661474,0.0,0.0,0.0,0.026,6.562,6.764,1212.0,2456.85,2211.0,1280.0
1787131749.9661715,0.0,0.0,0.0,0.026,6.562,6.764,1212.0,2456.85,2211.0,1280.0
1787131749.966182,0.0,0.0,0.0,0.026,6.562,6.764,1212.0,2456.85,2211.0,1280.0
1787131750.171638,0.0,0.0,0.0,0.026,6.562,6.764,1212.0,2456.85,2211.0,1280.0
1787131750.1716626,0.0,0.0,0.0,0.026,6.562,6.764,1212.0,2456.85,2211.0,1280.0
1787131750.1716735,0.0,0.0,0.0,0.026,6.562,6.764,1212.0,2456.85,2211.0,1280.0
1787131750.3756387,0.0,0.0,0.0,0.026,6.562,6.764,1212.0,2456.85,2211.0,1280.0
1787131750.3756638,0.0,0.0,0.0,0.026,6.562,6.764,1212.0,2456.85,2211.0,1280.0
1787131750.375674,0.0,0.0,0.0,0.026,6.562,6.764,1212.0,2456.85,2211.0,1280.0
1787131750.579984,0.0,0.0,0.0,0.026,6.562,6.764,1212.0,2456.85,2211.0,1280.0
1787131750.580007,0.0,0.0,0.0,0.026,6.562,6.764,1212.0,2456.85,2211.0,1280.0
1787131750.5800202,0.0,0.0,0.0,0.026,6.562,6.764,1212.0,2456.85,2211.0,1280.0
1787131750.7848656,0.0,0.0,0.0,0.026,6.562,6.764,1212.0,2456.85,2211.0,1280.0
1787131750.7848904,0.0,0.0,0.0,0.026,6.562,6.764,1212.0,2456.85,2211.0,1280.0
1787131750.7849007,0.0,0.0,0.0,0.026,6.562,6.764,1212.0,2456.85,2211.0,1280.0
1787131750.9897475,0.0,0.0,0.0,0.026,6.562,6.764,1212.0,2456.85,2211.0,1280.0
1787131750.9897716,0.0,0.0,0.0,0.026,6.562,6.764,1212.0,2456.85,2211.0,1280.0
1787131750.9897816,0.0,0.0,0.0,0.026,6.562,6.764,1212.0,2456.85,2211.0,1280.0
1787131751.200573,0.0,0.0,0.0,0.026,6.562,6.764,1212.0,2456.85,2211.0,1280.0
1787131751.400089,0.0,0.0,0.0,0.026,6.562,6.764,1212.0,2456.85,2211.0,1280.0
1787131751.4001136,0.0,0.0,0.0,0.026,6.562,6.764,1212.0,2456.85,2211.0,1280.0
1787131751.4001243,0.0,0.0,0.0,0.026,6.562,6.764,1212.0,2456.85,2211.0,1280.0
1787131751.6040175,0.0,0.0,0.0,0.026,6.562,6.764,1212.0,2456.85,2211.0,1280.0
1787131751.6040401,0.0,0.0,0.0,0.026,6.562,6.764,1212.0,2456.85,2211.0,1280.0
1787131751.6040506,0.0,0.0,0.0,0.026,6.562,6.764,1212.0,2456.85,2211.0,1280.0
1787131751.810168,0.0,0.0,0.0,0.026,6.562,6.764,1212.0,2456.85,2211.0,1280.0
1787131751.8101926,0.0,0.0,0.0,0.026,6.562,6.764,1212.0,2456.85,2211.0,1280.0
1787131751.8102028,0.0,0.0,0.0,0.026,6.562,6.764,1212.0,2456.85,2211.0,1280.0
1787131752.0138385,0.0,0.0,0.0,0.026,6.562,6.764,1212.0,2456.85,2211.0,1280.0
1787131752.0138683,0.0,0.0,0.0,0.026,6.562,6.764,1212.0,2456.85,2211.0,1280.0
1787131752.0138788,0.0,0.0,0.0,0.026,6.562,6.764,1212.0,2456.85,2211.0,1280.0
1787131752.2167647,0.0,0.0,0.0,0.026,6.562,6.764,1212.0,2456.85,2211.0,1280.0
1787131752.423258,0.0,0.0,0.0,0.026,6.562,6.764,1212.0,2456.85,2211.0,1280.0
1787131752.4232812,0.0,0.0,0.0,0.026,6.562,6.764,1212.0,2456.85,2211.0,1280.0
1787131752.4232917,0.0,0.0,0.0,0.026,6.562,6.764,1212.0,2456.85,2211.0,1280.0
1787131752.6281269,0.0,0.0,0.0,0.026,6.562,6.764,1212.0,2456.85,2211.0,1280.0
1787131752.6281497,0.0,0.0,0.0,0.026,6.562,6.764,1212.0,2456.85,2211.0,1280.0
1787131752.628161,0.0,0.0,0.0,0.026,6.562,6.764,1212.0,2456.85,2211.0,1280.0
1787131752.8313775,0.0,0.0,0.0,0.026,6.562,6.764,1212.0,2456.85,2211.0,1280.0
1787131753.038065,0.0,0.0,0.0,0.026,6.562,6.764,1212.0,2456.85,2211.0,1280.0
1787131753.0380895,0.0,0.0,0.0,0.026,6.562,6.764,1212.0,2456.85,2211.0,1280.0
1787131753.0381002,0.0,0.0,0.0,0.026,6.562,6.764,1212.0,2456.85,2211.0,1280.0
1787131753.2431355,0.0,0.0,0.0,0.026,6.562,6.764,1212.0,2456.85,2211.0,1280.0
1787131753.2431726,0.0,0.0,0.0,0.026,6.562,6.764,1212.0,2456.85,2211.0,1280.0
1787131753.2431781,0.0,0.0,0.0,0.026,6.562,6.764,1212.0,2456.85,2211.0,1280.0
1787131753.449233,0.0,0.0,0.0,0.026,6.562,6.764,1212.0,2456.85,2211.0,1280.0
1787131753.449257,0.0,0.0,0.0,0.026,6.562,6.764,1212.0,2456.85,2211.0,1280.0
1787131753.449267,0.0,0.0,0.0,0.002,0.0,0.089,1212.0,2456.85,2211.0,1280.0
1787131753.6518772,0.0,0.0,0.0,0.026,6.562,6.764,1212.0,2456.85,2211.0,1280.0
1787131753.6520834,0.0,0.0,0.0,0.026,6.562,6.764,1212.0,2456.85,2211.0,1280.0
1787131753.6521134,0.0,0.0,0.0,0.026,6.562,6.764,1212.0,2456.85,2211.0,1280.0
1787131753.857236,0.0,0.0,0.0,0.026,6.562,6.764,1212.0,2456.85,2211.0,1280.0
1787131753.8572602,0.0,0.0,0.0,0.026,6.562,6.764,1212.0,2456.85,2211.0,1280.0
1787131753.8572707,0.0,0.0,0.0,0.026,6.562,6.764,1212.0,2456.85,2211.0,1280.0
1787131754.062101,0.0,0.0,0.0,0.026,6.562,6.764,1212.0,2456.85,2211.0,1280.0
1787131754.062125,0.0,0.0,0.0,0.026,6.562,6.764,1212.0,2456.85,2211.0,1280.0
1787131754.0621352,0.0,0.0,0.0,0.026,6.562,6.764,1212.0,2456.85,2211.0,1280.0
1787131754.267031,0.0,0.0,0.0,0.026,6.562,6.764,1212.0,2456.85,2211.0,1280.0
1787131754.267055,0.0,0.0,0.0,0.026,6.562,6.764,1212.0,2456.85,2211.0,1280.0
1787131754.267065,0.0,0.0,0.0,0.002,0.0,0.089,1212.0,2456.85,2211.0,1280.0
1787131754.4707925,0.0,0.0,0.0,0.026,6.562,6.764,1212.0,2456.85,2211.0,1280.0
1787131754.6819236,0.0,0.0,0.0,0.026,6.562,6.764,1212.0,2456.85,2211.0,1280.0
1787131754.681946,0.0,0.0,0.0,0.026,6.562,6.764,1212.0,2456.85,2211.0,1280.0
1787131754.6819565,0.0,0.0,0.0,0.026,6.562,6.764,1212.0,2456.85,2211.0,1280.0
1787131754.8812606,0.0,0.0,0.0,0.026,6.562,6.764,1212.0,2456.85,2211.0,1280.0
1787131754.8812864,0.0,0.536,43.507,8.673,-11.579,0.089,1212.0,2456.85,2211.0,1280.0
1787131754.8812976,0.0,0.0,0.0,0.026,6.292,6.628,1212.0,2456.85,2211.0,1280.0
1787131755.0860817,0.0,0.0,0.0,0.026,6.562,6.764,1212.0,2456.85,2211.0,1280.0
1787131755.0861049,0.0,0.0,0.0,0.026,6.562,6.764,1212.0,2456.85,2211.0,1280.0
1787131755.0861151,0.0,0.0,0.0,0.026,6.562,6.764,1212.0,2456.85,2211.0,1280.0
1787131755.2913945,0.0,0.0,0.0,0.026,6.562,6.764,1212.0,2456.85,2211.0,1280.0
1787131755.2914186,0.0,0.0,0.0,0.026,6.562,6.764,1212.0,2456.85,2211.0,1280.0
1787131755.2914286,0.0,0.0,0.0,0.026,6.562,6.764,1212.0,2456.85,2211.0,1280.0
1787131755.4955056,0.0,0.0,0.0,0.026,6.562,6.764,1212.0,2456.85,2211.0,1280.0
1787131755.4955292,0.0,0.0,0.0,0.026,6.562,6.764,1212.0,2456.85,2211.0,1280.0
1787131755.495539,0.0,0.0,0.0,0.026,6.562,6.764,1212.0,2456.85,2211.0,1280.0
1787131755.7003577,0.0,0.0,0.0,0.026,6.562,6.764,1212.0,2456.85,2211.0,1280.0
1787131755.700383,0.0,0.0,0.0,0.026,6.562,6.764,1212.0,2456.85,2211.0,1280.0
1787131755.7003932,0.0,0.0,0.0,0.026,6.562,6.764,1212.0,2456.85,2211.0,1280.0
1787131755.9047518,0.0,0.0,0.0,0.026,6.562,6.764,1212.0,2456.85,2211.0,1280.0
1787131755.9047756,0.0,0.0,0.0,0.026,6.562,6.764,1212.0,2456.85,2211.0,1280.0
1787131755.9047859,0.0,0.0,0.0,0.026,6.562,6.764,1212.0,2456.85,2211.0,1280.0
1787131756.1096776,0.0,0.0,0.0,0.026,6.562,6.764,1212.0,2456.85,2211.0,1280.0
1787131756.3154695,0.0,0.0,0.0,0.026,6.562,6.764,1212.0,2456.85,2211.0,1280.0
1787131756.3154943,0.0,0.0,0.0,0.026,6.562,6.764,1212.0,2456.85,2211.0,1280.0
1787131756.3155046,0.0,0.0,0.0,0.026,6.562,6.764,1212.0,2456.85,2211.0,1280.0
1787131756.5192437,0.0,0.0,0.0,0.026,6.562,6.764,1212.0,2456.85,2211.0,1280.0
1787131756.5192685,0.0,0.0,0.0,0.026,6.562,6.764,1212.0,2456.85,2211.0,1280.0
1787131756.5192785,0.0,0.0,0.0,0.026,6.562,6.764,1212.0,2456.85,2211.0,1280.0
1787131756.724269,0.0,0.0,0.0,0.026,6.562,6.764,1212.0,2456.85,2211.0,1280.0
1787131756.7242932,0.0,0.0,0.0,0.026,6.562,6.764,1212.0,2456.85,2211.0,1280.0
1787131756.7243032,0.0,0.0,0.0,0.026,6.562,6.764,1212.0,2456.85,2211.0,1280.0
1787131756.9285607,0.0,0.0,0.0,0.026,6.562,6.764,1212.0,2456.85,2211.0,1280.0
1787131756.9285836,0.0,0.0,0.0,0.026,6.562,6.764,1212.0,2456.85,2211.0,1280.0
1787131756.9285936,0.0,0.0,0.0,0.026,6.562,6.764,1212.0,2456.85,2211.0,1280.0
1787131757.1336787,0.0,0.0,0.0,0.026,6.562,6.764,1212.0,2456.85,2211.0,1280.0
1787131757.133703,0.0,0.0,0.0,0.026,6.562,6.764,1212.0,2456.85,2211.0,1280.0
1787131757.1337135,0.0,0.0,0.0,0.026,6.562,6.764,1212.0,2456.85,2211.0,1280.0
1787131757.3402524,0.0,0.0,0.0,0.026,6.562,6.764,1212.0,2456.85,2211.0,1280.0
1787131757.3402777,0.0,0.0,0.0,0.026,6.562,6.764,1212.0,2456.85,2211.0,1280.0
1787131757.3402877,0.0,0.0,0.0,0.026,6.562,6.764,1212.0,2456.85,2211.0,1280.0
1787131757.5432856,0.0,0.0,0.0,0.026,6.562,6.764,1212.0,2456.85,2211.0,1280.0
1787131757.5433104,0.0,0.0,0.0,0.026,6.562,6.764,1212.0,2456.85,2211.0,1280.0
1787131757.5433207,0.0,0.0,0.0,0.026,6.562,6.764,1212.0,2456.85,2211.0,1280.0
1787131757.7462447,0.0,0.0,0.0,0.026,6.562,6.764,1212.0,2456.85,2211.0,1280.0
1787131757.952642,0.0,0.0,0.0,0.026,6.562,6.764,1212.0,2456.85,2211.0,1280.0
1787131757.952666,0.0,0.0,0.0,0.026,6.562,6.764,1212.0,2456.85,2211.0,1280.0
1787131757.952676,0.0,0.0,0.0,0.026,6.562,6.764,1212.0,2456.85,2211.0,1280.0
1787131758.1573687,0.0,0.0,0.0,0.026,6.562,6.764,1212.0,2456.85,2211.0,1280.0
1787131758.1573932,0.0,0.0,0.0,0.026,6.562,6.764,1212.0,2456.85,2211.0,1280.0
1787131758.1574035,0.0,0.0,0.0,0.026,6.562,6.764,1212.0,2456.85,2211.0,1280.0
1787131758.3632026,0.0,0.0,0.0,0.026,6.562,6.764,1212.0,2456.85,2211.0,1280.0
1787131758.3632984,0.0,0.0,0.0,0.026,6.562,6.764,1212.0,2456.85,2211.0,1280.0
1787131758.3633094,0.0,0.0,0.0,0.026,6.562,6.764,1212.0,2456.85,2211.0,1280.0
1787131758.5669808,0.0,0.0,0.0,0.026,6.562,6.764,1212.0,2456.85,2211.0,1280.0
1787131758.5670104,0.0,0.0,0.0,0.026,6.562,6.764,1212.0,2456.85,2211.0,1280.0
1787131758.567143,0.0,0.0,0.0,0.002,0.0,0.089,1212.0,2456.85,2211.0,1280.0
1787131758.7717457,0.0,0.0,0.0,0.002,0.0,0.089,1212.0,2456.85,2211.0,1280.0
1787131758.77177,0.0,0.0,0.0,0.026,6.562,6.764,1212.0,2456.85,2211.0,1280.0
1787131758.977991,0.0,0.0,0.0,0.026,6.562,6.764,1212.0,2456.85,2211.0,1280.0
1787131758.9780147,0.0,0.0,0.0,0.026,6.562,6.764,1212.0,2456.85,2211.0,1280.0
1787131758.9780254,0.0,0.536,43.507,8.673,-11.579,0.089,1212.0,2456.85,2211.0,1280.0
1787131759.1811833,0.0,0.0,0.0,0.026,6.562,6.764,1212.0,2456.85,2211.0,1280.0
1787131759.181209,0.0,0.0,0.0,0.026,6.562,6.764,1212.0,2456.85,2211.0,1280.0
1787131759.1812205,0.0,0.0,0.0,0.026,6.562,6.764,1212.0,2456.85,2211.0,1280.0
1787131759.3838482,0.0,0.0,0.0,0.026,6.562,6.764,1212.0,2456.85,2211.0,1280.0
1787131759.5913677,0.0,0.0,0.0,0.026,6.562,6.764,1212.0,2456.85,2211.0,1280.0
1787131759.591392,0.0,0.0,0.0,0.026,6.562,6.764,1212.0,2456.85,2211.0,1280.0
1787131759.591402,0.0,0.0,0.0,0.0,0.0,0.0,0.0,0.0,0.0,1280.0
1787131759.7956362,0.0,0.0,0.0,0.026,6.562,6.764,1212.0,2456.85,2211.0,1280.0
1787131759.7956603,0.0,0.0,0.0,0.026,6.562,6.764,1212.0,2456.85,2211.0,1280.0
1787131759.7956707,0.0,0.0,0.0,0.026,6.562,6.764,1212.0,2456.85,2211.0,1280.0
1787131760.2057047,0.0,0.0,0.0,0.026,6.562,6.764,1212.0,2456.85,2211.0,1280.0
1787131760.2057292,0.0,0.0,0.0,0.026,6.562,6.764,1212.0,2456.85,2211.0,1280.0
1787131760.2057397,0.0,0.0,0.0,0.026,6.562,6.764,1212.0,2456.85,2211.0,1280.0
1787131760.4101312,0.0,0.0,0.0,0.026,6.562,6.764,1212.0,2456.85,2211.0,1280.0
1787131760.4101546,0.0,0.0,0.0,0.026,6.562,6.764,1212.0,2456.85,2211.0,1280.0
1787131760.4101653,0.0,0.0,0.0,0.026,6.562,6.764,1212.0,2456.85,2211.0,1280.0
1787131760.6151588,0.0,0.0,0.0,0.026,6.562,6.764,1212.0,2456.85,2211.0,1280.0
1787131760.615183,0.0,0.0,0.0,0.026,6.562,6.764,1212.0,2456.85,2211.0,1280.0
1787131760.6151931,0.0,0.0,0.0,0.026,6.562,6.764,1212.0,2456.85,2211.0,1280.0
1787131760.8207316,0.0,0.0,0.0,0.026,6.562,6.764,1212.0,2456.85,2211.0,1280.0
1787131760.8207552,0.0,0.0,0.0,0.026,6.562,6.764,1212.0,2456.85,2211.0,1280.0
1787131760.8207655,0.0,0.0,0.0,0.026,6.562,6.764,1212.0,2456.85,2211.0,1280.0
1787131761.025557,0.0,0.0,0.0,0.026,6.562,6.764,1212.0,2456.85,2211.0,1280.0
1787131761.2296703,0.0,0.0,0.0,0.026,6.562,6.764,1212.0,2456.85,2211.0,1280.0
1787131761.2296944,0.0,0.0,0.0,0.026,6.562,6.764,1212.0,2456.85,2211.0,1280.0
1787131761.2297046,0.0,0.0,0.0,0.026,6.562,6.764,1212.0,2456.85,2211.0,1280.0
1787131761.4361289,0.0,0.0,0.0,0.026,6.562,6.764,1212.0,2456.85,2211.0,1280.0
1787131761.436152,0.0,0.0,0.0,0.026,6.562,6.764,1212.0,2456.85,2211.0,1280.0
1787131761.4361622,0.0,0.0,0.0,0.026,6.562,6.764,1212.0,2456.85,2211.0,1280.0
1787131761.6389277,0.0,0.0,0.0,0.026,6.562,6.764,1212.0,2456.85,2211.0,1280.0
1787131761.6389518,0.0,0.0,0.0,0.026,6.562,6.764,1212.0,2456.85,2211.0,1280.0
1787131761.6389623,0.0,0.0,0.0,0.026,6.562,6.764,1212.0,2456.85,2211.0,1280.0
1787131761.8495452,0.0,0.536,43.507,8.673,-11.579,0.089,1212.0,2456.85,2211.0,1280.0
1787131761.8495722,0.0,0.0,0.0,0.026,6.292,6.628,1212.0,2456.85,2211.0,1280.0
1787131762.0495045,0.0,0.0,0.0,0.026,6.562,6.764,1212.0,2456.85,2211.0,1280.0
1787131762.0495284,0.0,0.0,0.0,0.026,6.562,6.764,1212.0,2456.85,2211.0,1280.0
1787131762.0495386,0.0,0.0,0.0,0.026,6.562,6.764,1212.0,2456.85,2211.0,1280.0
1787131762.2536373,0.0,0.0,0.0,0.026,6.562,6.764,1212.0,2456.85,2211.0,1280.0
1787131762.253662,0.0,0.0,0.0,0.026,6.562,6.764,1212.0,2456.85,2211.0,1280.0
1787131762.2536724,0.0,0.0,0.0,0.026,6.562,6.764,1212.0,2456.85,2211.0,1280.0
1787131762.4640114,0.0,0.0,0.0,0.026,6.562,6.764,1212.0,2456.85,2211.0,1280.0
1787131762.4640682,0.0,0.0,0.0,0.026,6.562,6.764,1212.0,2456.85,2211.0,1280.0
1787131762.464085,0.0,0.0,0.0,0.026,6.562,6.764,1212.0,2456.85,2211.0,1280.0
1787131762.660649,0.0,0.0,0.0,0.026,6.562,6.764,1212.0,2456.85,2211.0,1280.0
1787131762.8674574,0.0,0.0,0.0,0.026,6.562,6.764,1212.0,2456.85,2211.0,1280.0
1787131762.8674803,0.0,0.0,0.0,0.026,6.562,6.764,1212.0,2456.85,2211.0,1280.0
1787131762.8674903,0.0,0.0,0.0,0.026,6.562,6.764,1212.0,2456.85,2211.0,1280.0
1787131763.072816,0.0,0.536,43.507,8.673,-11.579,0.089,1212.0,2456.85,2211.0,1280.0
1787131763.0728414,0.0,0.0,0.0,0.026,6.292,6.628,1212.0,2456.85,2211.0,1280.0
1787131763.0728586,0.0,0.0,0.0,0.026,6.562,6.764,1212.0,2456.85,2211.0,1280.0
1787131763.2790875,0.0,0.0,0.0,0.002,0.0,0.089,1212.0,2456.85,2211.0,1280.0
1787131763.2791119,0.0,0.0,0.0,0.026,6.562,6.764,1212.0,2456.85,2211.0,1280.0
1787131763.2791219,0.0,0.0,0.0,0.026,6.562,6.764,1212.0,2456.85,2211.0,1280.0
1787131763.482254,0.0,0.0,0.0,0.026,6.562,6.764,1212.0,2456.85,2211.0,1280.0
1787131763.4822786,0.0,0.0,0.0,0.026,6.562,6.764,1212.0,2456.85,2211.0,1280.0
1787131763.48229,0.0,0.0,0.0,0.026,6.562,6.764,1212.0,2456.85,2211.0,1280.0
1787131763.6871123,0.0,0.0,0.0,0.026,6.562,6.764,1212.0,2456.85,2211.0,1280.0
1787131763.6871367,0.0,0.0,0.0,0.026,6.562,6.764,1212.0,2456.85,2211.0,1280.0
1787131763.687147,0.0,0.0,0.0,0.026,6.562,6.764,1212.0,2456.85,2211.0,1280.0
1787131763.8914988,0.0,0.0,0.0,0.026,6.562,6.764,1212.0,2456.85,2211.0,1280.0
1787131763.8915231,0.0,0.0,0.0,0.026,6.562,6.764,1212.0,2456.85,2211.0,1280.0
1787131763.8915331,0.0,0.0,0.0,0.026,6.562,6.764,1212.0,2456.85,2211.0,1280.0
1787131764.0968707,0.0,0.0,0.0,0.026,6.562,6.764,1212.0,2456.85,2211.0,1280.0
1787131764.0968943,0.0,0.0,0.0,0.026,6.562,6.764,1212.0,2456.85,2211.0,1280.0
1787131764.0969045,0.0,0.0,0.0,0.026,6.562,6.764,1212.0,2456.85,2211.0,1280.0
1787131764.2992089,0.0,0.0,0.0,0.026,6.562,6.764,1212.0,2456.85,2211.0,1280.0
1787131764.5047376,0.0,0.0,0.0,0.026,6.562,6.764,1212.0,2456.85,2211.0,1280.0
1787131764.5047634,0.0,0.0,0.0,0.026,6.562,6.764,1212.0,2456.85,2211.0,1280.0
1787131764.5047739,0.0,0.0,0.0,0.026,6.562,6.764,1212.0,2456.85,2211.0,1280.0
1787131764.710576,0.0,0.0,0.0,0.026,6.562,6.764,1212.0,2456.85,2211.0,1280.0
1787131764.7106004,0.0,0.0,0.0,0.026,6.562,6.764,1212.0,2456.85,2211.0,1280.0
1787131764.7106109,0.0,0.0,0.0,0.026,6.562,6.764,1212.0,2456.85,2211.0,1280.0
1787131764.915228,0.0,0.0,0.0,0.026,6.562,6.764,1212.0,2456.85,2211.0,1280.0
1787131764.9152522,0.0,0.0,0.0,0.026,6.562,6.764,1212.0,2456.85,2211.0,1280.0
1787131764.9152625,0.0,0.0,0.0,0.026,6.562,6.764,1212.0,2456.85,2211.0,1280.0
1787131765.1209013,0.0,0.0,0.0,0.026,6.562,6.764,1212.0,2456.85,2211.0,1280.0
1787131765.1209252,0.0,0.0,0.0,0.026,6.562,6.764,1212.0,2456.85,2211.0,1280.0
1787131765.1209357,0.0,0.0,0.0,0.026,6.562,6.764,1212.0,2456.85,2211.0,1280.0
1787131765.3255098,0.0,0.0,0.0,0.026,6.562,6.764,1212.0,2456.85,2211.0,1280.0
1787131765.325534,0.0,0.0,0.0,0.026,6.562,6.764,1212.0,2456.85,2211.0,1280.0
1787131765.3255444,0.0,0.0,0.0,0.026,6.562,6.764,1212.0,2456.85,2211.0,1280.0
1787131765.5368233,0.0,0.0,0.0,0.026,6.562,6.764,1212.0,2456.85,2211.0,1280.0
1787131765.5368474,0.0,0.0,0.0,0.026,6.562,6.764,1212.0,2456.85,2211.0,1280.0
1787131765.5368674,0.0,0.0,0.0,0.026,6.562,6.764,1212.0,2456.85,2211.0,1280.0
1787131765.7344823,0.0,0.0,0.0,0.026,6.562,6.764,1212.0,2456.85,2211.0,1280.0
1787131765.7345061,0.0,0.0,0.0,0.026,6.562,6.764,1212.0,2456.85,2211.0,1280.0
1787131765.7345166,0.0,0.0,0.0,0.026,6.562,6.764,1212.0,2456.85,2211.0,1280.0
1787131765.9389668,0.0,0.0,0.0,0.026,6.841,6.628,1212.0,2456.85,2211.0,1280.0
1787131766.1501467,0.0,0.0,0.0,0.026,6.562,6.764,1212.0,2456.85,2211.0,1280.0
1787131766.1501744,0.0,0.0,0.0,0.026,6.562,6.764,1212.0,2456.85,2211.0,1280.0
1787131766.1502552,0.0,0.0,0.0,0.026,6.562,6.764,1212.0,2456.85,2211.0,1280.0
1787131766.3496714,0.0,0.0,0.0,0.026,6.562,6.764,1212.0,2456.85,2211.0,1280.0
1787131766.3496952,0.0,0.0,0.0,0.026,6.562,6.764,1212.0,2456.85,2211.0,1280.0
1787131766.3497057,0.0,0.0,0.0,0.026,6.562,6.764,1212.0,2456.85,2211.0,1280.0
1787131766.5596316,0.0,0.0,0.0,0.026,6.562,6.764,1212.0,2456.85,2211.0,1280.0
1787131766.5596557,0.0,0.0,0.0,0.026,6.562,6.764,1212.0,2456.85,2211.0,1280.0
1787131766.5596657,0.0,0.0,0.0,0.026,6.562,6.764,1212.0,2456.85,2211.0,1280.0
1787131766.7587433,0.0,0.0,0.0,0.026,6.562,6.764,1212.0,2456.85,2211.0,1280.0
1787131766.7587678,0.0,0.0,0.0,0.026,6.562,6.764,1212.0,2456.85,2211.0,1280.0
1787131766.758778,0.0,0.0,0.0,0.026,6.562,6.764,1212.0,2456.85,2211.0,1280.0
1787131766.963295,0.0,0.0,0.0,0.026,6.562,6.764,1212.0,2456.85,2211.0,1280.0
1787131766.9633188,0.0,0.0,0.0,0.026,6.562,6.764,1212.0,2456.85,2211.0,1280.0
1787131766.9633293,0.0,0.0,0.0,0.026,6.562,6.764,1212.0,2456.85,2211.0,1280.0
1787131767.1691337,0.0,0.0,0.0,0.026,6.562,6.764,1212.0,2456.85,2211.0,1280.0
1787131767.1691568,0.0,0.0,0.0,0.026,6.562,6.764,1212.0,2456.85,2211.0,1280.0
1787131767.169167,0.0,0.0,0.0,0.026,6.562,6.764,1212.0,2456.85,2211.0,1280.0
1787131767.3741136,0.0,0.0,0.0,0.026,6.562,6.764,1212.0,2456.85,2211.0,1280.0
1787131767.374138,0.0,0.0,0.0,0.026,6.562,6.764,1212.0,2456.85,2211.0,1280.0
1787131767.3741484,0.0,0.0,0.0,0.026,6.562,6.764,1212.0,2456.85,2211.0,1280.0
1787131767.5777082,0.0,0.0,0.0,0.026,6.562,6.764,1212.0,2456.85,2211.0,1280.0
1787131767.5777323,0.0,0.0,0.0,0.026,6.562,6.764,1212.0,2456.85,2211.0,1280.0
1787131767.5777423,0.0,0.0,0.0,0.026,6.562,6.764,1212.0,2456.85,2211.0,1280.0
1787131767.7831879,0.0,0.0,0.0,0.026,6.562,6.764,1212.0,2456.85,2211.0,1280.0
1787131767.7832098,0.0,0.0,0.0,0.026,6.562,6.764,1212.0,2456.85,2211.0,1280.0
1787131767.7832153,0.0,0.0,0.0,0.002,0.0,0.089,1212.0,2456.85,2211.0,1280.0
1787131767.9881084,0.0,0.0,0.0,0.026,6.562,6.764,1212.0,2456.85,2211.0,1280.0
1787131767.9881332,0.0,0.0,0.0,0.026,6.562,6.764,1212.0,2456.85,2211.0,1280.0
1787131767.9881427,0.0,0.0,0.0,0.026,6.562,6.764,1212.0,2456.85,2211.0,1280.0
1787131768.1921444,0.0,0.0,0.0,0.026,6.562,6.764,1212.0,2456.85,2211.0,1280.0
1787131768.192168,0.0,0.0,0.0,0.026,6.562,6.764,1212.0,2456.85,2211.0,1280.0
1787131768.192178,0.0,0.0,0.0,0.026,6.562,6.764,1212.0,2456.85,2211.0,1280.0
1787131768.397636,0.0,0.0,0.0,0.026,6.562,6.764,1212.0,2456.85,2211.0,1280.0
1787131768.3976607,0.0,0.0,0.0,0.026,6.562,6.764,1212.0,2456.85,2211.0,1280.0
1787131768.3976717,0.0,0.0,0.0,0.026,6.562,6.764,1212.0,2456.85,2211.0,1280.0
1787131768.602583,0.0,0.0,0.0,0.026,6.562,6.764,1212.0,2456.85,2211.0,1280.0
1787131768.602607,0.0,0.0,0.0,0.026,6.562,6.764,1212.0,2456.85,2211.0,1280.0
1787131768.602617,0.0,0.0,0.0,0.026,6.562,6.764,1212.0,2456.85,2211.0,1280.0
1787131768.8071425,0.0,0.0,0.0,0.026,6.562,6.764,1212.0,2456.85,2211.0,1280.0
1787131768.807166,0.0,0.0,0.0,0.026,6.562,6.764,1212.0,2456.85,2211.0,1280.0
1787131768.8071759,0.0,0.0,0.0,0.026,6.562,6.764,1212.0,2456.85,2211.0,1280.0
1787131769.0112653,0.0,0.0,0.0,0.026,6.562,6.764,1212.0,2456.85,2211.0,1280.0
1787131769.0112906,0.0,0.0,0.0,0.026,6.562,6.764,1212.0,2456.85,2211.0,1280.0
1787131769.0113013,0.0,0.0,0.0,0.026,6.562,6.764,1212.0,2456.85,2211.0,1280.0
1787131769.2164114,0.0,0.0,0.0,0.026,6.562,6.764,1212.0,2456.85,2211.0,1280.0
1787131769.4214165,0.0,0.0,0.0,0.026,6.562,6.764,1212.0,2456.85,2211.0,1280.0
1787131769.4214408,0.0,0.0,0.0,0.026,6.562,6.764,1212.0,2456.85,2211.0,1280.0
1787131769.421451,0.0,0.0,0.0,0.026,6.562,6.764,1212.0,2456.85,2211.0,1280.0
1787131769.6262066,0.0,0.0,0.0,0.026,6.562,6.764,1212.0,2456.85,2211.0,1280.0
1787131769.6262312,0.0,0.0,0.0,0.026,6.562,6.764,1212.0,2456.85,2211.0,1280.0
1787131769.6262412,0.0,0.0,0.0,0.002,0.0,0.089,1212.0,2456.85,2211.0,1280.0
1787131769.8311112,0.0,0.0,0.0,0.026,6.562,6.764,1212.0,2456.85,2211.0,1280.0
1787131769.831146,0.0,0.0,0.0,0.026,6.562,6.764,1212.0,2456.85,2211.0,1280.0
1787131769.8311517,0.0,0.0,0.0,0.026,6.562,6.764,1212.0,2456.85,2211.0,1280.0
1787131770.0352795,0.0,0.0,0.0,0.026,6.562,6.764,1212.0,2456.85,2211.0,1280.0
1787131770.0353038,0.0,0.0,0.0,0.002,0.0,0.089,1212.0,2456.85,2211.0,1280.0
1787131770.0353143,0.0,0.0,0.0,0.026,6.562,6.764,1212.0,2456.85,2211.0,1280.0
1787131770.242074,0.0,0.0,0.0,0.026,6.562,6.764,1212.0,2456.85,2211.0,1280.0
1787131770.2420983,0.0,0.0,0.0,0.026,6.562,6.764,1212.0,2456.85,2211.0,1280.0
1787131770.2421086,0.0,0.0,0.0,0.026,6.562,6.764,1212.0,2456.85,2211.0,1280.0
1787131770.4456675,0.0,0.0,0.0,0.026,6.562,6.764,1212.0,2456.85,2211.0,1280.0
1787131770.445691,0.0,0.0,0.0,0.026,6.562,6.764,1212.0,2456.85,2211.0,1280.0
1787131770.4457018,0.0,0.0,0.0,0.026,6.562,6.764,1212.0,2456.85,2211.0,1280.0
1787131770.649781,0.0,0.0,0.0,0.026,6.562,6.764,1212.0,2456.85,2211.0,1280.0
1787131770.6498048,0.0,0.0,0.0,0.026,6.562,6.764,1212.0,2456.85,2211.0,1280.0
1787131770.6498148,0.0,0.0,0.0,0.026,6.562,6.764,1212.0,2456.85,2211.0,1280.0
1787131770.854493,0.0,0.0,0.0,0.026,6.562,6.764,1212.0,2456.85,2211.0,1280.0
1787131771.0592945,0.0,0.0,0.0,0.026,6.562,6.764,1212.0,2456.85,2211.0,1280.0
1787131771.059318,0.0,0.0,0.0,0.026,6.562,6.764,1212.0,2456.85,2211.0,1280.0
1787131771.0593286,0.0,0.0,0.0,0.026,6.562,6.764,1212.0,2456.85,2211.0,1280.0
1787131771.2645516,0.0,0.0,0.0,0.026,6.562,6.764,1212.0,2456.85,2211.0,1280.0
1787131771.2645764,0.0,0.0,0.0,0.026,6.562,6.764,1212.0,2456.85,2211.0,1280.0
1787131771.2645867,0.0,0.0,0.0,0.026,6.562,6.764,1212.0,2456.85,2211.0,1280.0
1787131771.4689653,0.0,0.0,0.0,0.026,6.562,6.764,1212.0,2456.85,2211.0,1280.0
1787131771.4689913,0.0,0.0,0.0,0.026,6.562,6.764,1212.0,2456.85,2211.0,1280.0
1787131771.4690013,0.0,0.0,0.0,0.026,6.562,6.764,1212.0,2456.85,2211.0,1280.0
1787131771.6741369,0.0,0.0,0.0,0.026,6.562,6.764,1212.0,2456.85,2211.0,1280.0
1787131771.674161,0.0,0.0,0.0,0.026,6.562,6.764,1212.0,2456.85,2211.0,1280.0
1787131771.6741722,0.0,0.0,0.0,0.026,6.562,6.764,1212.0,2456.85,2211.0,1280.0
1787131771.8788643,0.0,0.0,0.0,0.026,6.562,6.764,1212.0,2456.85,2211.0,1280.0
1787131771.8788886,0.0,0.0,0.0,0.026,6.562,6.764,1212.0,2456.85,2211.0,1280.0
1787131771.8788989,0.0,0.0,0.0,0.026,6.562,6.764,1212.0,2456.85,2211.0,1280.0
1787131772.0840945,0.0,0.0,0.0,0.026,6.562,6.764,1212.0,2456.85,2211.0,1280.0
1787131772.0841181,0.0,0.0,0.0,0.026,6.562,6.764,1212.0,2456.85,2211.0,1280.0
1787131772.084128,0.0,0.0,0.0,0.026,6.562,6.764,1212.0,2456.85,2211.0,1280.0
1787131772.28849,0.0,0.0,0.0,0.002,0.0,0.089,1212.0,2456.85,2211.0,1280.0
1787131772.2885134,0.0,0.0,0.0,0.026,6.562,6.764,1212.0,2456.85,2211.0,1280.0
1787131772.2885242,0.0,0.0,0.0,0.026,6.562,6.764,1212.0,2456.85,2211.0,1280.0
1787131772.4928944,0.0,0.0,0.0,0.026,6.562,6.764,1212.0,2456.85,2211.0,1280.0
1787131772.6982043,0.0,0.0,0.0,0.002,0.0,0.089,1212.0,2456.85,2211.0,1280.0
1787131772.6982234,0.0,0.0,0.0,0.026,6.562,6.764,1212.0,2456.85,2211.0,1280.0
1787131772.6982288,0.0,0.0,0.0,0.026,6.562,6.764,1212.0,2456.85,2211.0,1280.0
1787131772.9022477,0.0,0.0,0.0,0.026,6.562,6.764,1212.0,2456.85,2211.0,1280.0
1787131772.9022713,0.0,0.0,0.0,0.026,6.562,6.764,1212.0,2456.85,2211.0,1280.0
1787131772.9022818,0.0,0.0,0.0,0.026,6.562,6.764,1212.0,2456.85,2211.0,1280.0
1787131773.1073039,0.0,0.0,0.0,0.026,6.562,6.764,1212.0,2456.85,2211.0,1280.0
1787131773.107328,0.0,0.0,0.0,0.026,6.562,6.764,1212.0,2456.85,2211.0,1280.0
1787131773.1073384,0.0,0.0,0.0,0.026,6.562,6.764,1212.0,2456.85,2211.0,1280.0
1787131773.3124738,0.0,0.0,0.0,0.026,6.562,6.764,1212.0,2456.85,2211.0,1280.0
1787131773.312498,0.0,0.0,0.0,0.026,6.562,6.764,1212.0,2456.85,2211.0,1280.0
1787131773.3125083,0.0,0.0,0.0,0.026,6.562,6.764,1212.0,2456.85,2211.0,1280.0
1787131773.5166807,0.0,0.0,0.0,0.026,6.562,6.764,1212.0,2456.85,2211.0,1280.0
1787131773.5167038,0.0,0.0,0.0,0.026,6.562,6.764,1212.0,2456.85,2211.0,1280.0
1787131773.5167146,0.0,0.0,0.0,0.026,6.562,6.764,1212.0,2456.85,2211.0,1280.0
1787131773.7216125,0.0,0.0,0.0,0.026,6.562,6.764,1212.0,2456.85,2211.0,1280.0
1787131773.721637,0.0,0.0,0.0,0.026,6.562,6.764,1212.0,2456.85,2211.0,1280.0
1787131773.9268367,0.0,0.0,0.0,0.002,0.0,0.089,1212.0,2456.85,2211.0,1280.0
1787131773.9268718,0.0,0.0,0.0,0.026,6.562,6.764,1212.0,2456.85,2211.0,1280.0
1787131773.9268825,0.0,0.0,0.0,0.026,6.562,6.764,1212.0,2456.85,2211.0,1280.0
1787131774.1309626,0.0,0.0,0.0,0.026,6.562,6.764,1212.0,2456.85,2211.0,1280.0
1787131774.1309907,0.0,0.0,0.0,0.026,6.562,6.764,1212.0,2456.85,2211.0,1280.0
1787131774.3356614,0.0,0.0,0.0,0.026,6.562,6.764,1212.0,2456.85,2211.0,1280.0
1787131774.3356867,0.0,0.0,0.0,0.0,0.0,0.0,0.0,0.0,0.0,1280.0
1787131774.335697,0.0,0.0,0.0,0.026,6.02,0.109,3513.6,0.0,1204.5,1280.0
1787131774.541977,0.0,0.0,0.0,0.026,6.562,6.764,1212.0,2456.85,2211.0,1280.0
1787131774.5421658,0.0,0.0,0.0,0.026,6.562,6.764,1212.0,2456.85,2211.0,1280.0
1787131774.7457955,0.0,0.0,0.0,0.026,6.562,6.764,1212.0,2456.85,2211.0,1280.0
1787131774.7458198,0.0,0.0,0.0,0.026,6.562,6.764,1212.0,2456.85,2211.0,1280.0
1787131774.7458308,0.0,0.0,0.0,0.026,6.562,6.764,1212.0,2456.85,2211.0,1280.0
1787131774.9502347,0.0,0.0,0.0,0.026,6.562,6.764,1212.0,2456.85,2211.0,1280.0
1787131774.950259,0.0,0.0,0.0,0.026,6.562,6.764,1212.0,2456.85,2211.0,1280.0
1787131774.9502692,0.0,0.0,0.0,0.002,0.0,0.089,1212.0,2456.85,2211.0,1280.0
1787131775.1551633,0.0,0.0,0.0,0.026,6.562,6.764,1212.0,2456.85,2211.0,1280.0
1787131775.155188,0.0,0.0,0.0,0.026,6.562,6.764,1212.0,2456.85,2211.0,1280.0
1787131775.155198,0.0,0.0,0.0,0.026,6.562,6.764,1212.0,2456.85,2211.0,1280.0
1787131775.3598042,0.0,0.0,0.0,0.026,6.562,6.764,1212.0,2456.85,2211.0,1280.0
1787131775.3598306,0.0,0.0,0.0,0.026,6.562,6.764,1212.0,2456.85,2211.0,1280.0
1787131775.3598413,0.0,0.0,0.0,0.026,6.562,6.764,1212.0,2456.85,2211.0,1280.0
1787131775.5651245,0.0,0.0,0.0,0.026,6.562,6.764,1212.0,2456.85,2211.0,1280.0
1787131775.5651495,0.0,0.0,0.0,0.026,6.562,6.764,1212.0,2456.85,2211.0,1280.0
1787131775.5651598,0.0,0.0,0.0,0.026,6.562,6.764,1212.0,2456.85,2211.0,1280.0
1787131775.7673483,0.0,0.0,0.0,0.026,6.562,6.764,1212.0,2456.85,2211.0,1280.0
1787131775.9749095,0.0,0.0,0.0,0.026,6.562,6.764,1212.0,2456.85,2211.0,1280.0
1787131775.974934,0.0,0.0,0.0,0.026,6.562,6.764,1212.0,2456.85,2211.0,1280.0
1787131775.9749448,0.0,0.0,0.0,0.026,6.562,6.764,1212.0,2456.85,2211.0,1280.0
1787131776.1791692,0.0,0.0,0.0,0.026,6.562,6.764,1212.0,2456.85,2211.0,1280.0
1787131776.1791883,0.0,0.0,0.0,0.026,6.562,6.764,1212.0,2456.85,2211.0,1280.0
1787131776.1791935,0.0,0.0,0.0,0.026,6.562,6.764,1212.0,2456.85,2211.0,1280.0
1787131776.3836987,0.0,0.0,0.0,0.026,6.562,6.764,1212.0,2456.85,2211.0,1280.0
1787131776.3837225,0.0,0.0,0.0,0.026,6.562,6.764,1212.0,2456.85,2211.0,1280.0
1787131776.3837326,0.0,0.0,0.0,0.026,6.562,6.764,1212.0,2456.85,2211.0,1280.0
1787131776.5887125,0.0,0.0,0.0,0.026,6.562,6.764,1212.0,2456.85,2211.0,1280.0
1787131776.588737,0.0,0.0,0.0,0.026,6.562,6.764,1212.0,2456.85,2211.0,1280.0
1787131776.5887473,0.0,0.0,0.0,0.026,6.562,6.764,1212.0,2456.85,2211.0,1280.0
1787131776.7930844,0.0,0.0,0.0,0.026,6.562,6.764,1212.0,2456.85,2211.0,1280.0
1787131776.7931104,0.0,0.0,0.0,0.026,6.562,6.764,1212.0,2456.85,2211.0,1280.0
1787131776.7931216,0.0,0.0,0.0,0.026,6.562,6.764,1212.0,2456.85,2211.0,1280.0
1787131776.9998288,0.0,0.0,0.0,0.026,6.562,6.764,1212.0,2456.85,2211.0,1280.0
1787131776.9998653,0.0,0.0,0.0,0.026,6.562,6.764,1212.0,2456.85,2211.0,1280.0
1787131776.999876,0.0,0.0,0.0,0.026,6.562,6.764,1212.0,2456.85,2211.0,1280.0
1787131777.2031348,0.0,0.0,0.0,0.026,6.562,6.764,1212.0,2456.85,2211.0,1280.0
1787131777.2031586,0.0,0.0,0.0,0.026,6.562,6.764,1212.0,2456.85,2211.0,1280.0
1787131777.2031682,0.0,0.0,0.0,0.026,6.562,6.764,1212.0,2456.85,2211.0,1280.0
1787131777.4077437,0.0,0.0,0.0,0.026,6.562,6.764,1212.0,2456.85,2211.0,1280.0
1787131777.4077687,0.0,0.0,0.0,0.026,6.562,6.764,1212.0,2456.85,2211.0,1280.0
1787131777.6126745,0.0,0.0,0.0,0.026,6.562,6.764,1212.0,2456.85,2211.0,1280.0
1787131777.6126988,0.0,0.0,0.0,0.002,0.0,0.089,1212.0,2456.85,2211.0,1280.0
1787131777.6127095,0.0,0.0,0.0,0.026,6.562,6.764,1212.0,2456.85,2211.0,1280.0
1787131777.817339,0.0,0.0,0.0,0.026,6.562,6.764,1212.0,2456.85,2211.0,1280.0
1787131777.817363,0.0,0.0,0.0,0.002,0.0,0.089,1212.0,2456.85,2211.0,1280.0
1787131777.8173733,0.0,0.0,0.0,0.026,6.562,6.764,1212.0,2456.85,2211.0,1280.0
1787131778.0238848,0.0,0.0,0.0,0.026,6.562,6.764,1212.0,2456.85,2211.0,1280.0
1787131778.023909,0.0,0.0,0.0,0.026,6.562,6.764,1212.0,2456.85,2211.0,1280.0
1787131778.023919,0.0,0.0,0.0,0.026,6.562,6.764,1212.0,2456.85,2211.0,1280.0
1787131778.2280517,0.0,0.0,0.0,0.026,6.562,6.764,1212.0,2456.85,2211.0,1280.0
1787131778.2280765,0.0,0.0,0.0,0.026,6.562,6.764,1212.0,2456.85,2211.0,1280.0
1787131778.228088,0.0,0.0,0.0,0.026,6.562,6.764,1212.0,2456.85,2211.0,1280.0
1787131778.431904,0.0,0.0,0.0,0.026,6.562,6.764,1212.0,2456.85,2211.0,1280.0
1787131778.4319274,0.0,0.0,0.0,0.002,0.0,0.089,1212.0,2456.85,2211.0,1280.0
1787131778.4319377,0.0,0.0,0.0,0.026,6.562,6.764,1212.0,2456.85,2211.0,1280.0
1787131778.6370738,0.0,0.0,0.0,0.026,6.562,6.764,1212.0,2456.85,2211.0,1280.0
1787131778.6370986,0.0,0.0,0.0,0.026,6.562,6.764,1212.0,2456.85,2211.0,1280.0
1787131778.6371088,0.0,0.0,0.0,0.026,6.562,6.764,1212.0,2456.85,2211.0,1280.0
1787131778.8413396,0.0,0.0,0.0,0.026,6.562,6.764,1212.0,2456.85,2211.0,1280.0
1787131778.8413625,0.0,0.0,0.0,0.026,6.562,6.764,1212.0,2456.85,2211.0,1280.0
1787131778.8413725,0.0,0.0,0.0,0.026,6.562,6.764,1212.0,2456.85,2211.0,1280.0
1787131779.0462146,0.0,0.0,0.0,0.026,6.562,6.764,1212.0,2456.85,2211.0,1280.0
1787131779.2512865,0.0,0.0,0.0,0.026,6.562,6.764,1212.0,2456.85,2211.0,1280.0
1787131779.251312,0.0,0.0,0.0,0.026,6.562,6.764,1212.0,2456.85,2211.0,1280.0
1787131779.2513223,0.0,0.0,0.0,0.002,0.0,0.089,1212.0,2456.85,2211.0,1280.0
1787131779.4561968,0.0,0.536,43.507,8.673,-11.579,0.089,1212.0,2456.85,2211.0,1280.0
1787131779.456222,0.0,0.0,0.0,0.026,6.292,6.628,1212.0,2456.85,2211.0,1280.0
1787131779.4562325,0.0,0.0,0.0,0.026,6.562,6.764,1212.0,2456.85,2211.0,1280.0
1787131779.6614566,0.0,0.0,0.0,0.026,6.562,6.764,1212.0,2456.85,2211.0,1280.0
1787131779.661481,0.0,0.0,0.0,0.002,0.0,0.089,1212.0,2456.85,2211.0,1280.0
1787131779.6614912,0.0,0.0,0.0,0.026,6.562,6.764,1212.0,2456.85,2211.0,1280.0
1787131779.8708503,0.0,0.0,0.0,0.026,6.562,6.764,1212.0,2456.85,2211.0,1280.0
1787131779.8708851,0.0,0.0,0.0,0.026,6.562,6.764,1212.0,2456.85,2211.0,1280.0
1787131779.8708954,0.0,0.0,0.0,0.026,6.562,6.764,1212.0,2456.85,2211.0,1280.0
1787131780.0709784,0.0,0.0,0.0,0.026,6.562,6.764,1212.0,2456.85,2211.0,1280.0
1787131780.0711613,0.0,0.0,0.0,0.026,6.562,6.764,1212.0,2456.85,2211.0,1280.0
1787131780.0711684,0.0,0.0,0.0,0.026,6.562,6.764,1212.0,2456.85,2211.0,1280.0
1787131780.2749648,0.0,0.0,0.0,0.026,6.562,6.764,1212.0,2456.85,2211.0,1280.0
1787131780.2751708,0.0,0.0,0.0,0.026,6.562,6.764,1212.0,2456.85,2211.0,1280.0
1787131780.2751787,0.0,0.0,0.0,0.026,6.562,6.764,1212.0,2456.85,2211.0,1280.0
1787131780.480051,0.0,0.0,0.0,0.002,0.0,0.089,1212.0,2456.85,2211.0,1280.0
1787131780.4800751,0.0,0.0,0.0,0.026,6.562,6.764,1212.0,2456.85,2211.0,1280.0
1787131780.4800856,0.0,0.0,0.0,0.026,6.562,6.764,1212.0,2456.85,2211.0,1280.0
1787131780.6824336,0.0,0.0,0.0,0.026,6.562,6.764,1212.0,2456.85,2211.0,1280.0
1787131780.890093,0.0,0.0,0.0,0.026,6.562,6.764,1212.0,2456.85,2211.0,1280.0
1787131780.8901286,0.0,0.0,0.0,0.026,6.562,6.764,1212.0,2456.85,2211.0,1280.0
1787131780.8901896,0.0,0.0,0.0,0.026,6.562,6.764,1212.0,2456.85,2211.0,1280.0
1787131781.0941937,0.0,0.0,0.0,0.026,6.562,6.764,1212.0,2456.85,2211.0,1280.0
1787131781.0942185,0.0,0.0,0.0,0.026,6.562,6.764,1212.0,2456.85,2211.0,1280.0
1787131781.0942285,0.0,0.0,0.0,0.026,6.562,6.764,1212.0,2456.85,2211.0,1280.0
1787131781.2992806,0.0,0.536,43.507,8.673,-11.579,0.089,1212.0,2456.85,2211.0,1280.0
1787131781.2993054,0.0,0.0,0.0,0.026,6.292,6.628,1212.0,2456.85,2211.0,1280.0
1787131781.299316,0.0,0.0,0.0,0.026,6.562,6.764,1212.0,2456.85,2211.0,1280.0
1787131781.5037105,0.0,0.0,0.0,0.026,6.562,6.764,1212.0,2456.85,2211.0,1280.0
1787131781.5037348,0.0,0.0,0.0,0.026,6.562,6.764,1212.0,2456.85,2211.0,1280.0
1787131781.503745,0.0,0.0,0.0,0.026,6.562,6.764,1212.0,2456.85,2211.0,1280.0
1787131781.708835,0.0,0.0,0.0,0.026,6.562,6.764,1212.0,2456.85,2211.0,1280.0
1787131781.7088683,0.0,0.0,0.0,0.026,6.562,6.764,1212.0,2456.85,2211.0,1280.0
1787131781.7088795,0.0,0.0,0.0,0.026,6.562,6.764,1212.0,2456.85,2211.0,1280.0
1787131781.91046,0.0,0.0,0.0,0.026,6.562,6.764,1212.0,2456.85,2211.0,1280.0
1787131781.914701,0.0,0.0,0.0,0.026,6.562,6.764,1212.0,2456.85,2211.0,1280.0
1787131781.9147246,0.0,0.0,0.0,0.026,6.562,6.764,1212.0,2456.85,2211.0,1280.0
1787131782.1181173,0.0,0.0,0.0,0.026,6.562,6.764,1212.0,2456.85,2211.0,1280.0
1787131782.1181426,0.0,0.0,0.0,0.002,0.0,0.089,1212.0,2456.85,2211.0,1280.0
1787131782.1181538,0.0,0.0,0.0,0.026,6.562,6.764,1212.0,2456.85,2211.0,1280.0
1787131782.320713,0.0,0.0,0.0,0.026,6.562,6.764,1212.0,2456.85,2211.0,1280.0
1787131782.5271764,0.0,0.0,0.0,0.026,6.562,6.764,1212.0,2456.85,2211.0,1280.0
1787131782.5272005,0.0,0.0,0.0,0.026,6.562,6.764,1212.0,2456.85,2211.0,1280.0
