timestamp,ax,ay,az,gx,gy,gz,mx,my,mz,dist
1787130735.2507956,-1.137,9.12,2.291,0.007,0.026,0.03,21.6,23.1,-36.0,295.0
1787130735.250822,-1.164,9.158,2.195,0.011,0.035,0.016,22.65,24.75,-35.55,295.0
1787130735.2508357,-1.065,9.191,2.241,0.023,0.043,0.022,21.9,24.75,-37.5,295.0
1787130735.2508473,-1.116,9.17,2.291,0.01,0.034,0.015,21.75,24.15,-36.9,295.0
1787130735.2508671,-1.154,9.151,2.322,-0.005,0.009,0.013,22.5,24.45,-37.65,295.0
1787130735.250882,-1.168,9.16,2.291,-0.012,0.01,0.012,21.0,24.45,-36.9,295.0
1787130735.2508929,-1.082,9.203,2.136,0.038,0.016,0.011,20.85,24.75,-37.05,448.0
1787130735.2509077,-1.03,9.196,2.217,0.037,0.004,0.003,21.9,25.05,-37.5,448.0
1787130735.250919,-0.948,9.239,2.155,0.023,0.016,0.009,22.05,24.9,-37.65,448.0
1787130735.2509391,-1.128,9.22,2.191,-0.005,0.031,0.011,21.9,24.75,-35.55,448.0
1787130735.2509491,-1.099,9.16,2.251,-0.006,0.03,0.005,21.15,26.55,-38.25,448.0
1787130735.2509594,-1.197,9.249,2.109,-0.011,0.019,-0.005,21.9,25.8,-37.05,448.0
1787130735.2509692,-1.046,9.124,2.181,-0.024,0.004,-0.015,21.15,25.8,-36.75,448.0
1787130735.2509787,-0.982,9.117,2.121,-0.021,0.015,-0.011,22.65,25.05,-36.0,448.0
1787130735.250993,-1.025,9.091,2.124,-0.022,0.014,-0.004,22.65,25.05,-36.0,448.0
1787130735.251002,-1.161,9.143,2.143,-0.006,0.016,0.003,20.1,25.5,-36.75,448.0
1787130735.2510118,-1.113,9.17,2.1,-0.03,0.016,0.002,21.6,25.5,-37.8,448.0
1787130735.2510211,-1.082,9.151,2.126,-0.031,0.001,-0.002,22.05,25.2,-37.65,448.0
1787130735.2510307,-1.013,9.141,2.102,-0.029,0.004,-0.002,21.0,26.1,-37.2,448.0
1787130735.2510402,-1.018,9.218,2.167,-0.012,0.021,-0.007,22.65,24.75,-37.8,448.0
1787130735.2510495,-1.046,9.213,2.145,-0.018,0.028,-0.009,22.35,24.3,-37.05,448.0
1787130735.251059,-1.075,9.148,2.095,-0.012,0.013,0.006,22.35,24.75,-38.25,448.0
1787130735.251068,-1.077,9.115,2.059,-0.026,0.007,-0.003,21.6,25.05,-37.5,448.0
1787130735.2510777,-1.08,9.155,2.102,-0.01,0.011,-0.01,21.75,25.65,-36.6,448.0
1787130735.2510872,-1.061,9.187,2.097,0.007,0.007,0.004,21.9,25.05,-38.25,448.0
1787130735.251096,-1.101,9.206,2.14,-0.024,0.02,-0.01,21.0,25.65,-36.6,448.0
1787130735.2511055,-1.075,9.237,2.095,-0.022,0.024,-0.008,21.3,25.2,-37.95,448.0
1787130735.2511148,-0.96,9.239,2.138,-0.029,0.035,-0.011,21.9,25.05,-37.8,448.0
1787130735.251124,-1.125,9.196,2.014,-0.011,0.015,-0.006,21.9,25.5,-38.25,448.0
1787130735.251133,-1.065,9.232,2.054,-0.011,0.01,-0.007,22.8,25.65,-36.9,448.0
1787130735.2511425,-1.03,9.206,2.081,-0.008,0.011,-0.009,22.05,24.9,-37.65,448.0
1787130735.2511516,-1.051,9.163,1.99,0.007,0.002,0.023,21.9,23.85,-39.3,448.0
1787130735.251161,-1.085,9.167,2.078,0.004,-0.002,0.021,20.55,25.2,-37.65,448.0
1787130735.2511704,-1.14,9.199,2.052,0.003,0.004,0.019,22.8,26.1,-37.2,448.0
1787130735.2511795,-1.068,9.234,2.049,0.009,-0.017,-0.003,22.5,24.45,-36.6,448.0
1787130735.251189,-1.058,9.165,2.035,0.0,-0.013,-0.004,22.5,24.45,-36.6,448.0
1787130735.2511985,-1.068,9.23,2.009,0.006,-0.016,-0.004,22.35,24.75,-37.05,448.0
1787130735.2512078,-1.173,9.261,2.064,0.019,-0.015,-0.068,23.4,26.55,-37.8,566.0
1787130735.2512171,-1.42,8.698,1.604,-0.038,0.094,-0.042,23.25,23.25,-37.95,566.0
1787130735.2512264,-1.334,8.686,1.626,0.046,0.009,0.013,22.8,22.2,-37.95,566.0
1787130735.2512364,-1.319,8.768,1.733,0.122,-0.087,0.072,24.15,23.1,-38.25,566.0
1787130735.2512481,-1.063,9.369,2.095,0.016,-0.107,0.03,23.1,25.8,-36.0,513.0
1787130735.2512577,-1.058,9.445,2.1,-0.018,0.03,-0.032,22.65,25.5,-36.75,536.0
1787130735.2512667,-1.252,9.347,2.112,-0.054,0.131,-0.081,22.5,24.9,-36.6,536.0
1787130735.251276,-1.492,9.153,2.152,-0.137,0.162,-0.161,23.85,24.3,-39.0,536.0
1787130735.2512853,-1.513,9.124,2.093,-0.15,0.164,-0.168,23.85,23.1,-38.25,536.0
1787130735.2512946,-1.451,9.021,2.14,-0.144,0.192,-0.178,22.8,22.95,-38.7,536.0
1787130735.2513041,-1.817,9.036,1.913,-0.005,0.274,-0.064,23.55,22.2,-40.2,536.0
1787130735.2513137,-2.085,8.976,1.982,0.038,0.16,-0.011,24.0,22.2,-40.65,536.0
1787130735.251323,-2.253,8.741,2.045,0.063,-0.007,0.064,24.3,21.45,-41.25,536.0
1787130735.2513359,-1.575,9.464,2.217,0.009,0.087,-0.125,23.25,23.7,-37.65,536.0
1787130735.2513459,-1.46,9.699,2.428,-0.02,0.198,-0.17,24.0,22.2,-38.7,536.0
1787130735.2513552,-1.338,9.713,2.473,-0.079,0.274,-0.21,24.15,21.9,-39.0,536.0
1787130735.2513645,-1.812,8.583,1.776,-0.205,0.422,-0.034,25.65,20.85,-40.05,536.0
1787130735.2513738,-2.035,8.404,1.659,-0.143,0.325,0.041,26.55,21.0,-40.65,536.0
1787130735.251384,-2.188,8.382,1.671,-0.059,0.209,0.11,25.5,21.0,-42.75,536.0
1787130735.2513936,-2.411,8.981,2.217,0.118,-0.161,0.126,25.8,21.75,-41.25,536.0
1787130735.2514029,-2.399,8.942,2.222,0.085,-0.177,0.076,25.2,21.9,-43.05,536.0
1787130735.251412,-2.373,8.988,2.207,0.067,-0.184,0.035,25.8,21.75,-40.95,536.0
1787130735.251421,-1.82,9.218,2.207,-0.079,0.096,-0.197,25.95,20.85,-41.1,536.0
1787130735.2514305,-1.92,9.258,2.219,-0.129,-0.062,-0.087,26.25,22.2,-42.0,536.0
1787130735.2514396,-1.968,8.768,2.344,-0.102,0.109,-0.01,24.45,21.6,-40.8,536.0
1787130735.2514486,-1.872,8.844,2.399,-0.106,0.12,0.004,26.25,20.25,-40.95,536.0
1787130735.251458,-1.939,8.914,2.459,-0.122,0.138,0.017,25.8,20.25,-41.25,536.0
1787130735.2514699,-2.076,8.59,2.251,-0.171,0.254,-0.139,25.8,20.25,-42.45,536.0
1787130735.2514791,-2.145,8.638,2.164,-0.147,0.329,-0.164,26.55,18.3,-41.7,536.0
1787130735.2514882,-2.313,8.631,2.143,-0.1,0.363,-0.159,25.8,19.5,-42.75,536.0
1787130735.2514975,-2.574,9.096,2.411,0.145,-0.28,0.295,26.55,20.25,-43.2,536.0
1787130735.2515063,-2.66,9.103,2.406,0.145,-0.35,0.287,28.05,19.5,-43.5,536.0
1787130735.2515156,-2.679,9.141,2.193,0.15,-0.418,0.279,27.45,20.4,-42.6,536.0
1787130735.251525,-1.836,9.45,2.512,0.066,-0.543,0.022,25.5,22.95,-40.65,536.0
1787130735.251534,-1.583,9.57,2.44,-0.005,-0.462,-0.037,24.9,23.1,-40.35,536.0
1787130735.2515433,-1.355,9.649,2.43,-0.074,-0.336,-0.103,24.3,22.2,-40.2,536.0
1787130735.2515547,-1.226,8.942,2.399,-0.092,-0.252,0.173,22.65,21.6,-36.3,536.0
1787130735.2515643,-1.209,8.887,2.337,-0.096,-0.238,0.204,22.05,23.25,-37.2,536.0
1787130735.2515738,-1.233,8.792,2.389,-0.106,-0.182,0.223,23.25,23.25,-37.95,536.0
1787130735.2515836,-1.216,8.899,2.346,-0.111,0.161,0.029,22.65,23.55,-37.8,536.0
1787130735.2515926,-1.211,8.847,2.413,-0.1,0.252,-0.004,23.55,22.5,-37.2,536.0
1787130735.251602,-1.288,8.763,2.514,-0.084,0.283,-0.021,24.15,21.9,-36.75,536.0
1787130735.251611,-1.865,9.084,2.67,0.015,0.329,-0.213,24.9,20.4,-39.6,536.0
1787130735.25162,-1.891,9.129,2.626,-0.021,0.346,-0.234,24.45,22.8,-38.55,536.0
1787130735.2516296,-1.992,9.064,2.794,-0.038,0.337,-0.259,25.2,21.6,-39.6,536.0
1787130735.251639,-2.914,9.527,3.915,-0.512,-0.913,-0.166,25.05,19.5,-38.4,536.0
1787130735.2516482,-1.932,8.973,5.531,-0.694,-0.461,-0.486,16.35,12.3,-27.15,174.0
1787130735.2516577,-2.253,9.033,5.385,-0.801,-0.414,-0.484,15.6,10.8,-24.9,174.0
1787130735.251667,-2.174,8.847,4.884,-0.923,-0.402,-0.422,14.1,10.05,-23.85,174.0
1787130735.2516763,-1.013,7.47,2.691,-1.371,0.129,-0.718,13.35,-5.7,-25.65,127.0
1787130735.2516856,-2.016,7.056,3.108,-1.285,0.211,-0.704,12.6,-6.45,-27.15,127.0
1787130735.2516954,-2.069,6.694,3.512,-1.242,0.12,-0.807,11.7,-10.5,-29.55,127.0
1787130735.251705,-3.268,6.261,6.091,-1.001,-0.311,-0.401,8.85,-19.65,-35.25,200.0
1787130735.2517142,-3.146,5.624,6.352,-0.976,-0.22,-0.434,8.85,-20.1,-36.3,200.0
1787130735.251724,-2.782,5.306,6.5,-0.905,-0.045,-0.436,7.8,-21.15,-38.25,200.0
1787130735.2517335,-5.119,1.729,8.435,-0.218,-0.094,-0.643,6.0,-25.65,-40.65,343.0
1787130735.2517426,-5.188,1.676,8.499,-0.103,-0.098,-0.708,4.95,-26.85,-42.0,343.0
1787130735.251752,-5.224,1.647,8.432,-0.035,-0.067,-0.802,5.4,-25.65,-42.45,343.0
1787130735.2517612,-4.008,1.923,8.059,0.443,-0.79,-1.318,-8.1,-27.45,-40.05,478.0
1787130735.2517707,-4.219,2.591,8.116,0.462,-1.005,-1.222,-8.25,-26.1,-39.15,478.0
1787130735.25178,-4.197,2.909,8.236,0.409,-1.231,-1.109,-9.45,-26.85,-38.4,478.0
1787130735.2517893,-2.234,3.706,7.568,0.422,-0.234,-0.775,-20.25,-22.95,-34.35,375.0
1787130735.2517986,-2.1,3.78,7.427,0.478,-0.253,-0.609,-20.85,-25.05,-34.5,375.0
1787130735.2518477,-2.413,4.125,7.417,0.49,-0.452,-0.354,-22.35,-23.55,-33.0,375.0
1787130735.251864,-3.943,3.256,7.693,-0.04,0.488,0.465,-15.9,-22.35,-30.45,660.0
1787130735.251874,-3.84,4.843,8.464,-0.038,0.208,0.063,-10.2,-19.5,-26.25,897.0
1787130735.2518835,-3.9,4.609,8.396,-0.104,0.209,0.07,-9.3,-18.9,-27.15,917.0
1787130735.2518928,-3.948,4.606,8.097,-0.093,0.164,0.093,-7.35,-20.1,-27.45,917.0
1787130735.2519026,-3.836,4.554,7.547,0.049,-0.04,0.02,-6.6,-20.85,-26.1,874.0
1787130735.2519119,-3.776,4.515,7.606,0.042,-0.003,0.031,-8.85,-19.2,-26.1,840.0
1787130735.251921,-3.733,4.317,7.532,0.029,0.006,0.023,-7.95,-19.5,-25.8,840.0
1787130735.25193,-3.864,4.353,7.721,0.158,-0.154,-0.096,-8.7,-17.85,-26.55,786.0
1787130735.2519393,-4.041,4.559,7.779,0.176,-0.205,-0.086,-8.85,-19.65,-25.65,786.0
1787130735.2519486,-3.972,4.48,7.676,0.195,-0.218,-0.064,-8.85,-18.9,-25.35,323.0
1787130735.2519586,-3.476,5.215,7.266,0.106,-0.044,0.009,-9.6,-16.95,-23.55,212.0
1787130735.251968,-3.522,5.2,7.226,0.068,-0.011,0.021,-10.5,-15.9,-24.45,212.0
1787130735.2519772,-3.78,5.301,7.269,0.042,-0.012,0.06,-11.25,-16.35,-24.0,192.0
1787130735.2519865,-3.4,4.882,7.446,-0.115,0.08,0.004,-9.45,-15.9,-24.0,183.0
1787130735.2519956,-3.591,4.848,7.568,-0.103,0.081,0.011,-10.8,-18.45,-23.55,183.0
1787130735.252005,-3.685,4.769,7.539,-0.102,0.081,0.007,-9.6,-15.75,-24.9,183.0
1787130735.2520144,-3.371,4.853,7.412,-0.001,-0.008,-0.051,-10.95,-16.8,-24.0,193.0
1787130735.2520237,-3.364,4.918,7.307,-0.009,0.012,-0.045,-10.8,-16.2,-23.55,193.0
1787130735.252033,-3.567,5.016,7.389,-0.013,0.053,-0.044,-11.1,-16.5,-23.85,193.0
1787130735.2520423,-4.01,4.755,7.558,-0.162,0.203,-0.072,-8.7,-17.55,-24.75,197.0
1787130735.2520545,-3.982,4.654,7.8,-0.077,0.199,-0.08,-9.6,-16.95,-24.6,197.0
1787130735.2520635,-4.197,4.788,8.133,-0.026,0.135,-0.106,-9.3,-17.4,-24.15,197.0
1787130735.2520728,-3.946,4.707,9.677,-1.011,-0.326,-0.215,-11.1,-18.15,-23.85,207.0
1787130735.252082,-4.69,2.231,5.102,0.358,-0.417,-0.415,-17.1,-28.5,-35.55,670.0
1787130735.2520914,-4.542,2.547,6.359,0.698,-0.465,-0.37,-18.15,-27.45,-34.5,670.0
1787130735.2521007,-4.439,3.136,7.293,1.092,-0.691,-0.3,-18.3,-27.9,-32.1,670.0
1787130735.2521124,-4.013,4.752,8.854,0.172,0.356,0.1,-17.4,-20.85,-25.35,160.0
1787130735.2521222,-3.967,4.638,8.655,0.137,0.16,0.121,-18.75,-19.5,-25.5,160.0
1787130735.2521317,-3.675,4.609,8.59,0.092,0.057,0.144,-18.0,-21.0,-24.45,160.0
1787130735.2521405,-3.575,4.329,8.188,-0.185,0.062,0.192,-16.65,-18.9,-25.35,186.0
1787130735.2521498,-3.828,4.3,8.028,-0.237,0.098,0.232,-16.35,-19.65,-26.1,186.0
1787130735.2521589,-3.716,4.058,7.865,-0.242,0.1,0.26,-15.45,-19.8,-27.75,186.0
1787130735.252168,-4.489,3.388,7.64,0.123,-0.065,0.026,-15.0,-19.8,-27.3,234.0
1787130735.2521772,-4.774,3.962,8.325,0.094,-0.118,-0.001,-13.65,-20.4,-25.35,234.0
1787130735.2521863,-4.319,4.037,8.473,0.068,-0.212,0.007,-15.9,-20.4,-25.65,234.0
1787130735.2521954,-3.56,4.539,7.503,-0.023,-0.089,0.043,-14.1,-18.15,-26.1,205.0
1787130735.2522042,-3.512,4.602,7.585,-0.042,-0.073,0.04,-15.15,-18.9,-26.1,187.0
1787130735.2522137,-3.469,4.597,7.558,-0.069,-0.044,0.031,-15.15,-20.4,-26.1,187.0
1787130735.2522233,-3.587,4.092,8.006,-0.039,0.029,-0.023,-15.45,-20.55,-27.3,207.0
1787130735.2522326,-3.632,4.135,7.954,-0.038,0.022,-0.018,-15.9,-19.2,-27.45,207.0
1787130735.2522414,-3.764,4.087,7.956,-0.011,0.013,-0.013,-15.6,-20.1,-26.4,212.0
1787130735.2522507,-3.587,4.166,7.898,0.007,0.007,-0.033,-15.15,-19.65,-26.1,201.0
1787130735.2522597,-3.754,4.202,7.913,0.015,0.0,-0.024,-16.5,-17.85,-27.3,201.0
1787130735.252269,-3.747,4.183,7.937,0.028,-0.019,-0.032,-16.2,-19.8,-25.8,203.0
1787130735.3216927,-3.369,4.391,7.784,0.045,0.04,-0.008,-17.7,-19.05,-26.55,208.0
1787130735.5284774,-3.955,4.13,7.994,0.024,0.059,-0.026,-15.75,-21.75,-26.55,185.0
1787130735.528506,-3.929,4.262,7.906,0.042,0.025,-0.02,-16.2,-19.05,-26.25,185.0
1787130735.5285177,-3.934,4.25,7.803,0.051,-0.015,-0.026,-15.45,-20.25,-25.8,185.0
1787130735.7341645,-3.8,4.413,7.657,0.032,-0.053,-0.004,-17.7,-18.3,-25.2,165.0
1787130735.7342007,-3.74,4.415,7.58,0.026,-0.059,0.014,-16.35,-18.45,-25.35,165.0
1787130735.734208,-3.62,4.403,7.57,0.021,-0.049,0.021,-16.65,-17.7,-25.35,165.0
1787130735.9381576,-3.259,4.444,7.87,0.009,0.003,0.089,-14.4,-18.15,-25.35,172.0
1787130735.9381824,-3.323,4.626,7.925,0.055,0.024,0.097,-15.0,-19.05,-25.2,172.0
1787130735.938193,-3.472,4.875,7.927,0.056,0.021,0.066,-15.45,-20.25,-25.2,172.0
1787130736.1435359,-5.322,5.071,10.001,0.32,0.541,-0.503,-14.1,-17.7,-23.55,154.0
1787130736.1435611,-6.268,5.176,10.685,0.195,0.619,-0.738,-13.5,-18.3,-24.0,154.0
1787130736.1435726,-6.838,4.975,10.69,0.014,0.635,-1.042,-13.5,-17.55,-23.25,154.0
1787130736.3478653,-5.669,0.828,7.757,-0.56,-1.896,-1.924,-26.4,-17.7,-30.15,1125.0
1787130736.3478901,-5.274,0.599,7.489,-0.545,-1.991,-1.958,-29.7,-19.2,-32.25,1125.0
1787130736.3479013,-4.317,0.33,7.058,-0.462,-1.969,-1.944,-32.55,-16.8,-33.9,1125.0
1787130736.5528824,2.184,-0.661,6.309,0.396,0.603,-1.393,-43.65,-8.7,-41.25,1433.0
1787130736.5529075,-3.311,0.522,6.139,0.962,0.469,-1.42,-42.6,-5.55,-37.95,1556.0
1787130736.5529187,-3.713,1.705,6.869,1.035,0.302,-1.455,-42.6,-3.6,-37.95,1556.0
1787130736.7575588,-7.389,4.075,4.719,1.621,0.294,-0.014,-32.4,20.1,-19.05,728.0
1787130736.757586,-5.923,4.24,4.915,1.482,-0.041,0.098,-31.35,22.5,-19.95,728.0
1787130736.7575974,-6.012,4.195,5.143,1.067,-0.425,0.218,-31.95,21.6,-19.05,728.0
1787130736.9614046,-1.798,4.046,7.707,-0.968,-1.875,0.759,-39.0,21.15,-27.45,1090.0
1787130736.96143,-1.733,3.68,6.606,-1.384,-2.346,1.03,-41.85,17.85,-31.05,1090.0
1787130737.1674721,0.424,3.601,11.528,-0.417,-0.687,0.943,-51.75,-2.25,-62.1,1959.0
1787130737.1674979,0.713,3.39,12.201,-0.55,-0.115,0.813,-51.6,-1.65,-63.45,1959.0
1787130737.1675096,0.572,3.122,12.194,-0.685,0.433,0.575,-51.3,-1.05,-63.15,1959.0
1787130737.3719208,1.08,-0.733,9.222,-0.537,0.479,-0.654,-50.85,-2.1,-63.75,1959.0
1787130737.371947,1.753,-0.376,9.28,-0.52,0.516,-0.579,-50.25,-2.25,-63.6,1959.0
1787130737.3719585,1.769,-0.141,8.916,-0.357,0.366,-0.736,-51.0,-1.5,-61.95,1959.0
1787130737.5770805,0.438,0.543,8.866,-0.17,0.3,-0.619,-51.75,-2.7,-61.8,1959.0
1787130737.5771043,1.935,2.308,8.751,-0.586,0.447,-0.576,-52.8,0.0,-62.85,1959.0
1787130737.5771124,0.63,-0.661,9.043,-0.661,0.249,-0.255,-51.6,-1.35,-63.45,1959.0
1787130737.7812257,1.769,-1.628,9.313,0.583,0.039,0.551,-53.1,-0.9,-63.45,171.0
1787130737.7812502,2.346,-1.64,9.261,0.714,0.1,0.585,-52.5,-3.45,-62.1,171.0
1787130737.7812617,2.303,-1.147,8.921,0.689,0.177,0.247,-53.25,-1.5,-63.6,171.0
1787130737.9861388,0.893,0.223,9.457,0.006,0.091,-0.274,-52.65,0.45,-56.1,1983.0
1787130737.9861634,2.777,0.871,12.359,-0.247,1.415,-0.656,-53.1,0.45,-53.85,1983.0
1787130737.9861743,-3.694,0.69,12.258,-0.175,0.551,-0.593,-53.25,1.8,-52.5,1983.0
1787130738.191414,0.622,1.039,9.488,0.354,0.106,-0.659,-55.65,3.6,-59.7,1864.0
1787130738.1914396,0.062,1.415,10.238,0.185,-0.001,-0.578,-55.05,5.7,-56.55,1864.0
1787130738.1914508,0.493,1.647,10.386,0.023,-0.203,-0.427,-55.95,4.05,-57.9,1864.0
1787130738.3958926,-0.431,0.608,9.45,-0.248,0.461,-0.252,-54.75,5.7,-60.6,1793.0
1787130738.3959181,-0.974,0.35,9.79,-0.21,0.239,-0.17,-55.2,5.55,-60.75,1793.0
1787130738.3959296,-0.941,0.397,10.254,-0.142,0.093,-0.107,-56.7,7.8,-59.4,1793.0
1787130738.6002839,1.513,-0.002,9.369,-0.27,0.197,-0.181,-55.95,6.75,-63.0,1874.0
1787130738.8058324,0.998,-0.826,10.039,0.025,0.266,0.126,-55.2,6.3,-59.4,1927.0
1787130738.8058667,0.575,-0.646,10.199,-0.039,0.189,0.18,-54.75,6.15,-59.55,1920.0
1787130738.8058794,0.886,-1.113,9.962,-0.052,0.288,0.169,-53.25,6.45,-60.6,1920.0
1787130739.0102465,0.014,-0.742,9.553,0.072,0.411,-0.003,-53.1,6.75,-58.2,1966.0
1787130739.0102754,-0.366,-0.493,9.632,0.123,0.374,0.113,-53.7,5.1,-56.1,1948.0
1787130739.0102863,-0.646,-0.541,9.953,0.114,0.295,0.172,-53.1,4.8,-58.95,1948.0
1787130739.215174,-1.305,-0.254,9.673,0.013,0.102,0.044,-54.15,4.8,-53.1,1969.0
1787130739.2151945,-1.401,-0.232,9.673,0.002,0.036,0.052,-51.75,3.75,-54.75,2031.0
1787130739.2152011,-1.132,-0.247,9.718,-0.003,-0.009,0.072,-52.05,4.95,-54.45,2031.0
1787130739.4197934,-1.089,-0.263,9.725,-0.007,0.028,0.015,-51.0,3.45,-53.7,2002.0
1787130739.4198182,-1.087,-0.225,9.704,0.021,0.017,0.019,-52.65,4.05,-55.35,2010.0
1787130739.41983,-1.034,-0.213,9.73,0.023,0.01,0.022,-51.15,4.05,-55.35,2010.0
1787130739.6252975,-0.716,-0.215,9.471,0.004,-0.042,0.005,-51.9,4.8,-56.1,2006.0
1787130739.6253235,-0.455,-0.297,9.433,-0.023,0.027,-0.028,-52.05,3.0,-56.25,1998.0
1787130739.6253347,-0.584,-0.201,9.378,0.028,0.248,-0.111,-53.25,3.75,-53.7,1998.0
1787130739.829229,-1.178,0.184,9.907,0.032,0.291,-0.073,-51.6,3.15,-52.8,2013.0
1787130739.8292546,-1.48,0.113,9.948,-0.016,0.239,-0.082,-51.15,4.8,-54.15,2013.0
1787130739.8292656,-1.709,-0.007,9.823,-0.034,0.131,-0.061,-50.4,4.8,-53.1,2013.0
1787130740.035787,-2.282,-1.243,8.669,0.194,0.78,-0.174,-49.5,3.75,-52.2,1964.0
1787130740.0358121,-2.782,-0.56,9.1,-0.006,0.498,-0.176,-48.9,4.8,-50.55,1964.0
1787130740.2403615,-1.856,-0.22,9.62,-0.021,-0.01,0.011,-49.05,4.5,-50.4,1919.0
1787130740.2403867,-1.707,-0.172,9.706,-0.006,0.03,-0.009,-49.65,5.55,-51.6,1919.0
1787130740.2403982,-1.729,-0.086,9.799,-0.018,0.03,-0.003,-50.1,5.1,-51.3,1919.0
1787130740.4437306,-1.872,-0.294,9.608,-0.036,0.061,-0.007,-48.75,6.15,-50.7,1944.0
1787130740.443755,-1.808,-0.259,9.572,-0.04,0.056,-0.008,-49.8,6.9,-50.4,1944.0
1787130740.443766,-1.908,-0.302,9.579,-0.039,0.065,0.002,-50.25,4.95,-51.45,1944.0
1787130740.6494067,-2.03,-0.23,9.505,-0.028,-0.013,0.029,-48.75,5.4,-49.95,1982.0
1787130740.6494327,-1.975,-0.23,9.548,-0.035,-0.011,0.021,-48.75,3.75,-51.45,1982.0
1787130740.6494436,-1.762,-0.283,9.649,-0.01,-0.015,0.024,-48.3,4.95,-50.4,1982.0
1787130740.8541126,-1.812,-0.158,9.584,-0.004,0.011,0.0,-48.6,4.8,-50.85,1964.0
1787130740.8541386,-2.03,-0.199,9.589,-0.019,-0.006,-0.013,-48.0,5.4,-51.75,1964.0
1787130740.8541498,-1.863,-0.328,9.488,-0.027,0.005,0.001,-48.75,5.4,-51.45,1964.0
1787130741.0582945,-2.047,-0.249,9.531,-0.019,0.03,-0.006,-49.05,4.95,-49.95,1925.0
1787130741.0583205,-1.997,-0.294,9.534,-0.036,0.022,0.004,-49.5,5.4,-49.2,1925.0
1787130741.0583324,-1.98,-0.309,9.548,-0.026,0.019,-0.002,-49.5,5.4,-51.75,1925.0
1787130741.2635207,-1.918,-0.321,9.486,-0.018,0.009,-0.003,-48.15,5.1,-49.8,1966.0
1787130741.2635465,-1.961,-0.275,9.538,-0.019,0.004,-0.005,-48.15,4.05,-52.35,1966.0
1787130741.2635574,-2.002,-0.299,9.529,-0.029,0.004,-0.012,-49.8,4.2,-51.0,1966.0
1787130741.4677327,-1.935,-0.261,9.543,-0.023,0.003,-0.006,-50.55,3.45,-51.75,1944.0
1787130741.4677594,-2.014,-0.333,9.517,-0.024,0.007,0.003,-48.15,5.1,-51.6,1944.0
1787130741.467771,-1.853,-0.302,9.555,-0.021,0.011,-0.002,-50.4,4.8,-51.3,1936.0
1787130741.673589,-1.882,-0.268,9.467,-0.02,-0.012,0.017,-49.65,4.05,-51.6,1923.0
1787130741.673613,-1.688,-0.287,9.527,-0.047,0.048,0.029,-50.85,3.15,-50.85,1936.0
1787130741.673624,-1.851,-0.299,9.582,-0.029,0.088,0.031,-48.75,4.2,-52.2,1936.0
1787130741.8759933,-1.966,-0.438,9.51,-0.031,0.062,-0.007,-49.8,4.95,-50.7,1933.0
1787130742.082861,-2.054,-0.235,9.562,-0.004,-0.019,0.015,-49.35,3.15,-52.35,1878.0
1787130742.082887,-1.978,-0.244,9.309,-0.015,-0.051,0.019,-50.1,5.1,-50.85,1878.0
1787130742.082898,-1.877,-0.366,9.479,-0.016,-0.02,0.026,-48.9,5.1,-53.1,1878.0
1787130742.2874725,-2.109,-0.206,9.553,-0.016,-0.055,0.007,-48.15,4.05,-51.3,1867.0
1787130742.2874973,-2.009,-0.158,9.62,-0.02,-0.066,0.011,-48.75,3.0,-51.45,1867.0
1787130742.2875085,-1.805,-0.28,9.519,-0.036,-0.023,-0.015,-48.3,4.5,-51.75,1867.0
1787130742.4921036,-1.664,-0.371,9.577,-0.005,0.01,0.02,-50.4,5.1,-50.55,1902.0
1787130742.4921286,-1.803,-0.254,9.572,0.015,0.051,0.002,-48.6,5.1,-51.3,1902.0
1787130742.4921398,-1.994,-0.117,9.519,0.001,0.055,-0.009,-48.9,4.35,-52.05,1902.0
1787130742.6972249,-1.879,-0.407,9.543,-0.056,0.079,-0.015,-48.75,4.2,-50.7,1892.0
1787130742.6972501,-1.994,-0.414,9.615,-0.04,0.091,0.003,-48.9,4.35,-51.3,1892.0
1787130742.697261,-2.265,-0.29,9.646,-0.016,0.068,0.01,-48.75,3.45,-50.4,1892.0
1787130742.9021492,-1.846,-0.187,9.503,0.002,0.019,0.008,-49.8,5.4,-52.2,1900.0
1787130742.9021738,-1.93,-0.211,9.57,0.0,0.043,-0.001,-49.35,5.1,-50.1,1900.0
1787130742.9021802,-2.09,-0.156,9.55,-0.004,0.022,0.011,-48.9,4.8,-51.6,1900.0
1787130743.1061304,-1.774,-0.287,9.529,-0.046,0.032,-0.012,-49.8,4.95,-51.0,1916.0
1787130743.106155,-1.748,-0.304,9.534,-0.042,0.064,-0.015,-48.75,5.7,-52.2,1916.0
1787130743.1061707,-1.863,-0.275,9.538,-0.036,0.093,-0.027,-49.35,4.05,-50.85,1916.0
1787130743.3110936,-1.968,-0.227,9.558,-0.032,-0.019,0.006,-48.6,3.6,-51.3,1927.0
1787130743.311118,-1.956,-0.139,9.591,-0.019,-0.01,-0.007,-49.35,3.15,-51.6,1927.0
1787130743.3111289,-1.985,-0.22,9.541,-0.016,-0.012,-0.026,-48.9,4.05,-50.55,1927.0
1787130743.5159304,-2.224,-0.244,9.553,-0.018,0.005,-0.012,-48.6,2.85,-49.8,1886.0
1787130743.5159562,-2.035,-0.302,9.603,-0.023,-0.015,-0.004,-50.1,3.6,-51.3,1886.0
1787130743.721152,-2.406,-0.175,9.412,-0.021,0.016,-0.033,-49.05,4.2,-51.0,1885.0
1787130743.7211776,-2.37,-0.333,9.483,-0.023,-0.028,-0.031,-48.15,5.55,-49.8,1885.0
1787130743.721189,-2.203,-0.347,9.546,-0.023,-0.06,0.001,-48.9,4.35,-50.85,1884.0
1787130743.92562,-2.088,-0.314,9.505,-0.022,0.049,-0.022,-51.75,3.75,-49.95,1842.0
1787130743.9256437,-2.14,-0.362,9.546,-0.032,0.039,-0.003,-49.65,5.55,-51.6,1842.0
1787130743.9256551,-2.105,-0.318,9.531,-0.038,0.03,-0.009,-49.8,4.5,-50.4,1873.0
1787130744.1302874,-2.042,-0.347,9.457,-0.02,0.047,0.001,-49.35,4.05,-50.55,1887.0
1787130744.130313,-2.025,-0.409,9.596,-0.013,0.046,0.001,-48.0,3.75,-49.95,1887.0
1787130744.1303244,-2.411,-0.261,9.603,0.0,-0.007,0.003,-48.75,3.75,-50.4,1882.0
1787130744.3376184,-1.803,-0.311,9.495,-0.043,0.032,-0.004,-49.05,4.5,-50.7,1887.0
1787130744.3376446,-2.164,-0.28,9.469,-0.061,0.061,-0.019,-48.6,2.85,-49.8,1887.0
1787130744.3376558,-2.358,-0.366,9.543,-0.028,0.062,-0.015,-47.1,2.4,-51.3,1903.0
1787130744.5406141,-2.167,-0.409,9.507,0.0,-0.026,0.003,-49.5,3.0,-50.4,1938.0
1787130744.5406392,-2.04,-0.381,9.476,0.003,-0.011,0.012,-47.85,2.85,-49.8,1938.0
1787130744.5406508,-2.042,-0.388,9.522,-0.003,0.004,0.002,-48.75,4.5,-51.45,1929.0
1787130744.744485,-2.176,-0.405,9.512,-0.012,0.032,0.003,-49.05,4.2,-50.4,1912.0
1787130744.74451,-2.234,-0.34,9.474,-0.026,0.019,0.011,-49.05,2.25,-49.95,1912.0
1787130744.7445211,-2.193,-0.335,9.455,-0.03,0.01,0.014,-48.75,4.2,-52.2,1882.0
1787130744.9481528,-2.057,-0.414,9.546,-0.013,-0.004,-0.012,-48.75,2.7,-49.2,1928.0
1787130745.1536272,-2.069,-0.39,9.519,-0.001,0.01,0.0,-48.6,4.05,-51.3,1868.0
1787130745.1536539,-2.198,-0.33,9.493,-0.011,0.01,-0.003,-48.6,4.05,-50.55,1868.0
1787130745.3596697,-2.176,-0.321,9.479,-0.019,0.024,-0.007,-48.3,4.2,-51.75,1861.0
1787130745.3596954,-2.169,-0.347,9.483,-0.022,0.011,-0.009,-49.35,4.05,-50.85,1867.0
1787130745.3597064,-2.164,-0.448,9.524,-0.012,0.007,-0.01,-48.15,2.1,-49.35,1867.0
1787130745.5641787,-2.061,-0.342,9.498,-0.005,0.002,-0.016,-48.15,3.15,-51.3,1917.0
1787130745.5642042,-2.03,-0.412,9.476,-0.003,0.018,-0.017,-48.75,5.4,-50.7,1906.0
1787130745.5642157,-2.16,-0.393,9.5,-0.011,0.021,-0.005,-48.15,3.6,-49.8,1906.0
1787130745.7692747,-2.116,-0.388,9.457,-0.015,0.016,-0.001,-50.25,3.45,-50.4,1915.0
1787130745.7692997,-2.167,-0.316,9.507,-0.016,0.027,-0.004,-48.3,2.7,-51.0,1915.0
1787130745.769311,-2.195,-0.311,9.541,-0.02,0.019,-0.003,-47.7,3.75,-51.45,1915.0
1787130745.9740007,-2.176,-0.402,9.498,-0.019,-0.018,-0.006,-47.4,4.8,-50.85,1811.0
1787130745.974206,-1.958,-0.481,9.481,-0.008,-0.011,-0.007,-49.05,3.75,-50.7,1867.0
1787130745.9742153,-2.176,-0.397,9.527,-0.012,0.006,-0.017,-48.75,3.45,-50.4,1867.0
1787130746.1783485,-2.006,-0.424,9.661,0.011,-0.032,-0.071,-48.9,4.35,-49.8,1891.0
1787130746.1783748,-1.908,-0.419,9.476,-0.013,-0.002,-0.057,-50.25,3.75,-50.4,1886.0
1787130746.178386,-1.736,-0.409,9.488,-0.051,0.007,-0.022,-50.1,4.8,-50.85,1886.0
1787130746.3832524,-2.241,-0.299,9.464,-0.03,-0.003,0.009,-47.85,4.35,-50.85,1897.0
1787130746.3832774,-2.143,-0.316,9.531,-0.021,-0.016,-0.004,-49.5,4.5,-50.7,1887.0
1787130746.3832886,-2.049,-0.402,9.5,-0.019,-0.019,0.0,-48.6,3.15,-50.85,1887.0
1787130746.5878909,-2.121,-0.481,9.512,-0.034,0.053,0.005,-50.25,5.4,-50.7,1886.0
1787130746.5879736,-2.263,-0.373,9.51,-0.039,0.039,0.018,-49.05,5.4,-51.0,1886.0
1787130746.5882034,-2.128,-0.381,9.804,0.002,0.061,0.013,-49.35,3.15,-50.85,1862.0
1787130746.792165,-2.162,-0.436,9.773,-0.016,0.039,-0.012,-48.9,4.35,-49.35,1889.0
1787130746.7921894,-2.37,-0.278,9.498,-0.016,0.013,-0.024,-50.55,4.5,-50.4,1899.0
1787130746.997524,-2.181,-0.335,9.565,0.016,0.039,-0.008,-49.05,3.0,-49.65,1930.0
1787130746.9975488,-2.342,-0.366,9.395,-0.003,0.018,-0.022,-49.5,3.0,-50.4,1930.0
1787130746.99756,-2.006,-0.472,9.491,-0.003,0.064,-0.002,-49.5,5.4,-50.7,1930.0
1787130747.2022817,-2.251,-0.484,9.527,-0.059,0.013,0.021,-48.75,3.45,-50.4,1870.0
1787130747.202306,-2.274,-0.457,9.527,-0.052,0.009,0.027,-48.3,3.45,-49.2,1870.0
1787130747.202317,-2.219,-0.527,9.527,-0.038,0.013,0.027,-49.5,3.0,-50.4,1870.0
1787130747.4076533,-2.346,-0.615,9.524,-0.005,0.006,-0.025,-49.35,3.6,-51.3,1910.0
1787130747.4076793,-2.248,-0.56,9.632,0.006,0.02,-0.021,-49.8,3.0,-50.7,1910.0
1787130747.4076905,-2.229,-0.553,9.459,0.01,0.011,-0.021,-48.3,3.75,-49.65,1910.0
1787130747.6118677,-2.397,-0.543,9.469,-0.014,0.002,-0.018,-49.5,3.0,-49.2,1849.0
1787130747.611905,-2.303,-0.522,9.515,-0.007,0.001,-0.007,-49.05,3.45,-49.95,1849.0
1787130747.6119173,-2.186,-0.517,9.512,-0.003,0.005,-0.017,-48.9,3.6,-48.3,1849.0
1787130747.8170702,-2.176,-0.505,9.397,-0.036,0.024,0.002,-48.15,4.8,-48.75,1883.0
1787130747.8170958,-2.291,-0.347,9.448,-0.03,0.016,0.017,-49.8,6.15,-49.95,1883.0
1787130747.8171072,-2.406,-0.476,9.507,-0.039,0.029,0.012,-50.4,3.6,-49.8,1883.0
1787130748.0216835,-2.342,-0.601,9.531,-0.015,0.013,0.008,-48.9,3.15,-48.75,1845.0
1787130748.0217087,-2.392,-0.539,9.459,-0.014,-0.006,0.008,-49.5,3.0,-49.95,1873.0
1787130748.0217204,-2.095,-0.539,9.512,0.001,-0.009,-0.011,-49.05,4.5,-49.65,1873.0
1787130748.2262907,-2.234,-0.35,9.431,-0.045,-0.01,0.025,-48.0,4.5,-49.95,1868.0
1787130748.2263167,-2.148,-0.479,9.474,-0.051,0.003,0.018,-50.85,4.05,-50.55,1868.0
1787130748.2263281,-2.31,-0.532,9.448,-0.045,0.006,0.009,-50.25,4.2,-49.95,1868.0
1787130748.4317665,-2.198,-0.546,9.538,-0.011,-0.031,-0.009,-49.35,2.4,-50.55,1853.0
1787130748.637385,-2.265,-0.433,9.459,-0.008,-0.007,0.005,-49.8,5.7,-49.95,1876.0
1787130748.637409,-2.126,-0.429,9.493,-0.009,0.001,0.009,-49.8,5.4,-49.95,1876.0
1787130748.6374202,-2.265,-0.318,9.491,-0.009,0.007,-0.003,-50.25,5.7,-50.7,1858.0
1787130748.842286,-2.195,-0.429,9.493,0.004,0.019,-0.014,-50.55,4.95,-49.2,1919.0
1787130748.8423111,-2.291,-0.424,9.426,-0.012,0.014,-0.006,-50.55,4.5,-49.2,1919.0
1787130748.8423223,-2.191,-0.362,9.479,-0.023,0.003,-0.002,-49.5,6.15,-50.7,1893.0
1787130749.0461967,-2.186,-0.405,9.428,-0.005,0.022,-0.001,-48.6,4.8,-48.75,1871.0
1787130749.046217,-2.136,-0.373,9.414,-0.026,0.011,0.005,-48.3,5.4,-50.4,1871.0
1787130749.0462236,-2.136,-0.385,9.527,-0.039,0.009,0.015,-48.0,5.7,-50.7,1871.0
1787130749.2512684,-2.138,-0.505,9.531,0.012,-0.001,-0.021,-49.05,4.2,-49.65,1846.0
1787130749.2512944,-2.229,-0.441,9.519,0.002,0.004,-0.018,-49.05,4.2,-49.65,1846.0
1787130749.2513056,-2.229,-0.486,9.74,0.014,0.007,-0.071,-49.65,5.1,-50.85,1846.0
1787130749.4557176,-2.248,-0.297,9.515,0.005,0.002,-0.012,-49.8,5.4,-49.65,1880.0
1787130749.4557433,-2.258,-0.388,9.515,0.011,0.007,-0.016,-48.0,4.95,-49.95,1880.0
1787130749.4557543,-2.243,-0.419,9.459,-0.009,0.006,-0.026,-49.65,4.05,-49.35,1880.0
1787130749.6632442,-2.191,-0.424,9.445,-0.012,0.02,0.001,-48.0,4.95,-50.7,1864.0
1787130749.66327,-2.176,-0.414,9.479,-0.023,-0.001,0.012,-48.6,5.1,-50.55,1864.0
1787130749.8653173,-2.215,-0.429,9.61,-0.034,-0.018,0.011,-49.8,4.5,-49.95,1918.0
1787130749.8653424,-2.061,-0.424,9.572,-0.007,-0.003,-0.005,-49.5,5.7,-49.2,1918.0
1787130749.8653538,-2.157,-0.333,9.591,-0.004,-0.006,0.009,-48.75,4.95,-49.2,1918.0
1787130750.0675716,-2.131,-0.338,9.462,-0.013,0.024,0.01,-50.85,5.1,-49.8,1928.0
1787130750.2748382,-2.124,-0.476,9.404,-0.028,-0.014,-0.007,-49.05,6.15,-49.65,1859.0
1787130750.2748744,-2.215,-0.429,9.471,-0.023,0.021,-0.01,-48.9,5.55,-49.8,1880.0
1787130750.2748864,-2.16,-0.421,9.426,-0.024,0.012,-0.012,-48.3,4.2,-51.0,1880.0
1787130750.4787536,-2.296,-0.474,9.531,0.008,-0.016,-0.025,-48.0,4.5,-49.95,1841.0
1787130750.4787796,-2.389,-0.503,9.498,0.013,-0.049,-0.01,-50.85,4.8,-49.8,1873.0
1787130750.6843867,-2.21,-0.347,9.55,-0.043,0.03,0.017,-51.6,2.4,-48.0,1860.0
1787130750.684412,-2.126,-0.479,9.503,-0.034,0.012,0.026,-48.15,5.55,-50.55,1911.0
1787130750.684424,-2.152,-0.52,9.498,-0.02,0.014,-0.012,-50.4,5.1,-50.1,1911.0
1787130750.889297,-2.107,-0.417,9.534,-0.002,-0.009,-0.007,-49.65,6.3,-50.55,1904.0
1787130750.8893223,-2.088,-0.436,9.469,-0.01,0.004,-0.014,-49.65,4.35,-48.0,1906.0
1787130750.8893332,-2.105,-0.395,9.491,-0.013,0.004,-0.011,-49.65,4.35,-48.0,1906.0
1787130751.0935464,-2.093,-0.414,9.572,-0.029,0.008,-0.003,-49.5,5.7,-49.2,1902.0
1787130751.093573,-2.105,-0.388,9.529,-0.025,0.004,0.006,-48.75,4.95,-50.7,1902.0
1787130751.0935843,-2.078,-0.424,9.522,-0.018,0.013,-0.006,-48.3,5.4,-51.0,1883.0
1787130751.301023,-2.167,-0.438,9.488,-0.015,0.009,-0.001,-50.4,4.8,-50.55,1892.0
1787130751.3012302,-2.229,-0.445,9.579,-0.012,-0.006,-0.017,-49.35,4.8,-50.1,1892.0
1787130751.3012388,-2.131,-0.395,9.522,-0.006,-0.001,-0.001,-49.65,4.35,-50.1,1892.0
1787130751.5041857,-2.033,-0.311,9.507,-0.013,-0.006,-0.009,-49.5,4.95,-50.7,1914.0
1787130751.5042098,-2.152,-0.417,9.443,-0.02,-0.01,-0.011,-50.25,4.2,-50.4,1914.0
1787130751.5042224,-2.076,-0.414,9.548,-0.02,0.0,-0.002,-50.55,5.7,-49.95,1914.0
1787130751.706054,-2.081,-0.443,9.529,-0.034,0.024,0.007,-51.15,5.1,-50.1,1923.0
1787130751.913746,-2.212,-0.414,9.476,-0.024,-0.005,0.006,-48.9,4.35,-50.85,1903.0
1787130751.9137716,-2.095,-0.412,9.483,-0.027,-0.01,0.014,-50.1,5.1,-49.8,1903.0
1787130751.913783,-2.006,-0.335,9.56,-0.02,0.013,0.004,-48.6,4.05,-49.8,1903.0
1787130752.1181862,-2.107,-0.534,9.5,-0.012,-0.01,-0.007,-49.65,5.1,-50.1,1877.0
1787130752.1182115,-2.002,-0.496,9.524,-0.009,0.011,-0.006,-49.05,4.95,-51.0,1877.0
1787130752.118223,-2.15,-0.405,9.51,-0.004,0.006,-0.017,-49.05,4.95,-51.75,1877.0
1787130752.3225453,-2.164,-0.407,9.507,-0.018,0.039,-0.003,-48.6,4.35,-52.05,1902.0
1787130752.3225708,-2.234,-0.426,9.491,-0.02,0.022,-0.001,-48.9,4.35,-50.85,1902.0
1787130752.3225825,-2.105,-0.467,9.572,-0.022,0.009,0.002,-49.8,4.5,-51.0,1902.0
1787130752.5272756,-2.148,-0.431,9.55,-0.011,0.006,-0.01,-49.35,4.8,-50.1,1885.0
1787130752.5273004,-2.1,-0.436,9.493,-0.009,0.009,-0.004,-48.3,4.5,-50.7,1885.0
1787130752.5273116,-2.155,-0.46,9.541,-0.01,0.011,-0.005,-48.3,4.5,-50.7,1885.0
1787130752.7337728,-2.002,-0.474,9.524,-0.013,0.02,-0.003,-49.5,4.2,-49.65,1918.0
1787130752.7337973,-2.066,-0.371,9.572,-0.016,0.035,-0.007,-49.65,4.8,-49.35,1918.0
1787130752.7338088,-2.184,-0.46,9.51,-0.006,0.031,-0.007,-49.65,3.6,-49.35,1918.0
1787130752.9341629,-2.138,-0.455,9.519,-0.023,0.024,0.002,-48.0,4.2,-50.7,1877.0
1787130752.934188,-2.2,-0.443,9.548,-0.02,0.027,0.003,-48.75,4.5,-48.9,1877.0
1787130752.9455888,-2.152,-0.433,9.512,-0.015,0.021,0.004,-48.9,5.55,-50.85,1877.0
1787130753.1422095,-2.313,-0.419,9.531,-0.007,0.009,-0.014,-49.5,4.2,-49.95,1886.0
1787130753.1422358,-2.179,-0.445,9.519,-0.01,0.0,-0.003,-49.65,5.55,-50.85,1879.0
1787130753.1422472,-2.049,-0.45,9.534,-0.014,0.01,-0.006,-49.05,3.45,-50.4,1879.0
1787130753.3458598,-2.164,-0.441,9.548,-0.01,0.01,0.003,-50.25,5.7,-49.95,1877.0
1787130753.3458853,-2.222,-0.421,9.481,-0.012,0.004,-0.002,-48.0,4.95,-49.65,1904.0
1787130753.5511646,-2.188,-0.45,9.5,-0.015,0.013,-0.004,-49.5,4.5,-51.0,1859.0
1787130753.5511897,-2.148,-0.4,9.457,-0.014,0.012,-0.002,-49.05,3.75,-51.0,1859.0
1787130753.5512013,-2.205,-0.484,9.476,-0.012,0.007,-0.007,-48.3,4.95,-49.2,1859.0
1787130753.7565324,-2.174,-0.479,9.488,-0.016,0.015,-0.007,-49.8,4.5,-49.65,1931.0
1787130753.7565587,-2.121,-0.424,9.498,-0.019,0.014,0.001,-49.5,4.2,-52.2,1931.0
1787130753.75657,-2.184,-0.46,9.536,-0.016,0.02,-0.009,-49.8,4.95,-50.4,1931.0
1787130753.9616423,-2.286,-0.385,9.529,-0.011,-0.012,0.011,-48.0,4.2,-49.65,1893.0
1787130753.9616678,-2.114,-0.364,9.462,-0.023,-0.004,0.002,-49.5,3.75,-50.7,1893.0
1787130753.9616787,-2.16,-0.421,9.498,-0.016,0.011,-0.007,-50.1,4.05,-50.1,1893.0
1787130754.1660893,-2.172,-0.486,9.512,-0.024,0.042,-0.006,-48.75,4.95,-49.95,1872.0
1787130754.1661704,-2.246,-0.436,9.519,-0.017,0.043,-0.006,-46.95,4.5,-50.7,1872.0
1787130754.1661825,-2.251,-0.366,9.5,-0.017,0.032,-0.006,-50.4,4.05,-50.85,1872.0
1787130754.370409,-2.241,-0.357,9.524,-0.02,0.009,-0.002,-49.5,4.5,-50.7,1894.0
1787130754.3704338,-2.207,-0.395,9.522,-0.019,0.01,-0.005,-49.35,4.8,-50.1,1894.0
1787130754.3704453,-2.231,-0.503,9.479,-0.015,0.011,-0.003,-49.5,4.95,-50.7,1894.0
1787130754.5757635,-2.205,-0.438,9.474,-0.019,0.007,0.001,-48.6,3.6,-49.8,1862.0
1787130754.575789,-2.174,-0.412,9.481,-0.012,0.01,-0.002,-48.9,5.55,-49.35,1862.0
1787130754.5758004,-2.172,-0.453,9.529,-0.012,0.011,0.001,-49.5,3.75,-51.0,1862.0
1787130754.7804196,-2.2,-0.407,9.493,-0.017,0.03,-0.008,-48.9,4.05,-51.3,1873.0
1787130754.7804449,-2.234,-0.472,9.486,-0.018,0.008,0.009,-48.9,3.15,-49.8,1873.0
1787130754.7804556,-2.217,-0.462,9.479,-0.018,0.006,0.004,-47.4,5.1,-49.8,1873.0
1787130754.982819,-2.195,-0.462,9.5,-0.02,0.01,0.001,-48.6,4.35,-49.35,1826.0
1787130755.189424,-2.105,-0.469,9.476,-0.017,-0.013,-0.006,-48.15,4.8,-50.55,1882.0
1787130755.1894484,-2.059,-0.472,9.455,-0.016,-0.003,-0.007,-48.6,3.6,-50.1,1838.0
1787130755.1894603,-2.181,-0.395,9.495,-0.012,0.014,-0.01,-49.35,4.05,-50.55,1838.0
1787130755.3942635,-2.186,-0.464,9.522,-0.017,0.014,0.01,-48.3,5.7,-50.4,1890.0
1787130755.3942928,-2.272,-0.381,9.491,-0.018,0.026,0.003,-48.9,4.05,-49.8,1890.0
1787130755.3943043,-2.229,-0.419,9.424,-0.018,0.012,0.011,-49.05,5.4,-49.65,1890.0
1787130755.5991375,-2.229,-0.426,9.531,-0.015,0.01,-0.001,-48.15,4.35,-50.1,1888.0
1787130755.5991714,-2.279,-0.438,9.459,-0.012,0.007,-0.004,-48.3,3.75,-49.95,1888.0
1787130755.5991826,-2.231,-0.441,9.483,-0.021,0.008,-0.001,-49.5,4.2,-50.4,1869.0
1787130755.800547,-2.294,-0.441,9.524,-0.014,0.009,-0.004,-49.65,3.6,-49.8,1864.0
1787130755.8129182,-2.265,-0.395,9.469,-0.015,0.008,0.002,-48.3,4.2,-48.9,1864.0
1787130755.8129432,-2.145,-0.46,9.443,-0.02,0.003,0.003,-48.0,3.45,-49.95,1900.0
1787130756.0087066,-2.289,-0.433,9.448,-0.014,0.005,-0.004,-48.15,3.15,-49.35,1870.0
1787130756.0087318,-2.174,-0.472,9.467,-0.019,0.007,0.005,-49.5,3.75,-49.65,1870.0
1787130756.0087435,-2.112,-0.464,9.536,-0.017,0.013,0.001,-49.65,4.8,-51.3,1918.0
1787130756.2135417,-2.298,-0.407,9.459,-0.018,0.004,0.018,-48.75,5.4,-50.4,1878.0
1787130756.2135665,-2.267,-0.388,9.491,-0.013,0.012,0.005,-48.3,4.5,-49.95,1878.0
1787130756.2135777,-2.313,-0.385,9.421,-0.01,0.008,-0.006,-48.3,4.5,-49.95,1878.0
1787130756.4184496,-2.184,-0.369,9.534,-0.014,0.02,0.004,-48.3,3.45,-51.45,1903.0
1787130756.418476,-2.229,-0.383,9.464,-0.022,0.014,-0.002,-48.9,4.35,-50.1,1903.0
1787130756.4184878,-2.191,-0.4,9.534,-0.016,0.01,-0.002,-48.6,4.35,-50.1,1903.0
1787130756.6217117,-2.265,-0.421,9.436,-0.021,-0.004,-0.001,-48.0,4.2,-50.4,1898.0
1787130756.8280969,-2.251,-0.505,9.51,-0.01,0.006,0.0,-49.5,3.0,-49.65,1869.0
1787130756.8281221,-2.229,-0.424,9.459,-0.009,0.002,0.001,-48.0,3.75,-49.65,1869.0
1787130756.8281338,-2.215,-0.441,9.541,-0.015,0.01,-0.003,-48.0,4.2,-50.4,1869.0
1787130757.033073,-2.215,-0.436,9.493,-0.012,0.004,0.018,-47.4,4.05,-49.8,1902.0
1787130757.0330977,-2.186,-0.45,9.464,-0.006,0.01,0.001,-49.35,3.6,-50.85,1902.0
1787130757.0331094,-2.296,-0.393,9.517,-0.01,0.018,-0.013,-48.75,4.2,-48.9,1902.0
1787130757.2375114,-2.184,-0.373,9.541,-0.009,0.011,-0.003,-48.9,3.15,-50.55,1903.0
1787130757.2375386,-2.248,-0.426,9.481,-0.018,0.014,-0.001,-47.85,3.6,-50.1,1864.0
1787130757.2375507,-2.253,-0.436,9.474,-0.014,0.006,-0.005,-48.75,3.45,-49.95,1864.0
1787130757.4428365,-2.279,-0.405,9.517,-0.013,0.012,-0.002,-48.75,5.7,-50.4,1880.0
1787130757.443022,-2.26,-0.4,9.469,-0.018,0.009,-0.003,-48.6,3.6,-49.8,1823.0
1787130757.443042,-2.219,-0.469,9.558,-0.013,0.013,-0.003,-47.85,4.35,-49.8,1823.0
1787130757.6472318,-2.184,-0.445,9.498,-0.024,0.018,-0.005,-47.7,3.0,-50.7,1894.0
1787130757.647257,-2.205,-0.462,9.467,-0.022,0.026,0.003,-48.0,4.5,-50.4,1844.0
1787130757.6472683,-2.246,-0.407,9.459,-0.014,0.02,-0.001,-49.65,4.8,-50.1,1844.0
1787130757.8526247,-2.229,-0.395,9.491,-0.018,0.009,0.009,-48.6,3.15,-50.55,1823.0
1787130757.85265,-2.205,-0.493,9.486,-0.016,0.014,0.0,-48.6,4.05,-50.85,1823.0
1787130757.8526611,-2.246,-0.373,9.524,-0.016,0.02,-0.003,-49.05,4.2,-49.65,1823.0
1787130758.057552,-2.289,-0.417,9.476,-0.015,0.009,-0.007,-48.15,4.35,-50.85,1886.0
1787130758.0575771,-2.236,-0.412,9.51,-0.021,0.006,-0.002,-49.35,3.6,-51.3,1909.0
1787130758.0575886,-2.243,-0.338,9.467,-0.015,0.011,-0.002,-47.7,4.2,-49.65,1909.0
1787130758.2597024,-2.241,-0.488,9.495,-0.016,0.018,-0.003,-48.0,4.2,-49.65,1860.0
1787130758.4678147,-2.279,-0.429,9.424,-0.027,0.007,0.007,-48.0,3.0,-50.4,1891.0
1787130758.46784,-2.282,-0.409,9.507,-0.015,0.013,0.0,-49.05,3.0,-49.2,1891.0
1787130758.4678614,-2.263,-0.354,9.546,-0.022,0.015,0.008,-48.15,3.6,-50.1,1866.0
1787130758.6717799,-2.377,-0.453,9.531,-0.017,0.012,-0.002,-48.9,3.15,-50.1,1875.0
1787130758.6718056,-2.277,-0.364,9.505,-0.021,0.009,0.006,-47.85,2.4,-49.8,1875.0
1787130758.671817,-2.308,-0.417,9.448,-0.018,0.023,-0.006,-48.3,4.2,-50.7,1875.0
1787130758.876099,-2.246,-0.405,9.483,-0.012,0.019,-0.006,-48.0,3.75,-51.0,1881.0
1787130758.8761249,-2.318,-0.409,9.495,-0.018,0.019,-0.001,-48.75,3.75,-48.15,1881.0
1787130758.8761365,-2.246,-0.369,9.481,-0.018,0.021,-0.003,-47.25,4.2,-49.95,1912.0
1787130759.0808682,-2.258,-0.426,9.438,-0.014,0.004,-0.005,-48.75,4.5,-50.4,1914.0
1787130759.0808947,-2.315,-0.424,9.503,-0.013,0.01,-0.005,-48.75,4.2,-49.95,1914.0
1787130759.0809062,-2.351,-0.445,9.428,-0.012,0.002,-0.006,-48.0,4.2,-51.0,1914.0
1787130759.2856853,-2.289,-0.397,9.469,-0.018,0.015,-0.003,-49.05,3.45,-49.2,1914.0
1787130759.2857094,-2.296,-0.431,9.445,-0.018,0.016,-0.004,-49.8,3.45,-49.2,1914.0
1787130759.2857206,-2.33,-0.414,9.51,-0.019,0.018,-0.003,-48.6,5.85,-50.1,1914.0
1787130759.490964,-2.354,-0.455,9.486,-0.015,-0.002,0.005,-48.0,3.45,-48.9,1863.0
1787130759.4911613,-2.315,-0.431,9.471,-0.019,0.003,0.002,-48.15,4.8,-49.8,1838.0
1787130759.4911704,-2.294,-0.405,9.529,-0.015,0.016,-0.005,-48.3,1.8,-49.2,1838.0
1787130759.6952233,-2.279,-0.393,9.459,-0.014,0.005,-0.004,-49.35,3.6,-49.8,1883.0
1787130759.6952477,-2.27,-0.431,9.433,-0.013,0.016,0.003,-48.3,2.7,-50.4,1822.0
1787130759.6952586,-2.258,-0.448,9.457,-0.024,0.013,-0.002,-48.9,4.35,-48.75,1822.0
1787130759.8985426,-2.334,-0.419,9.459,-0.021,0.01,0.003,-48.15,4.05,-50.55,1858.0
1787130760.1050735,-2.327,-0.462,9.452,-0.002,0.015,-0.023,-49.35,2.85,-50.55,1784.0
1787130760.1050987,-2.32,-0.474,9.433,-0.012,0.015,-0.018,-49.65,3.15,-49.05,1784.0
1787130760.10511,-2.471,-0.421,9.531,-0.023,0.01,-0.01,-48.0,4.2,-50.7,1830.0
1787130760.3104415,-2.234,-0.493,9.491,-0.01,0.001,0.009,-50.25,3.75,-49.2,1791.0
1787130760.3104663,-2.337,-0.407,9.529,-0.01,0.007,0.002,-49.35,5.1,-50.1,1791.0
1787130760.3104775,-2.313,-0.407,9.428,-0.013,0.005,0.006,-48.9,4.8,-49.8,1791.0
1787130760.514609,-2.207,-0.441,9.486,-0.031,-0.02,-0.011,-49.8,3.45,-49.2,1857.0
1787130760.514634,-2.246,-0.443,9.517,-0.018,0.001,-0.019,-48.6,5.85,-50.55,1857.0
1787130760.5146453,-2.342,-0.481,9.467,-0.02,-0.004,-0.009,-49.05,3.45,-50.7,1857.0
1787130760.7202253,-2.16,-0.4,9.433,-0.011,0.02,-0.004,-47.25,3.45,-49.95,1889.0
1787130760.7202508,-2.217,-0.433,9.474,-0.019,0.038,-0.006,-49.5,4.2,-49.2,1889.0
1787130760.7202618,-2.253,-0.385,9.438,-0.02,0.037,-0.015,-48.3,3.0,-49.95,1889.0
1787130760.9247031,-2.308,-0.407,9.486,-0.02,0.015,0.009,-48.0,3.45,-49.65,1900.0
1787130760.9247289,-2.279,-0.397,9.392,-0.021,0.012,0.007,-48.75,4.2,-51.0,1900.0
1787130760.92474,-2.373,-0.453,9.402,-0.016,0.003,0.0,-47.85,2.4,-49.05,1900.0
1787130761.1291227,-2.298,-0.412,9.512,-0.015,0.001,-0.005,-48.6,2.4,-49.35,1847.0
1787130761.1291485,-2.258,-0.419,9.459,-0.018,-0.006,-0.005,-48.3,3.75,-50.4,1847.0
1787130761.1291595,-2.195,-0.517,9.467,-0.016,0.005,-0.005,-48.9,4.05,-49.35,1847.0
1787130761.3343732,-2.392,-0.407,9.493,-0.016,0.013,-0.01,-50.4,5.55,-49.35,1870.0
1787130761.3343983,-2.26,-0.51,9.517,-0.012,0.022,0.013,-48.3,4.2,-50.7,1870.0
1787130761.3344092,-2.485,-0.354,9.438,-0.01,-0.002,-0.008,-48.9,4.05,-50.1,1870.0
1787130761.5387282,-2.385,-0.366,9.481,-0.016,0.011,0.011,-48.15,3.6,-49.8,1846.0
1787130761.7431538,-2.255,-0.441,9.505,-0.011,0.01,-0.009,-48.9,4.05,-52.05,1898.0
1787130761.743178,-2.337,-0.424,9.491,-0.013,0.02,-0.01,-49.05,3.75,-51.45,1879.0
1787130761.7431896,-2.274,-0.424,9.426,-0.023,0.024,-0.002,-48.6,3.15,-49.35,1879.0
1787130761.9484382,-2.339,-0.388,9.515,-0.015,0.015,0.001,-47.85,4.8,-50.1,1843.0
1787130761.948464,-2.37,-0.421,9.448,-0.018,0.005,-0.001,-49.05,3.75,-50.7,1854.0
1787130761.9484751,-2.413,-0.45,9.522,-0.01,-0.001,0.007,-49.35,2.85,-49.8,1854.0
1787130762.1528373,-2.37,-0.419,9.512,-0.011,-0.012,-0.011,-48.0,3.75,-50.4,1926.0
1787130762.1528697,-2.282,-0.431,9.476,-0.023,-0.007,-0.003,-49.35,4.8,-49.8,1876.0
1787130762.1528816,-2.239,-0.462,9.45,-0.026,-0.003,-0.003,-49.35,3.6,-50.55,1876.0
1787130762.3579965,-2.337,-0.445,9.491,-0.024,-0.003,0.003,-47.85,4.35,-49.8,1872.0
1787130762.3580267,-2.282,-0.464,9.407,-0.023,0.001,0.009,-50.1,4.35,-50.55,1872.0
1787130762.3580382,-2.263,-0.429,9.491,-0.021,0.002,0.002,-48.6,3.15,-50.85,1835.0
1787130762.5623934,-2.21,-0.429,9.481,-0.015,-0.013,0.005,-48.6,5.55,-50.85,1888.0
1787130762.5624173,-2.14,-0.4,9.483,-0.02,-0.002,-0.001,-48.75,3.45,-48.9,1888.0
1787130762.562429,-2.325,-0.366,9.495,-0.018,0.003,-0.007,-48.3,3.75,-51.0,1856.0
1787130762.767781,-2.124,-0.414,9.524,-0.006,0.01,-0.012,-49.35,2.85,-50.55,1819.0
1787130762.7678065,-2.241,-0.426,9.517,-0.007,0.03,-0.006,-48.15,2.85,-50.55,1819.0
1787130762.7678182,-2.303,-0.443,9.457,-0.014,0.031,-0.007,-50.85,5.1,-49.05,1819.0
1787130762.971894,-2.303,-0.517,9.404,-0.01,0.004,-0.002,-48.15,3.6,-50.1,1873.0
1787130762.9719207,-2.318,-0.4,9.505,-0.012,0.007,0.006,-49.5,3.45,-51.45,1873.0
1787130762.971933,-2.282,-0.393,9.471,-0.011,0.013,-0.003,-49.65,4.35,-49.8,1873.0
1787130763.175425,-2.289,-0.414,9.5,-0.029,0.003,0.003,-49.05,3.75,-49.65,1892.0
1787130763.3817942,-2.265,-0.371,9.462,-0.007,-0.001,-0.003,-48.9,2.4,-49.35,1879.0
1787130763.3818188,-2.217,-0.436,9.464,-0.019,0.003,0.003,-48.9,5.1,-50.85,1879.0
1787130763.3818305,-2.248,-0.457,9.467,-0.023,0.014,-0.005,-48.3,3.0,-50.7,1879.0
1787130763.5867803,-2.282,-0.457,9.469,-0.029,0.0,0.005,-48.75,4.2,-48.15,1895.0
1787130763.5868044,-2.255,-0.448,9.414,-0.013,0.024,-0.013,-48.3,6.15,-49.65,1895.0
1787130763.5868156,-2.356,-0.433,9.431,-0.009,0.016,-0.027,-49.05,4.2,-49.65,1895.0
1787130763.7919743,-2.301,-0.433,9.479,-0.015,-0.008,-0.005,-49.05,3.45,-49.95,1857.0
1787130763.7921548,-2.26,-0.431,9.44,-0.018,0.002,-0.001,-47.7,5.7,-50.4,1857.0
1787130763.7921636,-2.193,-0.512,9.491,-0.03,0.014,0.003,-49.8,5.4,-50.7,1857.0
1787130763.9967086,-2.282,-0.517,9.462,-0.03,0.043,-0.001,-49.05,2.7,-49.95,1755.0
1787130763.9967353,-2.325,-0.474,9.488,-0.025,0.052,-0.004,-48.3,3.75,-49.95,1755.0
1787130763.9967468,-2.296,-0.469,9.479,-0.025,0.049,0.0,-48.75,5.4,-49.95,1755.0
1787130764.2028303,-2.2,-0.515,9.455,-0.011,0.006,-0.006,-48.9,4.35,-49.8,1873.0
1787130764.2028673,-2.389,-0.486,9.479,-0.014,0.0,-0.014,-48.9,3.15,-49.8,1873.0
1787130764.406317,-2.303,-0.5,9.436,-0.023,-0.006,0.004,-48.9,4.35,-48.3,1867.0
1787130764.4063427,-2.289,-0.515,9.515,-0.021,0.002,-0.001,-46.95,1.8,-48.9,1867.0
1787130764.4063542,-2.241,-0.46,9.462,-0.027,0.004,0.007,-49.5,4.5,-51.75,1890.0
1787130764.6105194,-2.375,-0.512,9.474,-0.026,0.027,-0.015,-47.85,3.15,-49.35,1838.0
1787130764.6105433,-2.437,-0.479,9.498,-0.013,0.016,-0.01,-48.9,2.1,-49.35,1833.0
1787130764.6105552,-2.44,-0.493,9.481,-0.008,-0.001,-0.007,-49.05,4.5,-51.0,1833.0
1787130764.8138945,-2.306,-0.431,9.428,0.001,0.003,-0.009,-48.6,3.6,-49.8,1879.0
1787130765.0201728,-2.346,-0.534,9.486,-0.004,0.016,-0.004,-48.0,3.45,-49.65,1855.0
1787130765.0201974,-2.375,-0.493,9.443,-0.006,0.011,-0.004,-48.9,4.35,-50.55,1855.0
1787130765.0202086,-2.361,-0.488,9.426,-0.014,-0.004,0.011,-49.8,3.45,-49.65,1855.0
1787130765.2250974,-2.286,-0.503,9.45,-0.015,0.026,-0.004,-47.85,2.85,-50.85,1860.0
1787130765.2251234,-2.322,-0.436,9.443,-0.02,0.016,0.004,-48.9,6.3,-50.85,1860.0
1787130765.2251346,-2.282,-0.464,9.445,-0.011,0.016,-0.016,-48.75,3.45,-51.0,1860.0
1787130765.4302847,-2.368,-0.493,9.491,-0.005,0.014,-0.009,-50.1,4.35,-50.55,1883.0
1787130765.4303105,-2.334,-0.546,9.4,-0.011,0.01,-0.002,-50.25,3.45,-50.4,1883.0
1787130765.4303217,-2.397,-0.541,9.493,-0.005,-0.004,-0.002,-49.8,2.7,-50.7,1883.0
1787130765.6352007,-2.327,-0.541,9.467,-0.015,0.028,-0.004,-50.4,5.1,-49.35,1803.0
1787130765.6352208,-2.346,-0.596,9.491,-0.016,0.027,-0.005,-49.05,2.7,-49.95,1803.0
1787130765.6352272,-2.365,-0.56,9.495,-0.015,0.02,0.002,-49.05,4.2,-49.65,1803.0
1787130765.8399382,-2.358,-0.52,9.481,-0.032,0.011,0.007,-49.65,5.1,-49.8,1837.0
1787130765.8399637,-2.351,-0.548,9.479,-0.029,0.005,0.004,-49.35,2.1,-50.85,1837.0
1787130765.8399746,-2.274,-0.541,9.481,-0.022,0.005,0.009,-50.55,4.2,-48.45,1837.0
1787130766.0441148,-2.392,-0.52,9.462,-0.002,0.003,-0.01,-48.75,4.2,-51.0,1830.0
1787130766.0441406,-2.339,-0.493,9.443,-0.003,-0.001,-0.004,-48.6,3.15,-50.1,1830.0
1787130766.044152,-2.284,-0.479,9.474,-0.003,0.004,-0.011,-49.05,4.2,-50.4,1830.0
1787130766.2490852,-2.349,-0.484,9.404,-0.017,-0.01,-0.01,-49.5,4.95,-49.95,1836.0
1787130766.2491097,-2.332,-0.515,9.419,-0.024,-0.009,0.001,-48.75,4.2,-51.0,1836.0
1787130766.2491214,-2.349,-0.553,9.414,-0.023,-0.008,0.009,-48.9,2.85,-49.35,1836.0
1787130766.4539115,-2.313,-0.453,9.426,-0.02,0.001,0.001,-49.65,4.05,-50.1,1873.0
1787130766.6588778,-2.342,-0.433,9.448,-0.002,-0.005,-0.01,-49.35,4.35,-50.1,1809.0
1787130766.6589034,-2.344,-0.481,9.448,-0.012,-0.008,-0.007,-49.35,3.6,-50.1,1865.0
1787130766.6589143,-2.342,-0.474,9.402,-0.021,-0.003,-0.007,-49.35,3.6,-49.8,1865.0
1787130766.8641121,-2.291,-0.567,9.527,-0.026,-0.002,0.004,-48.6,4.05,-50.85,1842.0
1787130767.0688424,-2.308,-0.467,9.5,-0.025,0.016,0.002,-49.65,4.05,-49.05,1843.0
1787130767.0688806,-2.212,-0.553,9.5,-0.016,0.021,-0.002,-47.4,2.85,-50.1,1843.0
1787130767.0688922,-2.392,-0.474,9.428,-0.014,0.02,0.001,-49.35,3.15,-50.1,1846.0
1787130767.2730746,-2.428,-0.57,9.476,-0.02,0.003,0.002,-48.6,4.05,-50.55,1848.0
1787130767.2731006,-2.274,-0.558,9.426,-0.025,0.0,0.003,-49.65,2.4,-50.85,1848.0
1787130767.2731123,-2.31,-0.484,9.483,-0.022,0.008,0.001,-49.8,3.75,-48.15,1820.0
1787130767.4779706,-2.284,-0.527,9.412,-0.019,0.009,0.002,-47.25,3.75,-50.7,1804.0
1787130767.4779956,-2.291,-0.563,9.481,-0.019,0.014,-0.003,-48.0,4.2,-49.95,1804.0
1787130767.4780076,-2.272,-0.541,9.474,-0.014,0.014,-0.004,-49.5,4.95,-51.75,1804.0
1787130767.6824808,-2.322,-0.453,9.474,-0.014,0.007,-0.007,-48.75,3.75,-48.45,1793.0
1787130767.6825054,-2.313,-0.515,9.474,-0.008,0.01,-0.006,-49.35,4.05,-50.55,1793.0
1787130767.8879035,-2.358,-0.599,9.5,-0.007,-0.001,-0.004,-47.25,3.75,-50.7,1854.0
1787130767.8879287,-2.265,-0.563,9.462,-0.006,0.001,-0.006,-49.65,4.05,-50.55,1854.0
1787130767.8879402,-2.394,-0.555,9.493,0.005,-0.004,-0.011,-49.5,3.75,-50.4,1854.0
1787130768.0908139,-2.313,-0.445,9.407,-0.015,0.025,-0.009,-48.3,3.0,-51.45,1855.0
1787130768.300469,-2.586,-0.352,9.419,0.01,-0.071,0.007,-49.05,4.95,-50.7,1838.0
1787130768.3004942,-2.126,-0.469,9.392,-0.005,-0.054,-0.017,-48.75,3.45,-50.4,1838.0
1787130768.3005054,-2.289,-0.409,9.488,0.007,-0.048,-0.032,-48.75,5.4,-50.7,1838.0
1787130768.504138,-2.243,-0.481,9.486,-0.032,-0.008,0.013,-49.05,4.95,-50.4,1840.0
1787130768.5041754,-2.394,-0.515,9.505,-0.021,-0.016,-0.001,-48.0,3.0,-50.4,1854.0
1787130768.5041823,-2.284,-0.543,9.474,-0.011,-0.019,-0.007,-49.05,3.75,-49.2,1854.0
1787130768.7065291,-2.272,-0.522,9.548,-0.032,0.013,0.012,-49.05,3.75,-50.7,1871.0
1787130768.7065558,-2.097,-0.589,9.527,-0.015,0.036,0.007,-49.65,4.05,-51.3,1863.0
1787130768.706568,-2.363,-0.546,9.433,-0.001,0.043,-0.008,-48.6,4.05,-49.8,1863.0
1787130768.9113758,-2.351,-0.486,9.546,-0.007,0.048,-0.021,-49.8,4.95,-49.95,1834.0
1787130768.9114006,-1.908,-0.527,9.524,-0.01,0.049,0.007,-48.3,3.75,-51.45,1833.0
1787130768.911412,-2.44,-0.429,9.505,-0.004,0.076,-0.031,-49.35,4.35,-50.85,1833.0
1787130769.1168685,-2.164,-0.512,9.438,-0.001,-0.034,-0.001,-47.85,4.05,-50.1,1782.0
1787130769.116894,-2.176,-0.417,9.373,-0.022,-0.005,-0.002,-48.15,5.1,-50.85,1858.0
1787130769.1169596,-2.078,-0.572,9.431,-0.026,0.027,-0.015,-49.8,3.0,-51.0,1858.0
1787130769.3202977,-2.495,-0.453,9.555,-0.022,0.092,-0.01,-48.9,3.6,-49.05,1865.0
1787130769.3203778,-2.555,-0.354,9.505,-0.005,0.061,0.024,-48.15,4.35,-50.1,1799.0
1787130769.5258098,-2.327,-0.551,8.892,0.015,-0.074,0.02,-47.25,4.2,-49.95,1754.0
1787130769.5258346,-2.514,-0.278,9.565,0.009,-0.011,-0.022,-49.5,4.2,-51.0,1754.0
1787130769.5258462,-2.119,-0.247,9.543,0.013,-0.049,0.007,-49.5,4.2,-49.95,1766.0
1787130769.7300887,-2.358,-0.467,9.606,-0.022,0.031,-0.016,-48.75,4.2,-50.4,1806.0
1787130769.730117,-2.231,-0.486,9.481,-0.029,0.036,-0.002,-49.8,3.75,-50.7,1777.0
1787130769.9356232,-2.04,-0.412,9.582,-0.015,0.009,0.006,-48.9,4.05,-50.1,1795.0
1787130769.9356482,-2.303,-0.273,9.397,-0.007,0.028,-0.011,-49.35,4.05,-50.55,1795.0
1787130769.9356594,-2.732,-0.153,9.44,-0.016,-0.036,-0.021,-50.1,3.6,-51.3,1795.0
1787130770.140516,-1.925,-0.553,9.567,-0.032,0.012,0.037,-49.05,6.15,-51.45,1871.0
1787130770.1405418,-1.877,-0.548,9.436,-0.044,0.101,0.018,-48.15,4.35,-50.85,1871.0
1787130770.1405532,-2.385,-0.555,9.433,-0.052,0.162,0.005,-49.05,6.15,-51.0,1871.0
1787130770.3447409,-2.236,-0.69,9.512,0.014,0.023,0.012,-48.3,5.7,-49.95,1823.0
1787130770.3447676,-2.322,-0.632,9.4,0.019,0.024,0.001,-48.75,3.45,-48.45,1823.0
1787130770.3447804,-2.471,-0.534,9.392,0.028,-0.001,-0.024,-47.1,4.35,-50.55,1823.0
1787130770.54983,-2.346,-0.536,9.452,-0.013,0.027,0.01,-49.65,5.1,-50.1,1775.0
1787130770.5498617,-2.397,-0.532,9.45,-0.011,0.013,0.014,-48.9,4.05,-50.1,1775.0
1787130770.5498736,-2.277,-0.412,9.476,-0.018,0.014,0.004,-49.5,4.5,-50.4,1775.0
1787130770.7547028,-2.243,-0.493,9.495,-0.01,-0.012,0.003,-48.3,4.2,-49.65,1792.0
1787130770.7547276,-2.27,-0.455,9.483,-0.011,-0.012,0.002,-48.3,4.95,-49.65,1792.0
1787130770.754739,-2.318,-0.56,9.45,-0.012,0.001,-0.003,-48.3,4.5,-52.2,1792.0
1787130770.9603333,-2.272,-0.472,9.5,-0.011,0.016,-0.003,-48.6,5.85,-50.85,1844.0
1787130770.9603586,-2.337,-0.429,9.455,-0.019,0.017,-0.006,-48.15,4.8,-50.55,1844.0
1787130771.1651318,-2.38,-0.532,9.467,-0.01,0.014,-0.002,-48.6,4.8,-50.1,1838.0
1787130771.1651576,-2.397,-0.491,9.503,-0.019,-0.002,0.004,-48.9,4.05,-49.05,1793.0
1787130771.1651697,-2.301,-0.462,9.455,-0.027,0.008,0.005,-48.75,3.45,-50.4,1793.0
1787130771.368914,-2.37,-0.4,9.51,-0.01,0.014,0.006,-48.75,4.5,-50.7,1738.0
1787130771.57439,-2.2,-0.512,9.464,-0.007,0.018,-0.006,-48.75,4.2,-49.95,1859.0
1787130771.5744154,-2.365,-0.5,9.397,-0.012,0.022,-0.005,-47.7,4.2,-51.45,1859.0
1787130771.574427,-2.32,-0.524,9.519,-0.012,0.017,-0.007,-48.6,4.05,-49.8,1859.0
1787130771.7766743,-2.32,-0.488,9.529,-0.014,0.015,-0.001,-48.6,4.8,-50.85,1756.0
1787130771.781105,-2.382,-0.429,9.467,-0.02,0.01,0.002,-49.5,3.45,-49.65,1756.0
1787130771.7811565,-2.31,-0.472,9.481,-0.02,0.006,-0.006,-48.15,4.8,-49.8,1756.0
1787130771.9901109,-2.356,-0.448,9.503,-0.019,0.014,-0.012,-48.6,4.8,-52.05,1788.0
1787130771.9901373,-2.32,-0.524,9.493,-0.006,0.01,-0.002,-50.25,3.75,-48.9,1788.0
1787130771.990149,-2.425,-0.493,9.421,-0.017,0.003,-0.006,-48.9,4.05,-48.3,1788.0
1787130772.1887646,-2.318,-0.493,9.488,-0.014,0.011,-0.006,-48.0,4.2,-48.45,1858.0
1787130772.1887903,-2.33,-0.455,9.464,-0.018,0.004,-0.004,-48.3,2.7,-51.0,1858.0
1787130772.1888013,-2.33,-0.496,9.464,-0.018,0.007,-0.001,-48.6,4.35,-50.1,1858.0
1787130772.393295,-2.37,-0.498,9.503,-0.008,0.011,-0.004,-48.6,4.8,-49.8,1845.0
1787130772.39332,-2.356,-0.407,9.483,-0.02,0.001,0.001,-49.05,4.2,-49.2,1845.0
1787130772.3933318,-2.361,-0.426,9.476,-0.02,-0.003,-0.003,-48.0,4.5,-51.75,1845.0
1787130772.5985236,-2.227,-0.457,9.455,-0.014,0.006,-0.006,-49.35,4.05,-49.8,1857.0
1787130772.5985494,-2.301,-0.462,9.421,-0.015,0.007,0.002,-48.6,3.15,-49.8,1857.0
1787130772.5985606,-2.222,-0.505,9.479,-0.012,0.02,-0.006,-48.9,5.55,-49.05,1857.0
1787130772.804122,-2.229,-0.467,9.476,-0.01,0.01,-0.002,-47.7,3.0,-49.2,1818.0
1787130772.804147,-2.318,-0.455,9.464,-0.018,0.001,0.004,-49.35,3.6,-50.55,1818.0
1787130772.8041582,-2.267,-0.429,9.483,-0.013,0.004,-0.003,-48.15,5.1,-51.6,1818.0
1787130773.0055106,-2.303,-0.412,9.517,-0.016,0.009,-0.003,-48.9,4.8,-50.55,1859.0
1787130773.2128375,-2.265,-0.522,9.464,-0.018,0.009,-0.001,-50.1,4.35,-49.35,1846.0
1787130773.2128773,-2.435,-0.51,9.455,-0.007,0.011,-0.004,-48.3,4.5,-50.4,1833.0
1787130773.2128894,-2.294,-0.46,9.529,-0.008,0.003,-0.001,-48.3,3.0,-50.4,1833.0
1787130773.4203262,-2.251,-0.464,9.493,-0.013,0.012,-0.007,-49.05,3.75,-50.4,1854.0
1787130773.420352,-2.318,-0.397,9.515,-0.017,0.007,-0.003,-48.9,3.6,-50.1,1864.0
1787130773.4203634,-2.296,-0.462,9.495,-0.015,0.011,-0.005,-48.6,4.05,-50.55,1864.0
1787130773.6224391,-2.313,-0.488,9.512,-0.015,0.009,-0.007,-49.5,5.4,-51.45,1912.0
1787130773.6224647,-2.265,-0.484,9.491,-0.024,0.009,-0.001,-48.15,4.05,-48.0,1912.0
1787130773.622476,-2.274,-0.457,9.495,-0.017,0.011,-0.005,-49.35,3.6,-51.3,1811.0
1787130773.8268151,-2.298,-0.393,9.512,-0.017,0.009,-0.005,-48.75,3.75,-50.4,1787.0
1787130773.8268394,-2.346,-0.503,9.464,-0.02,0.009,-0.001,-48.15,3.15,-50.85,1787.0
1787130773.8268507,-2.327,-0.517,9.426,-0.015,0.006,0.004,-48.75,4.2,-50.4,1836.0
1787130774.0322046,-2.33,-0.486,9.51,-0.014,0.012,-0.006,-49.65,5.85,-49.8,1833.0
1787130774.0322294,-2.263,-0.493,9.438,-0.022,0.004,-0.001,-49.05,3.0,-49.65,1833.0
1787130774.0322406,-2.289,-0.429,9.507,-0.02,0.012,-0.001,-50.55,4.2,-49.95,1819.0
1787130774.2372506,-2.33,-0.412,9.476,-0.023,0.015,-0.002,-49.65,4.05,-50.55,1858.0
1787130774.237277,-2.303,-0.469,9.481,-0.017,0.008,-0.002,-48.3,3.0,-49.2,1858.0
1787130774.237288,-2.358,-0.445,9.503,-0.013,0.014,-0.001,-48.0,4.5,-48.45,1858.0
1787130774.4413576,-2.303,-0.412,9.488,-0.012,0.015,-0.003,-48.0,3.45,-51.75,1879.0
1787130774.441383,-2.272,-0.455,9.471,-0.011,0.012,-0.006,-48.9,4.35,-49.35,1879.0
1787130774.441394,-2.318,-0.462,9.457,-0.015,0.007,-0.004,-49.05,3.45,-50.7,1879.0
1787130774.6438863,-2.303,-0.488,9.445,-0.022,0.009,-0.002,-49.35,4.05,-51.3,1870.0
1787130774.8507423,-2.351,-0.479,9.459,-0.015,0.011,-0.001,-48.75,3.0,-49.2,1865.0
1787130774.8507683,-2.332,-0.472,9.536,-0.01,0.01,-0.002,-48.75,4.95,-49.95,1865.0
1787130774.85078,-2.318,-0.443,9.467,-0.014,0.011,-0.005,-48.15,5.1,-50.1,1865.0
1787130775.0559556,-2.377,-0.462,9.421,-0.014,0.006,-0.009,-49.35,4.8,-49.8,1844.0
1787130775.0561202,-2.322,-0.421,9.445,-0.014,0.016,-0.009,-47.7,3.75,-48.9,1844.0
1787130775.0561488,-2.394,-0.385,9.524,-0.008,0.01,-0.005,-48.15,3.15,-51.75,1844.0
1787130775.2605557,-2.358,-0.359,9.548,-0.018,0.014,0.003,-50.1,3.6,-50.55,1825.0
1787130775.260581,-2.277,-0.443,9.404,-0.022,0.005,0.001,-48.75,3.75,-49.05,1825.0
1787130775.2605925,-2.267,-0.424,9.483,-0.022,0.01,0.001,-48.75,3.45,-51.45,1825.0
1787130775.4652362,-2.354,-0.476,9.416,-0.02,0.008,0.005,-48.6,4.35,-49.8,1879.0
1787130775.465262,-2.308,-0.464,9.44,-0.014,0.016,0.005,-47.85,2.4,-49.05,1879.0
1787130775.465273,-2.296,-0.4,9.452,-0.019,0.018,-0.002,-49.05,4.2,-50.4,1879.0
1787130775.6703522,-2.404,-0.417,9.452,-0.014,0.016,-0.004,-51.15,4.8,-50.1,1858.0
1787130775.6703775,-2.272,-0.436,9.455,-0.013,0.01,-0.002,-47.4,3.6,-50.85,1868.0
1787130775.6703887,-2.344,-0.409,9.483,-0.016,0.007,-0.006,-48.3,3.45,-50.7,1868.0
1787130775.8756063,-2.346,-0.448,9.467,-0.02,0.004,-0.007,-49.35,3.6,-49.8,1887.0
1787130775.875632,-2.37,-0.448,9.455,-0.014,0.009,-0.002,-47.4,3.15,-51.6,1887.0
1787130775.8756435,-2.239,-0.438,9.488,-0.015,0.007,0.001,-49.5,3.75,-50.4,1828.0
1787130776.080787,-2.236,-0.441,9.448,-0.017,0.005,-0.005,-48.3,4.2,-50.4,1856.0
1787130776.080812,-2.296,-0.414,9.457,-0.017,0.01,0.001,-48.15,3.6,-51.3,1856.0
1787130776.0808237,-2.294,-0.464,9.474,-0.019,0.017,0.001,-47.1,4.05,-50.85,1805.0
1787130776.2828255,-2.279,-0.45,9.404,-0.018,0.007,0.001,-48.0,3.0,-49.65,1867.0
1787130776.490519,-2.349,-0.46,9.479,-0.014,0.005,-0.003,-48.15,4.35,-50.55,1899.0
1787130776.4905472,-2.337,-0.503,9.51,-0.011,0.0,0.001,-47.1,4.05,-49.8,1899.0
1787130776.4905589,-2.351,-0.464,9.452,-0.019,0.009,-0.003,-49.05,4.95,-50.4,1859.0
1787130776.6955514,-2.294,-0.426,9.515,-0.015,0.011,-0.002,-49.5,4.5,-50.7,1883.0
1787130776.6955771,-2.315,-0.445,9.488,-0.016,0.013,0.001,-49.65,2.85,-50.55,1883.0
1787130776.6955884,-2.318,-0.453,9.438,-0.016,0.009,0.001,-48.75,3.75,-50.4,1883.0
1787130776.9002442,-2.289,-0.484,9.505,-0.013,0.006,0.003,-48.75,4.95,-51.45,1817.0
1787130776.9003026,-2.406,-0.431,9.462,-0.013,0.014,-0.003,-49.35,4.35,-50.85,1817.0
1787130776.9003093,-2.301,-0.445,9.474,-0.012,0.01,0.003,-48.75,4.95,-50.7,1817.0
1787130777.1053069,-2.365,-0.397,9.471,-0.015,0.006,-0.004,-49.5,4.95,-49.2,1864.0
1787130777.1053324,-2.253,-0.395,9.39,-0.015,0.01,-0.001,-48.9,5.1,-50.1,1864.0
1787130777.1053443,-2.392,-0.364,9.438,-0.016,0.006,-0.005,-48.75,3.45,-49.65,1864.0
1787130777.3087418,-2.274,-0.467,9.503,-0.012,0.01,-0.003,-48.9,4.8,-50.55,1888.0
1787130777.308768,-2.301,-0.402,9.531,-0.011,0.016,-0.001,-48.15,4.05,-51.3,1888.0
1787130777.308779,-2.318,-0.373,9.436,-0.017,0.018,-0.003,-49.05,4.2,-51.45,1888.0
1787130777.5133011,-2.418,-0.412,9.562,-0.014,0.009,-0.003,-48.3,4.5,-50.7,1837.0
1787130777.5133276,-2.239,-0.39,9.467,-0.02,0.014,0.001,-48.6,3.15,-51.3,1884.0
1787130777.5133388,-2.298,-0.345,9.481,-0.015,0.013,-0.003,-48.15,3.15,-49.35,1884.0
1787130777.7198362,-2.298,-0.417,9.428,-0.011,0.003,0.002,-49.05,4.95,-51.75,1848.0
1787130777.719874,-2.325,-0.381,9.436,-0.018,0.005,-0.004,-49.05,4.5,-50.4,1849.0
1787130777.7198858,-2.251,-0.421,9.459,-0.016,0.002,-0.009,-48.3,3.75,-50.4,1849.0
1787130777.9329312,-2.296,-0.371,9.471,-0.011,0.014,-0.005,-48.6,4.35,-49.8,1835.0
1787130777.9329655,-2.303,-0.45,9.479,-0.02,0.012,-0.008,-48.15,2.85,-50.55,1870.0
1787130777.932977,-2.344,-0.45,9.529,-0.022,0.015,-0.003,-48.6,5.1,-50.85,1870.0
1787130778.129237,-2.32,-0.402,9.452,-0.015,0.021,-0.004,-48.6,3.6,-51.6,1891.0
1787130778.1292627,-2.332,-0.469,9.428,-0.014,0.016,-0.002,-48.75,3.0,-50.7,1891.0
1787130778.129274,-2.332,-0.397,9.481,-0.013,0.013,-0.002,-48.9,4.35,-48.75,1906.0
1787130778.3335795,-2.344,-0.4,9.457,-0.013,0.015,0.0,-48.3,1.8,-50.4,1878.0
1787130778.3336053,-2.315,-0.426,9.486,-0.014,0.013,-0.006,-47.85,4.05,-49.8,1878.0
1787130778.3336172,-2.389,-0.445,9.491,-0.01,-0.003,-0.006,-47.1,3.6,-49.8,1836.0
1787130778.5375066,-2.291,-0.395,9.407,-0.016,0.001,-0.004,-47.4,2.85,-50.85,1836.0
1787130778.5375311,-2.306,-0.479,9.462,-0.021,0.005,-0.001,-48.6,3.6,-49.8,1836.0
1787130778.5375423,-2.342,-0.397,9.443,-0.016,0.008,-0.004,-48.15,4.05,-49.35,1836.0
1787130778.7419894,-2.375,-0.424,9.395,-0.02,0.003,0.001,-47.7,4.2,-50.4,1876.0
1787130778.7420156,-2.263,-0.421,9.45,-0.018,0.006,-0.004,-48.0,4.2,-49.95,1876.0
1787130778.7420268,-2.272,-0.433,9.479,-0.01,0.006,-0.007,-47.85,4.05,-49.35,1870.0
1787130778.946767,-2.356,-0.448,9.467,-0.02,0.007,0.002,-49.5,3.45,-51.45,1870.0
1787130778.9467921,-2.33,-0.441,9.471,-0.012,0.002,0.0,-47.7,3.75,-51.0,1870.0
1787130778.9468038,-2.227,-0.378,9.483,-0.018,0.007,-0.006,-48.15,3.15,-50.55,1870.0
1787130779.1530695,-2.342,-0.395,9.519,-0.015,0.015,-0.001,-48.9,3.15,-50.85,1909.0
1787130779.1530962,-2.332,-0.4,9.469,-0.017,0.01,0.004,-48.6,4.35,-50.85,1909.0
1787130779.1531074,-2.332,-0.438,9.481,-0.015,0.007,0.004,-48.3,4.95,-49.95,1909.0
1787130779.356968,-2.373,-0.436,9.471,-0.016,0.015,-0.003,-49.35,4.35,-50.55,1844.0
1787130779.3571775,-2.346,-0.39,9.448,-0.019,0.016,0.0,-47.1,5.1,-50.1,1844.0
1787130779.3571856,-2.401,-0.369,9.479,-0.018,0.024,-0.002,-48.3,4.2,-48.9,1844.0
1787130779.5590823,-2.425,-0.431,9.488,-0.02,-0.004,-0.005,-48.15,5.1,-50.85,1864.0
1787130779.7668922,-2.344,-0.457,9.431,-0.012,0.014,-0.001,-49.35,2.1,-49.8,1872.0
1787130779.7669184,-2.334,-0.453,9.498,-0.02,0.015,-0.005,-48.75,4.2,-51.45,1872.0
1787130779.7669303,-2.337,-0.457,9.491,-0.014,0.013,-0.012,-48.3,4.5,-48.9,1872.0
1787130779.9749823,-2.344,-0.438,9.474,-0.019,0.007,-0.006,-49.35,4.05,-51.6,1828.0
1787130779.9751809,-2.286,-0.385,9.471,-0.023,0.014,-0.005,-48.3,5.7,-50.4,1882.0
1787130779.9751894,-2.272,-0.455,9.503,-0.015,0.022,0.0,-48.0,1.8,-49.65,1882.0
1787130780.1761072,-2.318,-0.445,9.467,-0.016,0.011,-0.002,-48.6,3.15,-50.55,1843.0
1787130780.1761322,-2.351,-0.395,9.55,-0.02,0.007,0.0,-48.9,4.8,-50.1,1822.0
1787130780.1761434,-2.363,-0.417,9.483,-0.013,0.007,-0.008,-48.3,3.75,-50.4,1822.0
1787130780.3811474,-2.327,-0.383,9.462,-0.013,0.008,-0.001,-49.5,4.2,-51.0,1853.0
1787130780.3811944,-2.344,-0.421,9.452,-0.015,0.009,-0.003,-46.2,4.95,-49.95,1899.0
1787130780.3812015,-2.337,-0.426,9.459,-0.017,-0.001,-0.004,-48.9,4.05,-49.05,1899.0
1787130780.7911904,-2.346,-0.407,9.426,-0.019,0.006,-0.004,-48.3,3.45,-48.45,1894.0
1787130780.7912157,-2.318,-0.381,9.452,-0.023,0.014,-0.001,-48.75,3.45,-51.0,1894.0
1787130780.7912276,-2.342,-0.402,9.428,-0.019,0.008,0.003,-48.75,4.2,-50.7,1894.0
1787130780.995569,-2.313,-0.455,9.469,-0.016,0.006,0.001,-48.3,4.2,-49.2,1824.0
1787130780.995595,-2.272,-0.385,9.436,-0.013,0.011,-0.007,-49.8,4.2,-48.9,1824.0
1787130780.9956062,-2.373,-0.474,9.445,-0.017,0.015,-0.006,-48.15,3.6,-50.55,1878.0
1787130781.200705,-2.361,-0.472,9.44,-0.017,0.006,-0.001,-48.6,3.15,-49.8,1853.0
1787130781.2007308,-2.382,-0.453,9.491,-0.018,0.008,-0.001,-48.0,4.5,-50.4,1894.0
1787130781.4051127,-2.277,-0.417,9.491,-0.02,0.016,-0.014,-48.3,4.5,-50.7,1852.0
1787130781.4051387,-2.291,-0.45,9.455,-0.013,0.016,-0.014,-48.9,4.05,-50.55,1852.0
1787130781.405151,-2.401,-0.431,9.464,-0.014,0.006,-0.004,-47.85,4.05,-50.55,1852.0
1787130781.6095755,-2.346,-0.438,9.491,-0.025,0.014,-0.001,-48.15,3.15,-50.55,1861.0
1787130781.6096013,-2.315,-0.412,9.431,-0.014,0.015,-0.003,-48.0,4.2,-50.4,1861.0
1787130781.6096125,-2.365,-0.455,9.445,-0.02,0.014,-0.005,-49.65,3.15,-50.55,1861.0
1787130781.8143182,-2.306,-0.453,9.457,-0.016,0.008,0.001,-48.3,4.2,-49.95,1866.0
1787130781.814343,-2.344,-0.436,9.44,-0.024,0.005,0.002,-47.85,4.05,-49.35,1866.0
1787130781.8143542,-2.334,-0.438,9.462,-0.016,0.002,-0.007,-49.35,3.6,-49.35,1866.0
1787130782.0201154,-2.272,-0.4,9.479,-0.022,0.007,-0.015,-49.05,3.0,-49.2,1826.0
1787130782.0202644,-2.279,-0.388,9.462,-0.014,0.015,-0.005,-48.75,3.75,-50.7,1826.0
1787130782.2251415,-2.265,-0.431,9.445,-0.015,0.014,-0.007,-49.35,4.8,-49.35,1844.0
1787130782.225168,-2.377,-0.419,9.4,-0.017,0.006,0.001,-49.8,4.5,-49.65,1844.0
1787130782.22518,-2.342,-0.419,9.467,-0.021,0.005,-0.001,-48.6,6.3,-49.8,1844.0
1787130782.4294813,-2.284,-0.445,9.469,-0.011,0.005,-0.006,-48.15,4.05,-49.35,1879.0
1787130782.4295063,-2.325,-0.417,9.438,-0.014,0.015,-0.009,-47.85,4.05,-50.1,1868.0
1787130782.4295173,-2.339,-0.383,9.44,-0.018,0.011,-0.005,-48.15,3.6,-48.75,1868.0
1787130782.633492,-2.265,-0.462,9.404,-0.02,0.0,0.0,-48.0,4.2,-51.0,1882.0
1787130782.633518,-2.289,-0.417,9.476,-0.018,0.008,-0.002,-48.6,3.6,-49.35,1810.0
1787130782.6335297,-2.306,-0.409,9.5,-0.018,0.012,-0.006,-47.85,4.05,-50.85,1810.0
1787130782.836203,-2.306,-0.45,9.443,-0.013,0.003,0.0,-48.0,2.25,-49.95,1829.0
1787130783.0427222,-2.32,-0.424,9.481,-0.015,0.005,0.001,-47.25,4.5,-49.2,1854.0
1787130783.0427465,-2.298,-0.445,9.467,-0.015,0.005,-0.006,-50.1,4.35,-49.8,1854.0
1787130783.0427582,-2.296,-0.4,9.481,-0.013,0.006,0.005,-47.4,6.3,-48.75,1854.0
1787130783.2483606,-2.318,-0.443,9.457,-0.012,0.006,-0.005,-49.5,3.45,-51.0,1787.0
1787130783.248386,-2.385,-0.455,9.431,-0.011,0.015,-0.004,-48.15,3.6,-48.75,1787.0
1787130783.2483974,-2.284,-0.45,9.481,-0.013,0.01,-0.002,-48.3,4.5,-50.4,1787.0
1787130783.453837,-2.318,-0.371,9.459,-0.021,0.014,0.001,-47.4,4.05,-49.8,1893.0
1787130783.4538693,-2.294,-0.419,9.491,-0.023,0.013,0.004,-48.75,3.75,-49.95,1893.0
1787130783.6584136,-2.377,-0.45,9.488,-0.016,0.012,-0.002,-48.75,3.45,-48.9,1863.0
1787130783.6584399,-2.349,-0.443,9.479,-0.017,0.007,-0.003,-46.35,4.05,-49.8,1863.0
1787130783.6584518,-2.286,-0.436,9.536,-0.011,0.011,0.0,-48.75,2.7,-49.65,1863.0
1787130784.0675826,-2.286,-0.424,9.5,-0.013,0.018,-0.003,-47.4,4.05,-49.8,1866.0
1787130784.2731469,-2.313,-0.393,9.459,-0.02,0.009,-0.01,-48.15,2.1,-49.35,1849.0
1787130784.2731724,-2.308,-0.421,9.476,-0.018,0.005,-0.001,-48.6,2.85,-50.85,1849.0
1787130784.273184,-2.318,-0.429,9.433,-0.015,0.013,-0.005,-47.4,3.15,-50.55,1849.0
1787130784.480727,-2.303,-0.402,9.428,-0.017,0.006,0.006,-50.4,3.6,-50.55,1838.0
1787130784.4807518,-2.361,-0.369,9.481,-0.019,0.0,-0.005,-48.15,4.05,-49.35,1838.0
1787130784.4807632,-2.227,-0.369,9.515,-0.014,-0.001,-0.005,-50.25,4.2,-51.0,1792.0
1787130784.681149,-2.21,-0.429,9.419,-0.01,0.01,-0.004,-47.4,5.1,-49.05,1894.0
1787130784.6812205,-2.296,-0.352,9.505,-0.021,-0.003,-0.007,-48.3,3.45,-49.65,1894.0
1787130784.8866994,-2.246,-0.438,9.469,-0.012,0.013,-0.001,-48.3,2.7,-50.4,1879.0
1787130784.8867252,-2.32,-0.441,9.505,-0.017,0.008,-0.003,-48.75,4.5,-51.0,1885.0
1787130784.886737,-2.342,-0.381,9.491,-0.013,0.006,-0.005,-48.15,1.65,-50.85,1885.0
1787130785.0911212,-2.284,-0.385,9.486,-0.013,0.003,0.002,-47.4,4.05,-50.85,1873.0
1787130785.0911465,-2.277,-0.378,9.471,-0.017,0.008,-0.002,-46.65,3.6,-51.6,1873.0
1787130785.091158,-2.274,-0.402,9.488,-0.017,0.01,-0.003,-47.85,4.05,-51.3,1867.0
1787130785.297068,-2.251,-0.436,9.483,-0.011,0.012,-0.01,-47.1,4.35,-50.85,1880.0
1787130785.2970936,-2.272,-0.438,9.512,-0.023,0.01,-0.006,-48.0,3.0,-51.0,1880.0
1787130785.2971048,-2.368,-0.424,9.474,-0.015,0.013,0.007,-49.05,3.45,-49.65,1857.0
1787130785.5009234,-2.291,-0.364,9.486,-0.012,0.007,0.001,-47.4,4.35,-50.1,1933.0
1787130785.5009491,-2.284,-0.407,9.452,-0.011,0.007,0.002,-47.7,4.2,-50.4,1933.0
1787130785.5009604,-2.272,-0.443,9.491,-0.015,0.004,0.002,-48.6,2.85,-49.35,1876.0
1787130785.910686,-2.337,-0.421,9.412,-0.012,0.012,-0.003,-48.15,4.35,-50.55,1912.0
1787130785.9120586,-2.274,-0.4,9.469,-0.015,-0.001,-0.001,-48.75,5.4,-50.7,1912.0
1787130786.1144195,-2.289,-0.385,9.414,-0.018,0.01,-0.004,-48.15,4.35,-51.6,1867.0
1787130786.32074,-2.296,-0.4,9.5,-0.014,0.012,-0.005,-48.75,5.7,-51.0,1870.0
1787130786.3207653,-2.234,-0.462,9.488,-0.011,0.009,-0.01,-48.6,3.6,-50.55,1870.0
1787130786.3207777,-2.308,-0.373,9.443,-0.02,0.005,0.002,-48.0,4.2,-50.7,1870.0
1787130786.5285466,-2.263,-0.378,9.493,-0.02,0.006,-0.003,-47.4,3.15,-50.55,1859.0
1787130786.5285716,-2.193,-0.417,9.481,-0.012,0.006,-0.007,-47.4,3.15,-49.8,1865.0
1787130786.528582,-2.217,-0.407,9.445,-0.015,0.007,-0.002,-47.85,2.4,-50.55,1865.0
1787130786.7271104,-2.267,-0.412,9.486,-0.021,0.011,-0.001,-49.65,3.6,-49.8,1872.0
1787130786.7315562,-2.306,-0.366,9.45,-0.009,0.015,0.003,-47.25,2.7,-49.95,1883.0
1787130786.7315717,-2.308,-0.314,9.5,-0.016,0.007,-0.006,-48.15,3.6,-51.6,1883.0
1787130786.9376116,-2.246,-0.417,9.503,-0.019,0.014,-0.008,-46.95,3.75,-50.4,1852.0
1787130786.9376376,-2.332,-0.414,9.464,-0.021,0.005,-0.004,-47.25,4.2,-49.95,1852.0
1787130786.9376493,-2.246,-0.441,9.505,-0.02,0.001,-0.001,-48.6,4.35,-50.85,1852.0
1787130787.1397583,-2.291,-0.39,9.436,-0.012,0.006,0.004,-49.5,2.7,-50.4,1886.0
1787130787.1397836,-2.291,-0.46,9.45,-0.02,-0.004,0.004,-48.3,3.75,-50.7,1752.0
1787130787.1397946,-2.265,-0.424,9.421,-0.016,0.002,-0.001,-49.05,4.2,-51.0,1752.0
1787130787.3501208,-2.205,-0.362,9.519,-0.02,0.007,-0.004,-48.3,3.75,-49.95,1900.0
1787130787.3501453,-2.306,-0.33,9.479,-0.024,-0.004,0.011,-49.5,4.2,-50.4,1920.0
1787130787.3501568,-2.186,-0.481,9.51,-0.016,0.014,-0.003,-48.0,4.2,-51.75,1920.0
1787130787.550628,-2.277,-0.39,9.476,-0.018,0.015,-0.005,-47.4,6.3,-51.45,1908.0
1787130787.550653,-2.282,-0.455,9.491,-0.015,0.009,-0.007,-47.7,3.45,-50.4,1886.0
1787130787.5506644,-2.272,-0.395,9.512,-0.021,0.005,0.0,-48.9,4.35,-51.3,1886.0
1787130787.9582183,-2.246,-0.409,9.457,-0.014,0.006,-0.003,-49.65,4.8,-50.1,1879.0
1787130787.9582427,-2.222,-0.414,9.512,-0.015,0.01,-0.013,-49.05,4.2,-49.2,1879.0
1787130787.9582536,-2.234,-0.373,9.507,-0.012,0.014,-0.002,-49.35,4.05,-51.3,1879.0
1787130788.1654382,-2.325,-0.376,9.519,-0.013,0.018,-0.006,-47.25,4.95,-49.2,1915.0
1787130788.1654642,-2.308,-0.419,9.498,-0.015,0.005,-0.008,-49.5,4.2,-49.95,1915.0
1787130788.367927,-2.184,-0.443,9.409,-0.018,0.009,-0.001,-47.85,5.1,-50.1,1853.0
1787130788.3679514,-2.277,-0.433,9.4,-0.02,0.007,-0.004,-48.9,3.15,-49.8,1853.0
1787130788.3679626,-2.303,-0.407,9.505,-0.019,0.003,-0.009,-48.9,3.15,-50.85,1853.0
1787130788.5737028,-2.215,-0.419,9.462,-0.018,0.003,-0.003,-48.9,5.55,-51.6,1889.0
1787130788.5737288,-2.243,-0.457,9.45,-0.011,0.005,0.003,-48.15,4.05,-49.8,1889.0
1787130788.57374,-2.296,-0.405,9.493,-0.018,0.005,-0.004,-47.7,4.95,-50.7,1889.0
1787130788.778822,-2.365,-0.464,9.438,-0.013,0.009,-0.001,-48.15,4.35,-49.35,1867.0
1787130788.778848,-2.246,-0.436,9.462,-0.019,0.013,-0.003,-47.4,3.15,-51.6,1867.0
1787130788.7788732,-2.253,-0.436,9.512,-0.014,0.013,-0.005,-46.5,3.45,-52.2,1867.0
1787130788.9835684,-2.251,-0.338,9.541,0.009,0.012,-0.012,-46.65,4.35,-52.05,1865.0
1787130788.983594,-2.368,-0.405,9.476,0.012,-0.027,0.024,-49.65,3.15,-50.55,1865.0
1787130788.9836047,-2.169,-0.484,9.328,0.003,-0.023,0.02,-48.15,2.85,-50.85,1865.0
1787130789.1880455,-2.48,-0.381,9.45,-0.009,0.035,-0.003,-48.3,3.45,-50.7,1902.0
1787130789.188069,-2.555,-0.338,9.428,-0.011,-0.021,-0.01,-47.85,3.15,-51.6,1902.0
1787130789.1880755,-2.399,-0.306,9.524,-0.007,-0.076,-0.015,-48.75,4.5,-49.65,1902.0
1787130789.3915381,-2.224,-0.261,9.455,-0.016,0.001,-0.002,-49.05,4.95,-51.0,1906.0
1787130789.597204,-2.26,-0.318,9.524,-0.023,-0.058,-0.017,-48.15,3.6,-50.55,1928.0
1787130789.5972242,-1.978,-0.448,9.541,-0.024,-0.061,-0.01,-48.6,4.35,-50.1,1928.0
1787130789.5972304,-1.963,-0.357,9.505,-0.019,-0.045,-0.004,-48.15,3.6,-50.85,1887.0
1787130789.801652,-2.162,-0.342,9.538,0.0,0.049,-0.002,-48.9,4.35,-50.55,1911.0
1787130790.0066829,-1.891,-0.558,9.467,0.006,0.042,0.0,-48.9,2.1,-51.6,1921.0
1787130790.0067084,-2.085,-0.412,9.333,-0.018,0.088,-0.002,-49.05,3.45,-49.95,1921.0
1787130790.0067198,-2.243,-0.34,9.395,-0.025,0.036,-0.018,-49.05,4.2,-49.95,1949.0
1787130790.2111382,-2.121,-0.328,9.483,-0.011,-0.007,-0.006,-47.4,4.35,-49.35,1932.0
1787130790.2111652,-2.052,-0.357,9.459,-0.011,0.003,-0.009,-47.7,3.0,-51.0,1932.0
1787130790.2111764,-2.042,-0.352,9.498,-0.015,0.007,-0.005,-47.7,3.0,-51.0,1932.0
1787130790.4178016,-2.267,-0.364,9.471,-0.019,0.018,0.002,-47.1,4.05,-52.05,1903.0
1787130790.4178278,-2.133,-0.297,9.481,-0.02,0.023,0.001,-47.25,4.5,-51.75,1903.0
1787130790.4178393,-2.265,-0.311,9.424,-0.016,0.003,-0.013,-48.9,3.6,-49.35,1903.0
1787130790.6209157,-2.246,-0.316,9.594,-0.01,0.055,-0.004,-48.75,5.4,-50.4,1899.0
1787130790.6209416,-2.229,-0.249,9.601,-0.021,0.036,0.011,-48.15,3.15,-49.8,1899.0
1787130790.8264446,-2.234,-0.247,9.606,-0.026,-0.068,-0.016,-47.4,5.1,-50.85,1932.0
1787130790.8264694,-2.289,-0.433,9.464,-0.015,-0.05,-0.046,-49.05,3.0,-49.65,1932.0
1787130790.8264806,-1.951,-0.539,9.503,-0.018,-0.048,0.014,-47.4,4.35,-52.05,1932.0
1787130791.028651,-2.116,-0.371,9.512,-0.01,0.054,0.011,-47.4,3.6,-51.6,1916.0
1787130791.2362072,-2.207,-0.323,9.51,-0.018,0.014,0.004,-47.85,3.6,-50.1,1940.0
1787130791.2362344,-2.227,-0.314,9.493,-0.015,0.015,-0.006,-48.6,2.85,-50.1,1911.0
1787130791.2362459,-2.286,-0.345,9.515,-0.013,0.007,0.001,-47.25,3.75,-49.95,1911.0
1787130791.441664,-2.241,-0.345,9.507,-0.01,0.0,0.003,-48.3,2.25,-49.65,1839.0
1787130791.4416888,-2.222,-0.333,9.517,-0.011,-0.003,0.001,-47.4,2.85,-51.6,1903.0
1787130791.4417,-2.248,-0.342,9.469,-0.018,-0.005,-0.001,-47.4,4.35,-51.3,1903.0
1787130791.6454923,-2.155,-0.316,9.483,-0.021,0.005,-0.005,-48.3,3.75,-51.0,1927.0
1787130791.6455173,-2.224,-0.385,9.503,-0.015,0.002,-0.007,-47.85,4.35,-50.55,1957.0
1787130791.8492405,-2.251,-0.388,9.486,-0.02,0.01,-0.009,-48.3,3.75,-49.95,1928.0
1787130792.059276,-2.212,-0.409,9.491,-0.02,0.003,-0.007,-48.6,4.05,-52.35,1884.0
1787130792.0593016,-2.167,-0.33,9.524,-0.017,0.009,-0.002,-46.95,4.2,-51.0,1913.0
1787130792.0593126,-2.234,-0.326,9.524,-0.018,0.002,-0.009,-47.7,3.0,-50.7,1913.0
1787130792.259739,-2.112,-0.412,9.483,-0.012,0.003,-0.007,-46.95,2.7,-50.7,1983.0
1787130792.259763,-2.205,-0.347,9.479,-0.017,0.013,0.006,-48.15,3.6,-49.8,1983.0
1787130792.2597744,-2.21,-0.405,9.428,-0.01,0.012,-0.005,-48.9,2.4,-51.6,1876.0
1787130792.4653842,-2.241,-0.369,9.486,-0.016,0.004,-0.003,-48.15,2.4,-50.55,1913.0
1787130792.4654095,-2.164,-0.39,9.493,-0.02,0.006,-0.001,-48.6,4.05,-51.6,1913.0
1787130792.4654217,-2.234,-0.354,9.524,-0.021,0.011,0.002,-49.35,2.1,-51.3,1934.0
1787130792.680237,-2.246,-0.335,9.476,-0.013,0.013,-0.004,-47.7,2.7,-50.4,1972.0
1787130792.6802626,-2.205,-0.354,9.483,-0.012,0.006,0.001,-48.0,3.0,-49.2,1972.0
1787130792.680274,-2.243,-0.402,9.522,-0.019,0.007,-0.004,-48.3,3.0,-51.0,1972.0
1787130793.0792215,-2.174,-0.366,9.448,-0.018,0.011,0.0,-47.4,3.15,-52.8,1916.0
1787130793.079247,-2.222,-0.39,9.536,-0.016,0.012,-0.004,-47.1,3.6,-50.1,1916.0
1787130793.0793066,-2.162,-0.4,9.553,-0.021,0.005,-0.001,-47.4,4.35,-50.85,1916.0
1787130793.2846863,-2.162,-0.354,9.512,-0.019,0.011,-0.005,-47.4,5.55,-51.6,1916.0
1787130793.2847114,-2.234,-0.354,9.469,-0.016,0.002,-0.003,-49.65,4.05,-52.35,1916.0
1787130793.2847228,-2.246,-0.297,9.464,-0.012,0.003,0.001,-47.85,5.55,-51.3,1916.0
1787130793.4877691,-2.164,-0.388,9.443,-0.016,0.009,0.007,-48.3,3.45,-51.0,1921.0
1787130793.4877954,-2.131,-0.378,9.522,-0.015,0.008,-0.01,-47.1,2.1,-50.55,1921.0
1787130793.4878078,-2.212,-0.364,9.462,-0.017,0.011,0.005,-49.05,3.75,-50.7,1921.0
1787130793.6940794,-2.191,-0.412,9.479,-0.018,0.012,-0.002,-47.85,4.05,-50.55,1917.0
1787130793.694105,-2.255,-0.364,9.457,-0.016,0.016,-0.001,-47.7,3.75,-50.4,1873.0
1787130793.6941164,-2.227,-0.359,9.503,-0.017,0.013,-0.002,-48.9,3.6,-50.1,1873.0
1787130794.1037893,-2.174,-0.373,9.488,-0.014,0.0,0.001,-47.1,4.8,-51.3,1977.0
1787130794.1038163,-2.231,-0.35,9.5,-0.016,0.005,-0.001,-48.0,4.2,-51.45,1977.0
1787130794.309394,-2.169,-0.326,9.555,-0.019,0.016,-0.005,-48.0,3.75,-50.4,1909.0
1787130794.3094199,-2.176,-0.366,9.495,-0.013,0.016,-0.006,-48.15,4.05,-50.55,1909.0
1787130794.309431,-2.215,-0.388,9.507,-0.016,0.016,-0.004,-49.05,3.0,-49.2,1921.0
1787130794.512707,-2.167,-0.378,9.498,-0.022,0.018,-0.005,-48.15,4.35,-50.85,1891.0
1787130794.5127316,-2.191,-0.402,9.445,-0.02,0.013,-0.002,-48.3,2.7,-49.95,1891.0
1787130794.5127432,-2.246,-0.352,9.431,-0.019,-0.001,0.002,-47.4,4.35,-49.8,1891.0
1787130794.7179127,-2.186,-0.335,9.507,-0.02,0.001,-0.011,-48.75,1.8,-50.7,1875.0
1787130794.7179384,-2.157,-0.409,9.493,-0.017,0.007,-0.007,-47.25,3.75,-49.65,1875.0
1787130794.7179496,-2.167,-0.359,9.51,-0.019,0.007,0.006,-47.85,2.85,-50.85,1875.0
1787130794.9223633,-2.04,-0.393,9.512,-0.018,0.003,-0.005,-47.85,2.4,-51.6,1940.0
1787130794.9223874,-2.179,-0.364,9.476,-0.008,0.007,-0.004,-48.0,3.0,-51.0,1940.0
1787130794.9223986,-2.181,-0.4,9.483,-0.012,0.009,-0.01,-47.1,3.6,-51.3,1940.0
1787130795.127446,-2.198,-0.34,9.488,-0.017,0.009,-0.003,-47.25,3.45,-51.45,1940.0
1787130795.1274705,-2.207,-0.378,9.5,-0.014,0.007,-0.001,-48.6,4.8,-51.6,1940.0
1787130795.127483,-2.126,-0.39,9.548,-0.012,0.011,-0.001,-48.0,3.0,-51.0,1940.0
1787130795.3317192,-2.241,-0.369,9.486,-0.016,0.008,-0.001,-47.4,4.05,-50.1,1926.0
1787130795.3339138,-2.236,-0.462,9.507,-0.016,0.013,-0.003,-47.85,4.35,-51.6,1926.0
1787130795.5450954,-2.14,-0.354,9.498,-0.015,0.011,0.001,-47.7,5.7,-49.95,1912.0
1787130795.7482462,-2.205,-0.352,9.538,-0.011,-0.011,-0.004,-50.1,3.6,-50.85,1949.0
1787130795.748273,-2.083,-0.376,9.534,-0.028,-0.014,0.012,-47.7,4.5,-50.7,1949.0
1787130796.1541293,-2.167,-0.369,9.527,-0.015,0.004,-0.001,-48.15,4.8,-52.05,1956.0
1787130796.1541555,-2.162,-0.371,9.467,-0.018,0.009,-0.002,-48.6,2.1,-49.8,1911.0
1787130796.1541677,-2.116,-0.431,9.536,-0.019,0.007,-0.004,-47.85,3.6,-50.55,1911.0
1787130796.358116,-2.162,-0.316,9.515,-0.015,0.007,0.0,-48.15,4.05,-52.2,1913.0
1787130796.3581462,-2.205,-0.354,9.464,-0.019,-0.009,0.001,-48.15,3.6,-51.6,1954.0
1787130796.3581526,-2.14,-0.369,9.481,-0.014,-0.002,0.003,-49.35,3.6,-49.8,1954.0
1787130796.5611417,-2.095,-0.373,9.534,-0.018,0.004,0.004,-47.4,2.4,-50.85,1948.0
1787130796.5611806,-2.102,-0.34,9.536,-0.014,0.004,-0.006,-48.3,4.5,-50.4,1948.0
1787130796.770165,-2.116,-0.395,9.486,-0.014,0.013,-0.007,-48.0,3.0,-49.95,1930.0
1787130796.7702005,-2.152,-0.395,9.558,-0.014,0.01,-0.004,-48.75,3.75,-50.7,1940.0
1787130796.7702076,-2.162,-0.273,9.515,-0.014,0.009,-0.002,-47.85,3.6,-50.85,1940.0
1787130796.9824631,-2.152,-0.378,9.541,-0.015,0.007,-0.006,-47.85,4.8,-50.85,1898.0
1787130796.9824898,-2.152,-0.294,9.543,-0.016,0.008,0.003,-47.85,1.65,-50.55,1906.0
1787130797.1744256,-2.097,-0.328,9.527,-0.019,0.005,-0.004,-46.65,3.15,-50.85,1977.0
1787130797.1744545,-2.136,-0.376,9.507,-0.013,0.007,-0.008,-48.3,4.2,-49.95,1977.0
1787130797.1744661,-2.143,-0.35,9.505,-0.019,0.01,-0.001,-50.1,4.05,-52.8,1949.0
1787130797.3810766,-2.162,-0.373,9.519,-0.012,0.014,-0.006,-48.75,3.45,-51.0,1911.0
1787130797.3811011,-2.157,-0.39,9.543,-0.019,0.012,-0.004,-48.75,3.45,-51.0,1911.0
1787130797.3811123,-2.188,-0.378,9.553,-0.013,0.007,-0.003,-48.75,4.2,-51.0,1911.0
1787130797.7958639,-2.102,-0.364,9.507,-0.014,0.01,0.003,-48.15,3.15,-50.85,1971.0
1787130797.9939137,-2.085,-0.4,9.515,-0.012,0.01,-0.002,-48.6,3.15,-50.85,1937.0
1787130797.99394,-2.09,-0.311,9.495,-0.022,0.018,0.001,-49.05,3.45,-52.2,1967.0
1787130797.993952,-2.136,-0.395,9.512,-0.013,0.017,-0.003,-49.5,4.5,-50.4,1967.0
1787130798.20539,-2.066,-0.383,9.515,-0.014,0.022,-0.003,-48.0,2.7,-50.7,1952.0
1787130798.2054157,-2.114,-0.347,9.471,-0.016,0.014,-0.004,-48.15,2.85,-51.6,1952.0
1787130798.2054272,-2.064,-0.335,9.541,-0.018,0.012,-0.007,-48.15,4.05,-50.55,1952.0
1787130798.4048603,-2.121,-0.376,9.476,-0.019,0.01,-0.001,-47.1,4.05,-50.85,1894.0
1787130798.404887,-2.083,-0.323,9.522,-0.015,0.008,0.001,-49.35,2.1,-50.55,1894.0
1787130798.4048986,-2.143,-0.402,9.51,-0.016,0.013,-0.005,-47.7,2.7,-50.4,1894.0
1787130798.6094058,-2.128,-0.371,9.562,-0.016,0.01,-0.001,-47.25,2.7,-50.7,1894.0
1787130798.6094317,-2.14,-0.381,9.562,-0.015,0.014,-0.009,-47.7,2.7,-49.95,1894.0
1787130798.6094427,-2.126,-0.388,9.524,-0.016,0.009,-0.004,-49.5,3.45,-50.7,1946.0
1787130798.8194118,-2.167,-0.347,9.498,-0.012,0.003,0.004,-48.3,3.45,-51.45,1885.0
1787130798.8194368,-2.105,-0.373,9.495,-0.02,0.006,-0.003,-47.4,4.8,-51.3,1963.0
1787130799.0231092,-2.105,-0.328,9.527,-0.015,0.015,-0.001,-47.85,4.05,-51.3,1963.0
1787130799.0231352,-2.057,-0.419,9.503,-0.02,0.014,-0.007,-46.35,2.85,-51.3,1933.0
1787130799.2248988,-2.16,-0.335,9.548,-0.014,0.007,-0.003,-48.3,3.75,-50.7,1960.0
1787130799.2249238,-2.184,-0.342,9.479,-0.021,0.008,-0.003,-47.85,4.05,-50.85,1960.0
1787130799.2249348,-2.03,-0.362,9.574,-0.02,0.002,-0.005,-47.4,4.35,-51.3,1960.0
1787130799.4276266,-2.131,-0.302,9.491,-0.016,0.004,-0.004,-48.9,4.35,-49.35,1906.0
1787130799.4276521,-2.145,-0.345,9.491,-0.019,0.003,-0.007,-46.95,3.75,-51.45,1906.0
1787130799.4276633,-2.143,-0.366,9.57,-0.019,0.009,-0.006,-46.5,3.45,-50.4,1906.0
1787130799.6324675,-2.09,-0.39,9.505,-0.015,0.012,-0.007,-50.25,4.5,-51.0,1914.0
1787130799.6324937,-2.116,-0.395,9.467,-0.015,0.009,-0.006,-49.05,2.7,-52.2,1914.0
1787130799.6325052,-2.093,-0.395,9.558,-0.018,0.014,-0.005,-49.05,2.7,-52.2,1914.0
1787130799.8341045,-2.155,-0.405,9.491,-0.013,0.005,0.001,-47.1,2.85,-50.55,1885.0
1787130799.8388975,-2.112,-0.323,9.541,-0.019,0.007,0.003,-47.85,4.05,-51.3,1885.0
1787130799.838923,-2.1,-0.357,9.572,-0.013,0.007,-0.004,-48.3,3.45,-51.75,1885.0
1787130800.042129,-2.102,-0.39,9.51,-0.015,0.007,-0.005,-48.75,4.5,-51.45,1923.0
1787130800.254139,-2.186,-0.412,9.531,-0.01,0.013,-0.001,-49.5,2.25,-51.45,1937.0
1787130800.254165,-2.109,-0.397,9.483,-0.015,0.006,0.004,-47.25,3.0,-50.7,1937.0
1787130800.2541766,-2.167,-0.335,9.55,-0.018,0.005,-0.007,-48.6,3.6,-50.55,1937.0
1787130800.4521067,-2.136,-0.275,9.565,-0.014,0.01,-0.003,-47.85,2.85,-52.05,1938.0
1787130800.452132,-2.143,-0.302,9.512,-0.012,0.009,-0.006,-47.25,1.8,-51.45,1938.0
1787130800.4521432,-2.088,-0.354,9.553,-0.012,0.009,-0.001,-49.05,3.0,-51.45,1938.0
1787130800.657628,-2.124,-0.419,9.481,-0.012,0.008,-0.001,-48.15,4.05,-52.05,1993.0
1787130800.6576533,-2.181,-0.39,9.531,-0.023,0.012,0.004,-47.4,3.6,-51.6,1993.0
1787130800.6576648,-2.1,-0.342,9.488,-0.017,-0.001,-0.001,-47.4,2.85,-50.55,1993.0
1787130800.8612587,-2.114,-0.33,9.505,-0.013,0.012,-0.002,-48.75,2.7,-52.5,1900.0
1787130800.861284,-2.071,-0.335,9.543,-0.015,0.007,-0.006,-47.4,3.6,-51.6,1900.0
1787130801.0680978,-2.097,-0.352,9.5,-0.02,0.008,-0.007,-47.4,4.05,-51.3,1913.0
1787130801.0681236,-2.131,-0.34,9.562,-0.011,0.009,-0.006,-47.4,4.8,-51.3,1913.0
1787130801.068138,-2.162,-0.359,9.534,-0.017,0.008,-0.007,-50.1,1.65,-52.05,1939.0
1787130801.2703633,-2.088,-0.354,9.469,-0.016,0.005,-0.002,-48.15,2.1,-50.1,1908.0
1787130801.2703893,-2.09,-0.388,9.531,-0.014,0.006,-0.001,-49.65,3.15,-51.6,1908.0
1787130801.2704008,-2.105,-0.347,9.538,-0.016,0.012,-0.007,-47.85,3.15,-51.3,1908.0
1787130801.478399,-2.097,-0.34,9.529,-0.015,0.022,-0.005,-48.75,2.7,-51.0,1974.0
1787130801.4784243,-2.16,-0.33,9.56,-0.02,0.015,-0.001,-47.4,3.6,-50.85,1974.0
1787130801.47848,-2.093,-0.373,9.474,-0.02,0.014,0.004,-48.6,3.15,-51.3,1950.0
1787130801.6799603,-2.148,-0.364,9.555,-0.016,0.015,-0.003,-48.75,4.2,-51.0,1873.0
1787130801.679989,-2.136,-0.419,9.491,-0.014,0.011,-0.007,-48.15,2.85,-50.1,1873.0
1787130801.6800003,-2.114,-0.405,9.498,-0.022,0.009,-0.007,-47.7,3.45,-50.4,1873.0
1787130801.8851764,-2.112,-0.366,9.522,-0.017,0.01,-0.002,-47.25,2.25,-51.75,1903.0
1787130801.8852026,-2.088,-0.378,9.488,-0.017,0.006,-0.003,-49.35,4.05,-50.85,1903.0
1787130801.885214,-2.131,-0.362,9.479,-0.015,0.005,-0.003,-46.5,4.2,-50.7,1903.0
1787130802.090238,-2.191,-0.35,9.517,-0.014,0.021,-0.003,-47.7,3.45,-50.7,1902.0
1787130802.0902636,-2.179,-0.395,9.543,-0.018,0.019,-0.006,-48.75,2.7,-51.45,1902.0
1787130802.090275,-2.133,-0.395,9.562,-0.019,0.006,0.0,-47.7,1.8,-50.4,1902.0
1787130802.2955666,-2.145,-0.352,9.436,-0.019,0.01,-0.001,-48.9,4.8,-51.3,1921.0
1787130802.2955918,-2.167,-0.414,9.519,-0.023,0.012,-0.003,-47.85,3.15,-52.05,1921.0
1787130802.49915,-2.152,-0.359,9.56,-0.017,0.001,-0.002,-48.9,3.15,-51.3,1943.0
1787130802.7044003,-2.069,-0.345,9.519,-0.013,0.012,0.0,-48.0,3.75,-51.0,1913.0
1787130802.704427,-2.102,-0.366,9.498,-0.016,0.013,-0.001,-47.85,3.6,-51.3,1868.0
1787130802.7044384,-2.126,-0.335,9.531,-0.019,0.012,-0.001,-48.15,3.6,-50.1,1868.0
1787130802.9089005,-2.172,-0.383,9.467,-0.015,0.01,-0.001,-49.05,5.4,-49.95,1957.0
1787130802.9089253,-2.15,-0.35,9.498,-0.016,0.006,0.001,-49.05,3.45,-52.2,1957.0
1787130802.9089367,-2.167,-0.309,9.555,-0.019,0.002,0.001,-49.05,1.8,-51.0,1938.0
1787130803.1140585,-2.143,-0.333,9.476,-0.007,0.005,0.003,-47.85,4.05,-51.6,1917.0
1787130803.1140833,-2.16,-0.381,9.527,-0.018,0.003,-0.01,-47.25,3.45,-51.0,1915.0
1787130803.1140947,-2.172,-0.371,9.515,-0.006,0.007,0.002,-48.0,3.0,-50.4,1915.0
1787130803.3184552,-2.071,-0.364,9.529,-0.019,0.01,-0.003,-48.6,2.85,-50.1,1923.0
1787130803.318481,-2.1,-0.338,9.493,-0.013,0.014,-0.001,-48.6,3.15,-50.85,1918.0
1787130803.3184924,-2.131,-0.369,9.507,-0.012,0.011,0.004,-46.5,4.2,-51.0,1918.0
1787130803.5241761,-2.093,-0.362,9.512,-0.013,0.011,-0.001,-48.0,3.0,-51.45,1931.0
1787130803.524201,-2.131,-0.347,9.495,-0.014,0.013,0.001,-49.5,3.0,-50.4,1931.0
1787130803.7279618,-2.21,-0.311,9.534,-0.018,0.011,0.001,-47.7,3.45,-51.0,1969.0
1787130803.7279913,-2.121,-0.383,9.5,-0.013,0.004,-0.005,-47.4,4.35,-51.3,1969.0
1787130803.728116,-2.083,-0.354,9.505,-0.013,0.012,-0.007,-48.15,4.05,-52.35,1913.0
1787130803.934465,-2.124,-0.371,9.527,-0.018,0.005,-0.001,-48.75,2.7,-50.7,1913.0
1787130803.93449,-2.184,-0.378,9.503,-0.017,0.011,-0.001,-46.95,2.7,-52.5,1919.0
1787130803.934501,-2.143,-0.338,9.524,-0.013,0.009,-0.002,-48.0,3.45,-51.0,1919.0
1787130804.1374958,-2.186,-0.369,9.56,-0.016,0.01,-0.001,-48.6,4.35,-50.1,1919.0
1787130804.3422055,-2.126,-0.369,9.474,-0.02,0.006,0.001,-48.0,3.75,-50.7,1945.0
1787130804.342231,-2.143,-0.364,9.486,-0.016,0.013,-0.005,-48.9,3.15,-50.85,1945.0
1787130804.3422425,-2.109,-0.362,9.486,-0.013,0.013,-0.003,-48.15,2.85,-51.3,1945.0
1787130804.547023,-2.133,-0.33,9.538,-0.019,0.01,-0.003,-48.6,3.15,-51.3,1950.0
1787130804.7542899,-2.184,-0.364,9.538,-0.015,0.006,0.005,-48.3,2.7,-49.65,1900.0
1787130804.7543159,-2.131,-0.395,9.495,-0.015,0.013,-0.001,-48.6,4.35,-52.05,1900.0
1787130804.7543275,-2.126,-0.362,9.534,-0.016,0.012,0.001,-48.6,4.35,-52.05,1900.0
1787130804.957656,-2.184,-0.359,9.553,-0.016,0.012,-0.007,-46.65,4.35,-51.3,1900.0
1787130804.9576817,-2.157,-0.388,9.515,-0.02,0.007,-0.001,-46.65,4.35,-51.3,1900.0
1787130804.957693,-2.1,-0.402,9.543,-0.012,0.006,0.002,-47.1,4.05,-51.3,1927.0
1787130805.1621435,-2.2,-0.431,9.474,-0.014,0.003,0.003,-47.4,3.15,-51.3,1940.0
1787130805.1621695,-2.167,-0.376,9.505,-0.018,0.003,0.0,-48.3,2.25,-50.7,1940.0
1787130805.162181,-2.152,-0.318,9.55,-0.014,0.008,-0.001,-47.4,3.6,-52.05,1940.0
1787130805.366641,-2.179,-0.362,9.541,-0.016,0.006,-0.001,-48.75,3.75,-51.45,1914.0
1787130805.3666675,-2.157,-0.376,9.558,-0.015,0.015,0.002,-49.5,3.0,-51.45,1902.0
1787130805.3666787,-2.157,-0.357,9.457,-0.007,0.01,-0.006,-48.15,4.05,-51.3,1902.0
1787130805.5710924,-2.203,-0.369,9.476,-0.015,0.009,0.003,-48.0,5.4,-51.0,1915.0
1787130805.5711172,-2.128,-0.359,9.493,-0.013,0.009,-0.004,-48.0,3.75,-50.4,1975.0
1787130805.5711284,-2.176,-0.287,9.519,-0.014,0.005,0.004,-48.6,3.15,-51.3,1975.0
1787130805.9824553,-2.09,-0.342,9.531,-0.018,0.005,-0.006,-48.6,2.85,-50.85,1919.0
1787130805.9824812,-2.105,-0.354,9.443,-0.015,0.01,-0.004,-48.3,3.45,-49.65,1919.0
1787130805.9824924,-2.222,-0.357,9.512,-0.022,0.006,0.004,-47.4,3.15,-52.05,1919.0
1787130806.1862042,-2.145,-0.395,9.522,-0.013,0.005,-0.001,-48.15,4.8,-50.1,1966.0
1787130806.1862295,-2.088,-0.347,9.452,-0.016,0.011,-0.005,-49.5,3.45,-51.0,1966.0
1787130806.1862407,-2.124,-0.402,9.517,-0.013,0.016,-0.007,-48.15,3.15,-51.6,1966.0
1787130806.3904357,-2.219,-0.362,9.522,-0.011,0.009,0.003,-49.05,4.2,-49.95,1938.0
1787130806.390461,-2.167,-0.316,9.495,-0.018,0.005,-0.001,-48.3,4.5,-50.4,1938.0
1787130806.3904724,-2.145,-0.318,9.517,-0.017,0.012,-0.001,-48.3,2.7,-51.75,1938.0
1787130806.5951884,-2.164,-0.39,9.486,-0.016,0.011,-0.003,-48.9,2.85,-50.85,2005.0
1787130806.5952132,-2.157,-0.335,9.498,-0.021,0.006,-0.003,-47.1,3.6,-51.6,2005.0
1787130806.5952244,-2.167,-0.402,9.498,-0.02,0.009,-0.004,-49.5,4.5,-49.95,2005.0
1787130806.8023708,-2.176,-0.412,9.474,-0.011,0.008,-0.002,-48.6,2.4,-50.1,1888.0
1787130806.8023975,-2.138,-0.366,9.505,-0.015,0.013,-0.003,-46.65,3.15,-50.85,1888.0
1787130806.8024085,-2.172,-0.321,9.491,-0.02,0.007,-0.006,-48.0,2.7,-51.0,1888.0
1787130807.005704,-2.09,-0.311,9.469,-0.015,0.015,-0.007,-46.95,2.7,-51.0,1934.0
1787130807.0057292,-2.231,-0.383,9.531,-0.012,0.014,-0.005,-48.15,4.8,-50.85,1934.0
1787130807.0057406,-2.047,-0.354,9.505,-0.02,0.013,-0.007,-48.75,3.75,-51.45,1934.0
1787130807.2095864,-2.212,-0.35,9.534,-0.016,0.01,-0.003,-48.15,4.35,-50.55,1948.0
1787130807.209612,-2.169,-0.381,9.467,-0.019,0.01,-0.002,-46.95,3.75,-50.4,1948.0
1787130807.2096233,-2.145,-0.34,9.522,-0.021,0.005,-0.001,-47.7,4.5,-50.4,1948.0
1787130807.4123352,-2.148,-0.424,9.483,-0.016,0.005,0.001,-48.15,3.6,-52.8,1960.0
1787130807.6190379,-2.105,-0.354,9.536,-0.018,0.007,-0.001,-47.1,3.6,-51.3,1936.0
1787130807.6190653,-2.066,-0.328,9.431,-0.021,0.011,-0.002,-48.75,3.45,-49.95,1914.0
1787130807.619079,-2.148,-0.311,9.527,-0.019,0.014,-0.002,-47.4,3.15,-50.55,1914.0
1787130807.8241363,-2.184,-0.287,9.51,-0.02,0.014,-0.005,-48.9,3.15,-51.3,1942.0
1787130807.824161,-2.164,-0.378,9.5,-0.024,0.01,-0.002,-49.05,3.75,-50.4,1942.0
1787130807.824172,-2.093,-0.326,9.486,-0.012,0.007,0.001,-47.4,2.4,-50.55,1897.0
1787130808.030404,-2.136,-0.376,9.507,-0.016,0.007,0.004,-47.85,3.6,-51.3,1947.0
1787130808.0304308,-2.174,-0.314,9.531,-0.015,0.01,-0.001,-48.75,4.2,-48.45,1947.0
1787130808.0304422,-2.198,-0.359,9.538,-0.015,-0.001,-0.007,-46.65,4.05,-50.1,1917.0
1787130808.2320895,-2.102,-0.352,9.5,-0.021,0.012,0.001,-48.6,4.05,-50.85,1947.0
1787130808.2368233,-2.181,-0.362,9.5,-0.013,0.006,-0.002,-48.6,3.6,-49.8,1947.0
1787130808.2368488,-2.193,-0.347,9.567,-0.017,0.006,-0.003,-47.1,4.8,-51.6,1912.0
1787130808.4386327,-2.145,-0.342,9.55,-0.015,0.005,-0.01,-47.25,2.7,-50.7,1916.0
1787130808.4386587,-2.131,-0.352,9.495,-0.015,0.009,-0.001,-48.75,3.0,-49.2,1916.0
1787130808.4386706,-2.219,-0.376,9.538,-0.015,0.015,-0.005,-47.25,3.45,-51.45,1916.0
1787130808.643748,-2.14,-0.373,9.471,-0.015,0.016,0.002,-48.75,3.75,-51.0,1950.0
1787130808.6437736,-2.181,-0.345,9.541,-0.013,0.013,0.006,-47.4,4.05,-51.6,1950.0
1787130808.643785,-2.162,-0.333,9.529,-0.011,0.011,-0.003,-49.35,3.6,-49.8,1950.0
1787130808.848575,-2.097,-0.338,9.512,-0.019,0.005,0.0,-48.75,2.7,-51.0,1933.0
1787130808.8486004,-2.116,-0.309,9.56,-0.014,0.008,-0.005,-48.3,4.5,-50.4,1933.0
1787130808.848612,-2.114,-0.364,9.5,-0.013,0.01,-0.005,-47.7,3.45,-50.7,1933.0
1787130809.052722,-2.145,-0.342,9.483,-0.016,0.007,-0.001,-47.7,4.2,-51.45,1909.0
1787130809.0527482,-2.124,-0.326,9.467,-0.016,0.011,0.003,-47.85,3.15,-48.75,1909.0
1787130809.2575598,-2.179,-0.33,9.462,-0.021,0.013,-0.002,-47.7,3.75,-51.45,1925.0
1787130809.2575855,-2.174,-0.29,9.498,-0.018,0.012,0.002,-47.7,4.2,-51.75,1925.0
1787130809.2576437,-2.148,-0.419,9.517,-0.017,0.014,-0.001,-47.7,3.0,-51.0,1925.0
1787130809.4624546,-2.109,-0.354,9.519,-0.014,0.011,-0.001,-47.85,3.6,-51.3,1933.0
1787130809.6682122,-2.109,-0.342,9.471,-0.014,0.012,-0.002,-48.15,3.15,-50.1,1917.0
1787130809.6682365,-2.179,-0.354,9.493,-0.018,0.013,-0.003,-48.15,3.6,-50.55,1917.0
1787130809.6682475,-2.16,-0.326,9.495,-0.014,0.013,-0.005,-47.4,3.6,-50.85,1917.0
1787130810.0778978,-2.176,-0.28,9.534,-0.013,0.011,-0.003,-48.9,2.1,-51.3,1903.0
1787130810.0779238,-2.116,-0.364,9.534,-0.016,0.01,-0.004,-48.6,2.4,-50.85,1903.0
1787130810.0779357,-2.231,-0.409,9.495,-0.015,0.014,0.001,-47.4,2.4,-49.05,1953.0
1787130810.2814896,-2.179,-0.373,9.543,-0.02,0.012,-0.002,-48.6,3.15,-50.1,1920.0
1787130810.2815144,-2.176,-0.359,9.519,-0.019,0.007,0.003,-47.7,4.2,-50.7,1920.0
1787130810.2815259,-2.176,-0.354,9.488,-0.012,0.011,-0.005,-48.15,3.15,-49.8,1945.0
1787130810.486468,-2.176,-0.357,9.491,-0.011,0.009,-0.004,-47.85,4.35,-50.55,1943.0
1787130810.486493,-2.157,-0.45,9.527,-0.02,0.008,-0.004,-47.7,2.7,-48.45,1943.0
1787130810.4865048,-2.152,-0.402,9.474,-0.015,0.006,-0.001,-47.85,3.6,-50.55,1928.0
1787130810.6892076,-2.16,-0.314,9.505,-0.018,0.003,-0.004,-48.6,4.05,-50.85,1948.0
1787130810.896771,-2.128,-0.323,9.565,-0.012,0.014,0.005,-49.5,3.45,-51.0,1928.0
1787130810.896797,-2.14,-0.359,9.534,-0.013,0.023,0.004,-48.0,3.75,-50.7,1928.0
1787130810.8968084,-2.224,-0.333,9.471,-0.018,0.015,0.001,-48.15,3.15,-50.85,1928.0
1787130811.1008506,-2.191,-0.359,9.5,-0.015,0.012,-0.005,-48.15,2.85,-49.8,1928.0
1787130811.1008842,-2.188,-0.373,9.493,-0.017,0.013,0.001,-47.7,3.0,-51.75,1928.0
1787130811.1008956,-2.193,-0.371,9.553,-0.016,0.007,-0.003,-48.3,3.45,-49.95,1928.0
1787130811.306051,-2.16,-0.364,9.507,-0.014,0.011,-0.006,-47.85,4.05,-51.6,1926.0
1787130811.3060744,-2.176,-0.309,9.457,-0.018,0.003,-0.002,-47.25,3.75,-51.0,1926.0
1787130811.3060858,-2.205,-0.362,9.493,-0.015,0.006,0.001,-48.3,1.8,-51.45,1926.0
1787130811.5108774,-2.174,-0.381,9.515,-0.015,0.005,0.002,-48.15,4.35,-49.35,1925.0
1787130811.5109031,-2.152,-0.369,9.488,-0.023,0.018,-0.006,-47.25,3.0,-51.0,1925.0
1787130811.5109146,-2.164,-0.33,9.527,-0.011,0.018,-0.001,-48.6,3.6,-50.55,1925.0
1787130811.7178006,-2.128,-0.378,9.505,-0.015,0.011,-0.004,-48.15,3.15,-51.3,1895.0
1787130811.7178261,-2.241,-0.345,9.495,-0.015,0.003,-0.001,-48.15,3.15,-50.85,1895.0
1787130811.7178376,-2.229,-0.304,9.541,-0.015,0.0,0.001,-47.7,3.0,-50.7,1895.0
1787130811.922327,-2.224,-0.354,9.495,-0.018,0.004,-0.002,-46.95,3.45,-51.0,1917.0
1787130812.12535,-2.179,-0.39,9.522,-0.019,0.01,-0.001,-47.4,3.6,-50.1,1965.0
1787130812.1253757,-2.157,-0.371,9.517,-0.019,0.007,-0.01,-48.9,4.8,-50.55,1965.0
1787130812.1253877,-2.219,-0.383,9.479,-0.022,0.004,0.0,-46.95,2.25,-49.65,1965.0
1787130812.3294146,-2.176,-0.366,9.495,-0.022,0.009,-0.001,-48.15,3.15,-50.55,1910.0
1787130812.3294382,-2.184,-0.371,9.438,-0.018,0.016,-0.005,-47.1,4.35,-50.55,1910.0
1787130812.535846,-2.116,-0.352,9.51,-0.019,0.007,-0.007,-46.95,2.7,-51.0,1931.0
1787130812.53588,-2.205,-0.376,9.538,-0.016,0.011,-0.006,-47.4,3.15,-50.55,1931.0
1787130812.5358918,-2.186,-0.321,9.488,-0.014,0.01,-0.002,-49.35,2.4,-52.35,1950.0
1787130812.739634,-2.2,-0.409,9.476,-0.014,0.008,-0.006,-47.7,3.75,-51.45,1923.0
1787130812.7396593,-2.14,-0.342,9.471,-0.017,0.001,-0.004,-48.6,3.15,-50.55,1923.0
1787130812.7396708,-2.121,-0.397,9.452,-0.017,0.003,-0.001,-49.05,3.0,-50.7,1953.0
1787130812.944413,-2.138,-0.352,9.517,-0.015,0.005,-0.006,-48.9,3.15,-50.85,1943.0
1787130812.944438,-2.121,-0.311,9.486,-0.016,0.006,-0.006,-48.0,2.25,-51.45,1943.0
1787130812.9444492,-2.188,-0.362,9.555,-0.016,0.0,-0.01,-47.4,3.15,-51.6,1943.0
1787130813.1505919,-2.167,-0.354,9.562,-0.019,0.006,-0.002,-48.0,2.7,-49.2,1969.0
1787130813.1506176,-2.1,-0.359,9.527,-0.014,0.019,0.001,-47.25,4.2,-51.0,1969.0
1787130813.1506293,-2.217,-0.381,9.515,-0.017,0.015,0.002,-48.9,4.35,-51.6,1969.0
1787130813.354609,-2.174,-0.326,9.534,-0.016,0.01,-0.001,-48.6,4.05,-51.6,1958.0
1787130813.3546345,-2.179,-0.369,9.51,-0.015,0.006,-0.002,-48.75,3.75,-51.75,1958.0
1787130813.5591602,-2.128,-0.335,9.519,-0.015,0.011,0.005,-48.9,5.1,-50.1,1944.0
1787130813.5591855,-2.205,-0.393,9.474,-0.018,0.011,-0.002,-49.35,4.05,-49.35,1944.0
1787130813.559197,-2.186,-0.357,9.517,-0.018,0.008,-0.003,-48.0,3.45,-50.4,1944.0
1787130813.7635396,-2.219,-0.314,9.515,-0.01,0.005,-0.008,-48.3,3.75,-51.75,1951.0
1787130813.7635677,-2.167,-0.323,9.527,-0.015,0.004,-0.001,-48.3,2.25,-51.0,1951.0
1787130813.7635794,-2.109,-0.354,9.527,-0.021,0.009,-0.002,-48.9,4.35,-50.1,1951.0
1787130813.9665887,-2.267,-0.395,9.438,-0.014,0.007,0.001,-47.1,1.35,-51.3,1984.0
1787130814.1728747,-2.16,-0.261,9.565,-0.02,0.013,0.001,-48.9,4.05,-50.55,1875.0
1787130814.1728997,-2.21,-0.371,9.515,-0.016,0.007,-0.005,-47.85,4.35,-50.85,1926.0
1787130814.1729114,-2.224,-0.342,9.486,-0.016,0.002,-0.003,-48.0,4.5,-50.7,1926.0
1787130814.3803678,-2.15,-0.364,9.553,-0.018,0.007,-0.003,-46.95,3.75,-49.65,1931.0
1787130814.3803933,-2.109,-0.33,9.476,-0.01,0.011,-0.005,-48.15,3.15,-50.55,1931.0
1787130814.5827742,-2.193,-0.417,9.505,-0.014,0.013,-0.003,-48.15,2.85,-50.85,1931.0
1787130814.5828004,-2.138,-0.35,9.491,-0.018,0.009,-0.008,-47.85,3.6,-50.1,1931.0
1787130814.5828116,-2.207,-0.366,9.495,-0.022,0.006,-0.003,-48.0,3.75,-50.4,1931.0
1787130814.788284,-2.181,-0.378,9.467,-0.019,0.005,-0.004,-47.25,3.0,-51.0,1929.0
1787130814.7883112,-2.212,-0.345,9.469,-0.019,0.009,-0.002,-47.7,4.95,-50.7,1912.0
1787130814.7883232,-2.172,-0.342,9.553,-0.015,0.013,-0.007,-48.0,3.0,-48.75,1912.0
1787130814.9929664,-2.188,-0.373,9.448,-0.021,-0.001,-0.004,-49.65,2.4,-51.6,1963.0
1787130814.9929945,-2.184,-0.388,9.505,-0.019,0.009,-0.005,-48.3,3.45,-49.65,1963.0
1787130814.993004,-2.176,-0.345,9.531,-0.014,0.017,-0.005,-48.9,4.05,-49.05,1932.0
1787130815.197592,-2.191,-0.359,9.555,-0.016,0.009,-0.004,-48.9,2.4,-51.3,1942.0
1787130815.1976178,-2.105,-0.39,9.459,-0.018,0.011,-0.004,-47.1,4.35,-52.35,1942.0
1787130815.1976292,-2.15,-0.314,9.462,-0.019,0.014,-0.005,-49.5,4.5,-51.0,1980.0
1787130815.402381,-2.188,-0.294,9.534,-0.015,0.012,-0.001,-48.15,2.85,-50.1,1925.0
1787130815.4024074,-2.21,-0.45,9.481,-0.016,0.014,-0.001,-48.75,4.95,-50.4,1925.0
1787130815.4024186,-2.198,-0.33,9.543,-0.02,0.007,0.001,-48.9,3.6,-50.85,1894.0
1787130815.811408,-2.265,-0.364,9.503,-0.012,0.008,-0.005,-48.75,3.75,-49.95,1934.0
1787130815.8114345,-2.143,-0.429,9.471,-0.019,0.006,-0.002,-49.35,3.6,-52.05,1934.0
1787130815.8114457,-2.219,-0.373,9.455,-0.016,0.009,0.003,-48.3,4.2,-50.7,1934.0
1787130816.016682,-2.155,-0.371,9.524,-0.019,0.006,-0.004,-47.25,4.2,-52.2,1915.0
1787130816.0167077,-2.215,-0.366,9.433,-0.015,0.013,-0.004,-47.1,2.85,-52.05,1915.0
1787130816.016719,-2.179,-0.364,9.5,-0.018,0.002,0.001,-49.05,3.0,-51.0,1915.0
1787130816.221542,-2.169,-0.362,9.491,-0.02,0.021,-0.006,-48.15,4.35,-50.85,1913.0
1787130816.2215676,-2.133,-0.407,9.479,-0.015,0.02,-0.005,-48.6,2.85,-50.85,1913.0
1787130816.221579,-2.217,-0.316,9.5,-0.018,0.01,0.001,-48.6,4.8,-50.1,1913.0
1787130816.4368474,-2.088,-0.366,9.51,-0.012,0.014,0.003,-48.0,3.45,-50.4,1959.0
1787130816.4368854,-2.205,-0.385,9.469,-0.017,0.012,0.001,-47.85,4.8,-50.55,1959.0
1787130816.4368966,-2.188,-0.369,9.464,-0.011,0.012,-0.003,-48.3,2.25,-51.0,1959.0
1787130816.630924,-2.179,-0.33,9.495,-0.019,0.004,-0.002,-48.3,3.45,-49.95,1876.0
1787130816.6309493,-2.107,-0.33,9.517,-0.014,0.005,-0.002,-47.7,3.0,-49.2,1876.0
1787130816.6309607,-2.222,-0.366,9.493,-0.02,0.007,0.005,-48.15,3.15,-50.1,1876.0
1787130816.8373764,-2.133,-0.352,9.459,-0.015,0.004,0.002,-48.75,3.75,-51.0,1939.0
1787130816.8374019,-2.124,-0.395,9.541,-0.014,0.013,-0.007,-48.6,3.6,-49.05,1936.0
1787130817.0408766,-2.179,-0.366,9.538,-0.015,0.007,0.002,-49.05,2.7,-51.75,1926.0
1787130817.0409014,-2.219,-0.354,9.519,-0.014,0.014,-0.003,-48.3,3.75,-51.75,1956.0
1787130817.0409133,-2.2,-0.369,9.562,-0.019,0.008,-0.001,-49.35,3.15,-50.1,1956.0
1787130817.2482388,-2.057,-0.421,9.529,-0.011,0.013,-0.002,-48.9,3.15,-50.85,1968.0
1787130817.2482636,-2.176,-0.409,9.445,-0.012,0.019,-0.001,-48.3,3.75,-49.95,1968.0
1787130817.2482753,-2.224,-0.33,9.519,-0.016,0.011,-0.001,-49.5,3.75,-51.0,1968.0
1787130817.4502177,-2.215,-0.364,9.522,-0.017,0.01,0.004,-47.85,4.05,-50.1,1933.0
1787130817.450298,-2.198,-0.321,9.486,-0.019,0.009,-0.005,-46.2,2.7,-51.75,1933.0
1787130817.4503105,-2.152,-0.357,9.498,-0.015,0.007,-0.003,-48.15,2.4,-50.85,1933.0
1787130817.6604128,-2.152,-0.338,9.527,-0.015,0.012,-0.004,-48.15,2.85,-51.6,1978.0
1787130817.660437,-2.148,-0.417,9.479,-0.014,0.013,0.001,-48.3,3.75,-51.0,1978.0
1787130817.6604486,-2.188,-0.381,9.555,-0.016,0.014,-0.006,-48.15,3.15,-50.55,1978.0
1787130817.8592343,-2.138,-0.381,9.505,-0.019,0.009,-0.002,-47.1,3.6,-50.1,1944.0
1787130818.064817,-2.176,-0.364,9.452,-0.019,0.007,-0.001,-48.3,5.7,-51.0,1917.0
1787130818.064843,-2.167,-0.376,9.519,-0.015,-0.002,-0.003,-47.25,1.8,-49.95,1917.0
1787130818.2690706,-2.143,-0.342,9.507,-0.016,0.009,-0.004,-47.7,3.45,-49.95,1903.0
1787130818.2690961,-2.138,-0.405,9.543,-0.016,0.015,-0.005,-47.25,3.0,-51.0,1903.0
1787130818.2691073,-2.152,-0.371,9.512,-0.018,0.012,-0.006,-48.75,1.8,-50.7,1903.0
1787130818.4737163,-2.263,-0.326,9.469,-0.019,0.013,0.0,-46.2,3.45,-51.75,1979.0
1787130818.4737391,-2.14,-0.397,9.476,-0.015,0.011,-0.004,-48.6,2.85,-50.85,1979.0
1787130818.4737506,-2.191,-0.314,9.493,-0.019,0.008,-0.005,-48.9,4.05,-50.85,1979.0
1787130818.6787784,-2.083,-0.302,9.459,-0.01,0.009,0.0,-47.7,3.0,-51.75,1929.0
1787130818.6788037,-2.167,-0.34,9.471,-0.013,0.016,-0.006,-48.6,2.4,-50.85,1929.0
1787130818.6788151,-2.239,-0.321,9.459,-0.022,0.004,-0.008,-47.85,2.85,-51.3,1929.0
1787130818.882813,-2.136,-0.364,9.483,-0.02,0.003,-0.003,-47.25,3.45,-51.75,1915.0
1787130818.8828378,-2.219,-0.345,9.562,-0.019,0.008,-0.002,-46.35,4.35,-51.6,1915.0
1787130819.0890582,-2.222,-0.35,9.531,-0.016,0.018,-0.01,-48.9,2.1,-50.1,1944.0
1787130819.0890837,-2.229,-0.402,9.5,-0.019,0.009,0.001,-47.7,1.05,-51.0,1944.0
1787130819.0890954,-2.186,-0.362,9.498,-0.019,0.009,0.003,-47.4,3.6,-50.55,1943.0
1787130819.293389,-2.186,-0.359,9.55,-0.015,0.012,-0.007,-46.95,3.75,-50.4,1908.0
1787130819.293414,-2.222,-0.376,9.498,-0.01,0.004,0.003,-48.15,2.85,-49.8,1908.0
1787130819.2934253,-2.164,-0.362,9.51,-0.019,0.006,-0.001,-48.6,3.15,-49.8,1939.0
1787130819.498152,-2.215,-0.302,9.512,-0.011,0.004,0.0,-48.15,3.6,-50.55,1915.0
1787130819.4981766,-2.105,-0.311,9.548,-0.02,0.005,-0.002,-49.05,4.2,-51.0,1915.0
1787130819.4981875,-2.184,-0.328,9.529,-0.014,0.011,-0.001,-48.15,0.9,-49.35,1937.0
1787130819.7022371,-2.2,-0.357,9.527,-0.017,0.02,-0.002,-48.75,4.05,-50.55,1961.0
1787130819.702263,-2.176,-0.342,9.512,-0.012,0.012,-0.003,-48.75,3.0,-51.0,1961.0
1787130819.7022753,-2.124,-0.393,9.476,-0.017,0.011,0.008,-48.3,2.7,-50.4,1976.0
1787130819.9052725,-2.222,-0.371,9.553,-0.013,0.013,-0.01,-48.15,4.05,-49.8,1932.0
1787130819.9080408,-2.215,-0.342,9.512,-0.016,0.005,0.002,-49.5,3.45,-52.2,1932.0
1787130820.1131737,-2.2,-0.376,9.522,-0.016,0.009,-0.003,-47.85,3.15,-52.35,1935.0
1787130820.1131988,-2.167,-0.345,9.517,-0.016,0.009,0.004,-47.85,1.65,-51.3,1935.0
1787130820.1132102,-2.224,-0.405,9.524,-0.012,0.004,-0.007,-48.6,4.05,-50.55,1935.0
1787130820.3174481,-2.217,-0.421,9.5,-0.012,0.006,-0.004,-48.15,1.65,-50.85,1872.0
1787130820.3174741,-2.131,-0.364,9.474,-0.013,0.011,-0.004,-49.5,4.5,-50.7,1872.0
1787130820.3174853,-2.227,-0.405,9.486,-0.012,0.007,-0.006,-47.85,3.15,-49.8,1872.0
1787130820.5212355,-2.112,-0.323,9.531,-0.014,-0.001,0.001,-48.15,4.05,-49.05,1912.0
1787130820.5212607,-2.217,-0.326,9.51,-0.016,0.001,-0.01,-46.95,3.45,-51.0,1912.0
1787130820.7266905,-2.138,-0.436,9.515,-0.015,0.004,-0.003,-48.6,4.35,-50.55,1936.0
1787130820.7267146,-2.145,-0.381,9.5,-0.018,0.005,-0.004,-48.15,3.15,-50.55,1955.0
1787130820.7267263,-2.116,-0.345,9.488,-0.015,0.007,-0.002,-48.75,3.75,-51.45,1955.0
1787130820.9312096,-2.078,-0.39,9.476,-0.013,0.011,0.004,-48.0,2.7,-51.0,1938.0
1787130820.9312336,-2.167,-0.342,9.488,-0.015,0.01,0.008,-48.75,2.25,-52.2,1938.0
1787130820.9312453,-2.231,-0.316,9.467,-0.018,-0.002,-0.001,-47.7,3.0,-51.75,1938.0
1787130821.1366186,-2.095,-0.472,9.517,-0.015,-0.031,0.004,-47.85,3.6,-50.85,1947.0
1787130821.1366441,-2.052,-0.34,9.512,-0.01,-0.007,-0.005,-47.25,4.2,-50.7,1955.0
1787130821.1366553,-2.049,-0.364,9.541,-0.018,0.007,-0.006,-48.0,2.7,-51.75,1955.0
1787130821.3408616,-2.085,-0.338,9.562,-0.02,0.013,-0.006,-48.75,3.0,-51.0,1957.0
1787130821.3408868,-2.105,-0.35,9.507,-0.008,0.013,-0.011,-48.0,3.75,-50.7,1935.0
1787130821.3408983,-2.083,-0.335,9.515,-0.009,0.01,-0.003,-48.6,4.05,-51.3,1935.0
1787130821.546591,-2.057,-0.395,9.519,-0.016,0.016,-0.001,-47.85,1.35,-50.1,1958.0
1787130821.5466163,-2.176,-0.352,9.522,-0.012,0.014,0.003,-47.4,4.05,-50.85,1933.0
1787130821.5466278,-2.109,-0.309,9.534,-0.012,0.01,-0.002,-48.15,4.8,-50.55,1933.0
1787130821.750609,-2.188,-0.34,9.567,-0.016,0.009,-0.005,-48.0,3.45,-49.95,1919.0
1787130821.750634,-2.107,-0.354,9.584,-0.014,0.0,0.006,-48.15,5.55,-51.6,1919.0
1787130821.7506459,-2.078,-0.345,9.55,-0.019,-0.009,-0.004,-49.65,4.8,-51.6,1919.0
1787130821.955409,-2.105,-0.383,9.527,-0.012,0.022,-0.002,-48.6,3.6,-52.35,1952.0
1787130821.9554343,-2.064,-0.342,9.491,-0.012,0.015,-0.003,-48.15,3.15,-50.55,1952.0
1787130821.9554453,-2.169,-0.29,9.5,-0.02,0.011,-0.003,-47.25,4.5,-51.75,1918.0
1787130822.1581726,-2.152,-0.39,9.51,-0.018,0.019,-0.005,-48.3,2.7,-50.7,1940.0
1787130822.3656955,-2.15,-0.306,9.479,-0.01,0.007,-0.002,-48.9,3.6,-51.3,1955.0
1787130822.3657207,-2.093,-0.409,9.517,-0.016,0.012,0.009,-49.05,2.7,-49.95,1955.0
1787130822.3657336,-2.059,-0.345,9.493,-0.018,0.017,-0.002,-48.9,5.1,-50.55,1955.0
1787130822.5704536,-2.095,-0.35,9.491,-0.02,0.02,0.0,-49.8,2.25,-50.7,1954.0
1787130822.5704792,-2.095,-0.292,9.534,-0.02,0.01,0.003,-47.7,2.25,-51.75,1954.0
1787130822.5704908,-2.121,-0.352,9.534,-0.015,0.01,0.001,-47.85,3.15,-50.85,1954.0
1787130822.775669,-2.061,-0.364,9.543,-0.013,0.005,-0.003,-47.85,3.15,-50.85,1967.0
1787130822.7756941,-2.112,-0.328,9.558,-0.007,-0.002,0.001,-46.95,2.7,-50.7,1967.0
1787130822.7757056,-2.088,-0.371,9.56,-0.01,0.01,-0.001,-47.1,2.4,-50.1,1967.0
1787130822.9794993,-2.167,-0.335,9.464,-0.013,0.01,0.001,-47.4,3.45,-50.4,1895.0
1787130822.9795249,-2.133,-0.306,9.522,-0.015,0.011,0.009,-46.2,3.75,-51.75,1895.0
1787130822.9795358,-2.109,-0.273,9.507,-0.016,0.013,-0.002,-48.0,3.75,-50.4,1895.0
1787130823.1847568,-2.15,-0.299,9.505,-0.014,0.011,-0.006,-49.8,5.4,-49.95,1901.0
1787130823.1847823,-2.145,-0.335,9.529,-0.016,0.009,-0.006,-46.95,3.45,-51.45,1901.0
1787130823.184795,-2.105,-0.328,9.512,-0.015,0.013,0.001,-47.7,3.75,-51.75,1901.0
1787130823.3894463,-2.119,-0.28,9.594,-0.02,0.013,-0.002,-49.65,3.6,-51.3,1933.0
1787130823.3894718,-2.109,-0.366,9.512,-0.016,0.012,0.003,-48.9,4.05,-51.3,1933.0
1787130823.389483,-2.157,-0.366,9.433,-0.017,0.018,0.001,-47.4,2.85,-51.3,1933.0
1787130823.5943415,-2.155,-0.362,9.495,-0.016,0.005,0.007,-47.25,3.75,-49.95,1932.0
1787130823.5943677,-2.133,-0.385,9.51,-0.018,0.011,-0.005,-47.7,3.75,-50.4,1932.0
1787130823.594379,-2.143,-0.323,9.5,-0.019,0.005,-0.007,-48.3,3.45,-51.45,1932.0
1787130823.7987874,-2.114,-0.326,9.519,-0.02,0.013,-0.003,-47.85,2.85,-50.85,1937.0
1787130824.0036309,-2.16,-0.321,9.515,-0.016,0.012,-0.001,-47.25,2.7,-52.5,1946.0
1787130824.003657,-2.188,-0.376,9.491,-0.013,0.006,-0.003,-46.95,1.5,-50.7,1946.0
1787130824.0036688,-2.136,-0.318,9.488,-0.013,0.005,0.0,-47.85,4.8,-51.6,1946.0
1787130824.2085335,-2.169,-0.316,9.474,-0.012,0.008,-0.003,-49.5,4.95,-51.0,1963.0
1787130824.2085583,-2.124,-0.333,9.464,-0.018,0.01,-0.001,-48.15,2.85,-50.1,1963.0
1787130824.20857,-2.119,-0.304,9.529,-0.017,0.011,0.004,-47.85,3.6,-50.55,1963.0
1787130824.413642,-2.174,-0.314,9.515,-0.014,0.005,-0.003,-47.7,3.0,-51.0,1916.0
1787130824.413667,-2.126,-0.342,9.491,-0.014,0.018,-0.013,-47.85,4.05,-52.05,1916.0
1787130824.4136786,-2.145,-0.321,9.527,-0.012,0.011,-0.005,-47.85,1.65,-51.3,1916.0
1787130824.618277,-2.114,-0.333,9.546,-0.012,0.014,-0.006,-49.05,3.45,-50.4,1911.0
1787130824.618302,-2.162,-0.261,9.476,-0.019,0.001,-0.009,-47.25,2.25,-50.7,1911.0
1787130824.6183138,-2.083,-0.323,9.517,-0.016,0.0,-0.005,-48.0,1.5,-50.7,1911.0
1787130824.822885,-2.112,-0.318,9.505,-0.012,0.005,-0.002,-48.0,5.4,-50.7,1939.0
1787130824.82291,-2.109,-0.362,9.55,-0.016,0.013,-0.006,-47.25,2.7,-51.45,1939.0
1787130824.823157,-2.121,-0.347,9.488,-0.018,0.008,-0.002,-49.05,4.5,-51.0,1939.0
1787130825.0277267,-2.069,-0.318,9.476,-0.016,-0.008,0.002,-48.0,3.0,-51.0,1890.0
1787130825.0277517,-2.215,-0.287,9.493,-0.018,0.007,-0.001,-47.7,3.75,-51.0,1890.0
1787130825.232935,-2.109,-0.292,9.512,-0.019,0.013,-0.005,-47.85,2.85,-51.3,1948.0
1787130825.23296,-2.107,-0.335,9.515,-0.011,0.01,-0.002,-48.0,3.0,-49.2,1948.0
1787130825.2329714,-2.088,-0.33,9.543,-0.019,0.013,-0.003,-47.85,1.65,-52.35,1948.0
1787130825.4350586,-2.061,-0.321,9.483,-0.024,0.018,0.002,-48.0,3.75,-51.0,1975.0
1787130825.6417344,-2.203,-0.304,9.548,-0.016,0.005,0.002,-47.1,3.6,-50.55,1959.0
1787130825.6417594,-2.119,-0.426,9.503,-0.014,0.007,-0.001,-48.15,2.85,-51.3,1959.0
1787130825.6417716,-2.14,-0.306,9.503,-0.014,0.009,-0.006,-48.15,3.6,-52.05,1941.0
1787130825.8464444,-2.136,-0.371,9.495,-0.02,0.01,-0.006,-48.15,3.15,-50.1,1926.0
1787130825.8464692,-2.088,-0.304,9.476,-0.018,0.011,-0.002,-48.15,2.85,-51.6,1926.0
1787130825.8464806,-2.114,-0.366,9.479,-0.015,0.009,-0.003,-48.15,4.8,-51.3,1970.0
1787130826.052068,-2.114,-0.34,9.464,-0.016,0.015,-0.006,-47.85,2.4,-50.1,1960.0
1787130826.0520942,-2.073,-0.359,9.471,-0.009,0.015,0.001,-47.85,3.15,-50.85,1928.0
1787130826.0521057,-2.138,-0.397,9.486,-0.018,0.008,-0.005,-47.85,4.05,-50.85,1928.0
1787130826.25868,-2.061,-0.362,9.536,-0.015,0.016,-0.004,-48.3,3.75,-52.5,1943.0
1787130826.258704,-2.133,-0.302,9.5,-0.012,0.014,-0.003,-47.7,3.75,-51.0,1943.0
1787130826.2587159,-2.169,-0.34,9.488,-0.022,0.009,0.003,-47.7,3.0,-52.2,1989.0
1787130826.4615319,-2.085,-0.357,9.515,-0.02,0.005,-0.009,-48.15,2.1,-49.8,1924.0
1787130826.4615564,-2.121,-0.362,9.507,-0.017,0.005,-0.008,-47.4,3.6,-50.55,1924.0
1787130826.4615672,-2.116,-0.306,9.505,-0.01,0.019,-0.004,-48.15,3.15,-49.8,1924.0
1787130826.6660535,-2.124,-0.345,9.486,-0.006,0.015,-0.001,-48.0,2.25,-50.4,1975.0
1787130826.6660821,-2.15,-0.364,9.469,-0.01,0.015,-0.002,-47.4,1.65,-50.55,1975.0
1787130826.6660936,-2.148,-0.359,9.519,-0.017,0.01,0.01,-48.0,2.25,-51.0,1975.0
1787130826.8706586,-2.152,-0.314,9.512,-0.014,0.007,-0.002,-48.9,2.4,-50.55,1967.0
1787130826.8706834,-2.126,-0.275,9.495,-0.022,0.012,0.003,-48.75,3.75,-48.45,1967.0
1787130826.8706946,-2.167,-0.342,9.524,-0.011,0.012,-0.003,-47.7,2.7,-51.75,1967.0
1787130827.0763352,-2.097,-0.378,9.452,-0.017,0.013,-0.001,-48.0,3.0,-51.0,1953.0
1787130827.0763605,-2.102,-0.304,9.517,-0.018,0.015,-0.01,-47.7,3.75,-50.4,1953.0
1787130827.2808995,-2.14,-0.328,9.517,-0.019,0.006,-0.004,-49.35,3.15,-51.3,1921.0
1787130827.2809253,-2.102,-0.34,9.486,-0.018,0.004,0.0,-49.5,2.25,-51.0,1928.0
1787130827.2809367,-2.145,-0.321,9.488,-0.015,0.014,0.001,-48.9,3.6,-51.6,1928.0
1787130827.4853106,-2.169,-0.306,9.527,-0.017,0.006,0.001,-48.0,4.5,-51.45,1881.0
1787130827.4853365,-2.164,-0.357,9.538,-0.012,0.006,-0.002,-48.3,3.75,-51.0,1881.0
1787130827.485348,-2.124,-0.385,9.443,-0.018,0.006,-0.003,-48.15,1.35,-52.05,1881.0
1787130827.689835,-2.16,-0.383,9.464,-0.016,0.009,-0.006,-47.25,5.4,-49.95,1977.0
1787130827.6898718,-2.061,-0.383,9.486,-0.016,0.006,0.003,-47.7,3.0,-50.4,1977.0
1787130827.6898837,-2.131,-0.328,9.493,-0.012,0.013,-0.009,-47.85,3.15,-50.1,1977.0
1787130827.8960829,-2.085,-0.381,9.495,-0.02,0.013,-0.003,-48.0,2.7,-51.0,1963.0
1787130827.8961015,-2.145,-0.323,9.5,-0.012,0.007,0.003,-48.6,3.6,-52.35,1963.0
1787130828.0994859,-2.148,-0.354,9.471,-0.014,0.019,-0.005,-49.65,1.35,-50.55,1934.0
1787130828.0995119,-2.167,-0.311,9.534,-0.014,0.011,-0.002,-46.5,3.0,-51.0,1974.0
1787130828.0995233,-2.107,-0.34,9.522,-0.015,0.007,0.0,-48.3,3.45,-50.4,1974.0
1787130828.3050644,-2.15,-0.333,9.522,-0.015,0.017,-0.002,-48.9,3.6,-50.1,1910.0
1787130828.3050935,-2.126,-0.338,9.488,-0.019,0.009,0.003,-47.4,3.15,-51.3,1910.0
1787130828.305105,-2.114,-0.302,9.493,-0.016,0.006,0.003,-48.15,3.6,-49.8,1933.0
1787130828.512686,-2.128,-0.333,9.495,-0.018,0.007,0.001,-47.85,5.1,-50.55,1927.0
1787130828.5127132,-2.21,-0.385,9.474,-0.015,0.007,-0.002,-49.05,4.95,-51.75,1927.0
1787130828.5127256,-2.14,-0.294,9.498,-0.014,0.011,0.001,-46.2,3.45,-49.95,1925.0
1787130828.7140806,-2.088,-0.311,9.538,-0.015,0.009,-0.002,-47.1,3.15,-52.05,1902.0
1787130828.9192026,-2.105,-0.29,9.536,-0.015,0.009,-0.003,-48.3,3.45,-51.0,1996.0
1787130828.9192271,-2.105,-0.321,9.51,-0.019,0.009,-0.003,-47.1,3.15,-49.8,1996.0
1787130828.9192386,-2.121,-0.304,9.471,-0.015,0.002,0.002,-48.15,3.6,-52.05,1996.0
1787130829.123605,-2.1,-0.259,9.481,-0.013,0.006,-0.002,-47.7,4.5,-51.45,1948.0
1787130829.1236293,-2.167,-0.366,9.517,-0.012,0.008,-0.004,-47.7,2.7,-52.95,1948.0
1787130829.1236405,-2.105,-0.338,9.536,-0.015,0.012,-0.004,-49.35,2.4,-51.6,1948.0
1787130829.328573,-2.145,-0.34,9.488,-0.014,0.015,-0.005,-48.15,3.6,-49.8,1944.0
1787130829.3286014,-2.207,-0.323,9.469,-0.013,0.012,0.003,-49.05,4.5,-51.45,1944.0
1787130829.3286126,-2.184,-0.338,9.498,-0.017,0.011,-0.001,-46.65,3.15,-50.85,1944.0
1787130829.5332468,-2.124,-0.328,9.5,-0.019,0.004,-0.002,-48.9,2.4,-52.35,1954.0
1787130829.5332708,-2.04,-0.323,9.517,-0.021,0.006,-0.002,-47.25,2.7,-51.45,1954.0
1787130829.533282,-2.157,-0.273,9.555,-0.018,0.013,-0.01,-46.65,2.1,-51.3,1954.0
1787130829.7385175,-2.107,-0.362,9.522,-0.014,0.014,-0.003,-47.85,3.6,-50.55,1947.0
1787130829.7385435,-2.124,-0.357,9.486,-0.016,0.007,-0.006,-47.7,3.75,-50.4,1947.0
1787130829.738555,-2.143,-0.29,9.548,-0.016,0.006,-0.004,-49.05,2.85,-51.6,1947.0
1787130829.9427938,-2.126,-0.362,9.507,-0.019,0.009,0.006,-47.85,3.15,-49.35,1973.0
1787130829.9428186,-2.124,-0.335,9.522,-0.022,0.005,-0.001,-48.3,3.0,-49.95,1973.0
1787130829.9428306,-2.116,-0.302,9.531,-0.015,0.014,-0.006,-48.0,2.7,-51.0,1973.0
1787130830.148142,-2.078,-0.297,9.538,-0.012,0.011,0.003,-47.85,4.8,-49.05,1952.0
1787130830.1481829,-2.109,-0.335,9.519,-0.015,0.02,-0.006,-48.6,3.6,-51.3,1972.0
1787130830.1481898,-2.157,-0.345,9.476,-0.018,0.018,0.001,-49.5,4.5,-49.95,1972.0
1787130830.3507862,-2.078,-0.33,9.548,-0.02,0.006,-0.006,-48.15,4.35,-49.35,1856.0
1787130830.5570762,-2.116,-0.357,9.522,-0.019,0.009,0.0,-48.3,4.2,-51.0,1922.0
1787130830.5571017,-2.188,-0.323,9.519,-0.016,0.014,-0.006,-47.1,3.6,-51.3,1922.0
1787130830.762586,-2.126,-0.378,9.538,-0.014,0.006,-0.003,-48.6,3.15,-50.55,1892.0
1787130830.7626123,-2.116,-0.294,9.452,-0.012,0.013,-0.001,-47.7,4.2,-51.45,1892.0
1787130830.762624,-2.162,-0.297,9.565,-0.021,0.012,0.003,-48.15,3.6,-49.8,1993.0
1787130830.968668,-2.145,-0.294,9.536,-0.015,0.01,-0.001,-48.15,3.15,-50.1,1951.0
1787130830.9686933,-2.15,-0.311,9.517,-0.014,0.015,-0.002,-47.25,2.7,-51.0,1946.0
1787130831.1721919,-2.136,-0.297,9.529,-0.017,-0.005,-0.003,-46.95,4.5,-51.45,1870.0
1787130831.172214,-2.095,-0.273,9.474,-0.019,-0.002,-0.001,-48.15,2.4,-50.1,1870.0
1787130831.1722205,-2.133,-0.314,9.486,-0.015,-0.003,0.014,-48.15,3.6,-50.85,1870.0
1787130831.3762903,-2.114,-0.357,9.486,-0.013,0.012,-0.003,-47.85,2.4,-50.85,1959.0
1787130831.376316,-2.107,-0.381,9.495,-0.016,0.009,-0.003,-46.65,1.35,-50.85,1959.0
1787130831.3763275,-2.112,-0.359,9.505,-0.015,0.015,0.003,-48.75,1.8,-49.2,1959.0
1787130831.5816312,-2.138,-0.347,9.527,-0.01,0.004,0.007,-47.4,2.4,-50.55,1975.0
1787130831.5816574,-2.128,-0.323,9.531,-0.011,0.007,-0.003,-46.5,3.75,-52.2,1975.0
1787130831.5816689,-2.186,-0.333,9.507,-0.007,0.01,-0.002,-48.0,3.0,-50.7,1975.0
1787130831.7858315,-2.09,-0.357,9.517,-0.019,-0.004,-0.002,-48.0,3.45,-50.4,1946.0
1787130831.7858617,-2.061,-0.273,9.481,-0.021,0.005,-0.003,-47.1,2.1,-50.85,1946.0
1787130831.9892526,-2.105,-0.316,9.515,-0.009,0.013,-0.005,-48.0,3.45,-51.45,1909.0
1787130832.1956158,-2.124,-0.283,9.519,-0.015,0.007,-0.013,-48.15,2.4,-50.85,1949.0
1787130832.1956406,-2.155,-0.294,9.471,-0.02,0.006,-0.005,-47.4,3.15,-49.8,1949.0
1787130832.1956527,-2.119,-0.393,9.517,-0.019,0.018,0.001,-48.75,3.0,-51.0,1949.0
1787130832.4008942,-2.152,-0.309,9.505,-0.014,0.011,-0.002,-48.75,3.75,-51.45,1917.0
1787130832.40092,-2.126,-0.309,9.582,-0.015,0.007,-0.002,-47.85,3.6,-51.6,1951.0
1787130832.4009311,-2.069,-0.278,9.503,-0.015,0.009,0.001,-47.7,4.2,-49.95,1951.0
1787130832.6052785,-2.107,-0.294,9.55,-0.015,0.005,0.003,-46.65,3.6,-50.55,1949.0
1787130832.6053047,-2.107,-0.268,9.527,-0.019,0.006,-0.004,-48.3,3.75,-49.65,1904.0
1787130832.6053643,-2.076,-0.335,9.493,-0.018,0.011,0.003,-48.3,2.7,-51.0,1904.0
1787130832.810661,-2.045,-0.266,9.538,-0.017,0.01,-0.008,-47.1,3.6,-51.3,1939.0
1787130832.8106863,-2.179,-0.333,9.493,-0.016,0.014,-0.006,-48.6,3.6,-51.6,1905.0
1787130832.8106976,-2.131,-0.306,9.519,-0.011,0.015,-0.002,-46.95,1.8,-50.7,1905.0
1787130833.0153077,-2.097,-0.335,9.476,-0.019,0.001,-0.005,-48.15,4.35,-50.55,1982.0
1787130833.0153334,-2.131,-0.28,9.5,-0.016,0.007,-0.005,-48.3,3.45,-50.4,1982.0
1787130833.0153449,-2.057,-0.314,9.522,-0.014,0.012,-0.006,-49.8,1.8,-49.95,1948.0
1787130833.2205827,-2.162,-0.309,9.493,-0.018,0.011,0.001,-48.75,3.75,-50.7,1960.0
1787130833.2206087,-2.133,-0.306,9.481,-0.019,0.011,-0.002,-47.85,1.65,-50.55,1960.0
1787130833.2206204,-2.14,-0.316,9.507,-0.017,0.014,0.004,-47.7,3.0,-51.0,1960.0
1787130833.4242442,-2.088,-0.261,9.503,-0.015,0.007,0.003,-46.5,4.2,-51.0,1939.0
1787130833.424269,-2.109,-0.335,9.529,-0.018,0.008,-0.006,-48.15,3.6,-51.3,1939.0
1787130833.4242806,-2.138,-0.304,9.51,-0.02,0.014,-0.007,-47.25,3.0,-49.95,1939.0
1787130833.6284635,-2.078,-0.364,9.5,-0.019,0.011,0.002,-48.0,3.45,-49.95,1984.0
1787130833.6284885,-2.073,-0.271,9.555,-0.018,0.015,-0.001,-48.15,2.85,-49.35,1888.0
1787130833.8341224,-2.133,-0.285,9.534,-0.013,0.01,-0.004,-47.1,2.85,-51.6,1930.0
1787130833.8341477,-2.239,-0.294,9.562,-0.018,0.003,-0.002,-48.75,2.25,-50.4,1930.0
1787130833.8341591,-2.071,-0.285,9.498,-0.014,0.005,0.0,-47.7,4.95,-50.7,1930.0
1787130834.0384402,-2.095,-0.28,9.498,-0.015,0.006,-0.006,-48.15,2.4,-50.85,1947.0
1787130834.0384643,-2.09,-0.321,9.519,-0.014,0.011,-0.007,-47.1,4.05,-50.1,1947.0
1787130834.0384755,-2.124,-0.285,9.498,-0.014,0.016,0.001,-47.25,4.2,-50.7,1947.0
1787130834.2464967,-2.095,-0.347,9.469,-0.018,0.017,-0.006,-48.15,3.6,-49.35,1945.0
1787130834.4491653,-2.133,-0.251,9.464,-0.013,0.014,-0.005,-47.25,3.0,-51.0,1969.0
1787130834.4491875,-2.145,-0.318,9.464,-0.014,0.005,-0.002,-48.0,4.2,-52.2,1969.0
1787130834.449194,-2.176,-0.316,9.5,-0.016,0.009,-0.001,-47.1,2.85,-51.3,1969.0
1787130834.6531355,-2.138,-0.35,9.455,-0.016,0.01,0.001,-47.25,3.75,-50.7,1907.0
1787130834.6531608,-2.148,-0.342,9.531,-0.017,0.0,-0.006,-49.05,3.75,-50.7,1907.0
1787130834.6531723,-2.212,-0.309,9.538,-0.015,0.001,-0.004,-48.3,3.0,-49.2,1907.0
1787130834.8580399,-2.107,-0.364,9.524,-0.016,0.011,-0.004,-47.7,2.25,-50.7,1974.0
1787130834.8580751,-2.2,-0.314,9.534,-0.013,0.011,0.001,-47.25,3.75,-51.0,1974.0
1787130834.8580823,-2.162,-0.294,9.476,-0.014,0.015,-0.006,-47.4,2.85,-52.35,1903.0
1787130835.0632944,-2.009,-0.311,9.512,-0.013,0.023,0.0,-47.85,3.6,-50.1,1962.0
1787130835.063321,-2.133,-0.359,9.548,-0.012,0.029,-0.003,-47.4,3.15,-51.3,1925.0
1787130835.0633328,-2.265,-0.347,9.519,-0.014,0.008,0.005,-47.7,2.7,-51.0,1925.0
1787130835.267369,-2.184,-0.29,9.531,-0.015,0.013,0.001,-48.75,2.25,-51.75,1917.0
1787130835.2673948,-2.133,-0.333,9.538,-0.016,0.007,-0.004,-47.7,2.7,-50.7,1919.0
1787130835.4726055,-2.136,-0.316,9.505,-0.021,0.009,-0.004,-48.3,3.0,-50.7,1950.0
1787130835.4726312,-2.155,-0.309,9.531,-0.02,0.011,-0.003,-49.65,3.15,-50.85,1950.0
1787130835.472643,-2.037,-0.299,9.479,-0.015,0.019,-0.004,-47.4,1.35,-49.05,1950.0
1787130835.6776125,-2.131,-0.268,9.491,-0.018,0.016,-0.002,-47.25,3.45,-50.4,1981.0
1787130835.6776376,-2.169,-0.309,9.476,-0.017,0.014,0.001,-47.1,3.15,-50.1,1981.0
1787130835.6776488,-2.167,-0.321,9.493,-0.017,0.015,-0.003,-48.9,3.15,-52.05,1981.0
1787130835.8831773,-2.162,-0.318,9.536,-0.014,0.009,-0.003,-47.25,2.7,-51.0,1949.0
1787130835.8832073,-2.265,-0.321,9.491,-0.015,0.006,0.002,-48.15,3.6,-51.3,1949.0
1787130836.0873406,-2.179,-0.29,9.476,-0.022,-0.005,-0.007,-48.0,4.5,-49.95,1943.0
1787130836.0873659,-2.174,-0.259,9.546,-0.019,0.007,-0.008,-47.85,3.15,-49.8,1943.0
1787130836.087377,-2.148,-0.393,9.503,-0.019,0.012,-0.007,-47.85,2.4,-49.35,1943.0
1787130836.2918005,-2.093,-0.311,9.479,-0.015,0.013,-0.001,-47.25,2.7,-51.75,1955.0
1787130836.2918277,-2.219,-0.311,9.57,-0.015,0.007,0.002,-47.85,4.8,-52.05,1955.0
1787130836.2918391,-2.136,-0.335,9.507,-0.015,0.011,0.006,-47.7,3.75,-51.45,1955.0
1787130836.4969218,-2.157,-0.294,9.527,-0.021,0.005,-0.005,-48.3,3.0,-50.4,1947.0
1787130836.4969475,-2.102,-0.273,9.534,-0.013,0.002,-0.004,-49.05,2.7,-50.7,1947.0
1787130836.4969587,-2.203,-0.345,9.51,-0.015,0.012,-0.007,-49.05,3.0,-50.4,1947.0
1787130836.7014663,-2.16,-0.304,9.524,-0.016,0.013,-0.002,-48.6,2.85,-51.3,1926.0
1787130836.701493,-2.203,-0.28,9.548,-0.018,0.008,0.001,-48.3,2.25,-50.7,1926.0
1787130836.7015042,-2.169,-0.316,9.507,-0.015,0.005,-0.001,-48.9,2.4,-50.85,1926.0
1787130836.9041753,-2.152,-0.369,9.498,-0.019,0.001,-0.003,-48.15,3.6,-50.55,1951.0
1787130837.1109126,-2.116,-0.328,9.515,-0.018,0.006,-0.004,-48.6,4.05,-50.1,1893.0
1787130837.1110933,-2.112,-0.292,9.522,-0.02,0.01,-0.005,-48.6,4.05,-52.05,1893.0
1787130837.1111019,-2.222,-0.28,9.476,-0.012,0.012,-0.003,-48.15,2.85,-51.3,1975.0
1787130837.3158154,-2.131,-0.318,9.527,-0.012,0.01,0.001,-47.25,3.0,-51.45,1963.0
1787130837.3158412,-2.093,-0.299,9.505,-0.015,0.01,-0.01,-47.25,3.0,-51.75,1963.0
1787130837.3158643,-2.136,-0.309,9.512,-0.015,0.011,-0.002,-47.7,3.45,-51.45,1955.0
1787130837.5206206,-2.138,-0.357,9.483,-0.015,0.011,-0.003,-47.4,2.4,-50.85,1967.0
1787130837.5206451,-2.172,-0.33,9.462,-0.02,0.007,-0.002,-48.15,3.6,-50.55,1967.0
1787130837.5206566,-2.16,-0.364,9.512,-0.015,0.009,-0.001,-47.85,4.35,-51.3,1942.0
1787130837.72575,-2.116,-0.347,9.493,-0.02,0.007,0.004,-48.3,3.0,-50.7,1921.0
1787130837.725778,-2.116,-0.338,9.493,-0.018,0.009,0.003,-47.1,4.8,-50.55,1921.0
1787130837.7257898,-2.15,-0.249,9.562,-0.013,0.012,-0.001,-48.15,4.05,-50.1,1966.0
1787130837.9305556,-2.198,-0.362,9.524,-0.014,0.013,-0.003,-48.15,4.05,-51.6,1937.0
1787130837.9305794,-2.212,-0.304,9.538,-0.011,0.009,-0.005,-47.25,3.0,-51.45,1937.0
1787130838.1352727,-2.145,-0.333,9.517,-0.014,0.01,-0.005,-47.85,3.15,-51.6,1919.0
1787130838.1352978,-2.195,-0.294,9.471,-0.017,0.007,0.001,-48.0,3.75,-51.45,1919.0
1787130838.1353095,-2.155,-0.28,9.459,-0.016,0.01,-0.001,-48.75,3.0,-51.0,1919.0
1787130838.3396027,-2.076,-0.297,9.572,-0.014,0.019,-0.006,-48.15,3.15,-51.6,1952.0
1787130838.3396282,-2.184,-0.321,9.476,-0.013,0.022,-0.001,-47.1,3.15,-52.8,1952.0
1787130838.3396397,-2.215,-0.302,9.512,-0.019,0.015,0.001,-49.5,4.2,-50.7,1952.0
1787130838.5423079,-2.207,-0.362,9.529,-0.014,0.007,0.006,-48.3,4.2,-51.0,1906.0
1787130838.7497246,-2.195,-0.297,9.519,-0.022,0.004,0.001,-47.85,2.85,-50.1,1909.0
1787130838.7497504,-2.179,-0.309,9.519,-0.019,0.007,-0.001,-48.15,2.85,-50.55,1947.0
1787130838.7497618,-2.195,-0.302,9.503,-0.015,0.006,0.001,-47.25,3.0,-50.7,1947.0
1787130838.9546614,-2.186,-0.33,9.471,-0.013,0.01,-0.008,-48.75,3.75,-50.7,1891.0
1787130838.954687,-2.179,-0.388,9.541,-0.02,0.006,-0.004,-48.3,3.45,-50.7,1922.0
1787130838.9546986,-2.186,-0.354,9.431,-0.02,0.013,-0.002,-47.4,4.8,-52.05,1922.0
1787130839.1594656,-2.169,-0.302,9.567,-0.017,0.007,-0.001,-48.0,4.2,-50.7,1939.0
1787130839.1594913,-2.198,-0.311,9.527,-0.014,0.005,0.0,-47.85,4.05,-52.05,1939.0
1787130839.1595025,-2.124,-0.297,9.51,-0.012,0.017,-0.009,-48.9,1.65,-50.55,1939.0
1787130839.363971,-2.167,-0.29,9.462,-0.016,0.002,-0.001,-47.7,3.75,-51.45,1942.0
1787130839.3641512,-2.195,-0.376,9.553,-0.014,0.007,-0.001,-46.35,3.6,-49.35,1982.0
1787130839.3641598,-2.119,-0.328,9.493,-0.023,0.004,-0.002,-47.85,2.1,-52.35,1982.0
1787130839.5689912,-2.167,-0.271,9.51,-0.018,0.009,0.001,-48.15,4.35,-50.85,1982.0
1787130839.5690162,-2.124,-0.323,9.562,-0.015,0.011,-0.002,-47.1,4.05,-50.85,1982.0
1787130839.5690308,-2.174,-0.34,9.51,-0.019,0.007,0.003,-48.0,2.25,-50.7,1982.0
1787130839.9786825,-2.162,-0.326,9.579,-0.017,0.009,-0.002,-49.05,3.75,-49.95,1942.0
1787130839.978709,-2.09,-0.385,9.493,-0.016,0.013,0.006,-48.3,3.0,-51.45,1942.0
1787130839.9787202,-2.126,-0.357,9.505,-0.015,0.018,-0.004,-48.15,3.6,-51.3,1944.0
1787130840.181317,-2.198,-0.345,9.546,-0.018,0.004,0.006,-48.15,2.4,-50.55,1934.0
1787130840.3875904,-2.184,-0.338,9.479,-0.019,0.018,-0.001,-49.05,4.2,-50.7,1972.0
1787130840.3876169,-2.162,-0.314,9.464,-0.022,0.011,-0.007,-48.75,3.75,-50.4,1972.0
1787130840.387628,-2.133,-0.263,9.488,-0.009,0.013,-0.006,-48.75,3.0,-49.95,1972.0
1787130840.5929637,-2.174,-0.268,9.541,-0.019,0.013,-0.006,-48.0,1.5,-49.2,1983.0
1787130840.593189,-2.195,-0.323,9.452,-0.017,0.013,-0.002,-47.4,3.6,-51.3,1983.0
1787130840.593198,-2.105,-0.338,9.517,-0.013,0.009,0.003,-49.5,2.7,-51.45,1983.0
1787130840.7979715,-2.119,-0.345,9.476,-0.019,0.009,-0.002,-45.9,2.4,-50.1,1952.0
1787130840.7981548,-2.2,-0.302,9.45,-0.02,0.007,-0.001,-47.85,3.6,-50.85,1952.0
1787130840.7981634,-2.167,-0.302,9.481,-0.012,0.007,-0.01,-48.3,4.2,-50.7,1952.0
1787130841.0025182,-2.114,-0.285,9.503,-0.018,0.007,-0.001,-49.05,3.0,-51.75,1963.0
1787130841.0025446,-2.081,-0.311,9.519,-0.016,0.011,-0.007,-48.0,3.75,-51.0,1963.0
1787130841.0025556,-2.193,-0.304,9.491,-0.015,0.01,-0.004,-47.1,3.6,-51.6,1963.0
1787130841.2068279,-2.224,-0.316,9.486,-0.019,0.002,-0.001,-47.1,2.85,-51.6,1971.0
1787130841.20686,-2.095,-0.287,9.488,-0.021,-0.002,-0.002,-47.25,2.25,-50.4,1971.0
1787130841.2068722,-2.152,-0.314,9.536,-0.017,0.01,0.004,-47.7,1.05,-51.75,1971.0
1787130841.4123034,-2.176,-0.326,9.524,-0.014,0.014,-0.01,-48.0,3.0,-51.75,1918.0
1787130841.4123287,-2.155,-0.304,9.419,-0.015,0.015,-0.001,-47.25,3.0,-50.7,1935.0
1787130841.4123402,-2.138,-0.294,9.558,-0.015,0.013,-0.004,-48.3,3.45,-49.95,1935.0
1787130841.6165397,-2.126,-0.299,9.515,-0.015,0.008,-0.006,-48.9,2.85,-50.85,1921.0
1787130841.616564,-2.186,-0.338,9.464,-0.013,0.003,-0.003,-47.4,4.8,-50.55,1967.0
1787130841.6165752,-2.176,-0.292,9.481,-0.015,0.01,-0.005,-47.4,4.8,-52.35,1967.0
1787130841.819537,-2.148,-0.323,9.522,-0.019,0.008,0.002,-47.85,2.4,-52.05,1934.0
1787130842.0263596,-2.198,-0.371,9.488,-0.013,0.014,0.001,-48.6,3.15,-51.6,1934.0
1787130842.0263848,-2.152,-0.266,9.534,-0.021,0.015,-0.002,-47.4,3.15,-50.1,1934.0
1787130842.0263963,-2.116,-0.369,9.486,-0.022,0.018,0.006,-48.6,3.15,-50.85,1934.0
1787130842.2316046,-2.136,-0.287,9.476,-0.011,-0.011,-0.006,-46.65,4.05,-49.35,1964.0
1787130842.2316298,-2.224,-0.256,9.455,-0.013,-0.028,-0.006,-48.3,2.7,-50.4,1964.0
1787130842.231641,-2.349,-0.326,9.495,-0.011,-0.027,-0.042,-48.9,3.15,-50.85,1960.0
1787130842.4357955,-2.124,-0.244,9.448,-0.027,0.079,0.028,-48.0,3.0,-51.45,1914.0
1787130842.4358215,-2.363,-0.302,9.486,-0.032,0.055,0.014,-47.25,3.45,-51.45,1914.0
1787130842.435833,-2.368,-0.333,9.517,-0.023,0.042,0.003,-48.15,2.85,-51.3,1914.0
1787130842.6404626,-2.322,-0.299,9.486,-0.011,0.025,0.001,-48.6,2.85,-50.55,1930.0
1787130842.6404877,-2.066,-0.431,9.359,-0.015,0.032,0.004,-48.0,3.0,-49.65,1930.0
1787130842.6404989,-2.181,-0.4,9.467,-0.008,0.045,-0.005,-47.4,4.05,-50.85,1930.0
1787130842.8461332,-2.002,-0.443,9.507,-0.018,0.067,-0.011,-45.9,3.6,-50.55,1946.0
1787130842.8461611,-2.133,-0.419,9.491,-0.01,0.085,0.006,-47.7,2.7,-51.45,1946.0
1787130842.8461728,-2.315,-0.417,9.431,-0.014,0.106,-0.014,-47.7,3.45,-49.95,1946.0
1787130843.05121,-2.002,-0.373,9.572,-0.035,0.106,0.016,-48.75,4.5,-50.4,1915.0
1787130843.051233,-2.037,-0.505,9.649,-0.029,0.156,0.051,-47.7,2.7,-49.65,1915.0
1787130843.0512443,-3.069,-0.429,9.795,-0.015,0.046,0.066,-49.05,3.0,-51.0,1915.0
1787130843.2555075,-2.339,-0.534,9.431,0.009,-0.007,-0.043,-47.4,2.1,-50.55,1922.0
1787130843.2555346,-2.354,-0.251,9.505,-0.009,-0.028,-0.009,-47.4,1.35,-51.3,1922.0
1787130843.255546,-2.435,-0.192,9.452,-0.009,-0.046,-0.012,-47.4,2.1,-50.1,1922.0
1787130843.4576087,-2.162,-0.259,9.51,-0.011,0.065,-0.005,-46.5,3.0,-51.0,1935.0
1787130843.6651816,-2.145,-0.283,9.555,-0.02,0.013,-0.001,-45.9,2.85,-50.55,1948.0
1787130843.665221,-2.116,-0.251,9.486,-0.022,0.027,-0.008,-48.6,2.1,-51.3,1880.0
1787130843.665228,-2.286,-0.283,9.469,-0.019,0.045,-0.004,-48.15,4.05,-50.85,1880.0
1787130843.8691294,-2.246,-0.357,9.503,-0.014,0.025,-0.004,-48.9,2.85,-50.85,1950.0
1787130843.8691542,-2.327,-0.323,9.483,-0.014,-0.001,-0.001,-47.25,1.8,-50.4,1964.0
1787130843.869166,-2.289,-0.311,9.45,-0.017,-0.004,-0.002,-48.6,3.15,-50.55,1964.0
1787130844.0742054,-2.246,-0.285,9.522,-0.013,0.012,0.007,-47.25,2.25,-51.0,1912.0
1787130844.0742316,-2.155,-0.294,9.522,-0.013,0.032,-0.002,-47.4,3.6,-49.8,1933.0
1787130844.074243,-2.377,-0.287,9.505,-0.02,0.025,0.0,-47.25,3.0,-51.45,1933.0
1787130844.2795007,-2.174,-0.299,9.455,-0.013,0.005,-0.002,-46.95,3.0,-50.7,1960.0
1787130844.2795255,-2.207,-0.299,9.531,-0.013,0.016,0.002,-48.6,2.4,-50.85,1933.0
1787130844.279537,-2.277,-0.347,9.486,-0.015,0.02,-0.002,-46.95,1.8,-50.7,1933.0
1787130844.4837713,-2.234,-0.287,9.438,-0.021,0.011,0.001,-47.4,3.15,-50.85,1942.0
1787130844.483798,-2.193,-0.297,9.524,-0.019,0.001,0.011,-47.4,3.15,-50.1,1942.0
1787130844.4838092,-2.387,-0.33,9.452,-0.014,0.021,-0.006,-49.05,0.75,-50.7,1877.0
1787130844.6885104,-2.191,-0.285,9.491,-0.016,0.002,-0.004,-47.4,2.1,-50.55,1844.0
1787130844.6885355,-2.2,-0.299,9.498,-0.013,0.01,-0.01,-48.0,2.25,-51.75,1844.0
1787130844.688547,-2.193,-0.34,9.443,-0.01,0.009,-0.004,-48.0,1.5,-51.45,1844.0
1787130844.89523,-2.239,-0.283,9.481,-0.012,0.02,-0.003,-48.3,1.05,-49.65,1963.0
1787130844.895256,-2.258,-0.33,9.471,-0.019,0.007,0.001,-48.15,2.4,-51.3,1963.0
1787130844.8952672,-2.21,-0.347,9.431,-0.015,0.002,0.003,-48.15,1.8,-51.0,1963.0
1787130845.0970664,-2.114,-0.342,9.515,-0.018,0.004,-0.001,-48.75,4.2,-51.75,1951.0
1787130845.3035147,-2.193,-0.306,9.464,-0.016,0.005,-0.004,-48.15,2.85,-50.55,1888.0
1787130845.3035402,-2.191,-0.328,9.462,-0.011,0.01,-0.001,-47.7,3.75,-49.65,1888.0
1787130845.303552,-2.224,-0.268,9.51,-0.015,0.017,0.0,-47.25,2.25,-50.4,1888.0
1787130845.507491,-2.263,-0.326,9.464,-0.014,-0.001,-0.003,-46.5,1.05,-50.4,1900.0
1787130845.713169,-2.239,-0.292,9.529,-0.018,0.006,-0.002,-47.1,2.1,-50.55,1927.0
1787130845.713197,-2.188,-0.275,9.471,-0.018,0.012,0.009,-48.0,2.7,-50.7,1927.0
1787130845.713204,-2.093,-0.388,9.424,-0.021,-0.001,0.002,-47.7,1.8,-51.45,1927.0
1787130845.9173172,-2.172,-0.283,9.498,-0.015,0.012,-0.002,-48.0,1.8,-51.45,1951.0
1787130845.9173439,-2.267,-0.306,9.495,-0.022,0.009,0.0,-48.15,3.6,-50.1,1951.0
1787130845.917357,-2.243,-0.29,9.462,-0.012,0.009,-0.004,-46.35,2.85,-51.3,1951.0
1787130846.1218445,-2.191,-0.297,9.562,-0.022,0.015,-0.004,-47.4,2.1,-50.1,1922.0
1787130846.1218798,-2.222,-0.328,9.488,-0.014,0.013,-0.007,-46.65,2.85,-50.55,1922.0
1787130846.3271372,-2.195,-0.328,9.467,-0.02,-0.002,-0.001,-46.95,2.7,-51.75,1898.0
1787130846.327162,-2.143,-0.342,9.471,-0.019,-0.004,0.004,-47.7,3.0,-51.75,1898.0
1787130846.327174,-2.203,-0.251,9.476,-0.018,0.005,-0.006,-45.9,0.9,-52.05,1983.0
1787130846.5316658,-2.263,-0.335,9.464,-0.006,0.006,0.002,-47.25,1.05,-50.7,1986.0
1787130846.531691,-2.217,-0.373,9.534,-0.022,0.01,0.003,-47.85,1.65,-51.3,1986.0
1787130846.5317023,-2.203,-0.33,9.512,-0.02,0.013,-0.004,-47.4,3.15,-50.55,1950.0
1787130846.7366939,-2.227,-0.251,9.483,-0.014,0.01,-0.004,-48.0,1.5,-50.7,1981.0
1787130846.7367198,-2.195,-0.309,9.56,-0.013,0.003,0.001,-48.9,2.1,-50.55,1938.0
1787130846.9419932,-2.222,-0.29,9.493,-0.015,0.012,-0.004,-47.4,2.85,-49.8,1919.0
1787130846.9420185,-2.217,-0.285,9.527,-0.016,0.003,0.001,-47.4,2.85,-50.55,1919.0
1787130846.9420302,-2.191,-0.306,9.5,-0.014,0.01,-0.006,-48.3,2.25,-51.0,1919.0
1787130847.146642,-2.217,-0.314,9.522,-0.013,0.016,-0.001,-46.65,1.35,-50.85,1940.0
1787130847.1466675,-2.248,-0.321,9.471,-0.012,0.013,-0.001,-48.0,2.7,-51.0,1940.0
1787130847.3515518,-2.205,-0.18,9.488,-0.018,0.005,-0.002,-47.85,2.85,-52.05,1889.0
1787130847.3515773,-2.248,-0.304,9.507,-0.017,-0.001,-0.005,-46.65,2.85,-50.1,1889.0
1787130847.351589,-2.186,-0.275,9.524,-0.016,0.005,-0.001,-47.7,3.45,-50.4,1889.0
1787130847.5558093,-2.186,-0.306,9.491,-0.018,0.017,-0.001,-47.4,2.1,-51.3,1977.0
1787130847.5558333,-2.263,-0.366,9.529,-0.011,0.015,-0.003,-48.3,3.0,-50.7,1977.0
1787130847.5558445,-2.375,-0.323,9.457,-0.02,0.004,-0.006,-47.7,2.7,-49.95,1977.0
1787130847.760968,-2.227,-0.323,9.493,-0.018,0.006,-0.009,-47.4,3.6,-51.6,1925.0
1787130847.761155,-2.169,-0.323,9.495,-0.017,0.005,-0.008,-48.75,1.5,-49.95,1925.0
1787130847.7611632,-2.207,-0.306,9.481,-0.021,-0.002,-0.004,-48.3,3.45,-52.5,1925.0
1787130847.9681995,-2.246,-0.328,9.464,-0.015,0.01,-0.003,-48.15,2.85,-50.55,1962.0
1787130847.9682243,-2.246,-0.321,9.515,-0.013,0.007,0.003,-47.25,1.8,-49.95,1962.0
1787130847.9682355,-2.203,-0.318,9.476,-0.015,0.008,0.004,-46.65,2.1,-50.85,1962.0
1787130848.1707616,-2.195,-0.285,9.474,-0.018,0.004,0.003,-47.4,1.35,-49.35,1921.0
1787130848.1708405,-2.186,-0.266,9.529,-0.01,0.012,-0.003,-47.7,2.7,-51.45,1921.0
1787130848.1708627,-2.229,-0.299,9.476,-0.011,0.013,-0.001,-46.35,1.65,-50.55,1921.0
1787130848.377899,-2.179,-0.302,9.524,-0.015,0.01,-0.009,-47.4,1.35,-49.8,1881.0
1787130848.3779252,-2.219,-0.306,9.455,-0.017,0.001,0.0,-47.25,3.75,-51.75,1929.0
1787130848.579882,-2.195,-0.285,9.548,-0.017,0.011,-0.004,-47.7,1.8,-49.2,1929.0
1787130848.5799365,-2.248,-0.316,9.488,-0.016,0.016,-0.003,-47.7,2.7,-49.65,1929.0
1787130848.579948,-2.121,-0.271,9.474,-0.02,0.008,-0.003,-48.9,2.85,-51.6,1944.0
1787130848.7852209,-2.2,-0.35,9.491,-0.013,0.001,-0.001,-47.4,1.65,-52.05,2002.0
1787130848.7852464,-2.215,-0.309,9.481,-0.017,0.011,-0.006,-46.35,2.85,-52.05,2002.0
1787130848.785258,-2.188,-0.302,9.555,-0.019,0.006,-0.005,-47.4,2.4,-50.55,1921.0
1787130848.989323,-2.133,-0.254,9.517,-0.019,0.006,-0.003,-48.3,1.05,-50.7,1929.0
1787130848.9893484,-2.16,-0.369,9.577,-0.018,0.018,0.001,-47.4,2.4,-50.55,1929.0
1787130848.9893599,-2.212,-0.34,9.469,-0.018,0.008,-0.004,-48.0,1.5,-49.95,1915.0
1787130849.1941886,-2.241,-0.29,9.536,-0.014,0.013,0.001,-47.25,3.45,-52.2,1944.0
1787130849.194213,-2.207,-0.244,9.503,-0.013,0.005,-0.005,-48.15,2.1,-51.3,1944.0
1787130849.1942236,-2.195,-0.306,9.546,-0.016,0.013,-0.006,-46.95,2.25,-51.45,1931.0
1787130849.3995717,-2.193,-0.309,9.5,-0.018,0.009,-0.007,-48.3,3.0,-51.45,1950.0
1787130849.3995974,-2.176,-0.287,9.51,-0.02,0.013,-0.007,-48.3,1.8,-50.7,1950.0
1787130849.3996084,-2.195,-0.34,9.491,-0.017,0.014,-0.004,-47.1,1.65,-50.55,1952.0
1787130849.6040385,-2.205,-0.314,9.455,-0.016,0.01,-0.001,-47.7,1.05,-50.4,1929.0
1787130849.6040626,-2.251,-0.244,9.538,-0.015,0.008,-0.01,-47.1,3.6,-50.55,1929.0
1787130849.6040738,-2.186,-0.33,9.507,-0.013,0.01,-0.005,-47.25,1.05,-50.7,1929.0
1787130849.8092813,-2.131,-0.311,9.503,-0.016,0.012,-0.004,-46.65,2.85,-50.1,1929.0
1787130849.809307,-2.222,-0.275,9.467,-0.017,0.021,-0.006,-48.3,1.5,-50.7,1929.0
1787130849.8093183,-2.255,-0.302,9.5,-0.019,0.015,-0.006,-48.15,2.85,-51.6,1929.0
1787130850.0182087,-2.126,-0.304,9.474,-0.02,0.011,-0.005,-48.3,1.5,-50.7,1951.0
1787130850.2181463,-2.224,-0.244,9.529,-0.015,0.006,0.005,-47.1,1.65,-50.55,1897.0
1787130850.2181702,-2.217,-0.294,9.452,-0.015,0.01,-0.005,-46.2,1.8,-50.4,1937.0
1787130850.2181814,-2.224,-0.311,9.467,-0.012,0.009,-0.002,-47.7,3.45,-52.2,1937.0
1787130850.423026,-2.174,-0.309,9.448,-0.018,0.008,-0.001,-46.2,2.7,-51.45,1944.0
1787130850.4230618,-2.157,-0.309,9.495,-0.019,0.01,-0.001,-48.15,2.85,-50.55,1944.0
1787130850.4230685,-2.198,-0.326,9.495,-0.018,0.009,-0.001,-47.7,3.0,-51.0,1944.0
1787130850.6280665,-2.279,-0.283,9.51,-0.013,0.014,-0.005,-48.75,2.7,-49.95,1921.0
1787130850.628202,-2.265,-0.278,9.503,-0.019,0.007,-0.01,-47.7,3.45,-50.7,1897.0
1787130850.6282105,-2.184,-0.275,9.459,-0.016,0.009,0.003,-47.1,3.15,-51.3,1897.0
1787130850.8337464,-2.105,-0.251,9.464,-0.014,0.009,-0.003,-48.0,1.8,-51.0,1922.0
1787130850.833772,-2.231,-0.299,9.493,-0.015,0.012,-0.003,-47.25,3.75,-50.7,1963.0
1787130850.8337836,-2.179,-0.316,9.491,-0.009,0.008,-0.004,-46.95,1.8,-51.75,1963.0
1787130851.0397427,-2.212,-0.304,9.541,-0.013,0.002,-0.001,-49.05,3.45,-50.4,1894.0
1787130851.0397682,-2.231,-0.273,9.459,-0.016,0.006,0.005,-47.1,4.05,-50.55,1909.0
1787130851.03978,-2.203,-0.29,9.522,-0.016,0.004,-0.004,-47.1,1.65,-52.05,1909.0
1787130851.2421234,-2.169,-0.225,9.503,-0.016,0.021,-0.006,-48.0,2.25,-51.45,1958.0
1787130851.242147,-2.164,-0.28,9.505,-0.016,0.012,-0.004,-48.9,3.15,-51.3,1958.0
1787130851.2421584,-2.2,-0.345,9.503,-0.014,0.017,0.003,-48.15,2.1,-51.3,1949.0
1787130851.447134,-2.174,-0.383,9.498,-0.015,0.01,0.001,-47.1,2.1,-51.3,1950.0
1787130851.4471588,-2.169,-0.304,9.498,-0.017,0.007,-0.001,-47.85,2.1,-50.55,1950.0
1787130851.4471703,-2.21,-0.352,9.519,-0.014,0.008,0.003,-48.6,2.4,-50.85,1950.0
1787130851.6519296,-2.272,-0.235,9.445,-0.013,0.007,-0.002,-48.0,1.8,-51.75,1933.0
1787130851.6519551,-2.172,-0.326,9.452,-0.016,0.002,-0.004,-47.7,0.75,-50.4,1876.0
1787130851.8566704,-2.2,-0.302,9.531,-0.022,0.014,0.0,-45.75,2.7,-51.75,1881.0
1787130851.856695,-2.181,-0.28,9.457,-0.013,0.013,-0.002,-46.65,4.35,-52.05,1881.0
1787130851.856709,-2.274,-0.268,9.471,-0.016,0.001,-0.005,-46.95,2.25,-52.95,1881.0
1787130852.062315,-2.128,-0.326,9.495,-0.015,0.014,-0.003,-48.0,1.8,-51.0,1894.0
1787130852.0623388,-2.203,-0.328,9.469,-0.016,0.018,-0.002,-48.15,3.15,-52.8,1894.0
1787130852.06235,-2.2,-0.299,9.524,-0.015,0.014,-0.002,-47.25,3.45,-51.75,1894.0
1787130852.2668803,-2.184,-0.268,9.467,-0.018,0.017,0.001,-49.05,2.25,-49.2,1932.0
1787130852.2669053,-2.167,-0.299,9.459,-0.014,0.019,0.001,-47.4,2.4,-50.55,1932.0
1787130852.2669168,-2.184,-0.256,9.5,-0.016,0.013,-0.002,-48.0,1.8,-50.4,1932.0
1787130852.4716506,-2.231,-0.294,9.495,-0.017,0.004,-0.008,-48.3,2.7,-51.0,1923.0
1787130852.4716759,-2.258,-0.314,9.503,-0.018,-0.001,-0.01,-47.4,1.65,-50.55,1923.0
1787130852.4716873,-2.164,-0.251,9.548,-0.015,0.005,-0.003,-47.7,2.25,-51.0,1923.0
1787130852.6759784,-2.193,-0.342,9.498,-0.014,0.01,-0.005,-48.3,2.7,-52.2,1931.0
1787130852.6761105,-2.169,-0.345,9.524,-0.015,0.011,-0.003,-48.6,2.1,-51.6,1931.0
1787130852.6761198,-2.277,-0.381,9.452,-0.012,0.015,-0.013,-48.6,2.1,-50.55,1931.0
1787130852.8816915,-2.179,-0.321,9.481,-0.017,0.006,0.0,-47.25,0.3,-51.0,1950.0
1787130852.8817177,-2.143,-0.285,9.483,-0.015,0.01,-0.005,-46.95,3.45,-51.0,1950.0
1787130852.8817294,-2.21,-0.333,9.517,-0.015,0.011,-0.005,-46.95,2.7,-50.7,1950.0
1787130853.0862036,-2.229,-0.283,9.491,-0.012,0.006,0.001,-47.25,2.7,-51.0,1969.0
1787130853.0862298,-2.241,-0.28,9.436,-0.02,0.006,0.001,-47.7,2.25,-50.4,1932.0
1787130853.086241,-2.207,-0.263,9.538,-0.016,0.012,-0.007,-48.15,4.05,-51.6,1932.0
1787130853.2896252,-2.116,-0.29,9.488,-0.016,0.015,-0.001,-48.0,2.25,-49.95,1919.0
1787130853.289651,-2.227,-0.333,9.491,-0.018,0.006,-0.001,-48.15,1.65,-52.05,1919.0
1787130853.4957602,-2.203,-0.251,9.567,-0.015,0.008,-0.002,-48.9,2.1,-51.6,1953.0
1787130853.4957862,-2.222,-0.235,9.522,-0.02,0.011,0.003,-48.0,2.25,-51.45,1953.0
1787130853.495798,-2.179,-0.285,9.55,-0.015,0.011,-0.002,-47.4,2.4,-51.3,1900.0
1787130853.700046,-2.193,-0.33,9.476,-0.018,0.018,-0.004,-48.6,3.6,-50.85,1908.0
1787130853.7000723,-2.277,-0.309,9.507,-0.02,0.012,0.001,-46.65,2.85,-50.85,1908.0
1787130853.7000854,-2.157,-0.299,9.529,-0.02,0.01,0.002,-48.3,3.45,-50.4,1911.0
1787130853.906354,-2.222,-0.297,9.488,-0.023,0.007,0.006,-46.35,4.35,-51.6,1917.0
1787130853.906379,-2.16,-0.309,9.529,-0.016,-0.002,-0.006,-47.25,2.7,-50.7,1917.0
1787130853.9063902,-2.203,-0.309,9.529,-0.02,0.002,-0.004,-49.35,2.1,-50.55,1917.0
1787130854.109872,-2.184,-0.275,9.527,-0.018,0.018,-0.006,-46.95,2.7,-51.45,1931.0
1787130854.1098971,-2.231,-0.285,9.534,-0.018,0.011,0.002,-47.7,2.25,-49.2,1931.0
1787130854.1099086,-2.193,-0.294,9.527,-0.02,0.008,0.002,-46.5,2.7,-49.65,1931.0
1787130854.3145828,-2.219,-0.323,9.519,-0.012,0.007,-0.005,-48.15,3.15,-51.6,1948.0
1787130854.3146076,-2.215,-0.333,9.534,-0.016,0.009,-0.003,-48.0,3.0,-50.7,1948.0
1787130854.3146186,-2.217,-0.302,9.505,-0.016,0.007,-0.005,-47.25,1.5,-51.45,1948.0
1787130854.520388,-2.181,-0.316,9.555,-0.018,0.005,0.003,-47.85,2.1,-50.55,1963.0
1787130854.5204127,-2.205,-0.294,9.471,-0.016,0.003,0.0,-47.85,2.1,-52.35,1963.0
1787130854.5204241,-2.188,-0.292,9.464,-0.019,0.003,-0.002,-46.5,0.75,-51.45,1963.0
1787130854.723903,-2.136,-0.318,9.464,-0.02,0.001,0.007,-48.15,1.35,-50.85,1939.0
1787130854.7239325,-2.128,-0.261,9.464,-0.019,0.015,-0.006,-48.0,1.8,-51.75,1939.0
1787130854.7239437,-2.162,-0.321,9.445,-0.016,0.019,-0.005,-47.25,2.7,-51.45,1939.0
1787130854.926683,-2.1,-0.34,9.488,-0.023,0.008,-0.008,-48.3,3.6,-50.1,1961.0
1787130855.1351733,-2.222,-0.345,9.476,-0.021,0.013,-0.004,-47.4,1.65,-49.35,1946.0
1787130855.135199,-2.215,-0.283,9.548,-0.018,0.009,-0.006,-47.7,2.7,-50.7,1946.0
1787130855.1352103,-2.241,-0.297,9.488,-0.015,0.007,-0.004,-47.25,2.25,-49.95,1955.0
1787130855.338896,-2.203,-0.237,9.538,-0.016,0.009,-0.007,-48.3,2.7,-49.95,1907.0
1787130855.3389225,-2.195,-0.28,9.445,-0.014,0.012,-0.003,-48.3,2.25,-51.0,1907.0
1787130855.3389823,-2.277,-0.318,9.534,-0.018,-0.003,-0.004,-47.85,1.65,-50.85,1940.0
1787130855.5439768,-2.286,-0.306,9.505,-0.014,0.011,-0.002,-48.0,2.7,-51.0,1906.0
1787130855.5440018,-2.222,-0.318,9.515,-0.02,0.01,0.001,-47.1,2.4,-51.3,1931.0
1787130855.5440137,-2.243,-0.318,9.491,-0.018,0.006,-0.001,-47.85,2.85,-50.55,1931.0
1787130855.750168,-2.229,-0.309,9.474,-0.011,0.016,-0.003,-47.25,1.8,-49.95,1983.0
1787130855.750193,-2.188,-0.29,9.51,-0.009,0.01,-0.006,-46.95,3.45,-51.0,1983.0
1787130855.750204,-2.191,-0.299,9.577,-0.018,0.001,0.005,-48.3,2.7,-51.0,1953.0
1787130855.9524662,-2.167,-0.225,9.519,-0.016,0.002,0.002,-47.85,2.85,-51.6,1937.0
1787130855.952491,-2.207,-0.347,9.503,-0.02,0.004,-0.004,-49.35,3.15,-50.85,1937.0
1787130855.9525023,-2.198,-0.321,9.507,-0.02,0.012,-0.006,-46.95,1.8,-51.0,1911.0
1787130856.1574986,-2.184,-0.321,9.467,-0.017,0.0,0.003,-48.6,2.85,-50.85,1932.0
1787130856.1575239,-2.088,-0.311,9.503,-0.015,0.011,-0.005,-47.4,2.85,-50.55,1932.0
1787130856.1575356,-2.231,-0.294,9.486,-0.015,0.015,0.002,-48.6,1.65,-50.85,1932.0
1787130856.3620937,-2.231,-0.316,9.493,-0.013,0.012,-0.004,-48.75,2.25,-51.0,1907.0
1787130856.3621173,-2.207,-0.311,9.503,-0.015,0.01,-0.002,-48.75,1.8,-51.75,1907.0
1787130856.3621292,-2.227,-0.314,9.531,-0.023,0.003,0.0,-47.7,1.8,-51.75,1907.0
1787130856.5697415,-2.16,-0.335,9.51,-0.018,0.003,-0.006,-47.7,1.5,-51.45,1930.0
1787130856.569765,-2.143,-0.306,9.522,-0.016,0.011,-0.006,-49.05,2.7,-51.0,1905.0
1787130856.5697765,-2.198,-0.35,9.527,-0.013,0.011,-0.001,-48.15,1.65,-49.8,1905.0
1787130856.772998,-2.126,-0.259,9.505,-0.018,0.009,-0.006,-48.6,3.15,-50.1,1923.0
1787130856.7730224,-2.172,-0.347,9.553,-0.009,0.011,-0.004,-48.15,2.1,-51.6,1923.0
1787130856.7730336,-2.181,-0.306,9.479,-0.015,0.011,-0.006,-48.0,2.25,-51.45,1923.0
1787130856.9769328,-2.155,-0.29,9.471,-0.012,0.013,-0.001,-47.1,3.15,-52.35,1932.0
1787130856.9769585,-2.227,-0.347,9.51,-0.012,0.011,0.003,-47.4,1.65,-50.85,1932.0
1787130856.9769695,-2.236,-0.338,9.541,-0.021,0.011,0.002,-45.9,3.15,-51.3,1932.0
1787130857.182265,-2.219,-0.302,9.5,-0.014,0.013,-0.005,-48.6,4.05,-51.3,1938.0
1787130857.1822915,-2.21,-0.266,9.498,-0.011,-0.002,-0.006,-48.15,4.8,-52.05,1938.0
1787130857.182303,-2.203,-0.261,9.488,-0.01,0.006,0.001,-47.25,3.0,-50.7,1938.0
1787130857.3889353,-2.205,-0.328,9.512,-0.017,-0.002,-0.001,-46.2,1.8,-52.5,1965.0
1787130857.3889837,-2.184,-0.266,9.462,-0.015,0.0,0.002,-47.7,3.75,-51.45,1965.0
1787130857.388992,-2.167,-0.266,9.445,-0.018,0.011,-0.001,-48.0,1.8,-51.45,1965.0
1787130857.5912545,-2.236,-0.283,9.481,-0.014,0.007,-0.001,-48.15,2.1,-51.6,1953.0
1787130857.5912807,-2.212,-0.29,9.519,-0.016,0.009,-0.007,-47.1,2.1,-51.3,1953.0
1787130857.5912924,-2.131,-0.273,9.443,-0.015,0.013,-0.002,-48.15,1.65,-50.85,1953.0
1787130857.7959073,-2.188,-0.326,9.476,-0.025,0.01,-0.002,-46.65,3.15,-53.4,1951.0
1787130857.795932,-2.2,-0.275,9.493,-0.018,0.006,-0.003,-47.4,3.6,-51.3,1951.0
1787130857.7959435,-2.179,-0.256,9.517,-0.014,0.004,-0.002,-48.0,3.0,-50.7,1949.0
1787130858.002993,-2.186,-0.333,9.541,-0.019,0.013,-0.005,-48.15,1.35,-51.3,1937.0
1787130858.003018,-2.191,-0.29,9.495,-0.013,0.011,-0.006,-48.0,3.0,-51.45,1936.0
1787130858.0030298,-2.227,-0.225,9.503,-0.017,0.005,-0.006,-48.6,2.85,-50.55,1936.0
1787130858.20542,-2.215,-0.239,9.483,-0.024,0.019,-0.002,-49.35,3.6,-52.05,1862.0
1787130858.4118443,-2.157,-0.292,9.517,-0.019,0.011,0.003,-47.4,3.6,-51.6,1902.0
1787130858.4118836,-2.2,-0.333,9.476,-0.014,0.011,0.005,-48.9,2.4,-50.85,1902.0
1787130858.4118948,-2.179,-0.318,9.483,-0.016,0.001,0.004,-47.25,2.7,-50.4,1902.0
1787130858.6177506,-2.188,-0.314,9.505,-0.011,0.012,-0.002,-47.1,3.15,-50.85,1910.0
1787130858.6177766,-2.198,-0.275,9.555,-0.011,0.004,-0.001,-47.7,4.2,-51.75,1910.0
1787130858.617788,-2.205,-0.29,9.488,-0.012,0.005,0.002,-48.0,2.7,-51.0,1910.0
1787130858.820001,-2.109,-0.309,9.464,-0.018,0.008,0.004,-47.7,2.25,-50.4,1924.0
1787130858.820026,-2.198,-0.304,9.491,-0.014,0.012,-0.002,-48.6,2.4,-50.55,1924.0
1787130858.8200374,-2.16,-0.287,9.488,-0.02,0.004,-0.004,-48.6,1.35,-51.3,1924.0
1787130859.0256667,-2.155,-0.283,9.459,-0.016,0.011,-0.001,-48.3,3.45,-49.65,1948.0
1787130859.025693,-2.227,-0.249,9.469,-0.015,0.016,0.003,-46.5,2.25,-51.0,1948.0
1787130859.0257044,-2.246,-0.263,9.452,-0.023,0.016,-0.001,-46.95,4.2,-51.75,1948.0
1787130859.2301433,-2.114,-0.309,9.462,-0.017,0.004,-0.003,-49.65,3.15,-51.3,1891.0
1787130859.230169,-2.198,-0.29,9.445,-0.019,0.013,-0.007,-47.1,0.45,-51.3,1891.0
1787130859.2301803,-2.207,-0.266,9.459,-0.016,0.01,-0.004,-48.3,2.7,-49.95,1891.0
1787130859.4347672,-2.126,-0.316,9.491,-0.016,0.005,0.0,-48.3,2.7,-51.45,1938.0
1787130859.434794,-2.198,-0.347,9.443,-0.014,0.013,-0.001,-48.0,1.05,-50.7,1901.0
1787130859.4348052,-2.191,-0.342,9.51,-0.015,0.005,0.0,-47.1,1.65,-51.3,1901.0
1787130859.6401644,-2.315,-0.239,9.448,-0.016,0.009,-0.009,-48.0,3.45,-52.2,1901.0
1787130859.640187,-2.246,-0.244,9.479,-0.012,0.001,-0.003,-48.9,1.65,-50.1,1910.0
1787130859.6401937,-2.133,-0.287,9.436,-0.019,0.009,-0.003,-47.4,2.1,-50.1,1910.0
1787130859.8420637,-2.191,-0.311,9.503,-0.012,0.017,0.003,-47.85,3.6,-51.6,1916.0
1787130860.0487497,-2.167,-0.266,9.5,-0.01,0.011,-0.011,-47.4,2.1,-50.85,1888.0
1787130860.0487747,-2.246,-0.33,9.517,-0.01,0.011,-0.008,-48.0,3.45,-50.4,1888.0
1787130860.0487864,-2.184,-0.323,9.452,-0.026,0.006,-0.004,-46.65,2.85,-51.3,1900.0
1787130860.2547429,-2.181,-0.347,9.486,-0.014,0.016,0.001,-48.15,2.85,-50.85,1900.0
1787130860.2547686,-2.234,-0.304,9.488,-0.012,0.013,0.002,-47.25,1.5,-50.7,1900.0
1787130860.25478,-2.255,-0.318,9.479,-0.015,0.007,-0.007,-45.6,3.15,-50.85,1900.0
1787130860.4589243,-2.217,-0.323,9.534,-0.016,0.007,-0.002,-47.85,1.65,-50.85,1919.0
1787130860.458951,-2.246,-0.323,9.519,-0.011,0.012,-0.007,-48.3,2.7,-52.2,1919.0
1787130860.4589622,-2.188,-0.318,9.44,-0.02,0.008,-0.002,-47.4,2.4,-49.8,1919.0
1787130860.6638498,-2.174,-0.352,9.474,-0.016,0.006,-0.003,-46.95,3.0,-51.0,1930.0
1787130860.6638868,-2.167,-0.311,9.481,-0.015,0.014,0.0,-47.4,2.4,-50.85,1930.0
1787130860.6638982,-2.263,-0.33,9.483,-0.016,0.007,-0.002,-47.4,2.4,-50.55,1941.0
1787130860.8681529,-2.2,-0.278,9.486,-0.018,0.006,-0.004,-48.75,1.8,-52.2,1941.0
1787130860.868188,-2.203,-0.294,9.471,-0.016,0.007,0.0,-48.6,2.1,-50.85,1941.0
1787130860.8681953,-2.162,-0.271,9.498,-0.02,0.004,-0.006,-47.1,1.65,-51.6,1941.0
1787130861.0734928,-2.181,-0.302,9.512,-0.02,0.002,-0.003,-47.25,1.5,-50.4,1945.0
1787130861.0735176,-2.195,-0.244,9.491,-0.012,0.002,0.001,-47.7,0.75,-49.95,1945.0
1787130861.0735288,-2.207,-0.34,9.426,-0.013,0.002,-0.005,-47.25,1.5,-50.4,1945.0
1787130861.2788126,-2.148,-0.314,9.467,-0.016,0.011,-0.006,-47.7,2.25,-49.2,1946.0
1787130861.278838,-2.246,-0.316,9.498,-0.016,0.003,-0.003,-48.0,1.8,-50.7,1916.0
1787130861.2788494,-2.255,-0.294,9.481,-0.014,0.002,-0.001,-47.4,1.65,-50.85,1916.0
1787130861.4822762,-2.179,-0.321,9.471,-0.015,0.007,-0.004,-48.15,2.85,-52.35,1913.0
1787130861.4823,-2.2,-0.314,9.531,-0.021,0.01,-0.01,-47.85,2.1,-52.35,1913.0
1787130861.6876836,-2.217,-0.311,9.462,-0.009,0.009,-0.002,-46.65,2.85,-51.3,1925.0
1787130861.6877103,-2.219,-0.294,9.55,-0.013,0.004,0.004,-46.5,1.5,-50.7,1955.0
1787130861.6877217,-2.203,-0.316,9.452,-0.018,0.004,-0.001,-46.5,1.8,-49.95,1955.0
1787130861.892447,-2.169,-0.33,9.555,-0.02,0.013,0.004,-47.4,3.15,-49.8,1893.0
1787130861.8924727,-2.229,-0.369,9.553,-0.015,0.008,-0.002,-45.6,1.35,-51.6,1941.0
1787130861.8924842,-2.224,-0.273,9.493,-0.015,0.014,0.005,-48.9,1.65,-50.85,1941.0
1787130862.097346,-2.195,-0.302,9.498,-0.019,0.023,-0.003,-47.4,0.9,-50.85,1942.0
1787130862.0973718,-2.286,-0.256,9.51,-0.013,0.026,-0.014,-47.85,3.6,-50.85,1899.0
1787130862.0973835,-2.251,-0.302,9.469,-0.012,0.015,-0.003,-46.2,1.8,-51.0,1899.0
1787130862.302176,-2.215,-0.333,9.481,-0.013,0.009,-0.004,-46.65,2.4,-50.55,1913.0
1787130862.3021958,-2.126,-0.338,9.476,-0.02,0.005,-0.009,-48.15,1.35,-50.55,1947.0
1787130862.3022025,-2.217,-0.333,9.543,-0.015,0.013,0.001,-47.85,2.1,-52.05,1947.0
1787130862.5074565,-2.231,-0.338,9.462,-0.019,-0.002,-0.004,-47.1,2.85,-52.35,1909.0
1787130862.5074813,-2.239,-0.275,9.479,-0.017,0.012,-0.012,-47.85,2.1,-51.6,1915.0
1787130862.5075378,-2.298,-0.283,9.491,-0.01,0.007,-0.009,-47.1,2.4,-50.85,1915.0
1787130862.711812,-2.219,-0.261,9.55,-0.01,0.005,-0.001,-47.85,2.1,-52.05,1967.0
1787130862.7118382,-2.169,-0.268,9.553,-0.014,0.016,-0.005,-46.95,2.25,-50.7,1967.0
1787130862.7118497,-2.215,-0.297,9.543,-0.011,0.014,-0.006,-46.65,1.35,-50.55,1907.0
1787130862.916224,-2.14,-0.261,9.51,-0.02,0.016,-0.004,-48.0,3.45,-50.7,1973.0
1787130862.9162583,-2.229,-0.266,9.517,-0.019,0.017,-0.01,-47.85,2.85,-50.55,1973.0
1787130862.9162703,-2.248,-0.342,9.522,-0.016,0.015,-0.004,-47.85,2.4,-50.55,1973.0
1787130863.1205044,-2.243,-0.345,9.457,-0.018,0.009,0.003,-47.1,1.65,-52.05,1885.0
1787130863.3260562,-2.234,-0.306,9.541,-0.017,0.025,-0.006,-47.7,2.7,-49.95,1895.0
1787130863.3261962,-2.265,-0.383,9.517,-0.015,0.02,-0.005,-47.7,1.5,-52.2,1895.0
1787130863.3262055,-2.246,-0.287,9.491,-0.02,0.014,0.003,-47.25,3.45,-50.4,1895.0
1787130863.530341,-2.227,-0.316,9.5,-0.016,0.008,0.004,-47.7,2.25,-50.7,1907.0
1787130863.5303657,-2.193,-0.28,9.488,-0.019,0.011,0.003,-46.95,2.7,-49.95,1907.0
1787130863.5303771,-2.253,-0.302,9.448,-0.018,0.008,-0.009,-47.85,2.4,-50.85,1907.0
1787130863.73611,-2.26,-0.251,9.493,-0.018,0.005,-0.001,-47.4,2.1,-50.55,1895.0
1787130863.7361357,-2.234,-0.371,9.488,-0.013,0.001,-0.003,-48.0,2.7,-51.45,1895.0
1787130863.736147,-2.253,-0.328,9.476,-0.018,-0.002,0.002,-47.7,1.5,-51.0,1895.0
1787130863.9399214,-2.198,-0.275,9.553,-0.011,0.01,-0.005,-47.85,1.65,-50.55,1938.0
1787130863.9399498,-2.279,-0.395,9.512,-0.014,0.007,-0.002,-48.6,3.15,-50.55,1938.0
1787130864.145365,-2.195,-0.249,9.5,-0.016,0.016,-0.001,-47.1,2.1,-51.3,1916.0
1787130864.1453907,-2.215,-0.314,9.493,-0.02,0.018,-0.009,-46.95,3.75,-52.5,1916.0
1787130864.1454024,-2.236,-0.28,9.488,-0.016,0.016,-0.005,-46.35,2.4,-50.85,1916.0
1787130864.350158,-2.267,-0.285,9.467,-0.02,0.01,0.003,-48.6,2.1,-50.55,1885.0
1787130864.3501906,-2.219,-0.242,9.464,-0.017,0.007,-0.006,-47.85,2.85,-51.3,1885.0
1787130864.3501973,-2.241,-0.271,9.495,-0.018,0.005,-0.001,-47.85,3.15,-50.85,1939.0
1787130864.554334,-2.174,-0.299,9.522,-0.013,0.006,-0.005,-48.15,1.65,-50.1,1887.0
1787130864.554358,-2.217,-0.316,9.491,-0.015,0.01,-0.013,-48.0,4.2,-51.45,1864.0
1787130864.5543692,-2.253,-0.29,9.457,-0.014,0.005,-0.005,-47.25,3.0,-50.4,1864.0
1787130864.7593966,-2.188,-0.302,9.483,-0.02,0.024,-0.003,-46.2,1.5,-50.4,1917.0
1787130864.7594225,-2.277,-0.287,9.469,-0.018,0.005,-0.006,-47.7,2.7,-51.75,1913.0
1787130864.96426,-2.195,-0.309,9.488,-0.013,0.014,0.0,-47.7,3.0,-50.4,1927.0
1787130864.9642854,-2.227,-0.292,9.421,-0.018,0.011,-0.002,-47.7,2.7,-50.4,1927.0
1787130864.964297,-2.205,-0.347,9.515,-0.015,0.007,0.004,-47.25,2.7,-50.4,1927.0
1787130865.1693125,-2.179,-0.261,9.479,-0.023,0.007,-0.009,-47.25,1.8,-50.7,1977.0
1787130865.1693382,-2.195,-0.306,9.486,-0.016,0.011,-0.011,-46.5,2.25,-49.95,1977.0
1787130865.1693497,-2.224,-0.321,9.438,-0.015,0.0,-0.004,-49.5,2.7,-51.0,1977.0
1787130865.3740256,-2.239,-0.321,9.519,-0.014,0.009,0.002,-47.85,1.65,-51.6,1908.0
1787130865.3740537,-2.217,-0.318,9.517,-0.014,0.006,0.003,-48.6,2.4,-52.35,1908.0
1787130865.3740644,-2.186,-0.285,9.5,-0.018,0.013,0.0,-47.25,2.25,-50.7,1908.0
1787130865.5784156,-2.265,-0.335,9.488,-0.018,0.013,0.001,-47.7,3.0,-51.45,1949.0
1787130865.578441,-2.198,-0.302,9.543,-0.013,0.014,-0.007,-48.3,1.5,-51.45,1949.0
1787130865.5784519,-2.236,-0.309,9.481,-0.012,0.016,-0.003,-49.5,1.05,-50.7,1949.0
1787130865.7862213,-2.176,-0.335,9.481,-0.012,0.013,-0.003,-47.7,1.5,-50.4,1938.0
1787130865.7862463,-2.162,-0.326,9.512,-0.019,0.012,-0.005,-48.15,2.4,-50.55,1938.0
1787130865.7862577,-2.217,-0.297,9.512,-0.014,0.015,-0.009,-48.6,2.85,-50.85,1938.0
1787130865.989946,-2.186,-0.299,9.476,-0.016,0.01,-0.001,-46.95,2.25,-51.45,1935.0
1787130865.990071,-2.174,-0.35,9.5,-0.015,0.013,-0.002,-48.75,3.45,-49.2,1935.0
1787130865.9900796,-2.224,-0.299,9.495,-0.017,0.013,-0.001,-47.85,2.4,-52.05,1935.0
1787130866.1935456,-2.198,-0.287,9.512,-0.018,0.006,0.002,-47.7,3.75,-49.95,1934.0
1787130866.1935713,-2.258,-0.294,9.462,-0.018,0.011,-0.006,-47.4,1.65,-52.05,1934.0
1787130866.1935825,-2.222,-0.357,9.555,-0.018,0.007,-0.005,-48.15,2.1,-52.05,1934.0
1787130866.3961623,-2.241,-0.292,9.543,-0.019,0.018,-0.003,-48.0,2.7,-51.0,1922.0
1787130866.6035702,-2.239,-0.294,9.479,-0.013,0.016,-0.001,-48.3,2.25,-51.0,1909.0
1787130866.6035962,-2.284,-0.318,9.474,-0.017,0.007,-0.006,-48.0,1.5,-50.4,1959.0
1787130866.6036084,-2.217,-0.318,9.51,-0.012,0.002,-0.006,-48.75,1.8,-51.75,1959.0
1787130866.8072662,-2.219,-0.328,9.481,-0.013,0.015,-0.003,-47.4,3.15,-51.6,1948.0
1787130866.8072903,-2.241,-0.34,9.507,-0.018,0.006,-0.001,-47.1,2.85,-50.85,1915.0
1787130866.8073032,-2.2,-0.297,9.517,-0.013,0.009,-0.001,-48.75,1.8,-50.4,1915.0
1787130867.0122209,-2.2,-0.345,9.443,-0.016,0.009,-0.004,-47.25,1.5,-50.7,1900.0
1787130867.0122461,-2.272,-0.328,9.515,-0.017,0.011,-0.002,-47.4,2.4,-50.85,1900.0
1787130867.0122576,-2.184,-0.297,9.505,-0.012,0.018,-0.005,-48.6,3.15,-50.85,1876.0
1787130867.2174258,-2.207,-0.292,9.512,-0.02,0.004,0.003,-47.85,2.1,-50.55,1946.0
1787130867.2174513,-2.172,-0.271,9.491,-0.016,0.013,-0.001,-46.65,2.85,-50.85,1946.0
1787130867.2174625,-2.16,-0.292,9.467,-0.015,0.02,-0.009,-47.4,3.15,-50.55,1933.0
1787130867.421588,-2.21,-0.369,9.495,-0.011,0.01,-0.006,-48.75,2.25,-50.4,1911.0
1787130867.4216123,-2.27,-0.314,9.483,-0.02,0.005,-0.003,-47.85,2.85,-50.1,1911.0
1787130867.421625,-2.253,-0.318,9.493,-0.019,0.004,-0.002,-47.85,2.85,-51.3,1932.0
1787130867.6270738,-2.282,-0.33,9.5,-0.016,-0.006,0.001,-46.35,3.15,-50.85,1928.0
1787130867.6270993,-2.133,-0.373,9.541,-0.025,0.001,0.001,-46.95,2.7,-51.0,1928.0
1787130867.6271107,-2.107,-0.316,9.546,-0.015,0.005,-0.005,-46.2,1.8,-50.4,1950.0
1787130867.8317752,-2.239,-0.275,9.503,-0.017,0.003,-0.001,-47.4,2.4,-51.3,1939.0
1787130867.8318012,-2.243,-0.287,9.538,-0.018,0.001,-0.001,-46.65,2.4,-50.55,1939.0
1787130867.8318124,-2.241,-0.328,9.529,-0.018,0.004,-0.001,-47.1,3.15,-50.1,1939.0
1787130868.0341814,-2.167,-0.333,9.431,-0.023,0.004,-0.004,-48.3,2.25,-50.4,1951.0
1787130868.2410285,-2.155,-0.283,9.474,-0.019,0.018,0.003,-47.85,1.65,-52.05,1931.0
1787130868.2411687,-2.231,-0.357,9.517,-0.015,0.01,-0.006,-47.4,2.1,-51.6,1931.0
1787130868.241178,-2.294,-0.299,9.445,-0.019,0.002,-0.004,-48.9,2.1,-51.3,1931.0
1787130868.4469273,-2.215,-0.328,9.51,-0.017,0.011,0.002,-46.35,2.1,-50.55,1909.0
1787130868.4469552,-2.229,-0.354,9.5,-0.02,0.014,-0.001,-46.35,0.9,-50.55,1909.0
1787130868.4469671,-2.193,-0.318,9.476,-0.015,0.015,-0.003,-46.5,1.8,-51.0,1909.0
1787130868.6512105,-2.203,-0.326,9.474,-0.016,0.015,-0.001,-48.6,1.65,-50.85,1850.0
1787130868.6512322,-2.198,-0.376,9.416,-0.015,0.019,-0.005,-48.0,2.25,-51.45,1850.0
1787130868.6512387,-2.296,-0.354,9.476,-0.021,0.016,-0.001,-47.7,3.0,-50.7,1850.0
1787130868.8554919,-2.27,-0.333,9.481,-0.018,0.024,-0.002,-45.6,2.1,-50.85,1962.0
1787130868.8555164,-2.203,-0.244,9.481,-0.013,0.028,-0.003,-47.25,3.0,-51.75,1891.0
1787130868.8555276,-2.253,-0.393,9.486,-0.02,0.029,0.0,-48.3,2.7,-49.65,1891.0
1787130869.0616238,-2.325,-0.333,9.457,-0.014,0.029,-0.011,-48.0,1.05,-50.4,1919.0
1787130869.0616493,-2.294,-0.34,9.486,-0.024,0.021,-0.005,-47.4,1.65,-50.85,1865.0
1787130869.0616608,-2.279,-0.338,9.491,-0.019,0.007,-0.009,-46.65,2.1,-52.05,1865.0
1787130869.2654507,-2.234,-0.342,9.459,-0.023,0.016,-0.008,-47.85,2.85,-50.1,1956.0
1787130869.2654757,-2.21,-0.318,9.455,-0.014,0.021,-0.002,-48.6,2.85,-52.05,1922.0
1787130869.265487,-2.241,-0.309,9.486,-0.012,0.023,-0.003,-46.2,1.8,-52.2,1922.0
1787130869.4703817,-2.279,-0.357,9.503,-0.017,0.016,-0.003,-47.85,2.4,-50.55,1888.0
1787130869.4704063,-2.298,-0.314,9.469,-0.021,0.012,-0.004,-47.25,2.25,-51.45,1909.0
1787130869.4704185,-2.284,-0.33,9.555,-0.017,0.026,0.001,-46.2,2.7,-50.7,1909.0
1787130869.6725817,-2.31,-0.354,9.476,-0.012,0.012,-0.006,-46.2,2.7,-51.45,1925.0
1787130869.8799276,-2.31,-0.311,9.438,-0.021,0.006,0.003,-46.65,2.4,-50.85,1915.0
1787130869.8799531,-2.306,-0.316,9.493,-0.026,0.004,0.003,-45.15,0.9,-51.3,1915.0
1787130869.8799646,-2.291,-0.292,9.488,-0.019,0.004,-0.009,-48.75,3.75,-49.65,1915.0
1787130870.0839367,-2.284,-0.4,9.493,-0.013,-0.003,-0.001,-48.3,1.8,-52.2,1930.0
1787130870.0839994,-2.286,-0.347,9.483,-0.013,0.002,-0.002,-47.85,2.4,-49.8,1930.0
1787130870.0840437,-2.318,-0.326,9.459,-0.016,0.003,0.004,-45.75,3.75,-51.0,1930.0
1787130870.2893147,-2.296,-0.297,9.45,-0.014,-0.002,-0.001,-46.65,1.35,-49.8,1925.0
1787130870.2893407,-2.296,-0.323,9.448,-0.02,0.002,-0.005,-46.65,3.6,-51.3,1925.0
1787130870.2893522,-2.164,-0.328,9.51,-0.01,0.002,-0.01,-47.4,2.1,-50.1,1925.0
1787130870.4942477,-2.16,-0.338,9.462,-0.014,0.003,-0.004,-47.1,1.65,-50.55,1876.0
1787130870.494274,-2.27,-0.338,9.517,-0.014,0.011,-0.003,-46.95,2.25,-51.0,1876.0
1787130870.4942849,-2.26,-0.364,9.498,-0.005,0.009,-0.003,-47.1,3.15,-50.55,1876.0
1787130870.6991904,-2.248,-0.292,9.5,-0.012,0.008,0.001,-47.4,1.35,-52.05,1904.0
1787130870.6992168,-2.282,-0.266,9.445,-0.021,0.011,-0.004,-47.1,2.85,-51.6,1904.0
1787130870.699228,-2.217,-0.314,9.488,-0.017,0.002,-0.002,-47.85,2.4,-50.55,1904.0
1787130870.9040332,-2.229,-0.357,9.481,-0.016,-0.001,0.0,-47.7,1.05,-50.7,1964.0
1787130870.9040663,-2.267,-0.311,9.486,-0.016,0.005,0.001,-47.7,2.25,-51.75,1915.0
1787130870.9040792,-2.207,-0.302,9.486,-0.019,0.005,-0.01,-47.25,2.7,-51.75,1915.0
1787130871.1080172,-2.227,-0.316,9.538,-0.013,0.01,-0.007,-46.5,1.5,-50.7,1901.0
1787130871.1080415,-2.284,-0.321,9.524,-0.015,0.015,0.003,-48.0,0.75,-50.4,1925.0
1787130871.1080532,-2.337,-0.318,9.498,-0.018,0.016,-0.003,-46.65,1.65,-50.1,1925.0
1787130871.3190472,-2.2,-0.292,9.438,-0.017,0.013,-0.004,-47.1,1.35,-50.85,1945.0
1787130871.5172863,-2.167,-0.299,9.481,-0.012,0.006,-0.001,-47.4,2.1,-51.3,1936.0
1787130871.5173118,-2.241,-0.29,9.519,-0.018,0.007,-0.004,-46.5,1.5,-49.2,1936.0
1787130871.7225335,-2.248,-0.29,9.493,-0.014,0.006,-0.005,-47.7,2.7,-50.4,1916.0
1787130871.7225578,-2.188,-0.28,9.483,-0.016,0.007,0.002,-48.15,2.1,-50.85,1916.0
1787130871.7225692,-2.253,-0.273,9.481,-0.019,0.013,0.0,-48.0,1.8,-51.75,1912.0
1787130871.927245,-2.298,-0.311,9.512,-0.015,0.013,0.002,-47.4,1.65,-51.6,1902.0
1787130871.9272728,-2.217,-0.294,9.522,-0.021,0.011,0.004,-47.25,2.25,-52.2,1902.0
1787130871.927284,-2.234,-0.299,9.505,-0.015,0.008,0.001,-48.9,2.4,-49.05,1923.0
1787130872.131989,-2.236,-0.259,9.464,-0.011,0.009,-0.001,-47.85,2.1,-50.85,1949.0
1787130872.132015,-2.27,-0.321,9.467,-0.013,-0.001,0.001,-47.1,3.6,-51.6,1949.0
1787130872.1320274,-2.253,-0.342,9.481,-0.014,0.006,-0.003,-47.7,3.0,-50.7,1949.0
1787130872.336868,-2.136,-0.318,9.503,-0.011,0.006,-0.008,-47.1,2.1,-51.6,1950.0
1787130872.3368938,-2.234,-0.342,9.498,-0.018,0.006,-0.003,-48.15,2.4,-51.6,1950.0
1787130872.336905,-2.284,-0.326,9.522,-0.021,0.002,-0.004,-46.5,2.7,-50.7,1950.0
1787130872.5427976,-2.224,-0.294,9.529,-0.02,0.007,-0.005,-47.4,2.4,-49.35,1928.0
1787130872.5428228,-2.267,-0.299,9.507,-0.016,0.007,-0.002,-47.7,2.25,-51.0,1928.0
1787130872.542835,-2.286,-0.321,9.522,-0.015,-0.001,-0.004,-47.7,2.7,-51.45,1928.0
1787130872.7472062,-2.255,-0.342,9.5,-0.014,0.006,-0.005,-47.7,2.7,-49.95,1956.0
1787130872.7472317,-2.227,-0.242,9.548,-0.019,0.004,-0.003,-47.25,2.7,-51.45,1956.0
1787130872.7472427,-2.184,-0.311,9.476,-0.02,0.008,-0.006,-47.25,2.7,-51.45,1956.0
1787130872.9495103,-2.188,-0.323,9.474,-0.015,0.013,-0.007,-47.85,3.15,-50.85,1922.0
1787130873.156058,-2.246,-0.33,9.534,-0.013,0.007,-0.001,-47.1,3.6,-51.6,1913.0
1787130873.1560838,-2.236,-0.326,9.536,-0.015,0.009,-0.001,-47.1,1.65,-50.55,1948.0
1787130873.1560955,-2.246,-0.287,9.529,-0.013,0.01,0.001,-48.15,3.6,-51.6,1948.0
1787130873.3615272,-2.217,-0.302,9.534,-0.019,0.006,-0.003,-46.65,2.4,-52.05,1909.0
1787130873.3615527,-2.167,-0.369,9.507,-0.016,0.004,0.003,-48.15,0.15,-50.1,1946.0
1787130873.3615642,-2.215,-0.318,9.467,-0.014,0.013,-0.004,-47.4,2.4,-51.3,1946.0
1787130873.5660698,-2.239,-0.369,9.503,-0.015,0.012,0.003,-45.6,2.1,-49.35,1920.0
1787130873.5660982,-2.184,-0.302,9.51,-0.013,0.006,-0.002,-46.5,3.45,-51.0,1900.0
1787130873.5661097,-2.241,-0.259,9.531,-0.018,0.011,-0.005,-47.25,1.05,-52.95,1900.0
1787130873.7710786,-2.205,-0.292,9.503,-0.016,0.004,0.001,-48.6,1.65,-51.6,1889.0
1787130873.771105,-2.193,-0.369,9.495,-0.015,0.007,-0.004,-47.7,2.7,-51.0,1897.0
1787130873.7711163,-2.253,-0.311,9.507,-0.017,0.007,0.003,-48.3,3.45,-50.7,1897.0
1787130873.9758718,-2.274,-0.299,9.519,-0.015,0.004,-0.006,-48.75,2.7,-51.45,1872.0
1787130873.975898,-2.215,-0.35,9.515,-0.012,0.005,-0.005,-48.3,1.8,-50.4,1872.0
1787130873.9759092,-2.255,-0.326,9.517,-0.012,0.003,-0.004,-47.1,2.85,-49.8,1872.0
1787130874.18026,-2.241,-0.371,9.56,-0.016,0.012,-0.005,-46.65,0.45,-50.55,1909.0
1787130874.1802852,-2.212,-0.338,9.493,-0.014,0.012,-0.001,-47.25,3.45,-51.0,1909.0
1787130874.1802967,-2.26,-0.354,9.476,-0.01,0.012,-0.004,-47.7,2.25,-52.5,1931.0
1787130874.3851125,-2.148,-0.364,9.538,-0.014,0.018,-0.003,-47.1,0.9,-50.55,1894.0
1787130874.3851383,-2.248,-0.292,9.459,-0.018,0.011,0.002,-48.15,2.85,-50.85,1894.0
1787130874.3851495,-2.198,-0.338,9.531,-0.016,0.008,0.004,-47.1,2.1,-50.85,1894.0
1787130874.5877616,-2.195,-0.326,9.538,-0.018,0.01,-0.006,-47.1,2.4,-51.3,1930.0
1787130874.794661,-2.212,-0.371,9.469,-0.021,-0.002,-0.002,-46.95,3.45,-51.0,1917.0
1787130874.7946863,-2.207,-0.335,9.519,-0.01,0.015,0.002,-47.4,2.4,-50.1,1917.0
1787130874.7946985,-2.236,-0.314,9.431,-0.017,0.011,-0.003,-46.65,1.65,-49.8,1917.0
1787130874.999902,-2.231,-0.285,9.481,-0.018,0.009,0.0,-46.35,0.45,-50.85,1934.0
1787130874.9999263,-2.16,-0.292,9.512,-0.02,0.003,-0.005,-47.4,0.9,-50.85,1934.0
1787130874.9999387,-2.246,-0.28,9.546,-0.019,0.01,-0.005,-47.85,2.85,-51.6,1934.0
1787130875.2046816,-2.318,-0.338,9.471,-0.026,0.006,-0.001,-48.0,2.25,-50.7,1909.0
1787130875.2047079,-2.229,-0.302,9.491,-0.02,0.004,0.0,-47.1,1.65,-52.05,1909.0
1787130875.2047195,-2.291,-0.323,9.462,-0.018,0.011,-0.006,-46.5,3.0,-52.5,1909.0
1787130875.4091184,-2.205,-0.345,9.534,-0.02,-0.004,0.001,-47.7,2.7,-49.95,1939.0
1787130875.4091442,-2.157,-0.283,9.536,-0.019,0.004,-0.003,-48.15,1.65,-50.85,1939.0
1787130875.4091554,-2.205,-0.309,9.503,-0.022,0.004,-0.003,-47.4,2.4,-50.55,1939.0
1787130875.614344,-2.217,-0.314,9.519,-0.02,0.015,-0.006,-46.2,3.75,-52.2,1931.0
1787130875.6143684,-2.215,-0.321,9.455,-0.019,0.011,-0.006,-48.0,1.5,-52.95,1931.0
1787130875.61438,-2.224,-0.299,9.452,-0.017,0.011,0.002,-46.95,2.7,-51.45,1931.0
1787130875.8191645,-2.164,-0.39,9.505,-0.021,-0.005,-0.006,-47.4,2.1,-51.3,1903.0
1787130875.8191903,-2.164,-0.441,9.495,-0.021,-0.003,-0.001,-48.6,0.9,-51.3,1903.0
1787130875.8192024,-2.342,-0.302,9.459,-0.021,-0.008,-0.014,-47.4,2.85,-52.05,1931.0
1787130876.023393,-2.205,-0.357,9.39,-0.017,0.018,-0.004,-47.85,1.65,-51.3,1943.0
1787130876.023419,-2.255,-0.34,9.51,-0.019,0.007,-0.004,-48.0,2.7,-51.45,1943.0
1787130876.0234308,-2.26,-0.297,9.503,-0.013,0.002,-0.002,-49.65,3.15,-50.1,1918.0
1787130876.2276716,-2.255,-0.302,9.555,-0.018,0.005,0.003,-47.85,1.65,-52.35,1896.0
1787130876.2276976,-2.241,-0.304,9.567,-0.015,-0.001,-0.002,-47.1,1.35,-52.35,1928.0
1787130876.4336176,-2.191,-0.352,9.5,-0.014,-0.003,-0.005,-47.85,2.85,-51.6,1918.0
1787130876.4336436,-2.246,-0.302,9.469,-0.013,0.002,-0.009,-47.7,3.45,-51.0,1918.0
1787130876.4336548,-2.176,-0.364,9.548,-0.017,0.006,-0.009,-47.7,1.8,-51.75,1918.0
1787130876.63804,-2.234,-0.371,9.546,-0.019,0.007,0.003,-47.4,1.65,-51.6,1958.0
1787130876.638065,-2.133,-0.354,9.515,-0.016,0.012,0.002,-47.7,2.25,-50.4,1958.0
1787130876.6380763,-2.21,-0.278,9.507,-0.011,0.015,0.001,-47.7,1.8,-50.4,1958.0
1787130876.842925,-2.155,-0.318,9.543,-0.048,-0.002,0.004,-48.0,1.5,-51.75,1928.0
1787130876.842979,-2.229,-0.311,9.601,-0.017,0.032,0.009,-47.1,3.0,-52.2,1928.0
1787130876.8429923,-2.227,-0.311,9.61,-0.052,-0.015,0.03,-47.1,2.85,-50.55,1928.0
1787130877.0482602,-1.994,-0.249,9.699,-0.152,0.032,0.107,-47.7,1.8,-49.95,1897.0
1787130877.0482864,-2.004,0.0,9.479,-0.022,0.185,0.013,-46.95,2.25,-51.0,1897.0
1787130877.048298,-2.224,-0.354,9.644,-0.129,0.106,0.018,-47.4,1.65,-50.55,1897.0
1787130877.2522428,-2.859,0.515,10.834,0.208,-0.531,0.134,-49.5,3.0,-50.7,1862.0
1787130877.2522683,-2.921,0.845,10.582,-0.008,-0.751,0.155,-48.15,2.4,-51.6,1862.0
1787130877.2522793,-1.389,1.561,9.783,-0.258,-0.741,0.239,-48.9,1.35,-53.1,1862.0
1787130877.4571784,-2.174,0.124,8.363,-0.433,0.716,0.211,-48.6,-0.9,-54.6,1659.0
1787130877.457243,-2.507,-0.18,7.76,-0.359,0.921,0.149,-47.1,-0.9,-54.6,1659.0
1787130877.4572835,-3.414,-0.287,7.293,-0.343,0.914,0.029,-48.0,-1.5,-54.0,1659.0
1787130877.6621895,-1.379,-1.805,5.739,0.672,1.108,0.192,-46.65,-2.1,-47.25,1580.0
1787130877.6622329,-2.047,-0.694,6.553,-0.156,-2.433,0.037,-46.35,-1.65,-46.05,1580.0
1787130877.66224,-16.774,4.326,8.722,-0.53,-4.756,0.305,-49.8,-2.7,-48.45,1580.0
1787130877.8648236,-5.732,2.456,13.295,0.658,-0.15,-0.243,-50.1,-3.15,-46.05,271.0
1787130878.0714147,-3.385,-0.105,9.627,0.446,-0.296,0.71,-45.15,-7.8,-39.15,263.0
1787130878.0714388,-2.531,0.065,9.799,0.405,-0.307,0.615,-43.65,-7.8,-38.4,263.0
1787130878.07145,-1.082,0.134,9.536,0.13,-0.038,0.548,-42.9,-6.75,-39.45,263.0
1787130878.2762594,-2.425,1.539,9.129,0.405,1.451,0.479,-37.5,-7.2,-30.45,263.0
1787130878.2762854,-4.956,2.466,9.431,0.589,1.346,0.478,-37.05,-7.5,-29.55,263.0
1787130878.2762969,-6.457,3.68,8.928,0.425,0.637,0.469,-36.6,-7.8,-28.05,117.0
1787130878.4806864,-4.503,3.053,7.597,0.694,-0.097,0.485,-29.55,-2.85,-19.65,77.0
1787130878.4807107,-4.051,3.33,7.302,0.742,-0.075,0.488,-28.8,-1.65,-19.65,77.0
1787130878.480722,-4.563,3.871,6.79,0.742,-0.11,0.471,-28.95,0.3,-19.8,88.0
1787130878.6856174,-2.368,5.763,6.055,0.25,0.625,0.035,-28.2,6.45,-18.3,122.0
1787130878.6856427,-2.44,5.997,5.997,0.193,0.889,-0.051,-25.8,7.5,-19.2,122.0
1787130878.6856549,-2.667,6.316,6.0,0.114,0.991,-0.099,-25.95,8.85,-17.25,170.0
1787130878.8905401,-3.091,6.323,6.479,-0.411,0.126,-0.202,-26.55,12.9,-17.1,239.0
1787130878.8905663,-3.428,5.483,6.165,-0.314,0.422,-0.303,-26.25,10.5,-18.45,239.0
1787130878.8905773,-3.496,5.095,6.165,-0.057,0.479,-0.325,-25.8,11.7,-18.45,217.0
1787130879.0958605,-2.21,6.23,6.802,-0.027,-0.442,-0.396,-29.85,12.45,-19.65,233.0
1787130879.0958862,-2.155,6.007,6.835,-0.038,-0.163,-0.439,-28.8,12.45,-20.7,233.0
1787130879.0958977,-2.437,5.746,7.178,-0.022,0.007,-0.402,-29.55,12.15,-19.2,233.0
1787130879.3001616,-3.103,4.994,6.491,0.031,0.058,0.019,-30.15,11.55,-19.8,204.0
1787130879.300186,-3.299,5.219,6.541,0.063,0.003,0.051,-28.5,13.2,-20.4,204.0
1787130879.3001976,-3.282,5.243,6.589,0.106,-0.039,0.09,-29.85,14.1,-20.4,204.0
1787130879.5028143,-3.663,6.414,7.278,0.137,0.038,0.221,-30.3,13.2,-21.45,256.0
1787130879.7098436,-3.625,6.254,6.67,-0.016,0.021,0.08,-26.55,14.1,-19.65,270.0
1787130879.7098782,-3.606,6.021,6.711,-0.065,0.106,0.065,-27.75,15.6,-17.7,280.0
1787130879.7098901,-3.603,6.158,6.718,-0.093,0.173,0.044,-27.15,15.0,-19.05,280.0
1787130879.9146464,-3.687,5.775,6.376,0.052,0.041,-0.131,-25.8,13.65,-19.2,257.0
1787130879.9146714,-3.764,5.816,6.527,0.061,-0.039,-0.145,-25.5,14.1,-18.45,265.0
1787130879.9146826,-3.79,5.808,6.675,0.046,-0.158,-0.114,-25.95,13.8,-18.3,265.0
1787130880.1194339,-3.661,6.742,6.551,-0.235,0.267,-0.065,-26.4,13.8,-18.3,269.0
1787130880.1194608,-3.8,6.536,6.541,-0.268,0.216,-0.07,-26.55,13.65,-18.15,278.0
1787130880.119472,-3.766,6.4,6.567,-0.287,0.16,-0.092,-25.95,13.8,-20.1,278.0
1787130880.3243861,-3.828,5.045,6.584,-0.12,0.127,-0.073,-24.75,10.95,-17.4,255.0
1787130880.324411,-3.869,5.016,6.579,-0.079,0.098,-0.018,-25.95,11.1,-18.75,233.0
1787130880.324422,-3.881,5.114,6.608,-0.046,0.051,0.011,-25.5,12.15,-18.15,233.0
1787130880.5291057,-4.068,5.619,6.833,-0.057,-0.013,-0.102,-25.2,11.55,-18.3,253.0
1787130880.5291297,-3.941,5.492,6.713,-0.055,0.011,-0.112,-24.45,11.55,-18.0,241.0
1787130880.5291414,-3.91,5.444,6.682,-0.035,0.009,-0.095,-25.2,11.55,-19.5,241.0
1787130880.7339063,-3.804,5.753,6.687,-0.012,0.027,0.016,-25.65,10.8,-19.5,239.0
1787130880.7339306,-3.788,5.808,6.742,-0.02,0.034,-0.002,-25.8,12.45,-20.4,240.0
1787130880.7339425,-3.833,5.753,6.744,-0.01,0.055,-0.003,-23.85,11.55,-19.05,240.0
1787130880.93936,-3.886,5.516,6.847,0.001,0.027,0.023,-24.15,11.1,-19.05,249.0
1787130880.9393852,-3.996,5.588,6.879,-0.018,0.043,0.013,-24.9,11.55,-18.0,249.0
1787130880.9393964,-4.039,5.576,6.823,-0.036,0.05,0.0,-24.75,11.7,-18.15,235.0
1787130881.141398,-4.096,5.296,6.57,0.017,-0.002,-0.026,-24.45,11.85,-18.0,238.0
1787130881.348237,-3.785,5.887,6.673,-0.035,0.019,0.052,-24.3,9.0,-17.4,260.0
1787130881.3482614,-3.907,5.957,6.701,-0.043,0.041,0.049,-23.85,11.85,-19.8,260.0
1787130881.3482728,-3.994,5.938,6.735,-0.052,0.034,0.032,-23.85,11.85,-19.8,260.0
1787130881.5530899,-4.003,5.097,6.795,-0.02,-0.024,-0.051,-24.3,10.5,-18.45,244.0
1787130881.5531154,-3.994,5.21,6.737,-0.012,-0.031,-0.035,-23.55,9.0,-18.15,244.0
1787130881.5531263,-3.938,5.258,6.78,-0.005,-0.032,-0.016,-25.8,10.2,-18.45,244.0
1787130881.7580512,-3.986,6.108,6.704,-0.014,0.001,-0.008,-24.75,10.5,-18.9,245.0
1787130881.7580764,-4.173,5.94,6.73,-0.023,0.024,-0.007,-23.4,11.85,-18.75,245.0
1787130881.7580879,-4.259,5.82,6.795,-0.035,0.01,-0.057,-25.05,10.5,-17.7,245.0
1787130881.9629686,-4.104,4.796,6.867,-0.035,0.015,-0.061,-24.9,11.55,-18.3,239.0
1787130881.9629924,-4.12,4.949,6.864,-0.032,0.005,-0.051,-25.2,11.1,-18.3,239.0
1787130881.9630036,-4.104,5.131,6.756,-0.037,-0.009,-0.029,-24.3,12.15,-18.15,239.0
1787130882.1674623,-4.027,5.849,6.663,0.027,-0.018,0.01,-24.75,13.2,-17.7,233.0
1787130882.1674898,-4.013,5.689,6.783,0.018,-0.009,0.011,-25.05,12.15,-19.65,238.0
1787130882.167503,-4.051,5.626,6.917,-0.001,-0.003,0.006,-25.95,10.8,-18.0,238.0
1787130882.372093,-4.264,5.193,6.543,-0.002,0.024,0.0,-23.85,12.3,-18.3,242.0
1787130882.372118,-4.195,5.301,6.519,0.028,-0.021,0.012,-24.0,11.4,-17.4,245.0
1787130882.3721292,-4.219,5.423,6.546,0.059,-0.044,0.01,-24.9,10.35,-18.75,245.0
1787130882.5782824,-3.996,5.473,6.773,-0.058,0.036,-0.031,-25.05,11.7,-19.2,238.0
1787130882.5783074,-4.14,5.389,6.716,-0.066,0.032,-0.02,-23.55,12.15,-17.7,238.0
1787130882.5783184,-4.164,5.337,6.622,-0.072,0.035,-0.018,-23.85,12.3,-18.3,238.0
1787130882.781563,-4.053,5.435,6.548,0.049,0.015,0.011,-24.75,11.7,-18.15,229.0
1787130882.9866664,-4.199,5.758,6.838,0.037,0.014,0.032,-23.55,12.45,-18.45,229.0
1787130882.9866912,-4.197,5.631,6.869,0.015,0.013,0.016,-24.0,12.15,-17.1,255.0
1787130882.9867027,-4.154,5.547,6.919,0.003,0.026,-0.005,-23.25,12.45,-18.15,255.0
1787130883.1920786,-3.867,6.033,6.603,-0.002,0.015,-0.002,-25.8,13.65,-18.9,261.0
1787130883.192104,-3.795,5.909,6.57,-0.012,0.028,-0.013,-22.5,12.45,-17.1,261.0
1787130883.1921158,-3.845,5.729,6.56,-0.007,0.036,0.006,-25.05,13.2,-18.45,261.0
1787130883.3967652,-4.317,5.543,6.62,-0.037,0.047,0.02,-25.5,12.9,-18.15,257.0
1787130883.3967903,-4.422,5.504,6.589,-0.049,0.042,-0.009,-24.0,14.85,-18.9,257.0
1787130883.3968015,-4.295,5.461,6.613,-0.055,0.031,-0.034,-25.05,12.9,-17.4,257.0
1787130883.6010501,-3.967,5.756,6.598,0.01,-0.011,0.016,-24.3,12.9,-18.15,258.0
1787130883.601074,-4.046,5.753,6.56,0.003,-0.004,0.014,-24.0,13.2,-18.9,258.0
1787130883.601085,-3.96,5.813,6.579,-0.007,0.001,0.009,-25.05,14.4,-20.4,258.0
1787130883.806313,-4.125,5.691,6.61,-0.038,0.014,-0.005,-24.0,12.45,-17.4,267.0
1787130883.806338,-3.967,5.607,6.591,-0.03,0.016,-0.001,-24.45,13.5,-19.05,267.0
1787130883.8063493,-4.073,5.586,6.594,-0.032,0.021,-0.003,-24.9,11.85,-18.3,267.0
1787130884.0112765,-4.108,5.576,6.539,-0.035,0.012,-0.001,-24.45,13.5,-18.75,252.0
1787130884.011302,-4.137,5.593,6.577,-0.029,0.008,-0.007,-24.15,12.75,-19.5,252.0
1787130884.0113132,-4.132,5.586,6.553,-0.023,0.005,0.001,-26.25,11.4,-18.45,252.0
1787130884.2149906,-4.003,5.569,6.63,-0.011,-0.002,0.01,-25.05,13.65,-17.7,253.0
1787130884.2150154,-4.065,5.607,6.625,-0.012,0.001,0.013,-25.65,12.3,-18.3,253.0
1787130884.4207368,-4.027,5.504,6.615,-0.004,0.001,0.0,-25.05,12.9,-18.9,261.0
1787130884.6252468,-4.065,5.677,6.608,-0.029,0.012,-0.001,-24.9,13.8,-18.3,262.0
1787130884.6252737,-4.07,5.61,6.577,-0.024,0.01,-0.003,-24.75,12.15,-18.15,262.0
1787130884.6252854,-4.082,5.586,6.572,-0.026,0.011,-0.002,-24.0,12.15,-19.2,256.0
1787130884.8305914,-4.001,5.648,6.644,-0.012,0.01,-0.002,-24.0,13.2,-19.65,258.0
1787130884.8306172,-4.013,5.614,6.622,-0.011,0.005,0.0,-25.05,12.15,-18.15,258.0
1787130884.8306284,-3.936,5.612,6.603,-0.017,0.01,0.003,-25.05,12.9,-19.2,255.0
1787130885.0350633,-4.089,5.634,6.541,0.002,0.005,-0.021,-23.85,13.5,-18.0,258.0
1787130885.035088,-4.032,5.631,6.606,0.006,-0.002,-0.01,-25.5,11.7,-19.65,258.0
1787130885.035164,-3.977,5.689,6.582,-0.003,-0.007,-0.006,-25.95,13.8,-18.75,267.0
1787130885.2399695,-4.039,5.703,6.558,-0.009,0.017,-0.013,-24.45,13.8,-18.3,269.0
1787130885.2401717,-4.034,5.672,6.529,-0.01,0.011,-0.005,-23.55,14.1,-19.2,269.0
1787130885.2401812,-4.025,5.648,6.596,-0.004,0.002,-0.005,-24.15,13.8,-16.5,259.0
1787130885.4450636,-4.092,5.588,6.491,-0.047,0.027,-0.002,-24.75,13.65,-18.45,263.0
1787130885.4450898,-4.166,5.638,6.481,-0.036,0.01,-0.011,-23.85,13.5,-16.8,263.0
1787130885.4451013,-4.058,5.6,6.483,-0.023,0.005,-0.018,-24.75,11.7,-19.65,260.0
1787130885.6489975,-4.08,5.59,6.596,-0.027,0.016,0.007,-23.55,12.9,-17.7,268.0
1787130885.6490216,-4.058,5.6,6.658,-0.029,0.001,0.007,-24.3,12.15,-18.15,268.0
1787130885.6490333,-4.149,5.605,6.589,-0.027,0.001,0.007,-23.4,14.55,-19.5,251.0
1787130885.854487,-4.025,5.629,6.644,-0.045,0.025,-0.013,-25.65,11.1,-18.75,259.0
1787130885.8545125,-4.003,5.588,6.586,-0.038,0.02,-0.01,-23.55,12.15,-18.9,259.0
1787130885.854524,-3.967,5.557,6.534,-0.021,0.021,0.004,-23.4,12.3,-18.75,259.0
1787130886.0580447,-4.089,5.437,6.625,0.048,-0.019,0.026,-25.65,13.05,-18.3,266.0
1787130886.058069,-4.049,5.526,6.639,0.053,-0.027,0.054,-24.0,12.15,-18.45,266.0
1787130886.2635887,-4.013,5.564,6.443,-0.147,0.12,-0.049,-24.15,11.55,-18.75,259.0
1787130886.263613,-3.974,5.385,6.369,-0.097,0.115,-0.051,-24.0,11.7,-18.15,253.0
1787130886.263625,-4.001,5.25,6.321,-0.035,0.102,-0.046,-24.15,12.75,-19.8,253.0
1787130886.4686115,-4.073,6.39,6.993,-0.047,0.021,-0.027,-24.75,13.65,-17.1,262.0
1787130886.4686353,-3.965,6.433,6.867,-0.14,0.095,-0.044,-25.8,13.2,-17.7,262.0
1787130886.468647,-3.84,6.246,6.713,-0.167,0.167,-0.048,-24.45,12.3,-19.05,262.0
1787130886.67461,-4.12,5.552,6.984,0.077,-0.125,0.033,-25.5,13.2,-17.7,264.0
1787130886.6746354,-4.164,5.835,7.101,0.005,-0.077,0.004,-24.9,14.25,-18.0,264.0
1787130886.674647,-4.096,6.029,7.032,-0.118,0.084,-0.053,-26.4,14.25,-18.75,264.0
1787130886.8778863,-4.137,5.114,6.167,0.155,-0.012,0.035,-23.55,12.9,-17.7,252.0
1787130886.8779118,-4.257,5.195,6.371,0.246,-0.108,0.078,-23.55,11.4,-18.15,257.0
1787130886.8779228,-4.326,5.296,6.694,0.275,-0.199,0.102,-24.75,13.65,-16.65,257.0
1787130887.0826511,-3.91,6.005,6.39,-0.331,0.294,-0.112,-24.9,13.5,-19.05,272.0
1787130887.0826764,-3.79,5.626,5.93,-0.276,0.253,-0.067,-23.55,12.15,-18.45,248.0
1787130887.0826879,-3.879,5.459,5.811,-0.178,0.184,-0.024,-24.75,13.2,-18.15,248.0
1787130887.2875845,-4.41,5.665,7.302,0.109,-0.229,0.038,-23.4,13.5,-18.0,252.0
1787130887.28761,-4.283,6.048,7.384,-0.026,-0.088,-0.023,-25.8,11.7,-19.2,264.0
1787130887.287622,-4.214,6.249,7.377,-0.165,0.064,-0.092,-24.45,14.55,-17.55,264.0
1787130887.4922204,-4.003,4.944,5.83,0.086,0.026,0.054,-23.4,13.5,-18.75,253.0
1787130887.4922442,-4.214,4.877,6.045,0.213,-0.109,0.103,-24.0,11.4,-18.15,253.0
1787130887.4922554,-4.362,4.97,6.335,0.277,-0.234,0.127,-23.25,13.2,-17.4,248.0
1787130887.6968079,-3.948,5.669,6.038,-0.299,0.272,-0.086,-23.55,12.15,-17.7,262.0
1787130887.6968331,-3.931,5.344,6.041,-0.074,0.052,-0.014,-24.3,11.7,-16.65,259.0
1787130887.901912,-4.08,5.499,6.273,-0.129,0.137,-0.062,-24.15,11.1,-18.0,255.0
1787130887.9019363,-3.97,5.454,6.141,-0.102,0.087,-0.05,-24.0,11.7,-19.65,255.0
1787130887.9019477,-4.092,5.476,6.115,-0.051,0.035,-0.016,-23.25,12.15,-19.2,255.0
1787130888.1066751,-4.118,5.816,6.989,0.013,-0.055,0.036,-22.65,12.75,-19.5,259.0
1787130888.1066995,-4.058,5.708,7.017,-0.042,-0.016,0.016,-24.45,12.3,-18.75,259.0
1787130888.1067111,-4.085,5.59,6.96,-0.095,0.039,-0.009,-23.55,12.15,-17.7,259.0
1787130888.3115616,-4.075,5.358,6.321,0.047,-0.037,0.021,-23.55,12.45,-18.15,245.0
1787130888.3115866,-4.18,5.488,6.472,0.063,-0.039,0.029,-23.85,11.1,-17.55,245.0
1787130888.3115978,-4.374,5.583,6.663,0.07,-0.052,0.025,-23.85,11.55,-19.5,245.0
1787130888.5162206,-4.025,5.6,6.615,-0.034,0.006,-0.003,-24.45,12.75,-18.3,258.0
1787130888.5162456,-4.034,5.526,6.634,-0.026,0.002,0.005,-22.65,13.05,-18.3,258.0
1787130888.5162566,-4.123,5.564,6.63,-0.027,0.006,0.022,-24.3,12.9,-19.2,258.0
1787130888.7213147,-4.099,5.452,6.534,0.007,-0.013,-0.036,-24.0,11.7,-18.45,260.0
1787130888.72134,-3.998,5.392,6.608,0.023,-0.017,-0.018,-24.15,12.3,-18.3,260.0
1787130888.721351,-3.979,5.442,6.613,0.032,-0.018,0.001,-23.25,10.95,-17.4,260.0
1787130888.9261017,-4.214,5.65,6.469,-0.032,0.013,-0.001,-24.45,12.3,-19.05,254.0
1787130888.9261258,-4.142,5.677,6.546,-0.03,0.013,-0.001,-24.45,12.3,-19.05,254.0
1787130888.9261384,-4.171,5.667,6.586,-0.013,0.013,0.011,-24.45,11.55,-18.75,254.0
1787130889.1308703,-4.101,5.377,6.67,-0.045,0.038,-0.024,-23.25,11.4,-17.1,258.0
1787130889.1308944,-4.096,5.325,6.565,-0.02,0.029,-0.02,-24.15,11.85,-18.0,250.0
1787130889.1309059,-4.137,5.286,6.464,0.01,0.004,-0.005,-24.15,12.3,-18.3,250.0
1787130889.3335333,-4.152,5.693,6.603,-0.047,0.045,-0.034,-23.4,12.3,-18.3,257.0
1787130889.5405385,-4.262,5.641,6.596,0.018,-0.016,-0.01,-24.0,10.5,-18.15,264.0
1787130889.5405645,-4.132,5.689,6.634,-0.004,-0.019,-0.021,-23.55,12.15,-18.15,264.0
1787130889.5405765,-4.061,5.641,6.694,-0.013,0.009,-0.028,-25.2,11.85,-18.75,240.0
1787130889.745132,-4.173,5.519,6.565,-0.031,0.018,0.013,-23.1,12.75,-18.3,252.0
1787130889.745156,-4.233,5.511,6.574,-0.025,0.019,0.013,-24.15,12.3,-18.75,252.0
1787130889.7451682,-4.259,5.492,6.596,-0.019,0.008,0.006,-23.85,11.85,-18.3,252.0
1787130889.9500344,-4.099,5.543,6.699,-0.004,-0.005,0.014,-24.0,11.7,-18.45,245.0
1787130889.9500582,-4.116,5.748,6.565,-0.026,-0.01,-0.004,-24.3,12.45,-17.1,245.0
1787130889.9500694,-3.967,5.583,6.665,-0.036,0.001,-0.002,-25.8,12.45,-19.2,245.0
1787130890.1548736,-4.116,5.519,6.567,0.003,0.005,0.016,-23.4,11.55,-18.3,260.0
1787130890.1549475,-4.101,5.528,6.586,0.009,0.005,0.018,-24.45,11.55,-18.3,260.0
1787130890.1549618,-4.137,5.54,6.634,0.005,-0.004,0.005,-22.8,13.2,-18.45,260.0
1787130890.3594203,-4.037,5.509,6.749,-0.054,0.019,0.0,-24.15,13.05,-18.0,249.0
1787130890.3594446,-4.037,5.492,6.699,-0.06,0.022,0.003,-24.0,12.15,-18.45,249.0
1787130890.359456,-4.137,5.636,6.673,-0.068,0.023,0.001,-23.25,11.7,-17.7,249.0
1787130890.5644603,-4.037,5.48,6.706,-0.04,0.038,0.006,-24.15,12.3,-17.55,249.0
1787130890.5644846,-4.07,5.406,6.68,-0.032,0.039,-0.002,-24.3,11.7,-17.7,249.0
1787130890.5644968,-4.087,5.401,6.663,-0.031,0.044,-0.005,-23.25,10.95,-18.15,249.0
1787130890.7691693,-4.168,5.552,6.697,0.011,-0.014,0.001,-22.65,9.15,-18.75,248.0
1787130890.7691941,-4.154,5.571,6.67,0.001,-0.008,0.003,-25.2,11.55,-18.0,248.0
1787130890.7692053,-4.058,5.559,6.744,-0.004,-0.004,0.0,-24.75,10.5,-18.9,248.0
1787130890.9731357,-4.259,5.195,6.44,0.019,-0.004,-0.02,-25.05,11.7,-18.9,244.0
1787130891.1788673,-3.852,5.77,6.586,-0.071,0.073,0.025,-24.45,12.3,-20.85,259.0
1787130891.1788921,-3.972,5.729,6.553,-0.061,0.073,0.036,-23.85,13.5,-18.3,262.0
1787130891.1789038,-4.02,5.667,6.495,-0.047,0.06,0.032,-22.65,11.85,-18.0,262.0
1787130891.3836915,-4.092,5.6,6.689,-0.008,-0.004,-0.021,-24.75,11.7,-19.2,259.0
1787130891.3837156,-4.085,5.602,6.699,-0.013,0.001,-0.031,-23.85,12.75,-18.3,262.0
1787130891.3837276,-4.022,5.581,6.687,-0.012,0.005,-0.026,-24.45,12.3,-16.8,262.0
1787130891.588346,-4.051,5.653,6.579,-0.029,0.017,0.01,-24.0,12.15,-17.1,259.0
1787130891.5883703,-4.144,5.617,6.57,-0.026,0.01,0.009,-23.55,12.15,-17.7,239.0
1787130891.5883818,-4.041,5.624,6.555,-0.022,0.014,0.011,-25.2,9.6,-19.8,239.0
1787130891.7932758,-4.053,5.626,6.551,-0.006,0.004,-0.002,-24.45,12.75,-19.05,253.0
1787130891.7933013,-4.068,5.578,6.601,0.001,-0.002,-0.004,-24.0,10.2,-17.4,259.0
1787130891.7933128,-4.008,5.612,6.675,-0.001,-0.003,-0.005,-23.4,12.75,-19.5,259.0
1787130891.9980524,-3.965,5.61,6.608,-0.007,0.003,-0.001,-25.65,11.55,-19.5,254.0
1787130891.9980764,-3.958,5.657,6.579,-0.011,0.01,0.0,-23.4,13.05,-18.3,254.0
1787130891.998088,-4.017,5.669,6.665,-0.019,0.014,0.0,-23.4,11.85,-18.3,248.0
1787130892.2041976,-4.08,5.629,6.596,-0.018,0.011,-0.005,-24.15,13.5,-18.0,268.0
1787130892.2042224,-3.998,5.595,6.517,-0.011,0.004,-0.004,-24.3,11.7,-18.15,268.0
1787130892.204234,-4.022,5.674,6.551,-0.012,0.009,-0.011,-24.9,13.05,-18.0,263.0
1787130892.4075534,-3.946,5.677,6.646,-0.02,0.013,0.003,-24.3,12.45,-19.2,256.0
1787130892.4075775,-4.001,5.593,6.67,-0.021,0.02,-0.002,-23.55,12.9,-18.45,256.0
1787130892.4075892,-3.996,5.595,6.606,-0.029,0.028,-0.007,-24.45,13.05,-19.5,261.0
1787130892.6121504,-3.996,5.674,6.606,-0.003,-0.006,0.001,-24.3,14.1,-17.7,259.0
1787130892.612176,-3.97,5.696,6.586,-0.007,0.003,-0.011,-24.15,13.05,-18.3,263.0
1787130892.8171213,-4.005,5.567,6.656,-0.024,0.014,0.0,-23.4,13.05,-18.75,256.0
1787130892.8171458,-4.051,5.622,6.584,-0.027,0.006,-0.008,-24.0,11.4,-18.45,256.0
1787130892.8171573,-4.053,5.617,6.579,-0.028,0.009,-0.005,-25.05,11.4,-18.45,256.0
1787130893.0220664,-3.929,5.674,6.625,-0.021,0.016,-0.002,-23.55,11.7,-16.35,256.0
1787130893.0222068,-3.974,5.648,6.656,-0.021,0.02,-0.003,-24.9,12.3,-19.5,256.0
1787130893.0222204,-4.003,5.624,6.627,-0.032,0.02,-0.001,-24.0,12.9,-19.95,256.0
1787130893.2275293,-4.041,5.631,6.61,-0.004,-0.005,0.001,-23.1,11.1,-18.75,251.0
1787130893.2275472,-3.996,5.617,6.596,0.0,0.001,-0.009,-25.65,13.05,-18.75,251.0
1787130893.2275538,-4.003,5.677,6.598,-0.006,0.003,-0.009,-23.55,12.45,-19.95,251.0
1787130893.4315197,-3.989,5.619,6.546,-0.013,0.01,0.003,-23.85,11.85,-19.05,259.0
1787130893.4315434,-4.015,5.657,6.582,-0.014,0.015,-0.01,-24.75,12.45,-19.95,259.0
1787130893.4315546,-3.998,5.655,6.563,-0.007,0.011,-0.002,-24.45,12.75,-18.3,259.0
1787130893.6364682,-3.986,5.619,6.601,-0.018,0.006,0.004,-23.1,13.05,-18.75,268.0
1787130893.6364937,-4.037,5.653,6.524,-0.014,0.005,-0.004,-23.4,12.3,-17.25,268.0
1787130893.6365044,-4.073,5.689,6.601,-0.021,0.005,-0.005,-23.4,12.75,-19.05,268.0
1787130893.8413901,-3.898,5.66,6.613,-0.03,0.015,-0.004,-24.9,13.5,-18.0,264.0
1787130893.8414187,-3.996,5.581,6.565,-0.027,0.015,-0.002,-24.9,12.3,-18.3,261.0
1787130893.84143,-4.001,5.602,6.574,-0.019,0.016,-0.001,-23.55,12.15,-18.15,261.0
1787130894.0459023,-3.972,5.662,6.601,-0.015,0.011,-0.005,-24.45,12.3,-19.5,249.0
1787130894.0459268,-3.965,5.634,6.634,-0.019,0.009,-0.004,-24.3,12.45,-18.9,254.0
1787130894.0459385,-3.996,5.665,6.615,-0.027,0.009,0.0,-24.3,11.7,-17.7,254.0
1787130894.2501378,-4.025,5.693,6.541,-0.013,0.011,-0.004,-23.4,12.75,-19.05,248.0
1787130894.2501636,-4.008,5.624,6.632,-0.004,0.0,-0.003,-24.15,12.3,-18.75,254.0
1787130894.4558506,-4.005,5.693,6.63,-0.013,0.014,0.001,-24.0,12.15,-18.45,251.0
1787130894.455975,-3.998,5.653,6.61,-0.011,0.01,-0.006,-24.3,12.15,-19.95,251.0
1787130894.4559839,-3.946,5.691,6.577,-0.001,0.024,-0.001,-25.65,12.75,-19.8,251.0
1787130894.6603646,-3.996,5.725,6.536,-0.001,-0.004,-0.004,-23.25,12.45,-18.9,257.0
1787130894.6603892,-3.998,5.653,6.591,-0.009,-0.01,-0.009,-25.2,12.75,-18.75,257.0
1787130894.6604013,-3.938,5.653,6.601,-0.005,0.01,-0.009,-23.1,13.05,-19.5,257.0
1787130894.865334,-3.955,5.698,6.577,-0.016,0.012,0.002,-24.9,13.05,-19.05,261.0
1787130894.8653584,-3.953,5.679,6.622,-0.024,0.018,0.0,-24.15,12.3,-18.0,261.0
1787130894.8653696,-4.001,5.586,6.577,-0.013,0.015,0.002,-24.75,11.7,-18.15,261.0
1787130895.0702171,-3.926,5.674,6.668,-0.015,0.01,0.006,-24.3,12.9,-19.2,249.0
1787130895.0702422,-3.919,5.653,6.582,-0.02,0.013,0.005,-24.75,12.15,-19.2,249.0
1787130895.0702531,-3.958,5.729,6.594,-0.026,0.012,0.009,-22.8,13.65,-19.65,249.0
1787130895.2748463,-3.936,5.684,6.632,-0.016,0.011,-0.008,-23.55,12.15,-18.15,269.0
1787130895.2748785,-3.867,5.722,6.601,-0.02,0.007,-0.001,-24.45,11.85,-17.55,269.0
1787130895.2748897,-3.953,5.71,6.613,-0.018,0.012,-0.002,-24.9,12.3,-19.5,269.0
1787130895.4798508,-3.972,5.703,6.586,-0.004,0.001,-0.007,-25.2,12.3,-19.05,260.0
1787130895.4798827,-3.929,5.758,6.637,-0.007,0.003,-0.004,-24.45,13.8,-19.05,260.0
1787130895.479894,-3.929,5.677,6.598,-0.012,0.008,-0.006,-24.0,13.2,-16.65,260.0
1787130895.6844285,-4.001,5.681,6.572,-0.004,0.003,0.002,-23.25,12.45,-19.2,260.0
1787130895.684453,-3.979,5.701,6.582,-0.012,0.003,0.002,-24.9,13.5,-18.3,260.0
1787130895.6844645,-3.91,5.667,6.589,-0.007,0.004,-0.008,-24.15,13.05,-19.05,260.0
1787130895.8877373,-3.936,5.713,6.584,-0.016,0.003,0.007,-22.8,13.2,-17.7,255.0
1787130896.0951278,-3.924,5.674,6.582,-0.018,0.011,0.014,-24.15,13.05,-19.05,268.0
1787130896.095152,-3.974,5.667,6.558,-0.02,0.003,0.01,-24.45,12.75,-18.3,268.0
1787130896.0951633,-4.005,5.686,6.531,-0.016,-0.002,0.002,-25.8,12.45,-19.2,268.0
1787130896.299099,-3.895,5.76,6.627,-0.013,0.01,0.008,-25.5,13.2,-18.9,253.0
1787130896.2991235,-3.852,5.729,6.582,-0.023,0.007,0.005,-23.4,11.85,-18.75,253.0
1787130896.299135,-3.864,5.717,6.608,-0.027,0.011,-0.001,-24.75,13.2,-18.9,269.0
1787130896.5041509,-3.903,5.653,6.57,-0.006,0.004,-0.006,-25.2,13.8,-19.5,268.0
1787130896.504176,-3.857,5.744,6.63,-0.015,0.006,-0.001,-24.3,13.2,-18.9,268.0
1787130896.504187,-3.917,5.772,6.603,-0.013,0.006,0.003,-26.55,14.1,-19.2,252.0
1787130896.7084274,-3.891,5.739,6.572,-0.009,0.007,-0.006,-23.55,11.4,-18.15,268.0
1787130896.708453,-3.874,5.76,6.574,-0.011,0.007,0.001,-24.3,11.7,-17.7,268.0
1787130896.7084644,-3.871,5.648,6.594,-0.01,0.01,-0.002,-24.15,13.5,-18.75,254.0
1787130896.9093254,-3.946,5.717,6.56,-0.006,-0.003,-0.001,-24.75,11.7,-19.05,267.0
1787130896.9140756,-3.998,5.734,6.541,-0.001,-0.003,-0.005,-25.05,13.2,-20.4,267.0
1787130896.9141,-3.898,5.777,6.572,-0.004,0.005,-0.004,-24.9,12.3,-20.1,267.0
1787130897.1240487,-3.915,5.751,6.546,-0.012,0.008,-0.001,-24.3,12.9,-18.45,256.0
1787130897.1240742,-3.905,5.729,6.541,-0.012,0.011,0.004,-25.05,12.45,-18.9,256.0
1787130897.1240857,-3.938,5.744,6.495,-0.011,0.004,-0.001,-24.45,10.8,-18.75,256.0
1787130897.32296,-3.893,5.739,6.543,-0.012,0.005,0.007,-25.05,12.9,-18.45,266.0
1787130897.3231452,-3.876,5.758,6.567,-0.01,0.004,0.014,-24.0,11.7,-18.9,266.0
1787130897.323159,-3.869,5.799,6.498,-0.009,0.008,0.016,-25.65,13.5,-19.5,266.0
1787130897.5278468,-3.893,5.775,6.56,-0.017,0.01,0.002,-25.2,13.05,-18.0,257.0
1787130897.5278823,-3.926,5.768,6.577,-0.016,0.007,-0.005,-25.5,11.7,-19.2,257.0
1787130897.7374923,-3.883,5.777,6.582,-0.024,0.018,-0.008,-24.45,12.75,-18.75,256.0
1787130897.737517,-3.915,5.765,6.57,-0.027,0.015,-0.009,-25.2,11.55,-20.1,268.0
1787130897.7375283,-3.895,5.727,6.555,-0.027,0.019,-0.009,-25.5,13.2,-19.2,268.0
1787130897.9381468,-3.915,5.78,6.579,-0.01,0.016,-0.005,-24.3,12.9,-19.2,259.0
1787130897.938172,-3.881,5.753,6.601,-0.021,0.024,-0.005,-24.0,12.45,-20.4,258.0
1787130897.938183,-3.965,5.758,6.603,-0.023,0.016,-0.001,-24.75,13.2,-18.45,258.0
1787130898.1444557,-3.883,5.775,6.594,-0.013,0.015,-0.006,-25.05,13.2,-18.45,268.0
1787130898.144481,-3.898,5.816,6.57,-0.011,0.014,-0.006,-25.8,12.45,-18.15,273.0
1787130898.1444921,-3.879,5.729,6.577,-0.017,0.01,-0.005,-25.05,13.2,-18.9,273.0
1787130898.3517241,-3.946,5.765,6.536,-0.017,0.004,-0.003,-24.45,13.5,-18.75,259.0
1787130898.351748,-3.922,5.787,6.553,-0.013,0.003,-0.004,-24.45,13.05,-19.05,262.0
1787130898.3517594,-3.943,5.794,6.541,-0.009,0.01,-0.01,-24.75,12.45,-18.15,262.0
1787130898.5523756,-3.943,5.739,6.598,-0.014,0.019,0.0,-26.7,13.5,-18.75,264.0
1787130898.5524018,-3.95,5.756,6.572,-0.016,0.007,-0.004,-24.9,12.3,-19.05,264.0
1787130898.5524127,-3.931,5.77,6.495,-0.021,0.016,-0.003,-25.2,11.85,-18.0,264.0
1787130898.7564743,-3.886,5.763,6.577,-0.014,0.013,-0.003,-25.95,12.75,-17.25,255.0
1787130898.7564995,-3.869,5.794,6.565,-0.016,0.013,0.0,-24.75,13.2,-18.15,255.0
1787130898.7565107,-3.836,5.801,6.546,-0.019,0.012,0.0,-24.15,12.3,-19.05,277.0
1787130898.9574018,-3.879,5.753,6.553,-0.014,0.014,-0.002,-24.15,13.05,-18.0,258.0
1787130898.9631014,-3.874,5.734,6.531,-0.01,0.007,-0.003,-24.9,12.75,-18.75,258.0
1787130898.963127,-3.876,5.782,6.579,-0.013,0.006,-0.002,-25.5,12.15,-19.2,263.0
1787130899.1645982,-3.955,5.782,6.548,-0.009,0.013,-0.003,-25.8,12.45,-19.95,261.0
1787130899.3709736,-3.929,5.751,6.531,-0.013,0.003,0.005,-24.9,12.75,-18.3,269.0
1787130899.3709939,-3.97,5.77,6.539,-0.013,0.009,-0.001,-24.9,13.5,-18.0,269.0
1787130899.371002,-3.924,5.775,6.536,-0.012,0.011,-0.007,-22.65,13.05,-19.05,269.0
1787130899.5767071,-3.864,5.787,6.56,-0.024,0.015,-0.001,-25.05,12.9,-19.65,266.0
1787130899.5767334,-3.943,5.794,6.531,-0.027,0.008,-0.004,-24.45,12.75,-19.5,266.0
1787130899.7805274,-3.876,5.777,6.563,-0.013,0.012,-0.008,-25.95,13.05,-17.55,249.0
1787130899.7805526,-3.869,5.777,6.548,-0.016,0.013,-0.01,-23.85,11.85,-18.0,249.0
1787130899.7805648,-3.905,5.782,6.584,-0.015,0.009,-0.011,-24.9,13.8,-17.55,249.0
1787130899.9860797,-3.876,5.748,6.536,-0.005,0.003,-0.004,-25.05,12.9,-17.7,266.0
1787130899.986103,-3.922,5.784,6.519,-0.013,0.001,-0.004,-24.75,12.15,-18.9,266.0
1787130899.9861145,-3.881,5.748,6.527,-0.009,0.006,-0.003,-24.15,12.75,-19.8,266.0
1787130900.1961415,-3.91,5.76,6.546,-0.016,0.01,-0.003,-25.05,13.65,-17.1,265.0
1787130900.196166,-3.867,5.801,6.488,-0.013,0.012,-0.001,-25.2,11.85,-18.75,265.0
1787130900.1961784,-3.869,5.818,6.572,-0.013,0.009,-0.005,-24.45,12.75,-18.75,265.0
1787130900.394944,-3.912,5.792,6.476,-0.023,0.018,-0.013,-24.9,12.75,-19.05,263.0
1787130900.394974,-3.912,5.808,6.543,-0.021,0.016,-0.002,-24.9,11.85,-18.0,263.0
1787130900.394985,-3.864,5.792,6.574,-0.023,0.012,-0.004,-26.55,13.2,-19.65,263.0
1787130900.5957515,-3.895,5.763,6.546,-0.017,0.009,-0.002,-23.1,11.85,-19.05,268.0
1787130900.6065764,-3.936,5.801,6.546,-0.019,0.015,0.0,-25.65,11.85,-19.5,268.0
1787130900.6066,-3.893,5.799,6.517,-0.021,0.013,-0.005,-24.45,13.05,-19.8,268.0
1787130900.8024285,-3.924,5.782,6.46,-0.016,0.016,-0.006,-25.2,13.05,-18.3,260.0
1787130901.009333,-3.917,5.772,6.519,-0.014,0.011,-0.009,-24.9,13.05,-19.05,261.0
1787130901.0093572,-3.907,5.78,6.515,-0.013,0.014,-0.003,-24.15,13.05,-19.05,261.0
1787130901.0093687,-3.879,5.784,6.601,-0.016,0.007,0.002,-25.8,13.2,-18.15,261.0
1787130901.2140808,-3.936,5.801,6.548,-0.019,0.006,-0.01,-24.45,13.05,-18.75,272.0
1787130901.2141066,-3.9,5.796,6.531,-0.02,0.015,-0.007,-24.75,12.45,-18.45,272.0
1787130901.2141187,-3.824,5.796,6.56,-0.021,0.018,0.0,-24.15,12.3,-19.05,272.0
1787130901.4248877,-3.905,5.816,6.519,-0.009,0.011,-0.005,-24.9,12.75,-18.0,266.0
1787130901.4249203,-3.934,5.799,6.5,-0.01,0.007,-0.001,-25.95,13.05,-18.3,266.0
1787130901.4249322,-3.891,5.751,6.515,-0.009,0.007,0.001,-24.75,13.65,-18.9,266.0
1787130901.6244128,-3.924,5.808,6.536,-0.006,0.006,-0.004,-24.0,13.2,-18.75,259.0
1787130901.6244378,-3.936,5.768,6.481,-0.007,0.003,-0.002,-24.75,12.15,-19.95,259.0
1787130901.6244493,-3.95,5.816,6.486,-0.005,0.001,-0.003,-24.9,13.8,-19.05,259.0
1787130901.829128,-3.934,5.847,6.551,-0.021,0.009,-0.006,-24.15,11.85,-18.3,271.0
1787130901.8291516,-3.907,5.789,6.493,-0.015,0.016,0.002,-25.5,12.9,-19.2,271.0
1787130901.8291633,-3.91,5.806,6.472,-0.013,0.008,0.001,-24.15,12.75,-18.3,271.0
1787130902.032317,-3.903,5.76,6.488,-0.01,0.018,-0.005,-23.4,13.8,-18.0,265.0
1787130902.032342,-3.876,5.868,6.495,-0.01,0.011,0.001,-23.85,13.5,-19.8,265.0
1787130902.0323544,-3.91,5.816,6.555,-0.015,-0.001,-0.002,-24.15,14.25,-19.05,265.0
1787130902.2382426,-3.924,5.796,6.582,-0.019,0.016,0.004,-23.1,13.05,-19.5,272.0
1787130902.2382684,-3.943,5.832,6.519,-0.032,-0.002,0.001,-23.55,13.2,-19.95,272.0
1787130902.2382796,-3.917,5.808,6.507,-0.023,0.005,-0.001,-23.85,13.5,-17.55,272.0
1787130902.44406,-3.888,5.808,6.522,-0.011,0.01,0.003,-23.85,12.3,-18.3,269.0
1787130902.444084,-3.955,5.78,6.467,-0.007,0.008,-0.001,-25.05,14.85,-17.7,269.0
1787130902.4440958,-4.008,5.765,6.5,-0.004,0.003,0.001,-24.75,13.65,-17.4,269.0
1787130902.6486833,-3.95,5.816,6.476,-0.01,-0.001,0.001,-24.45,13.05,-17.55,269.0
1787130902.6487098,-3.931,5.794,6.472,-0.005,-0.004,-0.003,-24.15,13.05,-19.8,271.0
1787130902.6487215,-3.893,5.871,6.512,-0.006,0.002,-0.001,-25.65,13.05,-19.05,271.0
1787130902.852466,-3.869,5.851,6.472,-0.013,0.008,-0.006,-24.9,14.25,-18.75,271.0
1787130902.8524916,-3.919,5.849,6.536,-0.011,0.01,-0.003,-25.2,15.0,-18.0,271.0
1787130902.852503,-3.931,5.859,6.553,-0.014,0.013,0.005,-24.45,14.25,-19.5,271.0
1787130903.058242,-3.852,5.842,6.536,-0.015,0.012,0.001,-25.2,13.05,-20.1,278.0
1787130903.0582662,-3.919,5.818,6.512,-0.015,0.016,0.003,-24.15,11.55,-18.0,278.0
1787130903.0582774,-3.883,5.772,6.486,-0.022,0.012,-0.002,-24.15,13.8,-19.05,278.0
1787130903.2627318,-3.907,5.832,6.495,-0.015,0.013,0.004,-24.3,12.45,-19.2,278.0
1787130903.2627575,-3.936,5.808,6.527,-0.014,0.007,0.002,-24.45,13.05,-18.3,278.0
1787130903.2627692,-3.946,5.823,6.483,-0.018,0.011,-0.003,-24.45,13.5,-18.75,262.0
1787130903.4670038,-3.948,5.804,6.448,-0.013,0.013,-0.004,-24.45,13.5,-18.75,262.0
1787130903.4670293,-3.876,5.799,6.469,-0.007,0.006,-0.004,-23.1,12.3,-19.8,262.0
1787130903.467041,-3.919,5.83,6.505,-0.013,0.005,0.002,-24.9,12.75,-19.05,262.0
1787130903.6718373,-3.898,5.935,6.51,-0.011,0.006,-0.007,-24.3,13.2,-18.45,277.0
1787130903.6718755,-3.857,5.856,6.5,-0.015,0.01,-0.006,-25.05,13.65,-18.15,277.0
1787130903.6718872,-3.836,5.844,6.51,-0.021,0.018,-0.005,-22.8,13.2,-18.45,277.0
1787130903.876669,-3.936,5.871,6.51,-0.012,0.012,-0.005,-24.3,13.2,-18.45,274.0
1787130903.8766952,-3.862,5.866,6.527,-0.012,0.014,0.001,-24.9,14.55,-20.55,274.0
1787130903.8767066,-3.886,5.847,6.512,-0.013,0.005,-0.01,-24.45,12.3,-19.5,274.0
1787130904.0809114,-3.972,5.863,6.452,-0.014,0.01,-0.006,-24.45,14.55,-19.05,259.0
1787130904.0809362,-3.915,5.871,6.443,-0.01,0.007,-0.008,-24.0,13.65,-18.45,259.0
1787130904.286124,-3.886,5.871,6.498,-0.012,0.005,-0.007,-25.05,13.65,-19.2,268.0
1787130904.2861469,-3.895,5.844,6.472,-0.006,0.004,-0.009,-23.4,11.55,-18.75,268.0
1787130904.2861629,-3.85,5.844,6.515,-0.013,0.007,-0.012,-24.3,12.45,-18.45,268.0
1787130904.4915934,-3.943,5.856,6.546,-0.012,0.005,0.005,-24.0,13.2,-19.2,266.0
1787130904.4916186,-3.888,5.842,6.498,-0.019,0.008,0.005,-25.95,13.8,-19.8,266.0
1787130904.4916294,-3.934,5.873,6.474,-0.016,0.006,0.006,-23.85,13.5,-19.5,266.0
1787130904.6960661,-3.926,5.868,6.491,-0.022,0.002,0.004,-26.25,12.45,-19.65,266.0
1787130904.6960893,-3.879,5.871,6.483,-0.021,0.008,0.001,-24.45,12.75,-19.05,266.0
1787130904.6961007,-3.883,5.875,6.515,-0.021,0.015,0.002,-24.75,13.65,-19.2,258.0
1787130904.9006364,-3.862,5.897,6.539,-0.011,0.007,-0.013,-25.2,12.3,-18.75,259.0
1787130904.9006617,-3.788,5.909,6.46,-0.02,0.011,-0.011,-24.15,12.75,-18.0,269.0
1787130904.900673,-3.871,5.88,6.488,-0.02,0.016,-0.015,-23.55,12.45,-19.2,269.0
1787130905.1053417,-3.922,5.861,6.495,-0.039,0.019,-0.028,-23.85,13.5,-18.3,269.0
1787130905.1053667,-3.881,5.887,6.503,-0.042,0.021,-0.028,-24.0,12.15,-17.7,269.0
1787130905.105379,-3.869,5.839,6.491,-0.037,0.033,-0.024,-25.2,15.45,-19.05,269.0
1787130905.310195,-3.946,5.775,6.474,-0.036,0.029,-0.016,-24.3,13.2,-18.45,268.0
1787130905.3102207,-3.948,5.799,6.467,-0.034,0.019,-0.011,-25.2,14.25,-20.1,268.0
1787130905.3102322,-3.833,5.82,6.448,-0.027,0.02,-0.009,-23.25,11.7,-18.45,268.0
1787130905.5154674,-3.826,5.823,6.445,-0.013,0.012,0.005,-25.05,11.7,-18.45,269.0
1787130905.515493,-3.869,5.782,6.409,-0.018,0.011,0.005,-24.3,14.1,-20.4,269.0
1787130905.515504,-3.91,5.861,6.493,-0.01,0.012,0.003,-24.9,14.25,-20.1,269.0
1787130905.7198374,-3.886,5.866,6.483,-0.014,0.013,-0.003,-24.75,13.65,-18.45,272.0
1787130905.719874,-3.898,5.911,6.5,-0.018,0.011,0.0,-24.0,12.45,-18.45,271.0
1787130905.925808,-3.886,5.801,6.486,-0.024,0.016,-0.009,-22.65,14.25,-18.75,269.0
1787130905.9258335,-3.922,5.863,6.409,-0.029,0.012,0.003,-25.65,13.8,-18.3,269.0
1787130905.9258459,-3.898,5.801,6.472,-0.02,0.009,0.003,-24.9,14.25,-18.3,269.0
1787130906.135458,-3.941,5.839,6.438,-0.015,0.0,0.002,-24.0,13.65,-19.65,269.0
1787130906.1354828,-3.886,5.875,6.416,-0.018,0.003,0.007,-24.9,13.5,-18.0,264.0
1787130906.1354945,-3.924,5.902,6.4,-0.016,0.008,0.006,-24.75,14.4,-19.95,264.0
1787130906.3352776,-3.876,5.825,6.469,0.003,0.001,-0.007,-24.15,13.8,-18.0,260.0
1787130906.3353028,-3.869,5.935,6.431,0.002,0.002,-0.008,-24.75,13.65,-20.4,260.0
1787130906.3353148,-3.859,5.88,6.44,0.001,0.003,-0.003,-24.45,13.8,-19.05,260.0
1787130906.5456119,-3.919,5.813,6.455,-0.009,0.011,0.0,-25.95,13.8,-18.3,281.0
1787130906.5456371,-3.936,5.868,6.438,-0.01,0.014,-0.006,-25.2,13.8,-19.8,281.0
1787130906.5456483,-3.905,5.914,6.366,-0.007,0.014,0.001,-23.25,12.9,-18.45,281.0
1787130906.7446046,-3.869,5.873,6.474,-0.007,-0.003,0.007,-25.05,14.1,-18.9,272.0
1787130906.7446299,-3.857,5.918,6.431,-0.009,0.007,0.001,-25.2,15.0,-18.0,272.0
1787130906.744717,-3.871,5.952,6.395,-0.016,0.005,0.003,-26.55,14.85,-18.45,272.0
1787130906.9486,-3.879,5.871,6.414,-0.011,0.006,-0.001,-23.85,14.25,-19.05,272.0
1787130906.9486248,-3.907,5.873,6.436,-0.014,0.011,-0.005,-24.75,15.9,-19.65,270.0
1787130906.9486365,-3.847,5.892,6.393,-0.011,0.009,-0.004,-27.0,14.1,-18.45,270.0
1787130907.1546226,-3.859,5.895,6.4,-0.001,0.002,-0.011,-24.9,13.05,-18.3,270.0
1787130907.1546469,-3.84,5.863,6.436,-0.007,0.005,-0.003,-25.95,13.8,-18.3,270.0
1787130907.154658,-3.847,5.914,6.493,-0.004,0.007,0.0,-25.05,13.2,-18.9,270.0
1787130907.3561435,-3.85,5.837,6.462,-0.006,0.001,0.005,-24.9,13.8,-19.05,260.0
1787130907.5616996,-3.847,5.847,6.483,-0.023,0.013,-0.001,-24.75,14.4,-18.9,281.0
1787130907.561729,-3.783,5.897,6.491,-0.024,0.017,-0.004,-23.25,13.65,-19.2,281.0
1787130907.5617406,-3.888,5.88,6.472,-0.024,0.013,-0.001,-24.45,13.05,-19.05,281.0
1787130907.7684984,-3.917,5.782,6.407,-0.013,0.003,-0.006,-24.75,12.9,-19.5,279.0
1787130907.7685235,-3.903,5.806,6.457,-0.011,0.011,-0.005,-24.75,12.9,-18.45,279.0
1787130907.7685359,-3.915,5.875,6.46,-0.013,-0.005,-0.005,-24.9,13.5,-18.3,279.0
1787130907.9736812,-3.915,5.866,6.46,-0.022,0.016,-0.004,-24.9,13.05,-19.05,262.0
1787130907.9737062,-3.888,5.875,6.431,-0.022,0.019,-0.002,-24.0,13.65,-18.9,261.0
1787130907.9737177,-3.891,5.835,6.443,-0.029,0.02,0.002,-24.15,12.3,-18.0,261.0
1787130908.1774106,-3.917,5.89,6.393,-0.018,0.004,0.0,-22.5,12.9,-18.45,259.0
1787130908.1774347,-3.912,5.871,6.412,-0.024,0.013,-0.001,-23.85,14.25,-19.05,259.0
1787130908.1774464,-3.931,5.928,6.524,-0.02,0.006,0.001,-22.65,12.3,-18.3,259.0
1787130908.382622,-3.95,5.875,6.428,-0.016,0.003,-0.001,-24.15,13.5,-19.5,259.0
1787130908.3826516,-3.97,5.868,6.44,-0.016,0.003,0.001,-24.3,13.65,-18.9,269.0
1787130908.3826642,-3.915,5.844,6.457,-0.016,0.012,0.002,-25.2,14.25,-19.05,269.0
1787130908.58789,-3.812,5.895,6.479,-0.016,0.01,-0.002,-24.45,13.05,-19.05,265.0
1787130908.587971,-3.852,5.897,6.479,-0.016,0.009,-0.002,-23.85,13.8,-18.75,265.0
1787130908.5879807,-3.833,5.856,6.481,-0.019,0.015,0.004,-25.05,12.9,-19.65,265.0
1787130908.7927158,-3.958,5.859,6.433,-0.02,0.011,0.004,-25.05,14.85,-18.9,266.0
1787130908.7927449,-3.97,5.804,6.433,-0.018,0.01,0.001,-24.15,13.05,-18.75,266.0
1787130908.7927568,-3.943,5.789,6.433,-0.013,0.008,-0.006,-24.15,15.0,-18.0,273.0
1787130908.994528,-3.926,5.892,6.373,-0.011,0.007,0.001,-23.85,13.05,-16.8,267.0
1787130909.2016578,-3.936,5.787,6.402,-0.007,-0.003,-0.006,-23.55,12.9,-19.65,272.0
1787130909.201683,-3.936,5.911,6.476,-0.006,-0.007,-0.004,-24.3,13.65,-19.65,271.0
1787130909.2016945,-3.924,5.89,6.385,0.004,-0.005,-0.011,-23.85,14.25,-19.05,271.0
1787130909.4067209,-3.905,5.847,6.445,0.008,0.004,-0.009,-25.2,14.55,-18.3,271.0
1787130909.4067461,-3.888,5.859,6.428,-0.003,0.002,-0.014,-24.3,14.1,-18.9,271.0
1787130909.406757,-3.915,5.904,6.488,-0.007,0.002,-0.011,-25.8,13.65,-17.7,271.0
1787130909.611265,-3.847,5.911,6.483,-0.003,0.006,-0.005,-24.0,13.2,-18.15,269.0
1787130909.6112893,-3.888,5.883,6.472,-0.015,0.009,-0.01,-24.3,14.85,-18.45,266.0
1787130909.611301,-3.855,5.868,6.462,-0.02,0.009,0.001,-25.2,12.75,-20.1,266.0
1787130909.8159301,-3.859,5.866,6.45,-0.011,0.007,0.001,-25.95,15.45,-18.75,266.0
1787130909.8159573,-3.912,5.88,6.431,-0.008,0.009,0.006,-24.75,14.1,-18.45,266.0
1787130909.8159692,-3.905,5.94,6.4,-0.014,0.011,0.004,-25.8,13.65,-18.15,266.0
1787130910.0206378,-3.915,5.906,6.438,-0.015,0.008,-0.005,-25.8,14.85,-18.45,291.0
1787130910.0206635,-3.924,5.914,6.438,-0.014,0.006,-0.011,-22.65,13.05,-19.8,291.0
1787130910.0206757,-3.922,5.88,6.431,-0.019,0.005,-0.008,-25.05,14.4,-19.2,262.0
1787130910.2255206,-3.886,5.837,6.448,-0.027,0.016,0.0,-25.8,14.85,-18.45,258.0
1787130910.225545,-3.871,5.885,6.4,-0.024,0.011,0.003,-25.5,13.65,-18.45,258.0
1787130910.2255569,-3.929,5.914,6.455,-0.026,0.011,-0.002,-25.05,13.2,-20.4,276.0
1787130910.4306436,-3.879,5.93,6.462,-0.016,0.011,-0.006,-23.55,14.4,-17.4,262.0
1787130910.4306695,-3.898,5.883,6.512,-0.017,0.007,-0.006,-24.9,14.25,-19.8,262.0
1787130910.430681,-3.891,5.904,6.457,-0.018,0.012,0.0,-25.2,13.5,-18.75,262.0
1787130910.6351745,-3.859,5.868,6.476,-0.021,0.01,0.006,-23.55,12.45,-19.2,258.0
1787130910.635198,-3.905,5.88,6.404,-0.022,0.008,0.001,-25.05,14.85,-18.15,258.0
1787130910.63521,-3.917,5.878,6.474,-0.02,0.009,-0.004,-24.45,13.05,-19.05,258.0
1787130910.8400047,-3.91,5.947,6.44,-0.007,0.003,-0.01,-23.4,13.5,-17.25,267.0
1787130910.8401074,-3.938,5.923,6.443,-0.01,0.007,-0.009,-24.3,12.9,-18.15,267.0
1787130910.8401163,-3.847,5.875,6.412,-0.01,0.013,-0.012,-24.9,13.5,-19.8,267.0
1787130911.0459054,-3.864,5.849,6.474,-0.022,0.014,-0.009,-24.75,12.9,-18.45,269.0
1787130911.0459285,-3.915,5.909,6.431,-0.022,0.012,-0.009,-24.9,13.8,-19.05,269.0
1787130911.0459394,-3.965,5.887,6.45,-0.019,0.013,-0.003,-23.85,13.8,-19.05,267.0
1787130911.249978,-3.936,5.854,6.51,-0.02,0.014,-0.005,-24.3,12.45,-19.65,267.0
1787130911.2500083,-3.926,5.906,6.464,-0.03,0.009,-0.001,-24.0,13.2,-18.15,267.0
1787130911.2500224,-3.931,5.849,6.421,-0.019,0.008,0.003,-24.45,13.5,-18.75,267.0
1787130911.4625182,-3.886,5.906,6.536,-0.013,0.009,-0.002,-23.85,12.75,-19.05,266.0
1787130911.4625432,-3.898,5.904,6.474,-0.016,0.007,-0.001,-24.15,14.25,-19.5,266.0
1787130911.462556,-3.845,5.856,6.486,-0.018,0.01,-0.002,-25.5,13.2,-18.15,266.0
1787130911.657096,-3.886,5.938,6.428,-0.012,0.001,-0.004,-24.0,12.45,-18.9,281.0
1787130911.6601796,-3.871,5.88,6.476,-0.01,0.01,-0.011,-24.75,15.15,-19.2,281.0
1787130911.8649063,-3.926,5.916,6.457,-0.013,0.011,-0.001,-23.85,13.5,-18.3,270.0
1787130911.8649359,-3.938,5.842,6.445,-0.009,0.014,-0.005,-26.25,15.6,-18.15,270.0
1787130911.8649473,-3.931,5.878,6.385,-0.012,0.004,-0.005,-24.15,14.55,-18.75,276.0
1787130912.068735,-3.847,5.88,6.419,-0.007,0.006,-0.003,-23.85,13.05,-18.3,265.0
1787130912.0687602,-3.919,5.923,6.464,-0.007,0.012,0.002,-25.5,14.85,-19.2,268.0
1787130912.0687714,-3.891,5.837,6.467,-0.015,0.006,0.003,-24.9,13.5,-18.3,268.0
1787130912.2728982,-3.9,5.945,6.397,-0.012,0.016,-0.006,-23.25,14.1,-18.45,275.0
1787130912.272923,-3.871,5.906,6.431,-0.021,0.007,-0.006,-24.3,14.85,-18.45,279.0
1787130912.4779255,-3.912,5.952,6.472,-0.01,0.006,-0.011,-25.05,14.1,-18.45,286.0
1787130912.4779506,-3.883,5.887,6.416,-0.015,0.008,-0.01,-24.0,14.4,-19.65,286.0
1787130912.6835303,-3.934,5.88,6.4,-0.027,0.014,0.003,-23.85,13.8,-18.75,269.0
1787130912.6835556,-3.903,5.892,6.407,-0.019,0.01,-0.002,-25.65,12.3,-18.0,269.0
1787130912.6835668,-3.867,5.921,6.395,-0.015,0.01,0.002,-25.05,14.1,-19.65,269.0
1787130912.8880136,-3.924,5.851,6.433,-0.023,0.006,-0.003,-24.15,13.05,-18.75,271.0
1787130912.8880494,-3.888,5.88,6.44,-0.021,0.012,0.003,-24.15,13.5,-18.3,271.0
1787130912.888061,-3.926,5.93,6.393,-0.021,0.009,0.0,-24.0,13.2,-21.15,271.0
1787130913.093702,-3.891,5.914,6.467,-0.022,0.013,0.001,-25.65,14.55,-19.5,272.0
1787130913.0937278,-3.845,5.875,6.457,-0.019,0.013,0.004,-24.45,15.0,-18.75,272.0
1787130913.0937393,-3.895,5.873,6.438,-0.022,0.011,0.003,-25.5,14.1,-18.9,272.0
1787130913.2976213,-3.876,5.978,6.433,-0.014,0.001,-0.006,-23.25,13.2,-19.2,272.0
1787130913.2976484,-3.893,5.921,6.515,-0.01,0.007,-0.008,-23.4,12.75,-18.0,272.0
1787130913.2976592,-3.91,5.916,6.488,-0.01,0.005,-0.003,-23.85,13.5,-18.0,272.0
1787130913.5023446,-3.955,5.909,6.433,-0.024,0.014,-0.003,-25.05,14.4,-19.2,275.0
1787130913.5023692,-3.915,5.861,6.448,-0.022,0.012,0.004,-24.15,13.8,-18.0,275.0
1787130913.5023804,-3.943,5.868,6.45,-0.022,0.009,-0.005,-24.45,12.75,-19.05,275.0
1787130913.7071362,-3.905,5.873,6.436,-0.026,0.009,0.003,-23.1,13.05,-19.5,267.0
1787130913.7071612,-3.943,5.863,6.522,-0.027,0.007,-0.002,-24.15,14.55,-18.0,267.0
1787130913.7071724,-3.929,5.854,6.419,-0.024,0.01,-0.001,-24.3,14.1,-17.7,267.0
1787130913.9119103,-3.864,5.837,6.426,-0.023,0.013,-0.002,-26.25,13.65,-19.2,280.0
1787130913.9119363,-3.924,5.861,6.448,-0.02,0.012,-0.003,-24.3,11.7,-17.4,280.0
1787130914.116284,-3.915,5.906,6.474,-0.016,0.009,-0.002,-23.55,15.15,-17.4,271.0
1787130914.1163087,-3.883,5.868,6.476,-0.018,0.008,-0.002,-24.0,12.45,-18.45,271.0
1787130914.3225539,-3.948,5.918,6.4,-0.01,0.003,-0.003,-24.3,14.85,-19.2,263.0
1787130914.3225777,-3.929,5.82,6.467,-0.009,0.008,0.0,-23.25,13.2,-18.9,263.0
1787130914.3225892,-3.912,5.849,6.436,-0.011,0.007,0.001,-23.25,14.1,-19.2,264.0
1787130914.5269783,-3.955,5.897,6.426,-0.021,0.008,-0.001,-24.0,13.65,-18.15,265.0
1787130914.527002,-3.977,5.957,6.414,-0.02,0.006,-0.003,-23.55,12.9,-18.9,265.0
1787130914.5270133,-3.929,5.895,6.426,-0.017,0.003,-0.006,-24.0,13.65,-17.7,281.0
1787130914.7324815,-3.907,5.835,6.402,-0.013,0.01,-0.007,-25.2,14.25,-18.0,258.0
1787130914.7325053,-3.924,5.868,6.407,-0.013,0.001,-0.004,-24.45,13.8,-19.05,258.0
1787130914.7325165,-3.91,5.883,6.385,-0.001,0.003,0.001,-23.85,14.25,-19.5,258.0
1787130914.9359732,-3.833,5.933,6.409,-0.018,0.012,-0.005,-24.15,13.5,-18.3,272.0
1787130914.9359975,-3.883,5.923,6.438,-0.011,0.014,-0.001,-24.45,13.5,-17.55,272.0
1787130914.9360087,-3.893,5.902,6.455,-0.015,0.015,-0.001,-23.85,14.25,-18.75,272.0
1787130915.1468,-3.891,5.854,6.424,-0.001,-0.006,-0.009,-23.85,13.5,-18.75,278.0
1787130915.146825,-3.886,5.89,6.402,0.001,0.01,-0.007,-25.2,13.5,-17.55,278.0
1787130915.1468363,-3.922,5.933,6.378,-0.005,0.01,-0.009,-23.25,14.1,-18.9,278.0
1787130915.345306,-3.876,5.902,6.445,-0.009,0.007,0.005,-24.75,12.45,-18.9,278.0
1787130915.345334,-3.943,5.95,6.438,-0.009,0.011,0.002,-25.2,13.05,-20.1,278.0
1787130915.3453453,-3.994,5.95,6.428,-0.014,0.009,-0.003,-24.15,13.05,-18.75,278.0
1787130915.5500607,-3.867,5.938,6.455,-0.007,-0.001,0.001,-24.75,14.1,-20.4,255.0
1787130915.5500908,-3.919,5.969,6.414,-0.018,0.006,-0.006,-24.9,14.55,-18.75,255.0
1787130915.755535,-3.9,5.952,6.409,-0.04,0.027,-0.002,-25.2,11.55,-19.8,274.0
1787130915.7555625,-3.855,5.916,6.44,-0.036,0.029,-0.001,-24.3,15.15,-18.9,274.0
1787130915.7555742,-3.912,5.926,6.381,-0.031,0.018,-0.002,-24.9,14.55,-18.0,274.0
1787130915.9603465,-3.905,5.866,6.445,-0.018,0.014,0.001,-24.15,11.85,-18.75,249.0
1787130915.9603708,-3.948,5.871,6.443,-0.021,0.011,0.001,-24.45,11.85,-18.75,249.0
1787130915.960383,-3.934,5.909,6.433,-0.017,0.004,0.002,-25.05,14.1,-17.4,272.0
1787130916.1648102,-3.955,5.827,6.44,-0.02,0.02,-0.002,-25.05,13.65,-18.45,280.0
1787130916.164835,-3.924,5.837,6.419,-0.022,0.015,0.001,-24.3,13.2,-17.1,282.0
1787130916.1648467,-3.9,5.842,6.443,-0.026,0.007,0.001,-24.75,13.65,-18.15,282.0
1787130916.3699317,-3.955,5.895,6.426,-0.009,0.001,-0.012,-25.2,13.8,-18.75,278.0
1787130916.3699584,-3.91,5.897,6.414,-0.012,0.003,-0.01,-24.15,12.3,-19.05,279.0
1787130916.369965,-3.895,5.895,6.4,-0.013,0.004,-0.009,-23.85,14.25,-19.5,279.0
1787130916.5745797,-3.847,5.945,6.476,-0.021,0.02,-0.007,-25.65,15.0,-18.3,275.0
1787130916.5746083,-3.905,5.916,6.426,-0.022,0.031,-0.009,-24.15,13.5,-19.5,265.0
1787130916.57462,-3.9,5.871,6.455,-0.019,0.027,-0.01,-24.3,14.85,-19.65,265.0
1787130916.7791464,-3.905,5.89,6.445,-0.012,0.01,-0.007,-25.2,14.55,-19.05,275.0
1787130916.7791753,-3.926,5.942,6.416,-0.012,0.006,-0.007,-24.9,11.85,-18.3,275.0
1787130916.7791862,-3.922,5.957,6.44,-0.012,0.004,-0.004,-24.15,13.8,-18.0,263.0
1787130916.98408,-3.972,5.918,6.33,-0.025,0.015,0.0,-25.95,13.8,-19.5,267.0
1787130916.9841292,-3.907,5.839,6.395,-0.018,0.014,0.004,-25.05,13.65,-18.15,267.0
1787130916.9841363,-3.912,5.883,6.381,-0.012,0.006,0.004,-23.85,13.5,-19.5,279.0
1787130917.1949055,-3.879,5.926,6.409,-0.008,0.002,-0.002,-23.85,13.5,-19.05,283.0
1787130917.3935153,-3.938,5.918,6.371,-0.022,0.012,-0.004,-24.75,13.65,-18.45,271.0
1787130917.3935394,-3.907,5.904,6.443,-0.024,0.011,-0.004,-24.15,14.25,-19.8,271.0
1787130917.3935506,-3.91,5.918,6.378,-0.013,0.01,-0.002,-23.4,13.05,-18.75,271.0
1787130917.5982146,-3.84,5.904,6.479,-0.019,0.009,0.004,-25.5,14.4,-18.9,278.0
1787130917.5982378,-3.876,5.921,6.431,-0.021,0.009,0.002,-24.45,14.55,-19.05,278.0
1787130917.598249,-3.893,5.911,6.46,-0.015,0.013,0.005,-24.45,14.25,-18.0,278.0
1787130917.8056347,-3.888,5.885,6.431,0.003,-0.004,-0.009,-25.95,14.25,-18.75,277.0
1787130917.8056607,-3.903,5.897,6.404,-0.001,-0.001,-0.007,-23.55,13.2,-17.7,277.0
1787130917.8056722,-3.891,5.938,6.44,0.001,0.003,-0.007,-24.75,13.65,-18.15,277.0
1787130918.0095007,-3.886,5.964,6.328,-0.014,0.011,-0.001,-26.4,15.0,-18.75,270.0
1787130918.0095289,-3.907,5.942,6.39,-0.011,0.009,-0.012,-24.3,13.65,-18.9,270.0
1787130918.0095408,-3.96,5.983,6.39,-0.004,0.009,-0.003,-24.45,13.5,-17.55,270.0
1787130918.2129805,-3.898,5.981,6.373,-0.015,0.008,0.0,-26.25,13.65,-18.9,282.0
1787130918.2130048,-3.938,5.986,6.388,-0.016,0.007,-0.001,-24.15,14.55,-18.3,282.0
1787130918.2130163,-3.886,5.962,6.409,-0.019,0.006,0.0,-24.9,14.55,-16.8,282.0
1787130918.4175239,-3.867,5.993,6.424,-0.011,0.012,0.005,-24.45,14.25,-19.05,277.0
1787130918.4175482,-3.938,5.95,6.443,-0.019,0.011,0.006,-24.45,13.5,-19.5,277.0
1787130918.4175596,-3.938,5.974,6.414,-0.016,0.011,-0.007,-24.45,14.55,-18.75,277.0
1787130918.6222906,-3.886,5.969,6.44,-0.016,0.009,-0.006,-24.3,15.15,-17.7,289.0
1787130918.6223166,-3.888,5.969,6.457,-0.027,0.012,-0.003,-24.0,14.4,-18.15,254.0
1787130918.622328,-3.85,5.99,6.393,-0.028,0.016,0.003,-24.0,14.1,-17.7,254.0
1787130918.8268666,-3.905,5.964,6.297,-0.022,0.014,-0.005,-26.55,14.1,-18.45,257.0
1787130919.0326524,-3.845,5.918,6.464,-0.022,0.015,-0.003,-23.55,15.15,-19.65,271.0
1787130919.0326774,-3.826,5.935,6.443,-0.025,0.015,0.001,-25.2,14.55,-19.05,271.0
1787130919.0326889,-3.867,5.952,6.4,-0.028,0.014,-0.001,-25.2,13.8,-19.5,271.0
1787130919.2343783,-3.852,5.93,6.424,-0.009,-0.003,-0.008,-23.4,15.0,-20.1,281.0
1787130919.234403,-3.864,5.957,6.438,-0.009,0.009,-0.013,-25.05,13.65,-17.7,281.0
1787130919.243719,-3.883,5.959,6.419,-0.012,0.011,-0.004,-25.2,15.0,-17.55,281.0
1787130919.441443,-3.876,5.942,6.364,-0.013,0.015,0.001,-23.55,12.9,-18.9,273.0
1787130919.4414678,-3.977,5.947,6.39,-0.016,0.011,-0.006,-25.5,14.4,-19.2,273.0
1787130919.441479,-3.898,5.906,6.46,-0.015,0.009,-0.009,-24.0,14.4,-19.2,273.0
1787130919.6523633,-3.903,5.995,6.361,-0.019,0.008,-0.002,-24.9,12.75,-19.05,271.0
1787130919.6523886,-3.922,5.906,6.424,-0.021,0.01,-0.009,-23.85,14.55,-19.8,271.0
1787130919.6523995,-3.881,5.93,6.438,-0.028,0.019,-0.001,-24.45,14.55,-19.05,271.0
1787130919.8508832,-3.917,5.928,6.388,-0.019,0.006,-0.003,-24.3,14.85,-17.4,276.0
1787130919.850909,-3.871,5.914,6.369,-0.012,0.012,-0.002,-24.3,14.1,-18.15,276.0
1787130920.0620267,-3.891,5.923,6.421,-0.016,0.009,-0.005,-25.2,13.05,-18.75,272.0
1787130920.0620508,-3.85,5.933,6.39,-0.02,0.014,-0.001,-25.8,14.4,-18.45,272.0
1787130920.0620623,-3.876,5.923,6.443,-0.017,0.006,0.0,-24.3,15.15,-19.95,272.0
1787130920.2667134,-3.922,5.976,6.419,-0.015,0.002,0.003,-24.15,14.55,-19.05,271.0
1787130920.266738,-3.879,5.921,6.409,-0.011,0.004,-0.003,-25.2,13.05,-19.05,271.0
1787130920.266749,-3.864,5.883,6.448,-0.017,0.018,0.002,-24.45,13.5,-18.75,271.0
1787130920.4650912,-3.91,5.921,6.426,-0.008,0.002,0.0,-23.55,14.4,-18.45,270.0
1787130920.6763554,-3.895,5.954,6.325,-0.005,0.005,-0.01,-23.85,13.5,-18.0,253.0
1787130920.6763792,-3.886,5.952,6.321,-0.007,0.005,-0.007,-24.9,13.5,-17.55,253.0
1787130920.6763904,-3.915,5.952,6.412,-0.005,0.006,-0.002,-23.85,15.0,-18.3,271.0
1787130920.8752482,-3.946,5.89,6.39,-0.011,0.007,0.004,-24.3,14.4,-19.65,283.0
1787130920.8752754,-3.965,5.873,6.397,-0.004,0.01,0.004,-24.75,14.1,-20.4,283.0
1787130920.8752866,-3.953,5.916,6.369,-0.003,0.004,0.007,-24.3,14.1,-18.15,270.0
1787130921.0801113,-3.852,5.945,6.395,-0.003,-0.002,0.001,-25.65,14.55,-17.25,271.0
1787130921.0801346,-3.816,5.971,6.455,-0.003,-0.002,0.006,-24.9,13.5,-18.75,271.0
1787130921.0801466,-3.879,5.938,6.443,-0.009,-0.003,0.007,-25.2,12.75,-19.05,282.0
1787130921.284912,-3.828,5.933,6.424,-0.009,0.005,-0.006,-24.75,14.4,-19.65,276.0
1787130921.2849362,-3.871,6.005,6.416,-0.006,0.0,-0.007,-23.4,15.45,-18.3,276.0
1787130921.2849474,-3.852,5.954,6.455,-0.012,0.006,-0.002,-24.75,14.85,-19.2,261.0
1787130921.4896734,-3.891,5.945,6.352,-0.027,0.014,-0.012,-25.65,13.05,-18.0,252.0
1787130921.489698,-3.9,5.993,6.424,-0.026,0.019,-0.024,-24.3,13.65,-19.65,252.0
1787130921.4897094,-3.919,6.005,6.373,-0.024,0.019,-0.018,-24.45,14.25,-18.75,279.0
1787130921.694428,-3.898,5.926,6.39,-0.027,0.015,-0.001,-25.2,13.5,-18.0,277.0
1787130921.6944516,-3.871,5.861,6.345,-0.027,0.012,-0.005,-24.3,14.85,-17.7,277.0
1787130921.6944633,-3.915,5.918,6.302,-0.023,0.015,-0.007,-24.75,15.15,-19.2,277.0
1787130921.899201,-3.922,5.957,6.369,-0.019,0.006,-0.004,-24.3,15.6,-19.95,269.0
1787130921.8992248,-3.84,5.921,6.376,-0.02,0.012,-0.001,-25.65,13.5,-20.1,269.0
1787130921.8992367,-3.941,5.947,6.357,-0.019,0.006,0.005,-23.85,15.75,-18.3,269.0
1787130922.1035252,-3.883,5.935,6.424,-0.016,0.014,0.002,-24.75,14.85,-19.2,279.0
1787130922.1035504,-3.886,5.954,6.472,-0.025,0.007,0.003,-23.25,14.4,-19.2,279.0
1787130922.311972,-3.864,5.964,6.366,-0.018,0.008,-0.005,-25.2,14.55,-17.55,275.0
1787130922.3119972,-3.797,5.885,6.361,-0.02,0.013,-0.001,-24.0,14.4,-18.45,275.0
1787130922.3120089,-3.864,5.995,6.412,-0.022,0.016,0.001,-24.9,15.45,-18.75,254.0
1787130922.513397,-3.907,5.928,6.481,-0.021,0.018,-0.006,-25.05,14.4,-18.45,275.0
1787130922.5134225,-3.919,5.947,6.486,-0.021,0.01,-0.001,-25.05,14.4,-18.15,275.0
1787130922.5134356,-3.895,5.928,6.421,-0.015,0.007,-0.004,-24.3,12.9,-19.65,275.0
1787130922.7186453,-3.855,5.993,6.438,-0.008,0.007,0.001,-23.55,13.65,-16.35,276.0
1787130922.718669,-3.843,5.94,6.457,-0.009,0.003,-0.001,-24.0,14.85,-18.45,276.0
1787130922.7186801,-3.869,5.964,6.416,-0.023,0.009,-0.002,-24.45,15.0,-18.75,276.0
1787130922.925375,-3.943,5.916,6.412,-0.011,0.002,-0.001,-24.45,13.05,-18.3,283.0
1787130922.9253993,-3.95,5.923,6.321,-0.003,0.001,-0.004,-24.45,15.0,-19.5,273.0
1787130922.9254105,-3.855,5.962,6.433,-0.004,0.004,-0.008,-24.45,12.75,-19.05,273.0
1787130923.1329532,-3.903,5.938,6.357,-0.022,0.023,-0.002,-24.75,14.1,-17.7,270.0
1787130923.1329765,-3.936,5.942,6.395,-0.024,0.015,0.005,-24.15,14.25,-17.55,270.0
1787130923.1329882,-3.874,5.909,6.381,-0.018,0.005,-0.002,-21.3,13.65,-18.15,270.0
1787130923.3337693,-3.962,5.938,6.383,-0.024,0.011,0.0,-24.45,15.45,-19.05,274.0
1787130923.3337927,-3.9,5.954,6.352,-0.021,0.009,0.005,-23.55,14.1,-19.2,254.0
1787130923.3338048,-3.9,5.964,6.373,-0.021,0.014,-0.002,-24.15,13.5,-18.75,254.0
1787130923.543592,-3.979,5.942,6.44,-0.017,0.009,0.003,-24.0,14.85,-17.7,277.0
1787130923.5436172,-3.936,5.95,6.354,-0.012,0.01,-0.006,-24.45,13.8,-19.8,271.0
1787130923.5436292,-3.96,5.935,6.421,-0.011,0.009,-0.001,-23.85,13.5,-17.55,271.0
1787130923.7405934,-3.876,5.969,6.376,-0.018,0.007,0.002,-25.5,13.2,-17.7,235.0
1787130923.946147,-3.915,5.914,6.416,-0.014,-0.001,-0.003,-25.05,13.2,-19.2,269.0
1787130923.9461713,-3.857,5.942,6.373,-0.009,0.01,0.001,-24.75,14.85,-18.45,284.0
1787130923.9461834,-3.864,5.993,6.381,-0.016,0.009,-0.003,-24.9,14.25,-20.85,284.0
1787130924.1584837,-3.955,5.95,6.44,-0.026,0.007,0.0,-24.75,15.15,-18.9,272.0
1787130924.1585076,-3.958,5.906,6.337,-0.011,0.013,-0.001,-24.45,14.55,-18.75,272.0
1787130924.1585195,-3.941,5.859,6.337,-0.008,0.009,-0.007,-22.8,13.65,-18.45,272.0
1787130924.352964,-3.836,5.978,6.383,-0.014,0.012,-0.001,-24.45,14.25,-17.25,272.0
1787130924.3560796,-3.898,5.942,6.45,-0.02,0.014,-0.001,-23.25,14.4,-20.4,272.0
1787130924.356104,-3.85,5.93,6.414,-0.02,0.011,0.0,-25.2,13.8,-18.75,272.0
1787130924.5678968,-3.941,5.928,6.29,-0.007,0.002,-0.009,-24.3,14.1,-17.7,270.0
1787130924.5679216,-3.903,6.029,6.359,-0.008,0.006,-0.004,-23.85,15.75,-18.3,270.0
1787130924.5679338,-3.9,5.978,6.424,-0.01,0.004,0.004,-25.05,14.1,-18.45,270.0
1787130924.767783,-3.917,5.887,6.397,-0.003,0.007,-0.005,-23.55,14.4,-18.45,263.0
1787130924.7678077,-3.869,5.952,6.39,-0.002,0.002,-0.003,-23.4,14.55,-19.8,263.0
1787130924.767819,-3.903,5.909,6.431,0.004,-0.003,0.001,-23.4,14.55,-19.8,263.0
1787130924.9778266,-3.871,5.978,6.337,0.001,0.006,-0.005,-23.4,15.75,-18.75,251.0
1787130924.9778564,-3.895,5.983,6.337,0.001,-0.004,-0.009,-24.75,13.65,-17.4,251.0
1787130924.9778688,-3.833,6.019,6.357,0.007,0.002,-0.006,-23.85,14.25,-17.55,266.0
1787130925.181825,-3.886,5.938,6.321,-0.009,0.014,-0.01,-24.15,15.0,-18.3,266.0
1787130925.1818488,-3.9,6.019,6.311,-0.01,0.008,-0.004,-24.75,14.85,-18.45,266.0
1787130925.1818714,-3.869,5.957,6.316,-0.007,0.0,0.002,-24.75,14.1,-18.15,266.0
1787130925.3804886,-3.879,5.945,6.364,-0.01,0.014,-0.009,-24.15,14.55,-19.8,259.0
1787130925.3805125,-3.852,6.014,6.419,-0.007,0.005,-0.002,-25.2,14.25,-20.1,259.0
1787130925.587599,-3.9,5.974,6.364,-0.024,0.012,-0.006,-25.2,15.0,-19.05,263.0
1787130925.5876226,-3.919,5.959,6.328,-0.026,0.014,0.0,-24.0,15.6,-17.4,263.0
1787130925.5876343,-3.924,5.986,6.292,-0.024,0.009,-0.001,-25.2,13.8,-18.3,263.0
1787130925.7976713,-3.934,6.002,6.316,-0.024,0.009,-0.003,-25.05,14.85,-19.65,282.0
1787130925.797695,-3.893,5.954,6.316,-0.025,0.011,-0.007,-25.8,15.6,-18.9,282.0
1787130925.797706,-3.883,6.012,6.306,-0.027,0.019,-0.006,-24.3,14.85,-18.9,282.0
1787130926.0022438,-3.814,5.986,6.419,-0.018,0.013,0.006,-24.9,13.8,-18.3,274.0
1787130926.0022678,-3.898,5.997,6.361,-0.022,0.012,0.006,-24.0,14.85,-18.9,274.0
1787130926.0022788,-3.883,5.983,6.364,-0.022,0.009,0.001,-23.55,15.15,-18.15,274.0
1787130926.2013535,-3.912,5.962,6.388,-0.019,0.005,-0.004,-25.2,13.8,-18.75,254.0
1787130926.2013774,-3.946,5.892,6.383,-0.02,0.007,-0.009,-24.75,14.85,-19.65,254.0
1787130926.4126456,-3.833,6.002,6.369,-0.013,0.011,-0.005,-23.85,13.8,-16.8,250.0
1787130926.412671,-3.888,5.94,6.385,-0.009,0.005,-0.002,-24.3,14.85,-18.9,250.0
1787130926.4126823,-3.824,5.895,6.347,-0.018,0.003,0.002,-24.15,13.5,-18.3,250.0
1787130926.6125383,-3.886,6.048,6.337,-0.016,0.002,0.004,-24.45,13.8,-19.05,245.0
1787130926.6125615,-3.903,6.014,6.316,-0.012,-0.005,0.001,-24.9,13.8,-18.75,245.0
1787130926.612573,-3.929,6.043,6.414,-0.012,0.003,-0.003,-24.15,14.25,-18.75,245.0
1787130926.8221405,-3.876,6.002,6.39,-0.02,0.01,0.002,-24.0,13.65,-19.65,247.0
1787130926.822168,-3.881,6.031,6.407,-0.019,0.012,-0.004,-24.9,15.45,-19.8,247.0
1787130926.8221793,-3.809,5.974,6.438,-0.029,0.013,-0.005,-25.05,14.1,-18.9,247.0
1787130927.0228171,-3.85,6.053,6.388,-0.028,0.016,-0.01,-23.55,12.9,-17.1,260.0
1787130927.0228426,-3.831,6.031,6.254,-0.023,0.011,0.003,-24.9,14.55,-19.8,260.0
1787130927.2280807,-3.915,5.844,6.258,-0.04,0.047,-0.015,-24.45,14.55,-19.5,267.0
1787130927.2281053,-3.97,5.794,6.321,-0.02,0.02,-0.012,-24.75,14.1,-19.65,267.0
1787130927.2281177,-3.998,5.851,6.268,-0.001,-0.001,-0.009,-24.9,13.05,-19.05,289.0
1787130927.4381819,-3.936,6.067,6.371,-0.019,0.005,-0.013,-24.45,13.05,-17.55,274.0
1787130927.4382067,-3.888,6.043,6.404,-0.018,0.009,-0.005,-23.55,14.1,-17.4,274.0
1787130927.4382176,-3.876,6.062,6.282,-0.024,0.011,-0.007,-23.85,13.5,-19.8,274.0
1787130927.6388824,-3.905,5.856,6.333,-0.012,0.003,0.004,-23.85,14.25,-19.05,258.0
1787130927.6389475,-3.924,5.89,6.337,-0.006,0.011,0.007,-24.9,14.25,-18.3,250.0
1787130927.6389565,-3.934,5.816,6.282,0.001,0.005,-0.002,-24.0,15.9,-19.2,250.0
1787130927.8391023,-3.792,6.029,6.361,0.009,-0.012,-0.002,-23.25,15.15,-18.15,275.0
1787130927.843329,-3.852,6.019,6.407,0.01,-0.009,-0.006,-24.15,14.55,-20.85,275.0
1787130927.8433557,-3.831,6.014,6.381,0.004,0.007,-0.008,-24.9,14.55,-17.55,275.0
1787130928.0425005,-3.879,5.959,6.376,-0.024,0.013,-0.003,-23.1,14.55,-19.8,284.0
1787130928.049219,-3.869,6.038,6.337,-0.024,0.006,-0.004,-24.9,15.45,-18.0,284.0
1787130928.049242,-3.903,6.024,6.366,-0.03,0.002,0.004,-25.05,14.85,-19.65,277.0
1787130928.2523744,-3.962,5.861,6.273,-0.044,0.029,-0.019,-24.45,15.75,-19.5,279.0
1787130928.2523987,-3.931,5.868,6.256,-0.027,0.018,-0.01,-24.0,14.85,-19.95,279.0
1787130928.2524102,-3.852,5.839,6.304,-0.004,0.006,0.001,-25.5,14.1,-19.2,279.0
1787130928.4559824,-3.852,5.878,6.235,0.015,-0.016,-0.002,-23.85,14.55,-18.0,279.0
1787130928.456007,-3.919,5.873,6.306,0.035,-0.029,0.01,-25.2,14.25,-18.3,279.0
1787130928.4560184,-3.972,5.854,6.383,0.034,-0.04,0.006,-23.4,12.75,-18.0,255.0
1787130928.6609452,-3.917,5.909,6.498,0.011,-0.005,0.012,-25.65,13.05,-18.3,285.0
1787130928.6609936,-3.917,5.957,6.479,0.004,0.004,0.012,-25.2,14.55,-18.75,260.0
1787130928.673024,-3.929,5.875,6.402,-0.002,0.015,0.002,-24.45,12.75,-19.5,260.0
1787130928.8635402,-3.931,5.954,6.357,-0.007,0.011,0.003,-24.45,14.55,-18.3,260.0
1787130928.864435,-4.005,5.974,6.314,-0.015,0.007,0.001,-24.0,12.9,-17.1,260.0
1787130928.8665743,-3.95,5.981,6.34,-0.013,0.002,-0.006,-24.75,15.15,-20.4,260.0
1787130929.0713594,-3.929,6.06,6.325,-0.009,0.002,-0.005,-23.25,15.6,-18.9,262.0
1787130929.0713832,-3.922,6.041,6.28,-0.005,0.004,-0.009,-24.45,13.8,-18.0,262.0
1787130929.0713954,-3.845,6.096,6.251,-0.005,0.001,-0.021,-25.5,12.9,-19.65,262.0
1787130929.2739909,-3.826,6.098,6.402,-0.007,-0.003,-0.006,-24.45,13.8,-19.05,284.0
1787130929.274015,-3.785,6.05,6.378,-0.016,0.001,-0.006,-23.55,15.6,-19.95,284.0
1787130929.2763472,-3.826,6.072,6.345,-0.012,0.013,-0.002,-25.8,15.6,-19.2,284.0
1787130929.4823306,-3.807,6.103,6.33,-0.016,0.014,0.006,-23.55,14.4,-19.2,281.0
1787130929.482356,-3.754,6.057,6.349,-0.016,0.01,0.009,-26.25,14.85,-18.9,281.0
1787130929.4823675,-3.776,6.043,6.33,-0.016,0.013,0.016,-25.2,12.75,-19.5,281.0
1787130929.687188,-3.859,6.029,6.452,-0.032,0.017,-0.004,-24.15,14.55,-18.3,296.0
1787130929.6872118,-3.788,6.005,6.426,-0.039,0.021,0.001,-23.25,14.4,-19.2,279.0
1787130929.6872234,-3.857,5.942,6.436,-0.038,0.028,-0.006,-25.5,12.9,-18.9,279.0
1787130929.8912764,-3.96,5.897,6.309,-0.025,0.026,-0.016,-24.0,14.4,-20.7,273.0
1787130929.8913038,-3.965,5.842,6.302,-0.007,0.011,-0.016,-24.0,14.85,-18.15,273.0
1787130929.891315,-3.955,5.923,6.304,0.005,-0.005,-0.014,-25.05,14.1,-18.45,273.0
1787130930.09226,-3.864,6.053,6.378,-0.025,0.006,0.014,-24.3,14.85,-19.2,239.0
1787130930.1038444,-3.893,6.086,6.402,-0.026,0.007,0.018,-24.3,14.4,-18.15,281.0
1787130930.1038735,-3.843,6.091,6.352,-0.029,0.017,0.007,-24.45,14.25,-18.3,281.0
1787130930.301482,-3.867,5.895,6.378,-0.01,0.022,-0.012,-24.0,13.65,-18.15,255.0
1787130930.3015075,-3.948,5.854,6.335,-0.002,0.021,-0.016,-24.9,15.45,-19.5,255.0
1787130930.3015194,-3.929,5.883,6.347,0.006,0.009,-0.017,-24.45,14.25,-18.75,285.0
1787130930.502127,-3.847,6.053,6.357,0.017,-0.011,-0.007,-24.15,14.55,-19.05,292.0
1787130930.5070539,-3.843,6.117,6.414,0.009,-0.001,-0.01,-25.05,14.1,-18.9,292.0
1787130930.5070755,-3.891,6.187,6.388,0.001,0.004,-0.012,-24.75,14.85,-18.15,292.0
1787130930.717281,-3.888,5.911,6.361,-0.045,0.052,-0.014,-25.2,15.75,-19.8,262.0
1787130930.7173057,-3.95,5.95,6.321,-0.043,0.032,-0.014,-24.45,15.45,-18.75,265.0
1787130930.717317,-3.898,5.923,6.251,-0.024,0.009,-0.006,-24.75,14.4,-18.9,265.0
1787130930.9169362,-3.912,5.842,6.249,-0.005,0.003,0.005,-24.3,15.15,-17.4,265.0
1787130930.916963,-3.922,5.916,6.266,0.01,-0.012,0.009,-25.65,13.5,-19.5,265.0
1787130930.9169762,-3.9,5.976,6.27,0.015,-0.022,-0.002,-24.75,15.15,-18.45,265.0
1787130931.121157,-3.919,5.964,6.345,-0.022,0.012,-0.008,-24.3,13.65,-18.45,256.0
1787130931.121181,-3.919,5.863,6.304,-0.01,0.004,-0.008,-24.75,14.85,-17.4,256.0
1787130931.1211927,-3.867,5.904,6.34,-0.007,-0.002,-0.003,-25.05,15.6,-18.15,256.0
1787130931.3224595,-3.876,6.041,6.357,-0.011,-0.004,-0.006,-24.3,13.65,-19.2,257.0
1787130931.33378,-3.862,6.045,6.27,-0.012,0.008,-0.009,-23.4,15.75,-19.5,257.0
1787130931.333805,-3.891,6.053,6.342,-0.017,0.011,-0.009,-24.3,16.35,-19.65,257.0
1787130931.5371566,-3.903,5.906,6.373,-0.043,0.031,-0.007,-24.45,14.25,-19.5,267.0
1787130931.5371804,-3.859,5.957,6.311,-0.035,0.029,-0.004,-24.75,13.65,-17.1,278.0
1787130931.537192,-3.833,5.911,6.318,-0.023,0.02,-0.007,-24.45,13.8,-18.3,278.0
1787130931.7370842,-3.855,6.093,6.366,-0.01,0.006,-0.006,-24.15,13.8,-19.8,281.0
1787130931.7371137,-3.821,6.136,6.369,-0.016,0.002,-0.006,-26.25,14.4,-17.7,281.0
1787130931.737125,-3.788,6.067,6.373,-0.024,0.011,-0.006,-24.3,14.4,-18.45,281.0
1787130931.946501,-3.764,6.088,6.337,-0.028,0.008,-0.007,-23.1,14.55,-17.55,281.0
1787130931.946525,-3.773,6.036,6.376,-0.022,0.014,-0.002,-25.8,14.4,-18.9,281.0
1787130931.9465363,-3.735,6.098,6.359,-0.036,0.027,0.005,-24.75,14.1,-18.15,264.0
1787130932.1469204,-3.812,6.038,6.316,-0.032,0.024,0.01,-25.5,14.4,-18.45,264.0
1787130932.14695,-3.85,6.0,6.361,-0.034,0.022,0.009,-24.45,14.55,-20.1,264.0
1787130932.1469607,-3.91,5.978,6.321,-0.029,0.025,0.009,-24.3,15.9,-18.45,264.0
1787130932.3520637,-3.922,5.95,6.349,-0.027,0.023,0.003,-24.0,14.4,-19.65,264.0
1787130932.3520875,-3.859,6.014,6.316,-0.028,0.014,0.001,-25.05,14.4,-18.15,273.0
1787130932.3520992,-3.893,5.997,6.306,-0.016,0.009,-0.002,-25.05,13.65,-18.9,273.0
1787130932.5621488,-3.883,5.93,6.287,-0.01,0.005,-0.01,-24.15,14.55,-18.75,273.0
1787130932.562178,-3.879,5.933,6.285,-0.005,0.001,-0.006,-23.4,14.55,-18.3,273.0
1787130932.56219,-3.883,6.038,6.352,-0.006,0.003,-0.011,-24.75,15.15,-19.2,273.0
1787130932.7608497,-3.895,6.014,6.393,-0.012,0.01,-0.01,-24.15,13.8,-19.5,270.0
1787130932.760883,-3.891,6.048,6.373,-0.012,0.011,-0.007,-24.0,14.85,-19.2,270.0
1787130932.7608945,-3.804,6.021,6.371,-0.015,0.007,-0.011,-24.0,13.65,-19.2,270.0
1787130932.9720857,-3.821,5.981,6.4,-0.019,0.014,-0.002,-24.3,14.55,-17.25,268.0
1787130932.97211,-3.773,6.057,6.419,-0.017,0.011,0.004,-25.05,14.4,-18.15,268.0
1787130932.972121,-3.871,6.012,6.333,-0.02,0.006,0.003,-23.85,13.8,-18.0,268.0
1787130933.1711628,-3.907,5.945,6.302,-0.004,0.004,-0.001,-23.85,13.05,-19.05,289.0
1787130933.171188,-3.936,5.954,6.268,0.002,-0.001,0.002,-24.3,14.85,-19.65,289.0
1787130933.171199,-3.929,6.041,6.268,0.005,-0.005,-0.004,-24.45,14.55,-18.3,289.0
1787130933.3761425,-3.831,5.988,6.304,0.002,-0.002,-0.009,-24.0,15.15,-18.45,265.0
1787130933.3761683,-3.843,6.019,6.316,0.001,-0.003,-0.01,-24.45,15.0,-19.05,265.0
1787130933.3761795,-3.867,6.055,6.345,0.002,0.005,-0.012,-23.85,14.25,-18.75,265.0
1787130933.5808642,-3.888,6.091,6.29,-0.011,0.002,-0.011,-24.15,14.25,-19.5,279.0
1787130933.5808887,-3.807,6.009,6.342,-0.005,0.006,-0.011,-24.45,15.0,-17.25,279.0
1787130933.5809004,-3.847,5.981,6.311,-0.01,0.011,-0.004,-24.15,13.5,-19.8,279.0
1787130933.7924113,-3.843,6.026,6.385,-0.013,0.02,-0.008,-25.5,13.65,-18.9,258.0
1787130933.7924373,-3.845,6.048,6.318,-0.015,0.008,-0.015,-24.9,14.55,-18.3,258.0
1787130933.7924485,-3.838,6.005,6.335,-0.013,0.012,-0.01,-26.55,14.1,-18.9,258.0
1787130933.9988904,-3.833,5.995,6.395,-0.01,0.011,0.003,-25.2,13.5,-19.5,258.0
1787130933.9989161,-3.836,6.009,6.347,-0.014,0.011,0.0,-24.3,14.1,-18.15,261.0
1787130933.9989269,-3.852,6.091,6.354,-0.014,0.003,0.005,-24.0,14.4,-18.45,261.0
1787130934.1958458,-3.893,6.014,6.359,-0.008,0.009,-0.005,-24.45,15.0,-18.0,261.0
1787130934.1958795,-3.886,5.986,6.323,-0.009,0.011,0.002,-25.65,15.75,-19.8,261.0
1787130934.195891,-3.867,5.971,6.345,-0.003,0.006,-0.002,-24.0,14.85,-19.65,261.0
1787130934.4008925,-3.91,5.993,6.309,-0.025,0.011,0.004,-24.0,16.35,-19.2,254.0
1787130934.4009178,-3.895,5.99,6.34,-0.024,0.0,0.004,-25.2,14.25,-20.1,254.0
1787130934.4009292,-3.903,6.017,6.352,-0.025,0.002,0.0,-25.2,14.25,-18.75,259.0
1787130934.6059718,-3.824,5.945,6.337,-0.019,0.01,0.005,-24.15,13.5,-18.0,259.0
1787130934.6059954,-3.953,6.026,6.304,-0.026,0.014,-0.002,-22.65,14.25,-19.5,259.0
1787130934.6060069,-3.936,5.964,6.33,-0.027,0.004,-0.001,-24.9,14.25,-17.55,259.0
1787130934.810909,-3.833,6.05,6.306,-0.022,0.009,0.003,-24.45,15.0,-18.0,259.0
1787130934.8109336,-3.812,6.072,6.314,-0.022,0.018,0.002,-25.2,13.8,-18.3,262.0
1787130934.8109446,-3.869,6.062,6.297,-0.026,0.012,-0.011,-23.25,13.65,-20.4,262.0
1787130935.015923,-3.847,6.045,6.349,-0.029,0.013,0.002,-24.75,14.4,-18.9,294.0
1787130935.015948,-3.881,5.947,6.342,-0.027,0.013,-0.004,-24.0,15.9,-19.65,274.0
1787130935.015959,-3.859,5.971,6.328,-0.02,0.021,-0.004,-24.45,13.5,-16.5,274.0
1787130935.2207284,-3.814,5.978,6.318,-0.017,0.021,-0.007,-24.0,13.65,-18.9,274.0
1787130935.2207541,-3.895,6.014,6.376,-0.018,0.014,-0.013,-24.0,14.4,-18.9,274.0
1787130935.2207654,-3.912,5.986,6.39,-0.024,0.011,-0.011,-24.3,13.65,-19.2,274.0
1787130935.4318497,-3.91,6.014,6.321,-0.012,0.002,0.004,-24.9,14.25,-17.55,271.0
1787130935.4318852,-3.874,5.99,6.33,-0.006,-0.002,-0.004,-25.05,14.4,-19.95,283.0
1787130935.4318972,-3.826,6.005,6.304,-0.01,0.005,0.0,-24.75,14.85,-18.9,283.0
1787130935.6307058,-3.874,5.995,6.349,-0.02,0.012,-0.003,-24.3,15.15,-18.45,252.0
1787130935.6307313,-3.821,5.983,6.335,-0.012,-0.002,-0.004,-25.5,14.1,-18.45,252.0
1787130935.630805,-3.888,5.988,6.292,-0.019,0.003,-0.005,-24.15,13.8,-18.0,252.0
1787130935.8360622,-3.831,5.966,6.371,-0.022,0.02,-0.004,-24.3,14.4,-19.2,264.0
1787130935.8360875,-3.79,5.966,6.347,-0.026,0.021,-0.005,-24.75,13.65,-18.9,264.0
1787130935.836099,-3.924,5.969,6.333,-0.02,0.018,0.004,-25.8,12.9,-18.45,264.0
1787130936.041267,-3.845,6.036,6.34,-0.005,0.009,-0.012,-23.1,11.85,-17.25,273.0
1787130936.0412922,-3.847,6.009,6.359,-0.005,0.009,-0.009,-25.05,14.85,-17.4,273.0
1787130936.0413034,-3.845,5.959,6.325,-0.01,0.004,-0.004,-23.4,15.0,-18.0,273.0
1787130936.2458978,-3.833,6.014,6.354,-0.002,0.009,-0.003,-24.75,14.85,-18.9,273.0
1787130936.245926,-3.876,6.021,6.328,-0.006,0.009,0.003,-24.9,13.5,-18.0,292.0
1787130936.245939,-3.879,6.002,6.328,-0.005,0.002,0.003,-24.9,15.0,-18.0,292.0
1787130936.457172,-3.91,5.986,6.28,0.0,0.002,0.007,-23.4,15.75,-18.3,292.0
1787130936.457197,-3.845,5.974,6.285,-0.003,0.004,-0.002,-25.8,14.85,-18.9,292.0
1787130936.457209,-3.915,5.99,6.299,0.0,0.01,-0.006,-24.3,14.85,-18.15,292.0
1787130936.6639388,-3.869,6.012,6.359,-0.009,0.003,-0.007,-25.8,15.15,-18.9,278.0
1787130936.6639624,-3.814,5.997,6.34,-0.007,0.003,-0.009,-24.75,14.1,-18.9,278.0
1787130936.861247,-3.85,6.05,6.359,-0.008,0.013,-0.008,-24.3,15.15,-18.45,265.0
1787130936.8612723,-3.809,5.988,6.376,-0.016,0.006,-0.003,-25.95,15.75,-18.75,279.0
1787130936.8612845,-3.862,6.019,6.373,-0.02,0.013,-0.009,-25.8,15.15,-18.9,279.0
1787130937.0658777,-3.828,6.007,6.347,-0.015,-0.003,0.008,-24.9,14.55,-19.5,288.0
1787130937.065904,-3.847,6.007,6.354,-0.017,0.002,0.004,-24.0,14.1,-19.2,258.0
1787130937.0659153,-3.862,6.057,6.359,-0.031,0.018,-0.002,-25.65,15.0,-19.8,258.0
1787130937.2708478,-3.926,6.038,6.347,-0.03,0.02,-0.006,-25.2,14.25,-19.05,258.0
1787130937.2708836,-3.826,6.019,6.333,-0.03,0.017,-0.004,-25.5,14.4,-18.45,258.0
1787130937.2708948,-3.881,6.019,6.371,-0.035,0.019,-0.005,-24.3,15.6,-18.45,258.0
1787130937.4755075,-3.752,5.986,6.414,-0.019,0.001,-0.003,-25.05,14.85,-18.9,280.0
1787130937.4755328,-3.776,6.024,6.404,-0.033,0.016,-0.006,-26.25,14.4,-18.15,280.0
1787130937.475544,-3.85,6.007,6.419,-0.036,0.034,-0.005,-24.3,13.2,-18.45,280.0
1787130937.6803076,-3.869,5.95,6.376,-0.011,0.001,-0.005,-23.55,16.8,-18.45,288.0
1787130937.680332,-3.893,5.986,6.426,-0.012,0.001,-0.005,-25.2,14.55,-18.3,288.0
1787130937.6803432,-3.862,6.024,6.364,-0.019,0.003,-0.006,-25.95,14.55,-19.05,288.0
1787130937.8864365,-3.91,6.014,6.292,-0.022,0.017,-0.018,-24.75,14.4,-17.1,282.0
1787130937.8864625,-3.919,6.067,6.328,-0.021,0.007,-0.019,-25.2,13.8,-18.75,282.0
1787130937.8864734,-3.883,6.024,6.354,-0.008,0.011,-0.022,-23.85,14.55,-19.5,282.0
1787130938.090406,-3.996,5.837,6.23,-0.028,0.003,-0.044,-25.2,15.0,-19.5,266.0
1787130938.0904307,-4.12,5.844,6.44,-0.023,-0.026,-0.047,-24.9,14.25,-18.75,266.0
1787130938.0904422,-4.051,5.844,6.328,-0.015,-0.031,-0.04,-24.75,14.4,-18.15,266.0
1787130938.2964315,-3.962,5.823,6.61,-0.004,-0.045,-0.026,-24.15,14.55,-16.8,274.0
1787130938.2964563,-3.974,5.868,6.553,-0.02,-0.034,-0.018,-23.85,14.55,-19.05,274.0
1787130938.2964675,-3.965,5.926,6.5,-0.042,-0.019,-0.03,-24.45,15.0,-18.0,274.0
1787130938.5031037,-3.778,5.914,6.22,-0.013,0.055,0.03,-25.65,14.25,-18.75,254.0
1787130938.7059226,-3.953,5.808,6.407,-0.041,0.047,-0.048,-23.4,13.8,-17.55,266.0
1787130938.7059488,-3.941,5.801,6.388,-0.031,0.028,-0.048,-24.0,14.1,-18.9,272.0
1787130938.7059605,-3.924,5.662,6.333,-0.016,-0.002,-0.033,-23.85,14.25,-18.3,272.0
1787130938.9113383,-4.02,6.065,6.493,0.072,-0.069,-0.019,-25.05,14.85,-18.45,276.0
1787130938.9113626,-3.929,6.076,6.56,0.048,-0.045,-0.027,-25.05,14.85,-18.9,276.0
1787130938.9113739,-3.814,6.11,6.615,0.016,-0.026,-0.029,-25.05,15.15,-20.7,290.0
1787130939.1156425,-4.013,5.947,6.141,-0.036,0.035,0.007,-24.15,13.5,-18.75,269.0
1787130939.1156685,-4.106,5.918,6.024,0.009,0.013,0.007,-23.1,16.2,-18.75,269.0
1787130939.1156797,-4.073,5.861,6.045,0.042,-0.004,0.009,-24.45,13.8,-18.0,253.0
1787130939.3163254,-3.962,5.983,6.603,-0.012,0.012,-0.01,-23.55,14.4,-18.45,252.0
1787130939.3202329,-4.077,5.904,6.486,-0.033,0.016,-0.015,-24.15,15.0,-17.25,252.0
1787130939.32026,-4.051,5.962,6.393,-0.054,0.017,-0.024,-24.45,15.45,-19.05,259.0
1787130939.5275455,-3.891,5.906,6.206,0.035,-0.043,-0.028,-24.15,14.55,-18.75,268.0
1787130939.5275714,-3.917,5.868,6.244,0.053,-0.053,-0.017,-24.9,16.5,-19.05,268.0
1787130939.5275836,-3.929,5.99,6.33,0.063,-0.069,-0.009,-24.75,14.4,-19.65,268.0
1787130939.7306821,-3.917,6.036,6.302,-0.057,0.065,0.019,-24.9,15.45,-20.1,253.0
1787130939.730706,-3.96,6.024,6.242,-0.063,0.062,0.018,-24.75,15.15,-20.4,253.0
1787130939.7307196,-3.898,6.007,6.299,-0.059,0.07,0.016,-25.95,16.2,-20.1,253.0
1787130939.9353209,-4.022,5.902,6.165,-0.006,0.063,0.001,-22.35,15.0,-19.5,268.0
1787130939.9353464,-4.02,5.839,6.187,0.025,0.039,0.004,-23.4,15.75,-18.0,268.0
1787130939.9353573,-4.061,5.787,6.177,0.054,0.011,0.021,-25.2,16.95,-18.3,268.0
1787130940.140502,-3.977,6.251,6.407,-0.062,-0.003,-0.043,-25.95,17.4,-19.8,256.0
1787130940.3452363,-4.096,5.77,6.366,-0.016,0.012,0.033,-24.15,15.75,-19.8,275.0
1787130940.3452616,-4.231,5.717,6.378,-0.025,0.02,0.016,-23.25,15.9,-18.15,271.0
1787130940.3452733,-4.278,5.684,6.385,-0.032,0.025,-0.004,-25.05,15.6,-18.9,271.0
1787130940.551531,-3.79,6.206,6.249,-0.019,-0.016,-0.039,-24.3,16.8,-19.95,255.0
1787130940.5515559,-3.742,6.203,6.215,-0.02,-0.009,-0.04,-24.0,16.8,-19.95,255.0
1787130940.551567,-3.742,6.218,6.23,-0.008,0.008,-0.02,-24.45,15.75,-18.75,255.0
1787130940.7572477,-4.195,5.926,6.359,-0.034,0.031,0.021,-23.1,14.55,-21.6,256.0
1787130940.7572727,-4.226,5.863,6.302,-0.042,0.044,-0.014,-24.0,15.9,-21.15,260.0
1787130940.7572842,-4.137,5.794,6.254,-0.028,0.041,-0.028,-24.0,15.9,-18.9,260.0
1787130940.9660397,-3.912,6.22,6.448,0.023,-0.021,0.007,-24.9,15.75,-19.8,289.0
1787130940.9660692,-3.879,6.254,6.474,-0.001,0.001,0.007,-23.55,15.9,-19.65,266.0
1787130940.966082,-3.864,6.215,6.476,-0.024,0.03,0.011,-24.75,15.6,-19.95,266.0
1787130941.1615036,-4.175,5.813,6.208,-0.054,0.031,0.011,-23.85,15.0,-20.1,245.0
1787130941.1725223,-4.125,5.77,6.242,-0.045,0.006,0.01,-24.15,16.5,-19.5,245.0
1787130941.1725478,-4.108,5.839,6.218,-0.024,0.012,0.004,-24.45,16.5,-19.5,245.0
1787130941.3716533,-3.862,5.99,6.364,-0.054,0.068,0.008,-24.9,14.25,-18.75,274.0
1787130941.3716779,-3.91,6.024,6.393,-0.064,0.077,0.01,-23.55,16.35,-18.45,274.0
1787130941.3716896,-3.977,6.007,6.4,-0.065,0.076,0.023,-23.1,15.45,-19.8,274.0
1787130941.575659,-4.178,5.885,6.347,0.056,-0.042,-0.037,-23.55,15.9,-19.2,255.0
1787130941.5756848,-4.12,6.05,6.333,0.047,-0.036,-0.04,-24.0,12.9,-18.15,270.0
1787130941.5757,-4.017,6.036,6.373,0.033,-0.033,-0.044,-24.0,14.1,-18.9,270.0
1787130941.7801442,-4.037,6.005,6.22,-0.034,0.001,0.003,-23.85,14.55,-19.5,263.0
1787130941.7801697,-4.123,5.964,6.17,-0.021,0.009,-0.01,-24.0,15.15,-19.65,262.0
1787130941.981653,-4.125,5.935,6.302,0.014,-0.016,0.017,-24.9,14.55,-18.3,267.0
1787130941.9926453,-4.123,6.021,6.333,0.011,-0.012,0.007,-22.05,14.4,-18.45,267.0
1787130941.9926713,-4.094,6.017,6.337,-0.002,0.007,-0.001,-24.9,14.25,-19.5,267.0
1787130942.1908119,-4.068,5.909,6.273,0.004,-0.004,0.014,-24.15,16.95,-18.75,263.0
1787130942.1908371,-4.106,5.959,6.266,0.004,-0.005,0.006,-24.45,16.5,-19.05,263.0
1787130942.1908486,-4.202,5.906,6.33,-0.001,0.005,0.004,-23.55,15.6,-18.45,263.0
1787130942.3955708,-3.991,5.942,6.275,-0.006,-0.005,-0.006,-24.0,15.15,-18.15,286.0
1787130942.395596,-4.326,6.041,6.278,-0.007,-0.065,0.023,-23.4,16.2,-21.3,286.0
1787130942.3956077,-3.833,6.012,6.299,-0.018,-0.053,0.001,-23.4,16.2,-21.3,286.0
1787130942.6006463,-4.068,6.057,6.218,-0.001,0.021,-0.016,-25.05,14.85,-19.65,275.0
1787130942.600672,-4.046,6.05,6.206,0.003,0.006,-0.022,-24.9,15.0,-19.5,275.0
1787130942.6006846,-3.936,6.009,6.244,0.01,-0.007,-0.019,-23.4,15.45,-19.5,275.0
1787130942.8029015,-3.977,5.959,6.46,0.015,-0.004,0.023,-25.5,16.35,-18.15,265.0
1787130942.8029265,-4.128,5.926,6.416,0.004,0.003,0.02,-24.45,16.2,-19.05,265.0
1787130942.8062074,-4.099,5.966,6.397,-0.019,0.004,0.012,-24.3,15.15,-18.9,265.0
1787130943.0105217,-3.936,6.086,6.27,-0.046,0.034,0.0,-24.3,15.15,-20.4,269.0
1787130943.0105474,-3.91,6.029,6.316,-0.041,0.034,-0.002,-23.55,15.15,-19.2,261.0
1787130943.0105593,-3.962,5.938,6.256,-0.034,0.032,-0.001,-23.55,17.1,-18.15,261.0
1787130943.2213829,-4.135,5.978,6.321,0.011,-0.059,-0.008,-25.2,16.2,-19.8,281.0
1787130943.221408,-3.991,5.978,6.369,0.005,-0.042,-0.007,-24.15,16.2,-19.05,270.0
1787130943.2214193,-3.926,6.072,6.321,0.003,-0.005,-0.004,-25.65,16.2,-19.05,270.0
1787130943.4197502,-3.977,6.012,6.182,0.003,-0.004,0.026,-25.65,16.5,-20.1,288.0
1787130943.8376207,-3.926,6.081,6.294,-0.023,0.016,-0.012,-24.3,15.15,-19.95,258.0
1787130943.837645,-3.893,6.076,6.282,-0.03,0.018,-0.006,-25.2,15.45,-19.5,258.0
1787130944.2456186,-3.982,6.026,6.27,-0.012,-0.002,-0.001,-25.05,17.55,-19.2,263.0
1787130944.2456434,-3.934,5.962,6.278,-0.015,-0.007,-0.005,-24.15,16.2,-19.05,263.0
1787130944.2456546,-3.934,6.012,6.256,-0.013,-0.001,-0.001,-24.9,16.2,-19.5,263.0
1787130944.6471012,-4.001,6.043,6.249,-0.003,0.002,0.001,-25.05,16.35,-19.65,246.0
1787130944.6585603,-3.948,6.062,6.27,-0.011,-0.007,0.005,-25.95,17.7,-19.5,246.0
1787130944.6585772,-3.95,5.993,6.266,-0.007,-0.003,0.003,-25.2,15.75,-19.05,246.0
1787130945.057795,-3.95,6.021,6.23,-0.023,0.038,0.013,-25.05,15.9,-19.65,266.0
1787130945.476351,-3.804,6.376,6.27,-0.048,0.002,-0.002,-25.2,15.45,-19.05,275.0
1787130945.476377,-3.661,6.235,6.285,-0.042,0.048,-0.003,-25.05,16.8,-19.2,275.0
1787130945.4763885,-3.816,6.136,6.235,-0.042,0.067,-0.007,-24.3,16.35,-20.4,261.0
1787130945.881596,-3.943,6.266,6.225,0.016,-0.044,-0.013,-24.3,17.1,-19.95,272.0
1787130945.8816216,-3.843,6.285,6.227,0.013,-0.037,-0.014,-24.45,17.4,-19.05,272.0
1787130945.8816328,-3.759,6.297,6.235,0.009,-0.023,-0.009,-24.15,17.4,-19.5,272.0
1787130946.2888258,-3.96,6.033,6.141,-0.015,0.014,0.033,-24.15,14.55,-20.85,275.0
1787130946.2921464,-4.015,6.017,6.175,-0.012,0.007,0.026,-24.3,16.8,-19.95,275.0
1787130946.2921743,-4.032,6.053,6.148,-0.001,0.0,0.015,-24.3,18.3,-20.4,275.0
1787130946.7050447,-3.8,6.146,6.29,-0.076,0.079,-0.018,-24.0,17.55,-19.95,269.0
1787130947.111286,-3.891,6.285,6.177,-0.006,0.061,0.027,-26.25,16.35,-20.7,273.0
1787130947.1113112,-3.84,6.22,6.254,-0.003,0.056,0.02,-25.05,17.1,-18.9,273.0
1787130947.1113224,-3.785,6.177,6.191,-0.003,0.046,0.028,-24.15,16.95,-20.1,273.0
1787130947.521142,-3.955,5.983,6.019,-0.035,0.034,0.012,-24.75,16.8,-18.45,286.0
1787130947.521167,-3.936,5.986,6.062,-0.011,0.02,0.011,-25.65,17.4,-19.5,286.0
1787130947.5211785,-3.929,6.105,6.05,0.007,0.008,0.008,-24.9,16.95,-19.5,286.0
1787130947.9374764,-3.701,6.33,6.17,0.014,-0.027,-0.011,-24.75,16.35,-18.45,286.0
1787130947.9375024,-3.721,6.373,6.22,-0.002,-0.012,-0.011,-25.5,18.3,-18.45,286.0
1787130947.937514,-3.824,6.28,6.318,-0.02,-0.004,-0.007,-24.9,16.5,-19.05,286.0
1787130948.3391287,-4.037,6.093,6.366,-0.014,0.001,-0.028,-25.5,17.85,-19.2,268.0
1787130948.3391545,-3.85,6.11,6.268,-0.049,0.014,-0.044,-25.2,15.75,-19.5,282.0
1787130948.7455993,-3.795,6.23,6.23,-0.058,0.029,-0.029,-24.75,16.35,-18.15,266.0
1787130948.7503316,-3.785,6.146,6.223,-0.057,0.016,-0.016,-26.25,16.35,-18.45,266.0
1787130948.7503567,-3.795,6.112,6.132,-0.051,0.006,-0.009,-24.45,15.45,-18.3,266.0
1787130949.1648989,-3.869,6.096,6.223,0.003,-0.023,-0.036,-25.95,16.5,-19.05,280.0
1787130949.164987,-3.828,6.019,6.203,0.019,-0.032,-0.023,-25.05,16.35,-18.15,280.0
1787130949.1650157,-3.833,6.184,6.179,-0.054,0.045,-0.017,-26.25,15.9,-20.4,270.0
1787130949.5753787,-3.891,6.105,6.184,0.0,0.011,0.004,-24.45,15.45,-19.8,265.0
1787130949.5754025,-3.924,6.144,6.182,0.003,0.005,0.006,-25.95,15.0,-19.05,269.0
1787130949.5754137,-3.926,6.136,6.155,0.001,-0.002,0.003,-25.65,16.2,-19.5,269.0
1787130949.980482,-3.871,6.146,6.187,0.008,-0.014,-0.002,-25.65,15.45,-19.5,289.0
1787130949.9805071,-3.721,6.199,6.227,0.006,-0.008,-0.002,-25.2,16.5,-18.75,289.0
1787130949.9805183,-3.737,6.249,6.306,-0.001,0.009,0.004,-27.3,16.35,-18.45,289.0
1787130950.3910794,-3.771,6.383,6.33,-0.013,0.011,-0.019,-24.3,15.9,-17.7,283.0
1787130950.3911035,-3.711,6.318,6.235,-0.028,0.024,-0.011,-25.2,15.75,-19.05,283.0
1787130950.3911147,-3.697,6.309,6.194,-0.036,0.034,-0.007,-26.25,16.35,-18.45,273.0
1787130950.799262,-3.967,6.184,6.335,0.07,-0.073,0.005,-25.5,14.85,-18.15,272.0
1787130950.799287,-3.879,6.256,6.354,0.05,-0.055,-0.013,-25.05,15.15,-18.9,272.0
1787130950.799298,-3.895,6.278,6.373,0.024,-0.024,-0.021,-25.5,15.9,-19.2,280.0
1787130951.2063854,-3.919,6.23,6.347,-0.019,0.014,-0.01,-24.9,16.5,-18.3,278.0
1787130951.219791,-3.838,6.297,6.292,-0.037,0.038,-0.023,-23.55,15.9,-18.45,278.0
1787130951.2198162,-3.886,6.246,6.299,-0.051,0.051,-0.027,-25.8,16.8,-19.2,270.0
1787130951.6211517,-3.888,6.098,6.033,-0.021,-0.002,0.019,-24.15,16.95,-18.75,288.0
1787130952.0296707,-3.718,6.409,6.139,-0.016,0.013,0.006,-24.75,15.9,-19.2,273.0
1787130952.029697,-3.677,6.383,6.136,-0.023,0.013,0.012,-25.5,16.35,-19.2,291.0
1787130952.0297084,-3.685,6.292,6.146,-0.027,0.018,0.006,-25.65,17.4,-20.1,291.0
1787130952.4394658,-3.857,6.184,6.177,-0.061,0.055,-0.01,-24.45,16.95,-19.05,282.0
1787130952.43949,-3.788,6.11,6.129,-0.053,0.046,-0.006,-23.55,16.35,-18.45,291.0
1787130952.4395008,-3.838,6.129,6.108,-0.037,0.025,0.0,-25.65,15.0,-19.5,291.0
1787130952.64641,-3.754,6.345,6.139,-0.02,0.008,-0.013,-25.05,17.1,-18.9,286.0
1787130952.6464357,-3.871,6.132,6.076,-0.001,0.001,0.008,-24.75,16.35,-19.65,284.0
1787130952.6464477,-3.809,6.203,6.124,-0.001,-0.003,0.012,-24.0,15.6,-19.2,276.0
1787130952.8487966,-3.881,6.203,6.091,0.004,-0.01,0.01,-25.65,15.75,-19.5,276.0
1787130952.8488207,-3.764,6.294,6.139,0.002,-0.009,0.016,-25.2,17.4,-18.3,276.0
1787130952.8488324,-3.73,6.357,6.1,-0.003,-0.006,0.013,-24.15,16.5,-19.05,276.0
1787130953.055438,-3.704,6.33,6.112,-0.029,0.036,0.014,-25.8,15.9,-17.7,282.0
1787130953.0554624,-3.737,6.306,6.086,-0.03,0.044,0.021,-24.0,17.1,-19.65,282.0
1787130953.0554736,-3.917,6.292,6.144,-0.087,0.004,0.019,-24.3,17.1,-19.95,284.0
1787130953.2594874,-3.843,6.199,6.096,-0.095,0.017,-0.001,-25.5,15.15,-18.45,284.0
1787130953.259513,-3.78,6.065,6.203,-0.07,0.045,-0.004,-24.0,15.6,-19.65,284.0
1787130953.2595239,-3.871,6.065,6.172,-0.032,0.066,-0.004,-24.9,15.0,-20.1,284.0
1787130953.4643517,-3.788,6.359,6.4,-0.1,0.07,-0.017,-23.1,15.0,-17.55,277.0
1787130953.4643774,-3.768,6.472,6.488,-0.139,0.094,-0.036,-23.85,15.0,-19.05,277.0
1787130953.4643886,-3.737,6.223,6.699,-0.152,0.146,-0.057,-24.75,15.6,-18.15,277.0
1787130953.668881,-3.859,6.323,6.766,-0.178,0.149,-0.06,-24.0,14.4,-19.2,277.0
1787130953.668906,-3.998,6.416,6.867,-0.208,0.119,-0.056,-23.55,14.4,-19.2,277.0
1787130953.6689172,-4.195,6.843,6.876,-0.291,0.013,-0.078,-23.4,12.75,-19.05,261.0
1787130953.8736873,-3.563,7.353,7.487,-0.585,-0.148,0.015,-26.7,10.8,-18.75,240.0
1787130953.873712,-3.776,6.026,6.929,-1.212,0.26,0.176,-26.4,-3.45,-18.0,105.0
1787130954.0790565,-3.632,5.492,6.79,-1.28,0.346,0.205,-26.55,-8.25,-18.45,105.0
1787130954.0790794,-3.759,5.1,6.737,-1.309,0.392,0.262,-26.4,-8.1,-18.3,105.0
1787130954.0790942,-3.57,4.681,6.709,-1.29,0.374,0.35,-25.2,-12.75,-19.5,105.0
1787130954.2836797,-3.546,4.269,6.711,-1.197,0.426,0.463,-26.4,-12.3,-20.1,52.0
1787130954.2837045,-3.201,3.831,6.632,-1.178,0.49,0.561,-25.65,-16.95,-21.3,52.0
1787130954.2837157,-3.649,3.654,6.701,-1.154,0.58,0.697,-25.65,-18.45,-23.55,52.0
1787130954.489185,-7.005,2.926,3.637,-0.512,1.286,2.714,12.9,-32.4,-44.4,701.0
1787130954.4892101,-7.398,2.825,3.563,-0.415,0.699,2.828,16.2,-30.6,-44.25,701.0
1787130954.4892216,-7.477,2.945,3.733,-0.212,0.156,2.786,17.85,-26.25,-45.9,701.0
1787130954.6937437,-5.959,6.065,4.614,1.091,0.281,2.139,29.4,-14.25,-44.1,701.0
1787130954.6937687,-6.378,7.008,4.922,1.274,0.355,2.051,30.45,-11.55,-44.1,701.0
1787130954.6937804,-3.668,10.491,6.268,1.469,-0.143,0.848,35.1,11.4,-47.55,701.0
1787130954.8991125,-3.385,11.073,5.978,1.319,-0.616,0.997,37.2,14.55,-48.15,701.0
1787130954.899137,-2.825,11.03,5.389,0.888,-0.851,1.095,34.2,13.05,-47.4,701.0
1787130954.8991482,-2.042,10.479,5.001,0.479,-0.859,0.982,35.1,16.35,-48.3,701.0
1787130955.103793,-1.381,8.346,2.591,0.325,-0.363,-0.105,35.1,17.1,-45.75,198.0
1787130955.103818,-1.379,8.471,2.837,0.324,-0.569,0.014,35.4,17.4,-47.1,198.0
1787130955.1038291,-1.235,8.894,2.775,0.308,-0.714,0.106,33.9,16.5,-47.4,198.0
1787130955.309265,-1.262,9.141,2.708,0.247,-0.797,0.161,32.1,17.85,-45.75,168.0
1787130955.3092904,-1.271,9.364,2.313,0.204,-0.765,0.16,31.95,17.4,-45.6,168.0
1787130955.3093019,-1.341,9.0,2.444,0.167,-0.71,0.165,32.4,16.95,-44.1,168.0
1787130955.5141258,-1.355,9.163,2.545,0.24,-0.607,0.164,31.05,18.75,-42.0,168.0
1787130955.5141509,-1.511,9.239,2.612,0.33,-0.578,0.137,31.2,19.2,-43.65,168.0
1787130955.5141618,-1.506,9.369,2.528,0.385,-0.534,0.096,27.75,20.25,-43.2,138.0
1787130955.7187681,-1.293,9.888,2.693,-0.095,-0.381,-0.029,27.3,19.8,-38.7,145.0
1787130955.7187932,-1.14,9.438,2.641,-0.102,-0.396,-0.016,25.65,20.4,-39.0,145.0
1787130955.7188048,-0.97,9.428,2.421,-0.12,-0.353,0.015,25.65,20.4,-38.55,145.0
1787130955.92344,0.273,7.954,2.459,-0.104,0.168,0.157,24.9,20.1,-36.0,133.0
1787130955.9234638,-0.373,8.236,2.401,-0.123,0.332,0.217,24.9,19.2,-37.05,133.0
1787130955.923476,-1.147,9.163,2.856,0.2,0.492,-0.27,25.5,19.5,-39.15,144.0
1787130956.1285286,-1.109,9.254,3.045,0.266,0.369,-0.229,25.95,19.65,-37.05,144.0
1787130956.1285534,-1.037,9.414,3.084,0.277,0.206,-0.156,25.2,19.2,-39.3,144.0
1787130956.128565,-0.91,9.313,3.017,0.217,0.089,-0.071,27.15,18.45,-38.25,174.0
1787130956.3336282,-1.274,9.026,2.418,0.039,0.261,0.188,28.5,19.05,-38.4,169.0
1787130956.3336525,-1.326,9.213,2.385,0.03,0.208,0.185,28.05,21.45,-41.25,169.0
1787130956.3336637,-1.745,9.28,2.365,0.031,0.13,0.173,27.9,20.85,-39.3,169.0
1787130956.5391648,-1.228,9.256,2.713,-0.221,0.062,-0.154,28.8,21.0,-41.25,161.0
1787130956.5391903,-1.164,9.208,2.576,-0.229,0.079,-0.134,29.55,19.05,-40.2,161.0
1787130956.5392015,-1.049,9.069,2.507,-0.227,0.109,-0.115,27.9,20.4,-39.6,177.0
1787130956.7436452,-1.245,8.961,2.808,-0.015,0.103,-0.039,27.0,19.05,-39.15,222.0
1787130956.7436724,-1.279,8.993,2.83,-0.028,0.069,-0.016,29.25,18.3,-39.15,222.0
1787130956.7436845,-1.413,8.95,2.832,-0.04,0.029,-0.006,28.05,17.85,-39.15,182.0
1787130956.9483767,-1.384,8.923,2.772,-0.043,-0.006,0.004,28.8,18.3,-41.7,182.0
1787130956.9484015,-1.245,8.787,2.782,-0.043,-0.021,0.011,27.75,18.3,-39.9,182.0
1787130956.9484134,-1.252,8.866,2.804,-0.032,-0.007,0.012,28.5,19.05,-40.2,182.0
1787130957.1542025,-1.274,9.036,2.794,-0.015,-0.009,0.015,27.75,18.75,-39.15,177.0
1787130957.154223,-1.257,9.103,2.485,-0.038,0.06,0.012,28.95,18.9,-39.3,195.0
1787130957.154229,-1.29,9.096,2.421,-0.032,0.08,-0.004,28.5,17.55,-39.15,195.0
1787130957.358615,-1.176,8.966,2.404,-0.044,0.075,-0.045,29.25,19.8,-42.0,165.0
1787130957.35864,-1.192,8.969,2.337,-0.032,0.086,-0.052,27.3,19.05,-41.25,165.0
1787130957.3586512,-1.535,8.777,2.705,0.057,0.02,-0.058,29.25,18.75,-41.7,190.0
1787130957.5634224,-1.477,9.28,2.574,-0.015,-0.093,0.188,27.0,17.85,-39.45,165.0
1787130957.5634475,-1.446,9.256,2.413,-0.046,-0.094,0.161,28.95,19.2,-39.6,165.0
1787130957.563459,-1.477,9.12,2.413,-0.018,-0.059,0.088,27.45,18.9,-40.35,197.0
1787130957.7685544,-1.034,9.194,2.883,-0.022,-0.004,-0.065,27.9,20.1,-40.35,216.0
1787130957.7685795,-0.919,9.179,2.921,-0.043,0.02,-0.065,28.8,20.25,-40.65,216.0
1787130957.7685914,-0.819,9.222,2.89,-0.049,0.065,-0.046,28.05,20.25,-39.9,216.0
1787130957.9739668,-1.305,8.782,2.274,0.081,-0.067,0.152,28.8,18.3,-39.9,205.0
1787130957.9739919,-1.264,9.0,2.294,0.144,-0.2,0.185,28.65,20.1,-40.8,205.0
1787130957.9740033,-1.267,9.158,2.519,0.149,-0.272,0.188,28.2,20.1,-39.6,205.0
1787130958.1763756,-0.934,9.206,2.693,0.012,0.096,-0.068,27.0,20.25,-39.15,198.0
1787130958.383327,-0.891,9.131,2.471,0.009,-0.053,-0.016,28.05,19.5,-39.9,232.0
1787130958.3833518,-0.867,9.122,2.519,-0.001,-0.052,-0.006,28.2,21.15,-40.05,232.0
1787130958.383363,-0.797,9.124,2.567,-0.006,-0.049,-0.003,27.0,20.55,-39.15,232.0
1787130958.5911345,-0.996,9.12,2.322,-0.027,-0.018,-0.018,25.65,19.65,-39.3,225.0
1787130958.5911698,-0.989,9.033,2.365,-0.012,0.0,-0.003,28.05,19.8,-39.15,225.0
1787130958.5911767,-0.864,9.0,2.428,0.006,0.005,-0.014,26.7,20.4,-39.3,225.0
1787130958.7992625,-0.905,9.084,2.485,-0.049,0.018,-0.012,27.75,21.45,-39.15,224.0
1787130958.799287,-0.907,9.045,2.459,-0.053,0.025,-0.015,27.9,21.15,-38.55,224.0
1787130958.7992983,-0.974,9.072,2.387,-0.052,0.02,-0.016,26.7,19.2,-40.05,224.0
1787130958.9991937,-0.85,9.105,2.476,0.01,-0.016,0.004,27.45,20.4,-38.55,258.0
1787130958.999219,-0.917,9.103,2.567,0.002,-0.011,0.003,28.05,21.0,-38.7,230.0
1787130958.9992301,-0.855,9.079,2.516,-0.01,-0.009,0.007,27.45,20.85,-39.0,230.0
1787130959.2037723,-0.965,9.093,2.368,-0.011,-0.009,0.002,25.8,21.0,-38.7,235.0
1787130959.203798,-0.939,9.074,2.442,-0.007,-0.006,-0.007,26.55,20.55,-37.65,217.0
1787130959.203809,-0.936,9.072,2.471,-0.005,-0.002,-0.003,26.4,19.2,-39.0,217.0
1787130959.4083397,-0.879,9.031,2.459,-0.015,0.032,0.001,27.0,20.25,-39.45,276.0
1787130959.4083638,-0.915,9.081,2.43,-0.01,0.018,0.002,26.4,21.6,-39.0,276.0
1787130959.4083748,-0.929,9.086,2.483,-0.008,0.006,0.002,27.45,21.9,-38.25,219.0
1787130959.6137514,-0.974,9.16,2.466,-0.005,0.012,0.001,27.15,20.85,-38.55,245.0
1787130959.6137779,-0.915,9.088,2.44,-0.009,0.01,0.001,27.15,19.2,-38.25,245.0
1787130959.6137898,-0.955,9.084,2.512,-0.007,-0.007,-0.015,26.7,21.6,-38.25,253.0
1787130959.8162844,-0.874,9.122,2.413,-0.019,0.002,0.003,27.15,21.6,-39.0,277.0
1787130960.0233145,-0.907,9.167,2.43,-0.003,0.001,-0.001,28.95,21.9,-39.3,328.0
1787130960.0233386,-0.91,9.103,2.449,-0.006,0.005,0.003,27.15,21.15,-39.3,328.0
1787130960.0233498,-0.888,9.103,2.444,-0.009,-0.003,-0.001,25.95,20.1,-39.6,328.0
1787130960.2286744,-0.852,9.127,2.399,-0.019,0.005,0.004,27.75,22.2,-37.95,251.0
1787130960.2286994,-0.898,9.136,2.404,-0.017,-0.001,-0.001,26.55,22.2,-39.15,251.0
1787130960.228711,-0.857,9.167,2.351,-0.01,0.006,-0.011,27.75,21.0,-39.45,251.0
1787130960.4330425,-0.886,9.086,2.404,-0.012,0.002,0.007,25.65,20.85,-40.05,273.0
1787130960.4330676,-0.848,9.096,2.394,-0.003,0.006,0.007,26.4,21.6,-37.8,273.0
1787130960.4330783,-0.864,9.136,2.373,-0.008,0.004,0.002,25.95,21.9,-39.0,273.0
1787130960.6387515,-0.848,9.108,2.461,-0.015,0.01,-0.003,27.15,21.9,-38.55,274.0
1787130960.6387763,-0.831,9.141,2.421,-0.015,0.004,0.001,28.05,21.45,-39.15,274.0
1787130960.6387877,-0.912,9.143,2.425,-0.006,0.007,-0.008,26.7,20.4,-37.8,274.0
1787130960.8491037,-0.802,9.062,2.449,-0.016,0.019,-0.011,25.65,20.85,-39.0,240.0
1787130960.8491287,-0.812,9.086,2.466,-0.024,0.034,-0.011,27.0,19.8,-37.95,240.0
1787130960.8491397,-0.85,9.06,2.411,-0.026,0.025,-0.004,26.25,21.45,-39.15,240.0
1787130961.0487573,-0.931,9.177,2.373,-0.003,0.011,-0.004,27.15,21.6,-40.05,293.0
1787130961.0487823,-1.01,9.105,2.416,0.0,-0.001,0.006,27.75,19.8,-38.7,277.0
1787130961.048794,-0.91,9.143,2.425,0.006,-0.02,0.015,27.0,21.45,-38.7,277.0
1787130961.2497318,-0.733,9.148,2.538,-0.144,-0.041,-0.098,25.2,21.9,-37.8,324.0
1787130961.2539499,-0.773,9.103,2.454,-0.138,-0.018,-0.098,27.9,19.65,-37.05,268.0
1787130961.2541249,-0.733,8.988,2.406,-0.132,-0.017,-0.101,25.5,20.25,-37.65,268.0
1787130961.4578183,-0.864,8.914,2.258,0.089,-0.056,0.04,24.75,21.45,-36.9,264.0
1787130961.6636798,-0.912,9.239,2.516,-0.007,-0.009,-0.016,26.55,22.2,-37.2,327.0
1787130961.6637053,-0.819,9.254,2.389,-0.029,0.003,-0.019,23.55,21.0,-37.95,327.0
1787130961.6637168,-0.852,9.163,2.43,-0.035,0.014,-0.024,23.25,22.95,-36.6,327.0
1787130961.8681278,-0.783,9.115,2.397,-0.051,0.019,-0.02,25.2,20.85,-37.05,319.0
1787130961.868153,-0.761,9.074,2.303,-0.048,0.012,-0.018,23.55,21.0,-35.85,319.0
1787130961.868164,-0.781,9.088,2.277,-0.043,0.012,-0.01,25.05,20.25,-37.2,319.0
1787130962.0731747,-0.831,9.108,2.354,-0.007,0.017,-0.004,24.75,20.25,-37.65,320.0
1787130962.0731995,-0.91,9.105,2.399,-0.004,0.01,-0.003,24.3,21.75,-36.6,320.0
1787130962.073211,-0.857,9.129,2.406,-0.013,0.016,-0.001,24.45,20.85,-37.05,320.0
1787130962.2786467,-0.821,9.084,2.291,-0.026,0.018,-0.009,25.2,20.4,-37.5,342.0
1787130962.2787368,-0.85,9.019,2.294,-0.015,0.023,-0.005,24.75,21.75,-37.2,342.0
1787130962.2787492,-0.886,9.069,2.284,-0.007,0.021,-0.002,25.05,21.0,-37.65,342.0
1787130962.4836528,-0.874,9.098,2.318,0.026,0.02,0.015,25.95,21.9,-37.5,308.0
1787130962.4836776,-0.869,9.206,2.361,0.032,0.009,0.02,25.05,21.75,-35.1,308.0
1787130962.4836893,-0.927,9.148,2.354,0.026,-0.011,0.037,26.55,20.55,-37.2,308.0
1787130962.6885045,-0.917,9.17,2.368,0.012,-0.031,0.008,26.55,21.75,-36.9,311.0
1787130962.6885302,-0.852,9.208,2.356,0.007,-0.034,0.003,25.65,21.9,-36.75,311.0
1787130962.6885417,-0.816,9.222,2.37,-0.002,-0.023,-0.006,24.75,22.5,-37.2,311.0
1787130962.8929203,-0.764,9.055,2.21,-0.028,0.034,-0.014,24.75,21.45,-37.2,349.0
1787130962.8929443,-0.816,9.069,2.215,-0.018,0.023,-0.015,25.5,21.0,-37.2,349.0
1787130962.892955,-0.718,9.112,2.239,-0.021,0.014,-0.012,25.8,20.55,-37.2,349.0
1787130963.0974648,-0.848,9.175,2.284,-0.001,0.011,0.002,23.85,21.6,-36.0,337.0
1787130963.09749,-0.881,9.122,2.279,-0.015,0.02,-0.012,24.45,21.6,-37.5,337.0
1787130963.3090198,-0.792,9.179,2.246,-0.006,0.001,0.004,25.5,21.45,-37.65,325.0
1787130963.3090441,-0.745,9.321,2.339,-0.012,-0.008,0.01,26.25,21.75,-37.2,339.0
1787130963.3090556,-0.73,9.131,2.298,0.003,0.001,0.028,25.2,21.9,-37.5,339.0
1787130963.5080054,-0.785,9.187,2.246,-0.038,0.052,-0.021,24.0,21.0,-37.65,351.0
1787130963.5080318,-0.843,9.124,2.306,-0.029,0.044,-0.011,24.45,22.35,-37.5,332.0
1787130963.5080433,-0.79,9.103,2.253,-0.024,0.021,-0.011,24.45,21.15,-37.05,332.0
1787130963.7129042,-0.8,9.23,2.239,0.002,-0.013,-0.011,24.9,20.1,-36.75,324.0
1787130963.7129328,-0.766,9.256,2.282,-0.003,-0.001,-0.021,24.15,21.9,-36.75,370.0
1787130963.712945,-0.69,9.21,2.296,-0.008,0.023,-0.027,24.3,20.55,-37.2,370.0
1787130963.9177487,-0.723,9.05,2.322,-0.022,0.048,-0.014,25.5,21.45,-36.9,370.0
1787130963.9177725,-0.776,9.12,2.227,-0.026,0.038,0.004,24.45,21.15,-36.75,370.0
1787130963.9177837,-0.824,9.05,2.236,-0.029,0.011,0.019,25.05,21.75,-34.65,353.0
1787130964.1230698,-0.792,9.091,2.164,-0.019,-0.016,0.039,24.15,22.35,-37.05,353.0
1787130964.1230958,-0.812,9.093,2.184,-0.014,-0.034,0.044,24.75,20.55,-37.2,353.0
1787130964.123107,-0.814,9.108,2.16,-0.002,-0.037,0.045,24.45,21.9,-36.0,353.0
1787130964.3277757,-0.615,9.316,2.375,-0.012,0.085,-0.032,24.9,23.1,-37.8,366.0
1787130964.327803,-0.63,9.28,2.363,-0.03,0.105,-0.033,25.65,22.8,-36.75,366.0
1787130964.327814,-0.68,9.263,2.303,-0.052,0.129,-0.023,24.3,23.25,-38.4,366.0
1787130964.532718,-0.821,9.141,2.176,-0.059,0.154,-0.025,25.95,20.85,-38.55,355.0
1787130964.5327427,-0.855,9.064,2.081,-0.054,0.15,-0.025,25.05,21.0,-37.2,355.0
1787130964.5327542,-0.895,9.088,2.037,-0.039,0.151,-0.026,26.7,21.6,-38.25,355.0
1787130964.7362425,-0.984,9.201,2.121,0.053,-0.043,0.018,25.05,22.5,-37.95,348.0
1787130964.9427946,-0.651,9.194,2.186,-0.126,0.08,-0.055,25.05,22.2,-37.65,335.0
1787130964.94282,-0.591,9.143,2.188,-0.128,0.092,-0.044,25.8,20.55,-37.95,335.0
1787130964.942831,-0.67,9.057,2.064,-0.109,0.088,-0.025,26.4,21.6,-36.75,335.0
1787130965.1483297,-0.891,9.218,2.179,0.015,-0.018,0.019,25.2,22.35,-38.25,329.0
1787130965.1483552,-0.898,9.304,2.267,0.006,-0.009,0.004,25.2,21.6,-37.5,329.0
1787130965.1483667,-0.883,9.246,2.313,-0.012,0.011,-0.009,25.5,21.75,-36.6,329.0
1787130965.3530777,-0.912,9.072,2.033,-0.052,0.04,-0.034,25.2,20.85,-37.8,328.0
1787130965.3531032,-0.929,9.115,2.057,-0.041,0.038,-0.03,26.55,21.75,-38.4,328.0
1787130965.3531141,-0.924,9.146,2.054,-0.035,0.026,-0.028,24.75,19.5,-37.95,328.0
1787130965.557667,-0.891,9.153,2.263,-0.029,0.065,0.003,25.05,21.45,-38.4,309.0
1787130965.5576916,-0.898,9.254,2.184,-0.03,0.042,0.014,25.5,23.25,-36.6,309.0
1787130965.557703,-0.905,9.187,2.236,-0.039,0.029,0.015,25.8,22.2,-37.95,309.0
1787130965.76327,-0.972,9.069,2.191,-0.021,0.016,0.015,27.0,20.55,-38.7,312.0
1787130965.7632952,-0.986,9.122,2.176,-0.013,0.007,0.018,26.25,20.55,-36.9,312.0
1787130965.7633064,-0.967,9.096,2.227,-0.014,-0.006,0.02,26.25,20.55,-38.7,312.0
1787130965.9692404,-0.936,9.093,2.255,-0.037,0.031,-0.019,27.3,22.2,-38.7,304.0
1787130965.9692638,-0.931,9.086,2.203,-0.04,0.035,-0.015,25.8,20.55,-38.4,304.0
1787130965.9692755,-0.915,9.041,2.215,-0.028,0.027,-0.013,26.25,20.55,-37.65,301.0
1787130966.1727915,-0.814,9.134,2.298,-0.018,-0.011,-0.009,26.4,22.8,-37.8,290.0
1787130966.1728172,-0.8,9.141,2.361,-0.021,0.034,-0.022,26.7,21.6,-37.5,290.0
1787130966.1728287,-0.907,9.153,2.344,-0.025,0.039,-0.02,26.25,21.0,-37.95,305.0
1787130966.3760438,-0.919,8.988,2.047,0.001,-0.032,0.022,25.05,21.45,-38.7,263.0
1787130966.5827262,-0.742,9.299,2.174,-0.037,-0.048,0.011,25.8,24.15,-37.95,298.0
1787130966.5827498,-0.637,9.27,2.126,-0.044,-0.045,0.027,25.5,21.45,-38.4,298.0
1787130966.5827615,-0.687,9.29,2.143,-0.04,-0.022,0.026,25.2,21.15,-38.55,298.0
1787130966.7874653,-0.675,8.981,2.124,0.021,0.091,0.003,25.5,21.45,-36.9,262.0
1787130966.7874935,-0.666,9.06,2.054,0.038,0.048,0.024,26.25,21.75,-37.2,262.0
1787130966.7875054,-0.757,9.117,2.09,0.055,0.01,0.045,24.9,21.9,-35.55,262.0
1787130966.9941912,-0.766,9.357,2.121,0.027,0.013,0.026,24.3,21.0,-37.65,328.0
1787130966.9942164,-0.771,9.335,2.157,0.018,0.027,0.012,24.0,23.7,-37.95,328.0
1787130966.9942236,-0.704,9.395,2.112,-0.002,0.045,-0.009,24.9,25.05,-37.05,328.0
1787130967.19796,-0.713,9.254,2.109,-0.056,0.079,-0.044,25.2,22.35,-37.05,292.0
1787130967.1979876,-0.737,9.21,2.09,-0.058,0.086,-0.046,25.2,21.9,-38.25,292.0
1787130967.1979988,-0.754,9.242,2.09,-0.063,0.078,-0.034,24.45,22.35,-38.25,292.0
1787130967.4040833,-0.69,9.148,2.066,-0.146,0.164,-0.019,25.8,22.95,-37.95,282.0
1787130967.404108,-0.797,9.088,2.107,-0.136,0.166,-0.01,25.8,21.45,-37.65,282.0
1787130967.6074164,-0.891,8.871,2.047,-0.029,0.07,0.027,27.0,21.0,-39.45,298.0
1787130967.607441,-1.049,8.892,2.088,-0.006,0.03,0.047,25.2,20.1,-39.6,292.0
1787130967.607452,-1.104,8.981,2.16,0.013,-0.009,0.066,25.65,20.4,-39.0,292.0
1787130967.813801,-0.802,9.28,2.435,-0.055,0.062,-0.064,25.05,21.45,-39.9,298.0
1787130967.8138251,-0.816,9.203,2.411,-0.072,0.059,-0.06,28.05,20.55,-38.4,298.0
1787130967.8138363,-0.764,9.136,2.356,-0.085,0.05,-0.051,26.55,21.0,-40.95,298.0
1787130968.0154228,-0.771,9.098,2.239,-0.004,-0.01,0.012,26.55,21.45,-37.95,330.0
1787130968.2221167,-0.857,9.112,2.239,-0.004,-0.017,0.016,26.7,22.35,-39.6,283.0
1787130968.2221751,-0.919,9.151,2.207,0.006,-0.017,0.013,26.55,21.45,-37.95,283.0
1787130968.4278169,-0.752,9.019,2.167,-0.036,0.023,0.005,28.65,20.4,-39.3,272.0
1787130968.427843,-0.785,9.091,2.169,-0.019,0.013,0.011,27.75,21.0,-39.9,272.0
1787130968.4278622,-0.814,9.076,2.212,-0.01,0.01,0.009,26.4,21.6,-39.0,278.0
1787130968.6323607,-0.843,9.158,2.373,-0.003,0.0,0.012,26.55,22.5,-39.15,276.0
1787130968.6323862,-0.876,9.258,2.416,-0.011,0.005,0.012,28.05,21.75,-39.15,276.0
1787130968.6323977,-0.874,9.273,2.342,-0.019,0.005,-0.001,26.55,21.0,-38.4,276.0
1787130968.8375726,-0.855,9.122,2.248,-0.023,0.021,-0.011,27.45,21.15,-38.25,341.0
1787130968.8375971,-0.816,9.196,2.243,-0.011,0.01,-0.011,27.9,20.85,-40.35,341.0
1787130968.8376083,-0.812,9.23,2.33,-0.02,0.013,-0.008,27.0,23.25,-39.15,291.0
1787130969.0424054,-0.8,9.045,2.337,-0.065,0.093,-0.012,26.7,22.8,-38.55,267.0
1787130969.0424306,-0.778,9.007,2.274,-0.048,0.095,-0.003,27.75,19.8,-38.7,267.0
1787130969.0424418,-0.848,9.041,2.243,-0.029,0.081,0.014,26.7,21.6,-39.6,267.0
1787130969.2478216,-0.991,9.029,2.107,0.027,-0.015,0.038,26.4,20.85,-39.6,293.0
1787130969.2478468,-0.934,9.038,2.102,0.063,-0.025,0.042,27.75,21.75,-37.95,293.0
1787130969.2478716,-1.149,9.074,2.203,0.07,-0.049,0.03,27.9,21.6,-39.0,260.0
1787130969.452811,-0.697,9.249,2.284,-0.009,-0.025,-0.002,24.9,22.8,-38.55,282.0
1787130969.4528396,-0.678,9.22,2.272,-0.014,-0.025,0.003,26.4,21.15,-39.0,282.0
1787130969.4528732,-0.702,9.206,2.248,-0.016,-0.025,0.009,27.0,21.45,-38.4,282.0
1787130969.65736,-0.663,9.105,2.121,0.013,-0.016,0.063,25.8,22.95,-38.4,293.0
1787130969.8622615,-0.797,9.227,2.282,0.032,-0.064,0.071,25.05,22.95,-38.4,265.0
1787130969.8623488,-0.85,9.266,2.313,0.018,-0.055,0.04,25.8,22.95,-39.15,265.0
1787130969.8623614,-0.663,9.275,2.227,-0.005,-0.018,0.016,24.9,23.1,-37.8,265.0
1787130970.0672512,-0.546,9.175,2.181,-0.023,0.031,-0.017,26.55,22.5,-40.2,245.0
1787130970.0672762,-0.608,9.129,2.186,-0.023,0.028,-0.011,27.15,23.1,-39.0,264.0
1787130970.0672872,-0.618,9.105,2.16,-0.026,0.018,-0.01,24.9,22.35,-39.3,264.0
1787130970.2734375,-0.67,9.23,2.215,-0.007,0.029,-0.008,27.15,23.1,-38.25,296.0
1787130970.2734628,-0.771,9.208,2.174,-0.01,0.03,-0.006,26.55,22.5,-37.95,297.0
1787130970.2734745,-0.73,9.287,2.267,-0.018,0.022,-0.009,25.65,22.35,-37.8,297.0
1787130970.478127,-0.673,9.201,2.248,-0.028,0.026,-0.021,26.7,22.35,-39.0,297.0
1787130970.4781525,-0.73,9.234,2.205,-0.036,0.04,-0.026,25.65,23.55,-39.0,297.0
1787130970.6826093,-0.747,9.189,2.294,-0.089,0.149,-0.069,27.45,22.8,-38.55,286.0
1787130970.6826346,-0.809,9.115,2.222,-0.096,0.167,-0.076,27.15,22.35,-39.3,270.0
1787130970.6826458,-0.745,9.055,2.169,-0.088,0.163,-0.066,25.95,21.6,-40.05,270.0
1787130970.8891375,-1.223,8.837,1.779,0.111,-0.184,0.032,27.15,22.35,-39.6,278.0
1787130970.8891609,-0.917,8.938,1.935,0.155,-0.182,0.016,28.95,21.6,-38.55,278.0
1787130970.8891723,-0.927,9.002,2.119,0.152,-0.148,0.012,27.0,21.45,-40.2,278.0
1787130971.0922792,-0.706,9.342,2.248,-0.069,0.054,-0.054,27.0,22.2,-37.2,326.0
1787130971.0923054,-0.745,9.335,2.172,-0.08,0.057,-0.06,27.3,22.2,-38.4,326.0
1787130971.0923164,-0.735,9.251,2.126,-0.079,0.054,-0.052,26.4,21.9,-39.0,326.0
1787130971.2950857,-0.74,9.167,2.148,-0.004,0.021,0.03,25.65,24.3,-39.3,276.0
1787130971.5027544,-0.852,9.201,2.184,-0.005,-0.004,-0.001,27.9,22.35,-37.8,333.0
1787130971.5027802,-0.824,9.203,2.174,-0.008,-0.002,-0.007,27.3,22.95,-38.7,333.0
1787130971.5027916,-0.8,9.218,2.112,-0.016,0.003,-0.008,27.3,21.45,-39.9,333.0
1787130971.707146,-0.826,9.179,2.107,0.011,-0.022,0.024,26.55,21.75,-39.45,313.0
1787130971.7071729,-0.857,9.172,2.119,0.019,-0.013,0.026,27.15,21.9,-40.05,313.0
1787130971.7071855,-0.804,9.191,2.116,0.014,-0.015,0.019,26.7,21.9,-39.3,313.0
1787130971.9120526,-0.725,9.206,2.102,-0.003,0.008,-0.001,26.25,22.95,-39.15,302.0
1787130971.9120777,-0.759,9.196,2.114,-0.004,0.008,0.0,26.7,21.9,-40.05,302.0
1787130971.9120898,-0.802,9.182,2.136,-0.002,-0.005,0.003,26.25,22.95,-39.45,302.0
1787130972.1170743,-0.637,9.215,2.083,-0.008,0.002,-0.009,26.7,21.9,-37.5,299.0
1787130972.1170993,-0.747,9.225,2.131,-0.013,0.027,-0.009,26.7,21.9,-37.5,299.0
1787130972.11711,-0.771,9.246,2.131,-0.008,0.02,-0.014,26.7,21.9,-39.0,299.0
1787130972.3219185,-0.67,9.146,2.076,-0.027,0.047,-0.015,25.8,21.75,-39.45,302.0
1787130972.3219435,-0.718,9.129,2.057,-0.027,0.026,-0.004,26.55,22.5,-39.15,302.0
1787130972.3219547,-0.733,9.139,2.009,-0.014,0.015,0.004,25.5,22.2,-38.7,302.0
1787130972.5274527,-0.828,9.158,2.025,0.016,-0.027,0.015,25.65,23.85,-37.8,320.0
1787130972.5274782,-0.836,9.167,2.018,0.021,-0.027,0.011,27.15,21.9,-39.0,311.0
1787130972.52749,-0.807,9.249,2.047,0.022,-0.028,0.009,27.3,23.7,-38.7,311.0
1787130972.731901,-0.759,9.249,2.107,0.016,-0.028,0.004,25.65,22.8,-39.3,311.0
1787130972.7319252,-0.79,9.268,2.1,0.002,-0.023,-0.003,27.3,23.25,-37.95,311.0
1787130972.7319367,-0.783,9.232,2.145,-0.001,-0.018,-0.011,24.9,23.55,-38.55,311.0
1787130972.9361987,-0.833,9.29,2.076,0.009,-0.007,0.008,25.8,24.15,-39.15,298.0
1787130973.1421287,-0.73,9.177,1.973,-0.002,0.012,-0.001,27.15,21.9,-40.05,283.0
1787130973.142154,-0.649,9.172,1.954,-0.007,-0.003,0.004,25.95,21.9,-39.0,283.0
1787130973.1421652,-0.666,9.127,1.956,0.001,-0.006,0.016,25.65,23.55,-39.6,283.0
1787130973.346914,-0.862,9.21,2.047,-0.006,0.001,0.001,25.95,22.35,-38.55,343.0
1787130973.3469393,-0.797,9.256,2.081,-0.009,-0.008,-0.007,27.0,22.95,-37.95,343.0
1787130973.3469508,-0.754,9.232,2.071,-0.018,0.001,-0.012,27.15,24.3,-38.55,343.0
1787130973.5521324,-0.625,9.143,1.963,-0.034,0.041,-0.011,25.8,22.5,-39.45,335.0
1787130973.5521579,-0.678,9.17,1.963,-0.02,0.022,-0.001,26.25,22.95,-38.7,335.0
1787130973.5521696,-0.771,9.146,1.932,-0.004,0.009,0.011,26.25,23.25,-39.15,335.0
1787130973.756886,-0.742,9.246,2.145,-0.001,-0.012,-0.01,25.65,24.3,-38.25,284.0
1787130973.7569125,-0.723,9.28,2.143,-0.005,0.013,-0.024,25.8,22.5,-38.7,284.0
1787130973.7569242,-0.737,9.311,2.124,-0.022,0.021,-0.03,25.95,21.9,-40.05,284.0
1787130973.963924,-0.567,9.165,1.961,-0.026,0.035,-0.027,25.95,22.35,-38.55,339.0
1787130973.9639485,-0.649,9.143,1.954,-0.017,0.037,-0.014,25.2,23.1,-39.0,339.0
1787130973.9639604,-0.658,9.148,1.992,0.0,0.024,0.005,25.65,23.1,-39.0,339.0
1787130974.1667497,-0.814,9.397,2.071,-0.004,0.005,0.018,27.75,23.7,-39.15,350.0
1787130974.1667755,-0.781,9.321,2.028,-0.018,0.015,-0.005,25.95,23.1,-39.0,350.0
1787130974.166787,-0.74,9.337,2.057,-0.025,0.032,-0.018,26.25,24.15,-38.4,350.0
1787130974.3718052,-0.723,9.136,1.956,-0.009,0.0,0.011,26.7,21.6,-37.05,332.0
1787130974.3718295,-0.812,9.167,1.918,-0.003,-0.016,0.016,27.3,23.25,-38.4,332.0
1787130974.3718407,-0.843,9.194,1.944,-0.002,-0.034,0.023,25.05,23.25,-39.45,332.0
1787130974.5733418,-0.704,9.261,2.037,-0.009,-0.007,0.009,26.55,22.2,-39.15,324.0
1787130974.7817628,-0.63,9.206,1.882,0.001,0.005,0.023,25.5,23.7,-38.7,304.0
1787130974.7817898,-0.778,9.246,1.879,-0.006,-0.004,0.018,26.25,22.5,-37.2,304.0
1787130974.7818017,-0.769,9.175,1.927,0.011,-0.02,0.027,25.5,23.25,-39.15,291.0
1787130974.9943247,-0.694,9.263,1.985,-0.003,-0.005,0.002,26.55,25.65,-37.95,307.0
1787130974.9943483,-0.651,9.218,1.994,-0.005,0.007,-0.005,24.3,22.95,-40.2,307.0
1787130974.9943595,-0.718,9.256,1.997,-0.001,0.014,-0.005,25.65,23.85,-39.3,323.0
1787130975.1919637,-0.666,9.242,1.932,0.002,-0.009,0.009,25.95,23.55,-37.8,310.0
1787130975.1921315,-0.685,9.309,1.915,-0.002,-0.004,0.011,25.2,22.35,-39.3,310.0
1787130975.192145,-0.589,9.273,1.884,-0.012,0.006,0.0,26.25,23.7,-38.7,304.0
1787130975.397096,-0.675,9.263,1.973,-0.02,0.005,0.007,26.25,24.45,-0.3,303.0
1787130975.397121,-0.666,9.304,1.901,-0.026,0.01,0.004,26.25,23.7,-39.45,303.0
1787130975.3971326,-0.675,9.278,1.891,-0.028,0.018,-0.003,25.65,23.55,-39.3,287.0
1787130975.601716,-0.663,9.263,1.93,-0.001,-0.023,0.015,26.4,23.1,-37.5,300.0
1787130975.6017423,-0.721,9.213,1.899,-0.001,-0.015,0.007,27.45,23.85,-39.0,300.0
1787130975.601754,-0.682,9.194,1.851,0.001,-0.017,0.004,26.4,22.35,-39.3,281.0
1787130975.8071518,-0.601,9.282,1.992,-0.019,0.017,-0.015,24.3,23.7,-37.2,319.0
1787130975.8071783,-0.601,9.21,1.942,-0.022,0.014,-0.009,25.8,22.2,-38.4,319.0
1787130975.8071895,-0.687,9.213,1.863,-0.022,0.002,0.002,25.65,24.3,-39.3,319.0
1787130976.0116682,-0.575,9.301,1.99,-0.018,0.02,-0.015,26.4,23.55,-37.8,296.0
1787130976.0116942,-0.579,9.261,2.028,-0.028,0.04,-0.019,24.75,24.45,-38.4,296.0
1787130976.0117054,-0.579,9.313,2.018,-0.039,0.041,-0.012,25.05,22.95,-38.7,296.0
1787130976.2160304,-0.632,9.196,1.803,-0.009,0.007,0.003,26.4,23.85,-37.8,313.0
1787130976.2160537,-0.589,9.139,1.894,-0.011,-0.002,0.011,25.8,24.45,-37.2,313.0
1787130976.4221694,-0.661,9.151,1.784,0.0,-0.038,0.022,25.8,23.25,-39.15,291.0
1787130976.4222023,-0.694,9.16,1.774,0.014,-0.073,0.035,26.25,25.2,-38.4,291.0
1787130976.4222088,-0.606,9.143,1.791,0.03,-0.077,0.045,25.2,23.85,-37.8,291.0
1787130976.6269164,-0.488,9.397,1.97,-0.002,0.014,-0.021,24.45,23.85,-37.8,319.0
1787130976.6269426,-0.498,9.359,1.903,-0.016,-0.01,-0.009,24.45,23.1,-37.5,319.0
1787130976.626954,-0.479,9.359,1.877,-0.014,-0.031,0.019,25.5,24.9,-38.4,319.0
1787130976.8315246,-0.445,9.369,1.741,0.042,-0.028,0.028,23.25,25.2,-36.9,316.0
1787130976.8315494,-0.46,9.409,1.757,0.039,-0.043,0.04,24.45,25.8,-39.0,316.0
1787130976.8315601,-0.457,9.4,1.834,0.038,-0.063,0.042,23.25,24.15,-37.95,316.0
1787130977.0365746,-0.493,9.347,1.657,-0.026,0.013,0.037,24.0,25.65,-37.65,319.0
1787130977.0366,-0.445,9.251,1.721,-0.006,0.01,0.016,22.5,24.9,-37.2,319.0
1787130977.2417939,-0.345,9.342,1.877,-0.075,0.087,-0.073,24.3,24.9,-38.7,300.0
1787130977.2418194,-0.421,9.306,1.86,-0.085,0.103,-0.072,24.45,26.25,-37.8,323.0
1787130977.241909,-0.453,9.313,1.774,-0.09,0.11,-0.063,24.9,25.5,-37.5,323.0
1787130977.4465349,-0.503,9.184,1.731,-0.023,0.016,-0.014,24.45,25.05,-37.8,299.0
1787130977.4465594,-0.457,9.258,1.781,-0.015,0.018,-0.016,24.0,23.7,-37.95,299.0
1787130977.446571,-0.429,9.208,1.817,-0.016,0.029,-0.013,24.45,25.05,-36.75,289.0
1787130977.6515822,-0.622,9.266,1.788,-0.036,0.065,-0.019,24.75,23.7,-37.95,308.0
1787130977.651607,-0.558,9.258,1.707,-0.041,0.052,-0.015,25.2,23.55,-38.25,308.0
1787130977.6516182,-0.651,9.261,1.717,-0.028,0.039,0.001,25.5,24.15,-37.95,301.0
1787130977.8561978,-0.512,9.333,1.987,-0.026,0.032,0.004,25.05,24.9,-37.95,301.0
1787130978.0622587,-0.678,9.242,1.853,-0.007,-0.03,-0.002,24.3,23.7,-39.15,305.0
1787130978.0622833,-0.589,9.237,1.87,-0.003,-0.023,-0.005,25.8,23.25,-37.95,305.0
1787130978.0622947,-0.584,9.246,1.784,-0.006,0.005,-0.019,25.5,24.9,-37.65,305.0
1787130978.2661767,-0.594,9.258,1.889,-0.048,0.046,-0.036,26.7,23.85,-37.8,294.0
1787130978.2662036,-0.565,9.325,1.884,-0.046,0.032,-0.023,25.8,23.25,-39.9,294.0
1787130978.2662148,-0.716,9.27,1.918,-0.049,0.018,-0.017,26.25,24.9,-38.7,294.0
1787130978.4731083,-0.702,9.292,1.93,-0.015,0.007,0.003,25.05,24.15,-38.7,293.0
1787130978.4731333,-0.699,9.263,1.932,-0.022,0.007,0.003,25.95,23.55,-38.25,293.0
1787130978.4731443,-0.687,9.225,1.901,-0.022,0.015,-0.003,25.65,24.3,-39.0,293.0
1787130978.677107,-0.699,9.177,1.87,-0.013,-0.005,-0.013,25.05,23.7,-37.95,277.0
1787130978.677132,-0.632,9.187,1.896,-0.014,-0.002,-0.012,24.75,23.7,-37.2,277.0
1787130978.6771429,-0.622,9.206,1.942,-0.005,0.004,-0.011,24.9,25.05,-38.25,277.0
1787130978.881301,-0.639,9.258,1.93,-0.021,0.029,-0.01,25.8,22.95,-37.65,316.0
1787130978.881327,-0.668,9.294,1.915,-0.023,0.029,-0.01,26.25,24.15,-39.45,316.0
1787130978.8813398,-0.675,9.263,1.887,-0.014,0.021,-0.003,27.45,23.1,-37.8,316.0
1787130979.086004,-0.721,9.292,1.942,0.018,-0.037,0.019,25.5,24.45,-38.7,316.0
1787130979.0861795,-0.737,9.29,1.954,0.015,-0.034,0.014,25.5,24.15,-37.65,302.0
1787130979.0861886,-0.706,9.311,1.944,0.006,-0.017,0.01,24.0,23.7,-37.95,302.0
1787130979.2911577,-0.591,9.28,1.963,-0.032,0.016,-0.022,25.8,23.25,-38.7,359.0
1787130979.2911828,-0.567,9.268,1.954,-0.031,0.023,-0.015,24.9,24.3,-39.3,359.0
1787130979.291194,-0.558,9.246,1.901,-0.038,0.028,-0.014,26.7,23.85,-38.55,359.0
1787130979.4972715,-0.613,9.199,1.913,-0.038,0.036,0.005,25.8,23.7,-39.45,359.0
1787130979.4972975,-0.67,9.177,1.906,-0.04,0.03,-0.001,27.0,23.7,-37.95,306.0
1787130979.497309,-0.644,9.189,1.853,-0.033,0.031,0.001,27.15,23.85,-39.6,306.0
1787130979.7012172,-0.618,9.177,1.925,-0.017,0.028,0.002,26.4,22.8,-39.3,313.0
1787130979.7012427,-0.673,9.124,1.891,-0.008,0.015,0.012,25.8,25.2,-37.95,313.0
1787130979.7012544,-0.654,9.167,1.908,-0.002,-0.002,0.027,26.55,22.95,-37.95,313.0
1787130979.9066987,-0.436,9.057,1.753,0.022,-0.024,0.027,25.2,23.85,-38.55,285.0
1787130979.9067245,-0.893,9.213,1.915,0.036,-0.001,0.027,25.8,23.25,-38.7,285.0
1787130979.906736,-0.718,9.34,1.956,0.052,-0.008,0.032,24.9,24.3,-38.55,285.0
1787130980.1117647,-0.725,9.12,1.75,-0.01,-0.006,0.012,26.25,24.45,-40.65,271.0
1787130980.111791,-0.723,9.194,1.741,-0.003,-0.015,0.021,25.65,23.85,-39.0,271.0
1787130980.111802,-0.754,9.251,1.875,0.018,-0.026,0.024,26.25,23.7,-39.15,271.0
1787130980.3161957,-0.603,9.304,1.997,-0.065,0.042,-0.028,24.9,23.1,-36.3,308.0
1787130980.3162217,-0.587,9.321,2.011,-0.074,0.054,-0.038,25.8,23.25,-39.45,308.0
1787130980.3162327,-0.603,9.261,1.891,-0.075,0.063,-0.034,26.7,24.3,-38.25,308.0
1787130980.5216377,-0.797,9.12,1.815,0.016,-0.051,0.039,26.7,23.55,-40.05,328.0
1787130980.521664,-0.725,9.232,1.925,0.019,-0.054,0.032,24.15,23.85,-38.55,328.0
1787130980.5216746,-0.752,9.244,2.028,0.028,-0.038,0.021,27.0,23.25,-38.7,328.0
1787130980.72684,-0.745,9.215,1.923,-0.047,0.031,-0.019,24.45,23.85,-38.25,321.0
1787130980.7268782,-0.776,9.175,1.836,-0.043,0.024,-0.016,25.2,23.1,-37.8,321.0
1787130980.7268894,-0.699,9.196,1.781,-0.035,0.018,-0.02,26.4,23.85,-39.0,321.0
1787130980.9310255,-0.591,9.313,2.04,-0.019,0.03,-0.004,25.5,22.95,-37.95,332.0
1787130980.9310534,-0.582,9.263,1.992,-0.032,0.03,0.003,24.75,23.7,-38.7,332.0
1787130980.931066,-0.567,9.311,2.03,-0.047,0.05,0.005,24.75,22.95,-37.95,332.0
1787130981.1341655,-0.881,9.158,1.8,0.043,-0.069,0.047,25.65,23.85,-37.8,311.0
1787130981.3414776,-0.603,9.199,1.695,-0.042,0.056,-0.003,25.8,22.95,-38.4,294.0
1787130981.341503,-0.632,9.203,1.75,-0.027,0.035,0.014,25.2,22.8,-39.3,265.0
1787130981.3415143,-0.697,9.196,1.726,-0.011,0.007,0.029,25.5,23.7,-37.65,265.0
1787130981.5464997,-0.692,9.263,1.884,0.02,-0.101,0.064,25.8,24.15,-37.2,319.0
1787130981.5465255,-0.694,9.33,1.97,0.039,-0.056,0.066,25.8,24.15,-37.95,307.0
1787130981.5465362,-0.764,9.392,1.978,0.038,-0.061,0.049,25.8,23.25,-38.4,307.0
1787130981.7516043,-0.426,9.21,1.913,-0.009,-0.07,-0.003,25.05,24.45,-38.7,330.0
1787130981.7516298,-0.455,9.21,1.867,-0.016,-0.064,-0.003,26.4,24.3,-38.25,299.0
1787130981.751641,-0.462,9.177,1.779,-0.014,-0.044,-0.004,25.05,25.65,-36.9,299.0
1787130981.9561722,-0.476,9.354,1.841,0.037,-0.069,0.037,23.55,24.15,-38.4,268.0
1787130981.9561968,-0.407,9.431,1.891,0.024,-0.042,0.018,25.65,26.25,-38.55,314.0
1787130981.9562097,-0.359,9.436,1.93,0.01,-0.006,0.008,24.75,25.65,-38.4,314.0
1787130982.1609604,-0.618,9.29,1.76,-0.066,-0.035,-0.004,24.45,24.3,-38.25,303.0
1787130982.1609848,-0.311,9.232,1.731,-0.071,-0.04,0.019,22.65,23.1,-37.05,303.0
1787130982.1609957,-0.467,9.246,1.69,-0.071,-0.006,0.01,24.3,25.65,-37.65,291.0
1787130982.3659136,-0.488,9.249,1.891,-0.01,0.045,-0.011,25.2,25.8,-39.0,312.0
1787130982.3659394,-0.383,9.21,1.906,-0.015,0.033,-0.012,24.15,23.85,-38.25,312.0
1787130982.365951,-0.462,9.244,2.04,-0.019,0.034,0.002,24.15,23.85,-37.8,312.0
1787130982.5715113,-0.606,9.203,1.923,-0.028,0.047,-0.014,24.9,23.55,-38.25,330.0
1787130982.5715363,-0.603,9.199,1.877,-0.032,0.039,-0.016,24.45,24.3,-37.5,330.0
1787130982.571547,-0.575,9.163,1.82,-0.031,0.044,-0.019,24.9,23.1,-38.55,330.0
1787130982.7739248,-0.524,9.357,1.99,-0.037,0.03,-0.021,23.55,25.65,-38.4,279.0
1787130982.9814465,-0.781,9.098,1.844,-0.016,0.013,-0.004,25.8,22.95,-37.95,299.0
1787130982.9814727,-0.778,9.091,1.908,-0.002,-0.002,0.005,26.25,23.25,-37.95,299.0
1787130982.9814842,-0.699,9.158,1.98,0.005,-0.015,0.0,23.85,23.1,-38.25,299.0
1787130983.187174,-0.651,9.189,2.004,-0.034,0.037,-0.035,25.5,24.45,-37.95,309.0
1787130983.1871998,-0.625,9.227,1.985,-0.029,0.039,-0.027,25.8,22.95,-39.15,309.0
1787130983.1872108,-0.706,9.292,2.006,-0.028,0.021,-0.009,25.2,22.8,-37.8,309.0
1787130983.3910081,-0.603,9.254,2.035,-0.027,0.01,-0.007,26.7,24.75,-39.6,309.0
1787130983.3910325,-0.608,9.282,2.002,-0.03,0.003,0.0,26.55,23.25,-38.7,309.0
1787130983.3910444,-0.69,9.201,1.944,-0.025,0.007,-0.001,26.25,24.15,-39.15,320.0
1787130983.5955353,-0.63,9.301,2.076,-0.021,-0.006,-0.04,26.7,23.55,-39.0,302.0
1787130983.5955632,-0.601,9.294,2.045,-0.021,0.009,-0.035,23.25,23.25,-38.4,302.0
1787130983.800771,-0.656,9.22,1.963,0.007,-0.012,0.018,25.2,23.55,-38.55,321.0
1787130983.800801,-0.646,9.23,1.944,0.007,-0.008,0.016,25.2,23.55,-38.55,321.0
1787130983.8008132,-0.634,9.222,1.975,0.011,0.003,0.006,26.25,22.95,-38.4,321.0
1787130984.0058568,-0.656,9.232,2.064,-0.019,0.014,-0.013,25.8,23.7,-37.2,330.0
1787130984.0058818,-0.654,9.237,1.963,-0.026,0.031,-0.016,25.05,23.7,-37.95,330.0
1787130984.0058928,-0.704,9.177,2.004,-0.017,0.031,-0.015,25.65,23.1,-38.55,322.0
1787130984.211072,-0.685,9.287,1.992,-0.006,0.002,0.008,25.5,23.7,-37.95,299.0
1787130984.2110972,-0.651,9.361,1.982,-0.007,0.005,0.003,24.3,24.45,-37.95,299.0
1787130984.2111087,-0.587,9.297,1.98,-0.011,0.016,0.001,25.2,23.1,-39.0,314.0
1787130984.4138255,-0.697,9.218,1.858,0.028,-0.015,0.025,25.8,22.5,-37.2,300.0
1787130984.6208816,-0.706,9.266,1.899,0.05,-0.056,0.011,24.75,24.9,-39.45,278.0
1787130984.6209054,-0.704,9.254,1.982,0.046,-0.065,0.007,27.75,24.15,-37.65,335.0
1787130984.6209168,-0.721,9.409,1.951,0.036,-0.065,0.002,25.65,23.85,-38.55,335.0
1787130984.8257408,-0.646,9.385,1.942,0.031,-0.035,0.032,26.4,24.75,-36.3,327.0
1787130984.8257658,-0.656,9.409,2.014,0.011,-0.009,0.007,23.25,24.45,-39.45,327.0
1787130984.8257778,-0.611,9.347,1.992,-0.007,0.04,-0.005,25.05,24.15,-37.95,327.0
1787130985.0312593,-0.713,9.261,1.614,0.048,-0.096,0.037,24.9,24.3,-38.25,286.0
1787130985.0312846,-0.673,9.239,1.657,0.064,-0.111,0.042,23.55,24.45,-38.4,286.0
1787130985.0312955,-0.553,9.268,1.693,0.062,-0.114,0.015,24.75,25.65,-39.15,286.0
1787130985.2357326,-0.266,9.421,1.836,-0.038,0.026,-0.029,25.2,25.05,-37.5,341.0
1787130985.2357585,-0.254,9.433,1.779,-0.043,0.063,-0.03,24.45,25.05,-38.55,341.0
1787130985.2357695,-0.383,9.366,1.841,-0.039,0.063,-0.013,22.5,24.15,-37.95,341.0
1787130985.4406164,-0.57,9.261,1.724,-0.018,0.023,0.024,23.4,25.5,-38.55,295.0
1787130985.4406416,-0.517,9.316,1.796,-0.018,0.029,0.006,23.85,25.05,-38.25,295.0
1787130985.4406528,-0.491,9.357,1.803,-0.019,0.045,-0.004,25.5,24.9,-37.95,295.0
1787130985.645718,-0.634,9.309,1.784,-0.058,0.024,-0.016,23.85,25.5,-38.25,336.0
1787130985.645742,-0.551,9.208,1.709,-0.051,0.037,-0.021,25.2,25.05,-38.25,336.0
1787130985.645753,-0.587,9.208,1.736,-0.035,0.045,-0.03,24.15,24.3,-39.0,336.0
1787130985.8510795,-0.5,9.316,1.867,-0.03,0.021,-0.018,24.0,24.9,-38.7,316.0
1787130985.8511055,-0.421,9.328,1.932,-0.039,0.036,-0.03,24.15,25.05,-37.5,316.0
1787130985.8511171,-0.493,9.254,1.894,-0.043,0.048,-0.028,24.15,25.5,-37.8,316.0
1787130986.0536187,-0.632,9.278,1.87,-0.057,0.086,-0.024,23.55,23.7,-38.4,342.0
1787130986.2607243,-0.771,9.222,1.944,-0.005,0.0,0.005,25.65,22.8,-39.6,306.0
1787130986.2607489,-0.704,9.194,1.927,0.009,0.013,0.017,25.05,21.75,-37.95,306.0
1787130986.2607603,-0.812,9.287,1.946,0.004,0.005,0.013,25.05,24.45,-38.4,333.0
1787130986.46548,-0.661,9.249,1.978,-0.061,0.028,-0.045,26.25,22.5,-39.9,319.0
1787130986.4655054,-0.594,9.189,1.918,-0.059,0.036,-0.04,26.4,21.6,-39.0,319.0
1787130986.4655166,-0.651,9.22,1.939,-0.04,0.041,-0.031,25.5,24.45,-39.45,313.0
1787130986.670362,-0.778,9.249,2.002,0.007,-0.017,0.026,25.05,22.5,-39.15,266.0
1787130986.670388,-0.855,9.278,2.059,0.008,-0.022,0.013,26.55,22.95,-38.7,266.0
1787130986.6703992,-0.749,9.304,2.021,0.004,-0.015,0.005,25.5,22.5,-37.2,345.0
1787130986.875993,-0.608,9.227,2.006,-0.052,0.077,-0.031,26.7,22.8,-37.8,272.0
1787130986.8761394,-0.594,9.187,1.915,-0.047,0.083,-0.031,25.2,23.55,-38.25,272.0
1787130986.876155,-0.62,9.184,1.937,-0.036,0.074,-0.013,26.7,23.1,-39.0,324.0
1787130987.0805,-0.831,9.148,1.918,0.024,0.006,0.038,25.2,23.1,-38.55,320.0
1787130987.0805237,-0.843,9.179,1.985,0.025,-0.001,0.038,26.25,22.95,-39.9,320.0
1787130987.0805364,-0.886,9.273,2.04,0.028,-0.014,0.034,26.7,21.9,-38.25,293.0
1787130987.2866366,-0.8,9.261,2.03,-0.004,0.001,-0.011,26.55,23.7,-39.15,305.0
1787130987.2866623,-0.852,9.244,1.975,-0.006,-0.001,-0.016,27.15,23.1,-40.05,305.0
1787130987.2866745,-0.812,9.301,1.951,-0.012,-0.005,-0.013,26.7,23.55,-38.25,305.0
1787130987.4909716,-0.52,9.225,1.896,-0.024,0.037,0.004,25.8,24.9,-38.4,348.0
1787130987.4911644,-0.615,9.172,1.901,-0.015,0.024,0.011,26.4,22.8,-39.0,348.0
1787130987.4911733,-0.63,9.117,1.86,-0.007,0.006,0.032,26.7,21.9,-39.6,348.0
1787130987.695185,-0.713,9.433,2.097,0.025,-0.031,-0.003,27.75,24.15,-39.45,360.0
1787130987.900814,-0.632,9.172,1.891,-0.012,-0.016,0.034,25.8,21.75,-37.65,305.0
1787130987.9008396,-0.74,9.213,1.889,-0.004,-0.032,0.043,26.7,22.35,-38.55,335.0
1787130987.900859,-0.702,9.187,1.889,-0.003,-0.037,0.042,25.65,24.3,-40.05,335.0
1787130988.1115105,-0.754,9.28,1.98,-0.013,-0.024,-0.002,26.7,23.55,-39.6,300.0
1787130988.1115355,-0.781,9.258,1.973,-0.022,-0.024,-0.007,25.8,24.15,-38.4,300.0
1787130988.311237,-0.488,9.225,1.858,-0.049,0.093,-0.045,26.55,22.5,-38.7,275.0
1787130988.3112648,-0.579,9.16,1.884,-0.043,0.094,-0.031,26.4,22.8,-39.0,320.0
1787130988.311276,-0.548,9.177,1.889,-0.046,0.081,-0.009,25.65,21.6,-39.0,320.0
1787130988.5154376,-0.955,9.227,1.829,0.048,-0.078,0.064,26.25,24.15,-38.7,294.0
1787130988.5154622,-0.965,9.191,1.927,0.06,-0.079,0.051,25.95,22.8,-38.55,297.0
1787130988.5154734,-0.879,9.258,1.975,0.069,-0.063,0.033,26.25,23.25,-39.45,297.0
1787130988.7202673,-0.687,9.309,1.81,-0.062,0.049,-0.072,24.75,22.95,-39.45,290.0
1787130988.7202933,-0.611,9.213,1.776,-0.046,0.022,-0.051,27.0,23.25,-38.4,263.0
1787130988.720305,-0.543,9.167,1.743,-0.031,0.008,-0.037,27.3,24.15,-39.15,263.0
1787130988.925971,-0.596,9.167,1.958,0.011,-0.017,0.042,25.5,24.45,-39.9,263.0
1787130988.9259946,-0.644,9.258,1.946,0.003,-0.002,0.045,26.25,21.75,-38.4,263.0
1787130988.926006,-0.713,9.275,1.872,-0.007,-0.004,0.047,24.9,23.55,-38.55,263.0
1787130989.1311018,-0.625,9.311,1.882,0.006,-0.011,-0.016,25.5,24.15,-39.45,309.0
1787130989.1311269,-0.692,9.342,1.817,0.002,-0.034,-0.013,24.45,22.8,-39.6,296.0
1787130989.1311383,-0.67,9.333,1.836,0.004,-0.061,-0.01,26.4,24.75,-38.25,296.0
1787130989.3360863,-0.539,9.369,1.86,-0.019,0.025,-0.037,26.4,23.55,-39.6,358.0
1787130989.5411773,-0.802,9.333,1.848,0.012,-0.011,-0.001,25.8,22.95,-37.95,253.0
1787130989.5412006,-0.776,9.359,1.863,0.0,0.011,-0.014,24.45,23.55,-37.8,253.0
1787130989.5412073,-0.67,9.345,1.915,-0.014,0.045,-0.038,26.25,25.2,-39.15,253.0
1787130989.746599,-0.627,9.234,1.784,-0.022,0.017,-0.014,25.5,24.9,-38.7,316.0
1787130989.7466242,-0.752,9.311,1.786,-0.016,0.011,-0.016,26.25,22.95,-39.45,316.0
1787130989.7466357,-0.656,9.275,1.817,-0.013,0.011,-0.02,26.55,24.15,-38.7,316.0
1787130989.9510531,-0.764,9.165,1.805,-0.038,0.038,-0.006,27.3,22.95,-40.2,315.0
1787130989.9510787,-0.781,9.165,1.786,-0.029,0.029,0.002,26.55,24.45,-37.65,315.0
1787130989.9510896,-0.809,9.103,1.709,-0.018,0.019,-0.004,26.25,24.9,-39.15,315.0
1787130990.1621675,-0.752,9.38,1.942,-0.009,0.011,-0.026,26.4,25.05,-39.6,337.0
1787130990.1621923,-0.745,9.388,1.958,-0.017,0.009,-0.027,26.4,23.85,-39.6,337.0
1787130990.1622033,-0.725,9.392,1.889,-0.027,0.014,-0.03,25.05,24.15,-39.15,337.0
1787130990.360195,-0.625,9.124,1.788,-0.017,0.024,0.006,25.8,23.25,-39.15,284.0
1787130990.3602228,-0.649,9.1,1.779,-0.01,0.01,0.03,27.15,23.85,-39.3,284.0
1787130990.3602345,-0.725,9.203,1.805,0.003,-0.005,0.036,27.0,23.7,-39.45,284.0
1787130990.5712187,-0.73,9.282,1.927,-0.032,0.026,-0.014,25.2,24.3,-38.55,303.0
1787130990.5712428,-0.742,9.249,1.944,-0.038,0.033,-0.028,25.8,22.95,-38.4,350.0
1787130990.5712538,-0.733,9.285,1.875,-0.04,0.054,-0.037,24.9,23.85,-37.8,350.0
1787130990.7703037,-0.749,9.222,1.805,0.005,-0.016,-0.004,25.95,23.55,-39.6,331.0
1787130990.7703302,-0.773,9.256,1.87,0.003,-0.017,-0.004,26.55,23.25,-39.45,287.0
1787130990.7703412,-0.747,9.309,1.844,0.001,-0.014,-0.004,24.9,21.9,-40.05,287.0
1787130990.9731007,-0.824,9.234,1.836,-0.031,0.029,0.003,24.9,24.3,-38.55,309.0
1787130991.180307,-0.666,9.27,1.877,-0.035,0.031,-0.024,25.5,23.7,-39.45,310.0
1787130991.180333,-0.733,9.27,1.856,-0.044,0.03,-0.017,25.95,23.1,-40.35,310.0
1787130991.180344,-0.754,9.22,1.757,-0.037,0.026,-0.01,25.5,23.7,-39.15,310.0
1787130991.3850813,-0.84,9.273,1.891,-0.001,-0.006,0.01,26.25,24.15,-39.45,301.0
1787130991.38511,-0.802,9.249,1.913,-0.004,0.005,-0.001,25.65,22.35,-39.6,301.0
1787130991.385121,-0.778,9.294,1.925,-0.009,0.002,-0.003,26.7,23.1,-38.25,301.0
1787130991.5900714,-0.658,9.218,1.808,-0.017,0.004,-0.011,27.0,24.9,-39.15,321.0
1787130991.5900953,-0.716,9.194,1.786,-0.016,0.013,0.001,26.4,22.8,-39.0,321.0
1787130991.5901072,-0.69,9.199,1.815,-0.013,0.012,0.005,27.0,22.95,-39.15,321.0
1787130991.7951689,-0.773,9.261,1.87,-0.011,0.009,-0.008,26.25,23.7,-40.95,324.0
1787130991.7951937,-0.723,9.227,1.875,-0.01,0.012,-0.007,25.5,22.95,-39.45,324.0
1787130991.795205,-0.759,9.266,1.884,-0.019,0.004,-0.003,24.3,23.7,-38.7,324.0
1787130992.000252,-0.675,9.222,1.808,-0.02,0.028,-0.021,24.3,23.7,-39.15,311.0
1787130992.0002778,-0.687,9.246,1.848,-0.026,0.024,-0.01,27.0,24.45,-38.7,311.0
1787130992.0002892,-0.702,9.206,1.817,-0.015,0.018,0.002,25.8,24.15,-37.95,311.0
1787130992.2051706,-0.728,9.28,1.87,-0.011,0.012,0.007,26.4,24.3,-39.3,289.0
1787130992.2052796,-0.785,9.309,1.877,-0.003,0.014,0.005,27.0,22.5,-39.15,289.0
1787130992.205287,-0.807,9.301,1.901,-0.006,0.004,0.007,27.15,22.8,-38.55,289.0
1787130992.4103913,-0.821,9.201,1.738,-0.036,0.012,-0.016,25.5,23.25,-39.45,308.0
1787130992.410417,-0.723,9.196,1.796,-0.026,0.013,-0.016,26.55,24.45,-38.4,308.0
1787130992.410428,-0.694,9.199,1.76,-0.018,0.013,-0.016,25.95,23.55,-39.3,308.0
1787130992.6127877,-0.8,9.199,1.846,-0.012,0.01,0.004,26.25,22.95,-39.15,306.0
1787130992.8197303,-0.764,9.23,1.786,-0.018,0.016,-0.003,25.95,22.8,-39.0,302.0
1787130992.8197553,-0.735,9.239,1.851,-0.02,0.005,0.005,27.0,23.7,-38.4,302.0
1787130992.8197668,-0.649,9.206,1.867,-0.019,0.01,-0.001,25.2,22.8,-39.6,340.0
1787130993.0309412,-0.812,9.218,1.93,-0.026,0.016,-0.017,25.65,22.8,-40.8,344.0
1787130993.0309663,-0.759,9.222,1.913,-0.022,0.015,-0.017,25.95,23.1,-39.6,327.0
1787130993.030973,-0.778,9.239,1.927,-0.029,0.021,-0.014,25.8,23.7,-39.45,327.0
1787130993.2297523,-0.848,9.304,1.829,-0.011,0.001,0.003,25.2,22.8,-40.05,355.0
1787130993.2297757,-0.747,9.215,1.903,-0.011,0.003,-0.006,25.8,25.2,-39.45,298.0
1787130993.2297866,-0.766,9.33,1.906,-0.011,0.007,-0.006,27.0,24.9,-39.45,298.0
1787130993.434766,-0.706,9.225,1.822,-0.028,0.021,-0.008,25.5,24.9,-40.65,345.0
1787130993.4347897,-0.74,9.282,1.841,-0.024,0.025,-0.01,24.15,23.85,-39.0,345.0
1787130993.4348001,-0.802,9.251,1.879,-0.018,0.021,-0.003,25.95,25.8,-38.55,323.0
1787130993.639761,-0.766,9.268,1.865,-0.021,0.006,-0.002,26.7,23.55,-38.55,304.0
1787130993.6397855,-0.773,9.268,1.846,-0.012,0.003,-0.006,25.5,23.25,-39.45,304.0
1787130993.639797,-0.831,9.263,1.87,-0.012,0.01,-0.004,26.55,23.7,-40.2,324.0
1787130993.8449767,-0.761,9.282,1.882,-0.011,0.006,0.011,25.2,22.8,-39.3,322.0
1787130993.8449924,-0.761,9.263,1.822,-0.014,-0.01,0.012,26.4,23.1,-39.6,322.0
1787130993.8450036,-0.785,9.263,1.822,-0.014,-0.015,0.015,25.95,23.1,-39.3,322.0
1787130994.0496018,-0.704,9.261,1.86,-0.02,0.016,-0.004,27.15,23.1,-39.6,302.0
1787130994.0496247,-0.687,9.33,1.808,-0.016,0.026,-0.004,25.95,21.9,-39.3,302.0
1787130994.0496356,-0.709,9.261,1.863,-0.013,0.016,0.004,25.5,22.5,-38.7,302.0
1787130994.2542634,-0.764,9.261,1.848,0.003,-0.029,0.018,25.65,22.8,-38.55,325.0
1787130994.2542884,-0.821,9.268,1.846,0.006,-0.026,0.005,24.75,23.7,-39.45,325.0
1787130994.4599266,-0.563,9.261,1.791,-0.027,0.011,-0.014,26.7,23.55,-40.35,326.0
1787130994.4599473,-0.599,9.282,1.753,-0.022,0.035,-0.018,27.15,23.1,-40.35,326.0
1787130994.4599586,-0.63,9.29,1.81,-0.022,0.044,-0.025,25.8,26.1,-38.4,326.0
1787130994.664461,-0.666,9.225,1.705,-0.045,0.089,0.014,25.95,24.75,-39.0,321.0
1787130994.664477,-0.737,9.096,1.717,-0.028,0.077,0.02,25.8,24.45,-39.9,321.0
1787130994.664488,-0.8,9.148,1.642,-0.008,0.034,0.027,26.55,24.45,-39.15,321.0
1787130994.8695552,-0.917,9.428,2.004,0.004,-0.034,-0.012,27.75,24.9,-39.45,337.0
1787130994.8695786,-0.831,9.469,1.923,-0.011,-0.024,-0.023,26.4,23.55,-39.0,337.0
1787130994.8695896,-0.73,9.455,1.918,-0.027,-0.006,-0.036,26.4,23.1,-38.55,337.0
1787130995.0746047,-0.529,9.206,1.757,-0.034,0.021,0.004,25.05,22.95,-40.65,324.0
1787130995.074631,-0.618,9.232,1.681,-0.02,0.001,0.02,25.5,24.15,-39.15,324.0
1787130995.0746422,-0.608,9.227,1.662,-0.012,-0.022,0.039,25.8,24.9,-39.45,324.0
1787130995.279571,-0.919,9.182,1.724,0.059,-0.104,0.071,26.7,24.3,-38.55,314.0
1787130995.2795944,-0.881,9.297,1.733,0.059,-0.125,0.07,25.8,22.2,-38.4,314.0
1787130995.279606,-0.848,9.409,1.719,0.053,-0.125,0.05,25.05,24.45,-39.45,314.0
1787130995.4847832,-0.481,9.414,1.903,-0.016,-0.068,-0.035,23.85,25.05,-39.3,355.0
1787130995.484808,-0.316,9.328,1.867,-0.042,-0.029,-0.045,26.25,25.2,-37.65,355.0
1787130995.4848192,-0.314,9.278,1.822,-0.052,0.029,-0.045,24.3,24.9,-37.65,350.0
1787130995.687574,-0.601,9.266,1.69,0.031,-0.055,0.051,24.9,23.85,-39.0,309.0
1787130995.691115,-0.551,9.383,1.784,0.021,-0.03,0.043,25.65,23.85,-38.55,365.0
1787130995.892467,-0.622,9.215,1.607,-0.053,0.056,-0.047,25.95,23.55,-39.0,342.0
1787130996.099593,-0.57,9.309,1.762,-0.031,0.009,0.023,24.15,26.25,-38.55,360.0
1787130996.0996175,-0.591,9.254,1.726,-0.024,0.005,0.027,25.95,24.3,-39.6,360.0
1787130996.0996292,-0.649,9.297,1.697,-0.024,0.007,0.02,24.15,23.85,-38.25,360.0
1787130996.3046858,-0.481,9.278,1.846,-0.046,0.053,-0.034,24.45,23.85,-38.55,343.0
1787130996.3047097,-0.46,9.266,1.815,-0.061,0.062,-0.036,25.2,24.75,-38.25,343.0
1787130996.3047206,-0.474,9.287,1.719,-0.056,0.071,-0.034,24.0,24.15,-37.95,343.0
1787130996.5094373,-0.651,9.213,1.69,0.002,-0.003,0.016,25.5,24.9,-39.45,310.0
1787130996.509463,-0.694,9.273,1.709,0.003,-0.005,0.013,25.95,25.05,-38.25,310.0
1787130996.509474,-0.639,9.342,1.779,0.012,-0.004,0.01,25.5,22.95,-39.45,310.0
1787130996.7144682,-0.613,9.292,1.788,-0.052,0.059,-0.038,25.2,24.75,-39.0,361.0
1787130996.714492,-0.572,9.225,1.779,-0.048,0.055,-0.028,25.65,24.75,-37.8,361.0
1787130996.7145028,-0.587,9.218,1.697,-0.045,0.054,-0.022,26.7,23.85,-38.55,361.0
1787130996.919422,-0.599,9.244,1.944,-0.029,-0.041,0.019,26.25,24.9,-39.45,328.0
1787130996.919446,-0.63,9.287,1.887,-0.022,0.006,0.004,25.95,23.55,-38.55,328.0
1787130996.9194572,-0.62,9.294,1.896,-0.033,0.038,-0.005,24.9,22.8,-38.55,328.0
1787130997.1245272,-0.661,9.239,1.721,-0.03,0.018,-0.026,25.2,22.8,-39.6,312.0
1787130997.1245503,-0.63,9.244,1.767,-0.029,0.015,-0.026,26.55,22.95,-37.2,312.0
1787130997.1245615,-0.57,9.256,1.76,-0.023,0.011,-0.023,24.75,23.7,-38.7,312.0
1787130997.3320444,-0.74,9.301,1.848,-0.001,0.017,0.002,25.05,24.45,-38.7,277.0
1787130997.332069,-0.733,9.21,1.812,-0.01,0.002,0.0,25.8,24.45,-39.9,277.0
1787130997.3320804,-0.685,9.213,1.82,-0.013,-0.002,0.001,27.0,22.5,-37.65,277.0
1787130997.5338867,-0.704,9.285,1.815,-0.005,-0.006,-0.01,24.15,24.75,-37.8,337.0
1787130997.5339112,-0.62,9.316,1.889,-0.011,0.012,-0.026,26.25,22.95,-38.4,337.0
1787130997.739401,-0.749,9.275,1.733,-0.007,0.016,0.001,24.45,24.75,-39.0,323.0
1787130997.739426,-0.73,9.23,1.781,-0.004,0.02,-0.001,25.2,23.85,-38.25,323.0
1787130997.7394373,-0.74,9.239,1.877,-0.004,0.016,-0.001,25.2,23.55,-39.3,266.0
1787130997.9503644,-0.792,9.299,1.865,-0.006,-0.016,-0.001,25.05,22.95,-38.7,266.0
1787130997.9503915,-0.711,9.266,1.803,-0.011,-0.01,-0.004,25.05,24.15,-40.2,266.0
1787130997.950404,-0.747,9.306,1.829,-0.02,0.0,-0.014,27.15,24.75,-39.3,351.0
1787130998.1552024,-0.706,9.266,1.796,-0.018,0.02,-0.007,26.55,22.5,-39.9,345.0
1787130998.1552274,-0.678,9.258,1.858,-0.013,0.018,-0.006,25.65,23.1,-38.25,345.0
1787130998.1552384,-0.661,9.187,1.836,-0.018,0.025,-0.003,24.9,24.3,-39.3,301.0
1787130998.3540998,-0.766,9.254,1.832,-0.016,0.014,-0.007,26.25,23.25,-38.4,333.0
1787130998.3541133,-0.73,9.213,1.827,-0.016,0.009,-0.008,25.95,23.55,-39.6,333.0
1787130998.3541236,-0.67,9.22,1.891,-0.012,0.011,-0.006,27.3,23.25,-38.4,312.0
1787130998.5593457,-0.692,9.301,1.839,-0.002,0.016,0.0,25.65,21.9,-39.0,348.0
1787130998.5593708,-0.685,9.234,1.829,0.001,0.002,0.001,25.2,23.85,-39.0,348.0
1787130998.5593822,-0.675,9.258,1.856,-0.002,-0.004,0.003,25.2,23.1,-37.8,348.0
1787130998.7642415,-0.702,9.258,1.81,-0.026,0.037,-0.002,26.7,24.3,-37.5,347.0
1787130998.764266,-0.673,9.251,1.81,-0.016,0.036,-0.005,25.2,24.75,-37.8,347.0
1787130998.764277,-0.658,9.275,1.846,-0.024,0.038,-0.008,26.4,24.75,-39.0,347.0
1787130998.9692304,-0.773,9.251,1.707,0.017,-0.034,0.023,26.4,23.55,-38.55,277.0
1787130998.969257,-0.749,9.297,1.765,0.025,-0.026,0.028,26.4,23.55,-38.55,277.0
1787130998.9692688,-0.797,9.28,1.817,0.026,-0.03,0.015,25.05,23.7,-38.7,277.0
1787130999.172253,-0.555,9.311,1.836,-0.036,0.016,-0.034,26.4,26.25,-37.8,355.0
1787130999.3853056,-0.812,9.33,1.882,0.003,-0.014,0.012,26.55,24.15,-39.9,315.0
1787130999.38533,-0.807,9.337,1.879,-0.006,-0.009,-0.007,25.8,24.15,-38.4,282.0
1787130999.385341,-0.716,9.357,1.918,-0.012,0.01,-0.018,24.75,24.9,-38.4,282.0
1787130999.5844624,-0.613,9.278,1.714,-0.024,0.002,-0.019,25.05,23.7,-39.15,357.0
1787130999.5845978,-0.661,9.309,1.798,-0.019,0.009,-0.022,24.45,23.85,-39.6,316.0
1787130999.5846536,-0.567,9.361,1.884,-0.015,0.012,-0.021,24.75,24.15,-39.15,316.0
1787130999.7896886,-0.596,9.175,1.8,-0.048,0.11,0.015,26.4,22.8,-39.6,335.0
1787130999.7897139,-0.728,9.129,1.745,-0.031,0.066,0.032,26.25,22.5,-39.9,279.0
1787130999.789726,-0.754,9.098,1.671,-0.015,0.033,0.054,25.65,24.3,-39.0,279.0
1787130999.994252,-0.922,9.39,2.018,0.037,-0.069,0.014,25.65,23.55,-40.05,283.0
1787130999.9942803,-0.783,9.457,1.954,0.013,-0.048,-0.014,24.9,23.55,-40.05,311.0
1787130999.9942918,-0.709,9.397,1.935,-0.007,-0.007,-0.035,25.05,23.25,-39.15,311.0
1787131000.199126,-0.524,9.321,1.705,0.009,-0.026,-0.009,25.65,24.3,-39.0,360.0
1787131000.1991603,-0.481,9.33,1.69,0.007,-0.011,-0.009,25.65,23.55,-38.55,360.0
1787131000.1991715,-0.503,9.318,1.697,0.001,-0.008,-0.002,25.65,23.1,-38.55,296.0
1787131000.404568,-0.599,9.292,1.736,0.019,0.005,0.019,25.5,24.9,-38.4,294.0
1787131000.4045932,-0.69,9.227,1.82,0.023,0.01,0.023,25.5,24.45,-38.4,294.0
1787131000.4046044,-0.718,9.345,1.798,0.012,-0.01,0.018,25.5,24.15,-39.45,294.0
1787131000.609274,-0.589,9.16,1.695,-0.038,0.026,-0.029,25.95,23.85,-39.0,314.0
1787131000.6092978,-0.594,9.112,1.559,-0.031,-0.012,0.005,25.65,24.3,-40.35,314.0
1787131000.609309,-0.56,9.103,1.487,0.0,-0.029,0.033,25.95,25.05,-38.55,314.0
1787131000.812117,-0.651,9.474,1.978,-0.02,0.012,-0.031,25.5,25.2,-37.2,301.0
1787131001.0192363,-0.632,9.254,1.721,-0.015,0.037,0.032,25.5,25.65,-39.15,297.0
1787131001.0192602,-0.654,9.306,1.712,-0.006,0.036,0.037,25.05,24.45,-39.45,297.0
1787131001.0192711,-0.711,9.27,1.733,0.005,0.016,0.036,26.55,25.2,-39.45,297.0
1787131001.2246008,-0.668,9.335,1.774,-0.052,0.059,-0.067,25.65,23.1,-40.35,335.0
1787131001.2246258,-0.651,9.282,1.817,-0.049,0.071,-0.058,25.8,23.7,-38.4,335.0
1787131001.2246373,-0.625,9.297,1.793,-0.05,0.045,-0.051,25.95,25.5,-39.6,335.0
1787131001.429064,-0.685,9.268,1.76,-0.027,0.023,0.002,27.3,23.7,-38.7,327.0
1787131001.4290888,-0.675,9.304,1.765,-0.026,0.019,0.002,26.25,24.15,-39.15,327.0
1787131001.429101,-0.637,9.313,1.733,-0.031,0.021,0.001,27.15,23.55,-39.3,327.0
1787131001.6339285,-0.668,9.203,1.798,-0.046,0.059,-0.02,27.15,23.85,-39.6,322.0
1787131001.6339583,-0.812,9.266,1.805,-0.038,0.046,-0.018,27.0,22.2,-39.45,322.0
1787131001.6339734,-0.735,9.191,1.733,-0.034,0.026,-0.015,25.5,24.45,-39.9,322.0
1787131001.8394928,-0.785,9.261,1.865,-0.032,0.046,-0.026,25.05,23.25,-39.15,292.0
1787131001.8395188,-0.747,9.21,1.841,-0.033,0.036,-0.033,26.4,24.3,-38.55,292.0
1787131001.8395298,-0.769,9.282,1.793,-0.034,0.024,-0.028,26.25,24.9,-40.65,292.0
1787131002.0441465,-0.716,9.242,1.865,-0.003,-0.003,0.001,27.3,21.75,-40.2,297.0
1787131002.0441728,-0.735,9.301,1.839,-0.007,0.004,0.003,26.55,24.45,-39.45,297.0
1787131002.0441842,-0.804,9.357,1.879,-0.018,0.014,-0.009,25.95,24.3,-39.0,297.0
1787131002.2533207,-0.74,9.127,1.781,-0.063,0.069,-0.021,27.0,22.2,-39.15,316.0
1787131002.4598303,-0.977,9.268,1.867,-0.007,0.011,0.006,27.15,22.8,-40.35,263.0
1787131002.4598677,-0.922,9.239,1.87,-0.007,-0.002,-0.002,26.7,23.55,-40.8,263.0
1787131002.4598796,-0.891,9.321,1.875,-0.01,0.001,-0.016,26.4,22.35,-39.6,263.0
1787131002.6599343,-0.735,9.213,1.776,-0.02,0.011,-0.005,27.9,25.05,-40.35,304.0
1787131002.6599605,-0.702,9.22,1.76,-0.009,0.01,-0.005,27.45,22.35,-39.3,304.0
1787131002.6599722,-0.778,9.215,1.793,-0.003,-0.002,0.003,26.4,22.35,-39.6,304.0
1787131002.8641844,-0.73,9.294,1.937,0.008,-0.013,0.021,25.95,21.9,-39.6,303.0
1787131002.8642128,-0.721,9.278,1.925,0.007,-0.008,0.018,28.5,23.25,-39.45,296.0
1787131002.8642242,-0.807,9.316,1.951,-0.013,0.005,0.01,26.25,24.15,-40.2,296.0
1787131003.068832,-0.809,9.282,1.858,-0.001,-0.029,-0.01,27.9,23.55,-39.6,315.0
1787131003.0688658,-0.761,9.318,1.844,-0.006,-0.018,-0.013,26.25,22.5,-40.2,315.0
1787131003.0688784,-0.754,9.285,1.882,-0.005,-0.003,-0.021,25.05,24.15,-40.65,315.0
1787131003.2742395,-0.718,9.282,1.812,-0.023,0.018,-0.003,26.4,23.85,-39.3,324.0
1787131003.2742648,-0.749,9.251,1.788,-0.014,0.021,-0.004,25.95,21.9,-40.05,324.0
1787131003.2742755,-0.759,9.278,1.858,-0.012,0.016,-0.004,26.25,22.5,-39.9,324.0
1787131003.4798784,-0.721,9.23,1.877,-0.03,0.013,-0.012,27.0,24.45,-37.95,304.0
1787131003.479904,-0.709,9.242,1.841,-0.03,0.02,-0.011,26.25,24.15,-39.45,304.0
1787131003.4799156,-0.745,9.251,1.87,-0.024,0.019,-0.001,26.4,23.55,-39.0,304.0
1787131003.6846526,-0.792,9.201,1.841,-0.008,-0.006,0.007,26.25,23.7,-40.2,301.0
1787131003.6846778,-0.824,9.227,1.817,0.002,-0.021,0.009,26.7,23.85,-37.8,301.0
1787131003.6846895,-0.778,9.275,1.86,0.003,-0.018,0.011,26.25,22.95,-38.7,301.0
1787131003.889227,-0.706,9.251,1.812,-0.012,-0.005,0.016,27.15,22.8,-40.8,329.0
1787131003.889252,-0.761,9.227,1.899,-0.013,0.002,0.015,27.0,23.25,-39.9,329.0
1787131003.889263,-0.728,9.275,1.791,-0.003,0.007,0.004,25.2,24.3,-40.05,329.0
1787131004.0922873,-0.723,9.354,1.877,-0.034,0.047,-0.009,26.4,23.55,-40.8,271.0
1787131004.2988007,-0.9,9.385,1.956,0.031,-0.055,-0.007,26.25,22.5,-40.95,291.0
1787131004.2988265,-0.764,9.476,1.963,0.011,-0.032,-0.029,26.25,23.7,-39.9,291.0
1787131004.2988384,-0.692,9.469,1.999,-0.023,0.001,-0.037,26.25,21.75,-39.15,343.0
1787131004.5038862,-0.735,9.268,1.657,0.057,-0.109,0.068,27.3,23.25,-39.45,283.0
1787131004.503913,-0.673,9.452,1.745,0.054,-0.104,0.063,25.5,23.7,-39.15,283.0
1787131004.5039244,-0.642,9.538,1.851,0.049,-0.092,0.04,25.8,23.7,-38.7,320.0
1787131004.7090757,-0.704,9.0,1.446,0.001,-0.049,0.093,25.65,25.05,-39.3,320.0
1787131004.7091012,-0.685,9.194,1.484,0.035,-0.068,0.106,26.4,23.1,-39.6,320.0
1787131004.7091124,-0.709,9.273,1.458,0.072,-0.061,0.093,25.95,24.75,-39.6,320.0
1787131004.9139018,-0.646,9.404,1.889,-0.05,0.031,-0.016,25.5,24.9,-39.15,320.0
1787131004.9139264,-0.637,9.388,1.762,-0.075,0.026,-0.015,25.95,24.3,-40.05,320.0
1787131004.9141,-0.622,9.285,1.523,-0.06,0.047,-0.024,25.5,25.2,-39.45,286.0
1787131005.11859,-0.484,9.28,1.721,0.012,0.014,0.011,25.65,24.3,-39.0,304.0
1787131005.1186152,-0.553,9.335,1.765,-0.006,0.016,0.013,25.95,24.3,-39.6,304.0
1787131005.1186268,-0.57,9.333,1.8,-0.022,0.018,0.02,25.95,24.75,-39.0,320.0
1787131005.3244116,-0.728,9.316,1.678,-0.018,0.005,-0.009,25.65,24.3,-39.6,295.0
1787131005.324438,-0.673,9.311,1.65,-0.013,0.024,-0.031,27.0,23.25,-38.7,295.0
1787131005.3244493,-0.646,9.318,1.664,-0.015,0.036,-0.036,24.75,25.65,-40.2,295.0
1787131005.5291038,-0.579,9.328,1.757,-0.059,0.06,-0.031,26.7,25.8,-40.05,323.0
1787131005.529129,-0.634,9.301,1.726,-0.062,0.077,-0.046,26.55,24.45,-39.9,323.0
1787131005.5291402,-0.599,9.359,1.757,-0.067,0.097,-0.044,27.9,25.5,-39.6,323.0
1787131005.733202,-0.754,9.234,1.755,-0.011,0.009,0.038,25.65,24.3,-40.8,290.0
1787131005.7332273,-0.879,9.242,1.741,-0.015,-0.023,0.045,26.55,23.25,-40.95,290.0
1787131005.939183,-0.663,9.292,1.82,-0.025,-0.011,-0.017,25.8,23.25,-39.45,320.0
1787131005.9392056,-0.656,9.301,1.738,-0.025,-0.004,-0.016,27.0,24.15,-41.7,320.0
1787131005.939212,-0.625,9.27,1.786,-0.029,0.009,-0.016,26.4,24.75,-40.05,320.0
1787131006.1437058,-0.649,9.304,1.779,-0.027,0.036,0.007,26.25,22.95,-41.7,270.0
1787131006.1437309,-0.752,9.222,1.781,-0.031,0.031,0.0,27.15,24.3,-41.55,270.0
1787131006.1437423,-0.771,9.263,1.793,-0.033,0.036,0.002,25.65,23.55,-38.55,270.0
1787131006.3487122,-0.79,9.222,1.812,-0.01,0.002,-0.004,27.45,24.3,-40.8,296.0
1787131006.3487372,-0.833,9.266,1.844,-0.009,-0.001,-0.003,25.05,24.15,-41.25,296.0
1787131006.3487487,-0.814,9.306,1.822,-0.012,-0.002,-0.014,25.8,23.25,-40.95,296.0
1787131006.5540662,-0.618,9.282,1.762,-0.02,0.006,-0.014,25.65,23.85,-39.3,321.0
1787131006.5540915,-0.69,9.261,1.705,-0.019,0.02,-0.012,27.3,25.65,-39.9,321.0
1787131006.5541022,-0.57,9.227,1.736,-0.017,0.035,-0.011,27.9,23.55,-39.6,321.0
1787131006.7583406,-0.831,9.337,1.836,0.012,0.016,0.001,26.7,23.85,-40.05,311.0
1787131006.7583697,-0.812,9.309,1.8,0.004,0.031,-0.006,26.55,25.2,-39.9,359.0
1787131006.7583814,-0.86,9.237,1.784,0.009,0.048,-0.006,26.4,24.75,-39.3,359.0
1787131006.9635706,-0.721,9.246,1.697,-0.027,0.031,-0.017,26.7,22.35,-38.55,325.0
1787131006.963668,-0.752,9.266,1.853,-0.021,0.014,-0.01,27.0,24.45,-38.7,325.0
1787131006.9636803,-0.764,9.249,1.748,-0.025,0.004,-0.004,27.3,24.45,-40.65,303.0
1787131007.1686456,-0.776,9.301,1.786,-0.015,0.013,0.004,26.7,24.75,-39.6,337.0
1787131007.168671,-0.766,9.273,1.741,-0.012,0.004,0.006,27.3,22.95,-39.45,337.0
1787131007.1686823,-0.769,9.323,1.765,-0.014,0.005,0.005,27.0,22.5,-39.9,346.0
1787131007.371458,-0.759,9.28,1.817,-0.022,0.014,0.005,25.95,25.8,-40.05,327.0
1787131007.5800767,-0.637,9.323,1.717,-0.023,0.03,-0.009,25.65,25.5,-39.3,356.0
1787131007.580102,-0.735,9.301,1.729,-0.02,0.038,-0.006,27.3,22.5,-39.45,356.0
1787131007.5801136,-0.771,9.273,1.765,-0.015,0.026,-0.006,27.0,23.25,-40.65,356.0
1787131007.7813923,-0.759,9.325,1.76,-0.013,0.006,-0.006,26.55,24.45,-40.95,306.0
1787131007.7856002,-0.785,9.273,1.796,-0.026,0.026,-0.01,26.55,24.15,-40.2,306.0
1787131007.9883006,-0.792,9.263,1.65,-0.009,-0.018,0.013,26.55,23.25,-39.45,312.0
1787131007.9883282,-0.754,9.294,1.662,-0.005,-0.022,0.012,28.05,24.45,-39.45,312.0
1787131007.9883394,-0.797,9.297,1.721,-0.002,-0.017,0.002,28.95,22.8,-39.6,312.0
1787131008.1934428,-0.704,9.297,1.705,-0.024,0.006,-0.001,26.55,25.2,-40.95,324.0
1787131008.1934679,-0.754,9.208,1.647,-0.027,0.017,-0.011,25.95,24.75,-40.05,324.0
1787131008.193479,-0.742,9.225,1.671,-0.019,0.014,0.005,26.7,24.75,-39.6,324.0
1787131008.4000778,-0.828,9.328,1.753,0.009,-0.025,0.01,25.5,24.15,-40.2,363.0
1787131008.400102,-0.721,9.337,1.776,0.007,-0.022,0.005,25.65,24.3,-39.3,363.0
1787131008.4001129,-0.761,9.357,1.81,-0.008,-0.013,0.007,26.55,24.15,-39.45,363.0
1787131008.6032546,-0.625,9.455,1.788,-0.042,0.019,-0.018,27.15,25.05,-40.35,363.0
1787131008.603279,-0.608,9.421,1.86,-0.056,0.046,-0.021,27.3,25.2,-41.25,323.0
1787131008.6032908,-0.524,9.476,1.848,-0.084,0.103,-0.049,26.4,22.8,-40.8,323.0
1787131008.809062,-1.101,9.136,1.468,0.061,-0.076,0.117,26.55,24.15,-38.7,314.0
1787131008.8090875,-1.104,9.258,1.535,0.087,-0.127,0.134,25.95,24.75,-40.8,314.0
1787131008.8090992,-1.027,9.301,1.659,0.1,-0.138,0.1,27.15,23.85,-40.8,314.0
1787131009.0112007,-0.644,9.426,1.915,-0.079,0.061,-0.079,26.4,23.55,-40.05,345.0
1787131009.2182245,-0.79,9.359,1.925,0.0,-0.057,0.074,25.2,21.6,-40.8,319.0
1787131009.2182488,-0.673,9.474,1.832,-0.02,-0.012,0.046,26.7,25.5,-41.1,319.0
1787131009.2182603,-0.8,9.464,1.87,-0.051,0.057,0.006,25.8,24.15,-40.95,319.0
1787131009.4292092,-0.666,9.074,1.697,0.023,-0.045,0.048,26.55,23.7,-40.2,317.0
1787131009.4292336,-0.687,9.086,1.686,0.023,-0.049,0.059,27.3,23.25,-40.95,317.0
1787131009.4292448,-0.725,9.115,1.731,0.027,-0.055,0.061,26.25,23.25,-39.9,312.0
1787131009.6286259,-0.687,9.366,1.798,-0.016,-0.005,-0.021,25.2,25.5,-40.05,312.0
1787131009.628651,-0.589,9.357,1.817,-0.027,0.013,-0.019,26.4,23.85,-40.35,312.0
1787131009.628663,-0.587,9.297,1.741,-0.032,0.027,-0.01,27.0,23.7,-39.9,310.0
1787131009.8332138,-0.579,9.328,1.721,-0.001,0.017,0.001,25.05,22.95,-41.25,300.0
1787131009.8332386,-0.575,9.278,1.695,-0.014,0.036,-0.007,26.25,23.7,-41.7,300.0
1787131009.8332498,-0.618,9.323,1.82,-0.011,0.049,-0.013,26.7,23.85,-40.8,300.0
1787131010.038523,-0.831,9.313,1.623,-0.012,-0.016,0.001,27.0,26.1,-39.15,326.0
1787131010.0385485,-0.733,9.325,1.693,-0.01,-0.019,-0.009,25.5,22.95,-39.45,326.0
1787131010.0385602,-0.757,9.278,1.719,-0.006,-0.002,-0.022,27.0,24.45,-40.2,326.0
1787131010.2511275,-0.651,9.299,1.659,-0.037,0.091,-0.059,26.55,24.15,-42.0,305.0
1787131010.2511535,-0.63,9.311,1.64,-0.034,0.066,-0.044,26.25,22.5,-40.2,305.0
1787131010.251165,-0.56,9.227,1.724,-0.029,0.055,-0.023,27.3,24.45,-40.2,305.0
1787131010.4464014,-0.929,9.225,1.683,0.055,-0.006,0.035,27.0,23.7,-40.65,294.0
1787131010.4464264,-1.046,9.304,1.733,0.055,-0.046,0.034,26.7,23.55,-40.05,294.0
1787131010.452961,-1.034,9.373,1.788,0.043,-0.064,0.038,25.65,24.75,-39.6,294.0
1787131010.6529343,-0.749,9.222,1.676,-0.039,0.004,-0.03,26.7,24.75,-41.1,305.0
1787131010.6529603,-0.706,9.213,1.599,-0.012,-0.013,-0.003,28.5,23.25,-40.65,305.0
1787131010.8559248,-0.764,9.234,1.693,-0.029,0.018,0.027,27.3,24.45,-39.9,310.0
1787131010.8559504,-0.759,9.22,1.599,-0.032,0.025,0.018,27.15,24.3,-39.6,333.0
1787131010.859225,-0.828,9.213,1.628,-0.02,0.033,0.019,26.25,25.65,-41.7,333.0
1787131011.063151,-0.759,9.364,1.769,0.002,-0.031,-0.001,27.15,23.55,-40.8,326.0
1787131011.0631866,-0.709,9.397,1.707,-0.018,-0.011,-0.009,26.25,24.15,-39.9,291.0
1787131011.0631938,-0.694,9.376,1.693,-0.018,-0.002,-0.018,25.5,24.15,-40.65,291.0
1787131011.267924,-0.599,9.275,1.659,-0.051,0.063,-0.007,27.15,23.55,-41.1,323.0
1787131011.2679505,-0.687,9.28,1.642,-0.049,0.085,-0.02,27.45,23.85,-39.6,302.0
1787131011.2679622,-0.737,9.21,1.709,-0.038,0.084,-0.011,26.4,23.55,-39.6,302.0
1787131011.4692173,-0.852,9.251,1.688,-0.021,0.047,0.007,28.8,24.15,-40.95,323.0
1787131011.4817843,-0.876,9.17,1.721,-0.02,0.021,0.01,27.9,22.8,-40.35,315.0
1787131011.4818096,-0.809,9.191,1.712,-0.009,0.016,0.019,26.25,22.95,-41.25,315.0
1787131011.6783915,-0.737,9.515,1.817,0.016,-0.037,-0.03,28.2,24.3,-41.1,309.0
1787131011.6784172,-0.737,9.562,1.834,-0.008,-0.02,-0.047,27.0,24.15,-40.2,305.0
1787131011.6784284,-0.694,9.495,1.853,-0.032,0.006,-0.059,26.4,23.85,-40.8,305.0
1787131011.8828318,-0.57,9.074,1.539,-0.042,0.014,0.007,27.15,25.5,-40.35,333.0
1787131011.882865,-0.658,9.11,1.53,-0.015,-0.015,0.038,27.75,24.45,-40.95,333.0
1787131011.8828764,-0.704,9.194,1.525,0.004,-0.046,0.057,27.3,23.25,-39.15,333.0
1787131012.0878758,-0.692,9.354,1.846,-0.01,0.007,0.009,25.65,25.05,-40.35,322.0
1787131012.0879009,-0.776,9.33,1.832,-0.016,0.011,0.001,25.8,24.15,-39.45,322.0
1787131012.0879126,-0.836,9.316,1.664,-0.025,-0.001,0.007,26.7,24.3,-40.05,322.0
1787131012.2911963,-0.464,9.419,1.638,0.039,-0.046,-0.001,25.95,23.85,-40.35,357.0
1787131012.4978504,-0.737,9.268,1.556,0.017,-0.014,0.013,25.05,24.45,-40.65,352.0
1787131012.4980829,-0.709,9.366,1.635,0.016,-0.009,0.006,26.4,23.55,-39.6,352.0
1787131012.498101,-0.718,9.33,1.697,0.003,0.008,-0.005,26.7,23.85,-37.8,352.0
1787131012.7035372,-0.543,9.383,1.583,-0.06,0.095,-0.055,25.95,24.75,-40.8,307.0
1787131012.703563,-0.608,9.297,1.645,-0.062,0.103,-0.055,27.45,25.05,-39.3,307.0
1787131012.7035751,-0.57,9.237,1.549,-0.053,0.088,-0.045,26.4,24.3,-40.8,307.0
1787131012.9078846,-0.848,9.445,1.638,0.008,-0.005,0.02,26.4,24.3,-40.35,320.0
1787131012.9079096,-0.84,9.407,1.657,0.003,-0.002,0.0,26.55,24.15,-41.25,320.0
1787131012.9079213,-0.713,9.452,1.697,-0.01,0.011,-0.015,26.25,23.7,-41.7,320.0
1787131013.1127496,-0.718,9.28,1.513,-0.042,0.057,-0.016,26.55,25.65,-39.9,326.0
1787131013.1127744,-0.692,9.203,1.453,-0.035,0.034,-0.005,27.75,24.45,-40.95,326.0
1787131013.1127853,-0.733,9.175,1.482,-0.024,0.009,0.004,25.8,23.7,-40.95,326.0
1787131013.3180761,-0.747,9.369,1.676,0.002,-0.013,0.008,25.95,25.5,-40.05,358.0
1787131013.3181014,-0.833,9.366,1.719,-0.013,-0.009,-0.003,26.7,23.1,-39.6,358.0
1787131013.3181126,-0.802,9.376,1.678,-0.025,0.003,-0.016,26.7,24.75,-39.6,358.0
1787131013.5232027,-0.713,9.251,1.539,-0.027,0.002,-0.005,27.45,23.85,-41.1,326.0
1787131013.5232282,-0.673,9.239,1.518,-0.015,-0.002,0.002,28.2,23.1,-40.05,326.0
1787131013.5232396,-0.685,9.242,1.528,-0.001,0.007,0.005,26.4,24.3,-41.85,326.0
1787131013.7278779,-0.723,9.347,1.712,-0.021,0.012,0.003,27.9,23.1,-40.35,315.0
1787131013.7279031,-0.723,9.347,1.635,-0.025,0.03,0.0,26.4,24.3,-41.1,315.0
1787131013.7279146,-0.723,9.287,1.628,-0.032,0.031,0.002,26.7,24.75,-39.3,329.0
1787131013.9323227,-0.69,9.297,1.69,-0.023,0.021,-0.016,27.9,24.75,-40.05,325.0
1787131013.9323468,-0.649,9.328,1.695,-0.025,0.014,-0.01,27.75,24.9,-39.9,325.0
1787131014.1384032,-0.826,9.33,1.571,-0.001,-0.024,0.014,27.75,24.15,-40.95,324.0
1787131014.1384296,-0.797,9.349,1.647,-0.009,-0.028,0.005,27.0,25.2,-41.25,324.0
1787131014.1384408,-0.826,9.347,1.666,-0.008,-0.019,-0.004,28.2,24.75,-40.8,324.0
1787131014.343173,-0.704,9.342,1.669,-0.033,0.035,-0.019,26.7,23.85,-41.55,293.0
1787131014.343198,-0.685,9.309,1.621,-0.037,0.038,-0.015,27.75,25.2,-40.65,293.0
1787131014.34328,-0.692,9.266,1.614,-0.025,0.026,-0.01,26.4,24.3,-40.8,293.0
1787131014.547772,-0.773,9.352,1.717,-0.005,0.005,-0.004,27.15,23.55,-40.05,279.0
1787131014.5477965,-0.788,9.313,1.745,-0.019,0.021,-0.015,26.7,23.85,-40.05,279.0
1787131014.5478077,-0.752,9.256,1.776,-0.025,0.037,-0.019,26.7,25.05,-40.05,279.0
1787131014.752981,-0.812,9.29,1.652,-0.027,0.035,-0.004,26.7,25.05,-40.05,296.0
1787131014.7530072,-0.831,9.275,1.638,-0.031,0.022,-0.002,27.0,24.9,-41.25,296.0
1787131014.7530627,-0.824,9.273,1.595,-0.025,-0.003,-0.003,27.15,24.3,-40.35,296.0
1787131014.9578824,-0.757,9.282,1.647,-0.03,0.034,-0.006,27.3,26.1,-40.95,325.0
1787131014.957908,-0.682,9.313,1.642,-0.029,0.033,-0.004,25.8,25.65,-41.7,315.0
1787131014.957919,-0.711,9.313,1.652,-0.03,0.035,0.001,26.55,24.15,-40.65,315.0
1787131015.1624951,-0.86,9.093,1.492,-0.006,0.003,0.039,27.45,23.85,-41.55,329.0
1787131015.1625214,-0.91,9.237,1.559,0.019,-0.016,0.045,28.05,24.45,-41.25,329.0
1787131015.1625335,-0.962,9.301,1.585,0.031,-0.035,0.041,29.4,25.05,-41.55,329.0
1787131015.3680606,-0.943,9.395,1.681,0.036,-0.048,0.027,27.9,24.75,-40.35,329.0
1787131015.3680844,-0.804,9.357,1.736,0.022,-0.032,-0.001,28.5,25.2,-42.75,329.0
1787131015.368096,-0.766,9.426,1.702,0.004,0.0,-0.023,27.45,23.85,-41.1,329.0
1787131015.5731778,-0.795,9.378,1.779,-0.01,-0.021,-0.004,25.8,24.9,-42.0,295.0
1787131015.573203,-0.735,9.333,1.786,-0.022,-0.001,-0.009,28.65,24.75,-41.85,295.0
1787131015.5732148,-0.728,9.337,1.82,-0.027,0.011,-0.006,28.05,23.25,-40.95,295.0
1787131015.7776692,-0.687,9.244,1.697,-0.01,-0.027,0.005,27.0,24.15,-39.45,300.0
1787131015.7776937,-0.67,9.275,1.709,-0.007,-0.022,0.009,25.65,24.75,-39.0,300.0
1787131015.7777047,-0.709,9.306,1.693,-0.016,-0.012,0.003,27.0,24.9,-40.95,328.0
1787131015.9827502,-0.781,9.258,1.681,-0.026,0.0,0.009,27.3,25.2,-40.65,300.0
1787131015.9827747,-0.766,9.287,1.662,-0.02,-0.001,0.002,27.3,24.15,-41.55,300.0
1787131015.9827867,-0.79,9.309,1.611,-0.016,0.002,0.003,27.0,23.25,-40.65,291.0
1787131016.188254,-0.757,9.321,1.678,-0.014,0.009,-0.01,27.3,24.45,-40.95,320.0
1787131016.1882796,-0.716,9.304,1.669,-0.016,0.002,-0.005,27.0,23.7,-39.9,320.0
1787131016.1882906,-0.661,9.34,1.69,-0.016,-0.002,-0.001,28.05,23.25,-40.2,354.0
1787131016.3923104,-0.713,9.34,1.657,-0.026,-0.001,-0.003,25.5,23.25,-40.2,354.0
1787131016.3923354,-0.704,9.294,1.671,-0.024,0.01,0.005,27.45,24.75,-40.8,354.0
1787131016.3923466,-0.73,9.333,1.628,-0.023,0.01,0.0,25.95,24.75,-40.35,354.0
1787131016.5974085,-0.728,9.256,1.719,-0.051,0.056,-0.027,27.0,23.7,-41.7,313.0
1787131016.597434,-0.742,9.213,1.7,-0.042,0.038,-0.012,25.95,23.85,-40.8,313.0
1787131016.5974457,-0.733,9.136,1.528,-0.039,0.025,-0.007,27.15,23.1,-41.85,327.0
1787131016.8045208,-0.675,9.258,1.628,0.04,-0.055,0.013,27.45,25.05,-40.8,312.0
1787131016.8045468,-0.67,9.275,1.709,0.045,-0.031,0.011,26.25,24.9,-38.7,312.0
1787131017.0095325,-0.682,9.254,1.628,-0.032,0.012,-0.024,25.5,24.9,-39.45,340.0
1787131017.0095565,-0.611,9.261,1.542,-0.043,-0.016,-0.02,27.0,24.15,-39.9,340.0
1787131017.009568,-0.546,9.239,1.523,-0.035,-0.031,-0.006,25.95,23.1,-40.05,340.0
1787131017.2104325,-0.613,9.194,1.678,-0.01,0.007,0.011,25.5,23.7,-39.45,358.0
1787131017.417752,-0.594,9.321,1.616,-0.027,0.038,-0.035,25.65,25.5,-40.8,324.0
1787131017.4177787,-0.63,9.335,1.618,-0.024,0.04,-0.029,25.05,23.25,-39.9,352.0
1787131017.4177902,-0.716,9.313,1.611,-0.019,0.028,-0.014,25.95,24.75,-38.55,352.0
1787131017.6221938,-0.596,9.246,1.697,-0.07,0.129,-0.056,25.95,24.3,-40.35,365.0
1787131017.6222196,-0.582,9.225,1.563,-0.078,0.13,-0.053,27.0,24.75,-41.55,365.0
1787131017.8281538,-1.07,9.287,1.583,0.024,0.005,0.024,27.0,23.7,-40.65,365.0
1787131017.8281882,-0.931,9.227,1.633,0.024,0.004,0.009,25.95,23.85,-41.1,337.0
1787131017.8281953,-1.006,9.337,1.642,0.021,0.021,0.002,27.15,24.3,-40.8,337.0
1787131018.032861,-0.828,9.325,1.678,-0.055,0.031,-0.028,27.75,24.15,-41.25,337.0
1787131018.0328872,-0.766,9.325,1.64,-0.061,0.023,-0.025,26.55,24.45,-40.2,319.0
1787131018.0328987,-0.737,9.306,1.571,-0.065,0.023,-0.022,28.05,24.9,-40.65,319.0
1787131018.2378693,-0.754,9.34,1.7,-0.015,-0.002,0.011,27.75,23.7,-40.65,342.0
1787131018.2378948,-0.795,9.38,1.772,-0.026,0.003,0.014,27.45,24.3,-40.8,330.0
1787131018.2379065,-0.814,9.38,1.774,-0.036,0.011,0.012,26.25,24.45,-40.95,330.0
1787131018.4426646,-0.828,9.278,1.621,-0.043,0.021,-0.019,26.7,24.75,-40.05,342.0
1787131018.44269,-0.824,9.215,1.618,-0.043,0.016,-0.008,25.95,23.85,-40.8,342.0
1787131018.442701,-0.848,9.239,1.642,-0.034,0.01,-0.004,27.3,24.15,-39.9,342.0
1787131018.6472945,-0.735,9.306,1.733,-0.017,0.007,-0.005,27.9,23.55,-41.55,365.0
1787131018.6473196,-0.745,9.29,1.714,-0.022,0.024,-0.006,27.3,24.9,-40.65,365.0
1787131018.6473305,-0.769,9.328,1.738,-0.021,0.03,-0.003,27.75,23.7,-40.2,352.0
1787131018.8505855,-0.881,9.256,1.563,0.01,-0.016,0.032,28.2,23.85,-41.85,313.0
1787131019.0581543,-0.828,9.261,1.508,0.004,-0.045,0.022,27.15,23.1,-40.35,318.0
1787131019.05818,-0.795,9.258,1.551,0.005,-0.038,0.002,26.4,24.3,-40.8,318.0
1787131019.058191,-0.785,9.337,1.623,0.018,-0.028,-0.003,27.9,24.3,-40.05,318.0
1787131019.2627506,-0.795,9.227,1.563,-0.048,0.002,0.012,28.8,23.7,-40.65,299.0
1787131019.2627776,-0.807,9.222,1.494,-0.037,0.007,0.011,25.95,24.75,-39.3,299.0
1787131019.2627885,-0.781,9.22,1.525,-0.019,0.014,0.004,25.95,24.75,-39.3,299.0
1787131019.4673958,-0.709,9.294,1.671,-0.032,0.001,-0.013,25.95,23.85,-40.8,324.0
1787131019.4674218,-0.781,9.318,1.719,-0.039,0.008,-0.011,26.55,25.65,-41.25,324.0
1787131019.467433,-0.8,9.33,1.587,-0.039,0.022,-0.009,26.7,23.1,-41.1,324.0
1787131019.6720695,-0.594,9.34,1.822,-0.044,0.044,-0.023,27.75,22.2,-40.65,328.0
1787131019.6720972,-0.546,9.371,1.791,-0.056,0.058,-0.018,27.3,23.25,-40.65,328.0
1787131019.6721082,-0.622,9.366,1.788,-0.068,0.076,-0.019,26.4,24.3,-39.6,328.0
1787131019.8776348,-0.95,8.969,1.578,0.007,0.029,0.076,27.45,23.85,-39.3,331.0
1787131019.8776596,-1.049,9.048,1.384,0.022,-0.028,0.096,28.2,23.55,-39.0,331.0
1787131019.8776703,-1.061,9.024,1.396,0.053,-0.096,0.1,27.9,23.55,-40.05,331.0
1787131020.082162,-0.599,9.598,2.006,-0.04,0.032,-0.075,26.4,25.05,-40.8,331.0
1787131020.0821867,-0.558,9.44,1.896,-0.065,0.074,-0.084,26.7,25.05,-40.05,323.0
1787131020.082198,-0.639,9.443,1.848,-0.09,0.087,-0.085,27.0,26.1,-40.95,323.0
1787131020.2877243,-0.62,9.201,1.623,0.043,-0.084,0.061,27.15,24.75,-41.55,322.0
1787131020.2877505,-0.57,9.38,1.65,0.048,-0.087,0.065,25.95,22.8,-39.6,336.0
1787131020.2877612,-0.63,9.464,1.738,0.046,-0.053,0.068,26.55,24.9,-39.45,336.0
1787131020.492106,-0.769,9.187,1.427,-0.046,0.09,-0.04,27.0,22.5,-39.9,320.0
1787131020.4921308,-0.795,9.196,1.489,-0.035,0.004,-0.026,26.4,25.5,-40.05,320.0
1787131020.6971476,-0.776,9.28,1.604,-0.031,0.016,0.03,27.15,24.75,-40.05,343.0
1787131020.6971724,-0.812,9.364,1.618,-0.02,0.007,0.032,27.3,24.45,-40.65,343.0
1787131020.6971838,-0.821,9.268,1.542,-0.009,-0.003,0.023,26.55,24.9,-40.65,343.0
1787131020.9024954,-0.716,9.385,1.726,-0.014,0.001,-0.018,27.15,25.8,-40.8,362.0
1787131020.9025216,-0.654,9.402,1.721,-0.025,0.003,-0.026,27.3,24.45,-39.9,362.0
1787131020.9025326,-0.692,9.388,1.702,-0.037,0.009,-0.032,26.4,23.55,-40.35,362.0
1787131021.1077092,-0.558,9.263,1.604,-0.003,0.008,0.021,26.55,24.45,-40.95,339.0
1787131021.1077344,-0.713,9.256,1.592,0.003,0.005,0.036,26.25,24.45,-40.95,339.0
1787131021.1077461,-0.651,9.373,1.662,-0.001,0.002,0.03,28.05,24.45,-40.65,339.0
1787131021.312751,-0.723,9.359,1.623,-0.018,-0.009,-0.002,27.45,25.05,-41.1,330.0
1787131021.3127756,-0.721,9.335,1.635,-0.013,0.016,-0.017,27.45,23.1,-40.8,330.0
1787131021.3127866,-0.737,9.325,1.688,-0.019,0.037,-0.021,27.45,24.75,-40.8,330.0
1787131021.5174334,-0.682,9.299,1.587,-0.019,-0.004,-0.004,27.9,25.5,-40.05,329.0
1787131021.5174582,-0.644,9.318,1.556,-0.01,0.015,-0.008,27.0,24.45,-42.0,329.0
1787131021.5174692,-0.606,9.328,1.609,-0.007,0.03,-0.006,25.95,24.75,-40.35,329.0
1787131021.722446,-0.704,9.323,1.75,-0.039,0.045,-0.012,26.4,25.5,-42.3,316.0
1787131021.722542,-0.752,9.28,1.645,-0.04,0.042,-0.011,26.7,25.05,-41.1,316.0
1787131021.7225542,-0.69,9.256,1.58,-0.035,0.038,-0.012,26.7,25.05,-40.35,316.0
1787131021.927042,-0.764,9.333,1.7,-0.033,0.025,-0.013,28.65,24.3,-41.55,303.0
1787131021.9270668,-0.773,9.297,1.738,-0.022,0.028,-0.016,26.25,23.7,-41.7,303.0
1787131021.9270778,-0.812,9.345,1.709,-0.028,0.025,-0.012,27.75,23.7,-39.9,303.0
1787131022.1299994,-0.766,9.215,1.628,-0.014,-0.004,0.015,28.05,23.25,-42.0,346.0
1787131022.3375258,-0.783,9.22,1.602,-0.01,-0.029,0.009,27.0,25.2,-42.0,292.0
1787131022.3375509,-0.816,9.275,1.63,-0.011,-0.023,0.009,28.05,22.95,-41.25,319.0
1787131022.3375626,-0.766,9.258,1.633,-0.01,-0.013,-0.004,29.55,24.15,-40.95,319.0
1787131022.5423484,-0.685,9.323,1.81,-0.036,0.021,-0.017,27.15,23.55,-41.55,351.0
1787131022.542374,-0.74,9.266,1.748,-0.04,0.026,-0.009,27.15,24.3,-41.1,351.0
1787131022.5423846,-0.795,9.268,1.719,-0.039,0.019,-0.003,26.4,23.1,-41.1,305.0
1787131022.7428322,-0.879,9.335,1.81,-0.005,0.005,-0.005,27.3,25.65,-40.65,305.0
1787131022.7476192,-0.833,9.373,1.879,-0.022,0.003,-0.003,25.95,23.85,-41.85,305.0
1787131022.7476444,-0.833,9.297,1.779,-0.032,0.013,-0.008,28.2,23.85,-42.6,305.0
1787131022.9519918,-0.747,9.232,1.709,-0.025,0.02,-0.019,26.55,24.45,-39.45,329.0
1787131022.9520166,-0.725,9.234,1.681,-0.019,0.02,-0.005,27.75,24.45,-41.25,329.0
1787131022.9520292,-0.742,9.261,1.719,-0.015,0.014,0.004,28.05,22.95,-42.0,329.0
1787131023.157752,-0.862,9.196,1.712,-0.031,0.03,-0.009,27.45,24.75,-41.55,329.0
1787131023.1577783,-0.848,9.167,1.669,-0.02,0.022,0.0,27.75,23.7,-42.75,329.0
1787131023.1577897,-0.855,9.167,1.626,-0.018,0.005,0.003,27.3,24.15,-41.7,329.0
1787131023.3617992,-0.939,9.316,1.788,0.014,-0.03,-0.011,28.8,23.7,-39.45,329.0
1787131023.361825,-0.764,9.361,1.791,0.001,-0.022,-0.01,27.45,24.3,-41.85,329.0
1787131023.3618362,-0.704,9.359,1.796,-0.008,0.01,-0.015,28.5,25.65,-39.9,329.0
1787131023.5667176,-0.8,9.21,1.695,-0.01,-0.009,0.014,27.15,23.55,-41.55,313.0
1787131023.5667424,-0.766,9.232,1.666,0.001,-0.005,0.01,27.3,22.95,-40.65,313.0
1787131023.5667536,-0.816,9.218,1.767,0.002,0.0,0.007,28.5,24.45,-40.95,313.0
1787131023.7698572,-0.91,9.282,1.683,-0.012,-0.003,0.003,27.45,24.3,-41.1,323.0
1787131023.977704,-0.783,9.275,1.724,-0.023,0.008,0.003,27.9,24.75,-40.35,326.0
1787131023.9777293,-0.761,9.237,1.748,-0.019,0.01,0.006,27.3,22.95,-40.2,326.0
1787131023.9777408,-0.776,9.292,1.748,-0.015,0.011,0.007,27.45,23.1,-41.55,326.0
1787131024.1820214,-0.792,9.242,1.776,-0.035,0.053,-0.03,28.5,24.9,-41.7,291.0
1787131024.1820452,-0.769,9.275,1.762,-0.044,0.059,-0.036,28.05,23.7,-41.25,291.0
1787131024.182058,-0.759,9.306,1.788,-0.044,0.063,-0.027,27.3,24.15,-40.95,291.0
1787131024.3867295,-1.07,9.213,1.733,0.059,-0.081,0.035,28.2,25.05,-40.8,331.0
1787131024.3867543,-0.95,9.28,1.702,0.055,-0.072,0.021,27.45,23.85,-41.1,331.0
1787131024.386765,-0.917,9.333,1.793,0.048,-0.051,0.011,26.55,23.7,-40.2,331.0
1787131024.5921645,-0.697,9.134,1.547,-0.016,0.008,-0.006,27.9,24.3,-41.55,310.0
1787131024.5921896,-0.694,9.242,1.53,-0.008,-0.011,0.006,28.2,24.75,-41.85,310.0
1787131024.5922008,-0.678,9.194,1.602,0.003,-0.016,0.007,27.3,23.7,-40.2,310.0
1787131024.7966309,-0.824,9.266,1.628,-0.052,0.07,0.001,28.5,23.7,-41.25,348.0
1787131024.7966554,-0.903,9.199,1.559,-0.053,0.055,0.016,27.15,25.05,-40.35,348.0
1787131024.7966666,-0.929,9.184,1.547,-0.039,0.016,0.031,27.3,24.9,-42.0,348.0
1787131025.0023062,-0.807,9.299,1.8,0.009,-0.047,-0.017,27.15,24.75,-41.1,348.0
1787131025.002332,-0.749,9.249,1.812,0.004,-0.034,-0.028,26.55,24.15,-40.65,348.0
1787131025.002343,-0.728,9.263,1.772,-0.015,-0.01,-0.031,27.3,25.2,-41.25,365.0
1787131025.2064395,-0.68,9.359,1.645,0.007,-0.001,-0.009,25.8,22.95,-41.7,353.0
1787131025.2064633,-0.73,9.357,1.702,0.005,-0.007,-0.001,26.7,23.55,-40.8,353.0
1787131025.2064748,-0.713,9.409,1.717,0.0,-0.012,0.011,26.7,24.3,-40.8,368.0
1787131025.4110856,-0.773,9.304,1.592,-0.027,0.03,-0.013,27.45,25.05,-40.05,378.0
1787131025.4111118,-0.876,9.359,1.686,-0.014,0.01,-0.014,27.3,24.45,-40.2,348.0
1787131025.617097,-0.721,9.392,1.815,-0.056,0.072,-0.049,27.0,23.7,-42.0,318.0
1787131025.6171217,-0.721,9.311,1.829,-0.074,0.102,-0.069,27.75,23.25,-41.7,318.0
1787131025.617134,-0.764,9.29,1.848,-0.091,0.125,-0.079,28.2,24.3,-41.1,318.0
1787131025.821534,-0.948,9.098,1.769,0.015,0.044,0.037,27.9,23.55,-41.55,277.0
1787131025.82156,-1.022,9.153,1.803,0.027,0.012,0.058,28.65,23.85,-41.1,277.0
1787131025.8215709,-1.063,9.244,1.827,0.027,-0.013,0.061,27.0,23.25,-41.25,277.0
1787131026.0269191,-1.022,9.342,1.757,-0.013,-0.036,-0.018,27.75,23.25,-40.95,355.0
1787131026.0269442,-1.061,9.287,1.779,-0.019,-0.016,-0.036,29.4,23.55,-41.1,355.0
1787131026.0269556,-0.917,9.349,1.853,-0.014,0.006,-0.051,28.8,22.95,-40.65,355.0
1787131026.2376595,-0.781,9.218,1.748,-0.04,-0.003,-0.006,28.95,23.85,-41.55,330.0
1787131026.237685,-0.735,9.246,1.767,-0.029,0.005,-0.005,28.2,23.1,-41.55,330.0
1787131026.2376962,-0.79,9.201,1.81,-0.022,0.014,0.007,27.45,24.3,-40.8,330.0
1787131026.4363415,-0.934,9.261,1.844,-0.01,0.007,0.019,27.15,23.85,-41.55,336.0
1787131026.4363663,-0.965,9.234,1.8,-0.018,0.024,0.008,26.55,23.25,-41.25,336.0
1787131026.4363787,-1.006,9.237,1.812,-0.009,0.02,0.0,27.45,23.85,-41.1,336.0
1787131026.6474273,-0.917,9.258,1.853,-0.023,-0.002,-0.02,28.8,22.2,-41.7,331.0
1787131026.647452,-0.838,9.251,1.772,-0.023,-0.003,-0.021,28.65,22.8,-40.8,331.0
1787131026.647463,-0.836,9.266,1.741,-0.022,-0.001,-0.013,28.65,23.1,-41.85,331.0
1787131026.846411,-0.821,9.261,1.788,-0.005,-0.003,0.02,28.2,23.85,-42.3,340.0
1787131026.8464353,-0.848,9.282,1.839,-0.007,0.006,0.021,27.45,23.55,-40.8,340.0
1787131026.8464463,-0.917,9.239,1.805,-0.012,0.004,0.013,28.05,24.15,-39.9,340.0
1787131027.0512102,-0.843,9.352,1.841,-0.018,0.012,-0.011,28.05,22.95,-41.25,342.0
1787131027.0512543,-0.807,9.287,1.87,-0.03,0.021,-0.014,29.25,23.7,-40.95,342.0
1787131027.2560992,-0.831,9.292,1.776,-0.02,0.015,-0.007,27.15,24.3,-39.3,274.0
1787131027.2561247,-0.843,9.27,1.836,-0.026,0.017,-0.016,27.75,22.95,-42.0,274.0
1787131027.2561371,-0.871,9.297,1.832,-0.025,0.023,-0.02,28.2,23.85,-42.6,274.0
1787131027.461522,-0.91,9.201,1.776,0.003,-0.007,0.001,28.65,24.3,-41.55,274.0
1787131027.4615479,-0.85,9.321,1.772,-0.001,-0.012,0.002,26.25,23.25,-40.65,274.0
1787131027.461559,-0.824,9.187,1.817,0.001,-0.016,-0.001,27.75,22.95,-40.65,358.0
1787131027.6669037,-0.769,9.266,1.827,-0.04,0.041,-0.014,28.5,22.5,-41.25,345.0
1787131027.6669297,-0.84,9.273,1.779,-0.038,0.05,-0.016,27.75,23.7,-40.2,345.0
1787131027.666941,-0.804,9.251,1.786,-0.035,0.045,-0.009,27.3,22.2,-39.9,354.0
1787131027.871475,-0.922,9.239,1.769,0.023,-0.047,0.018,28.65,22.35,-41.1,344.0
1787131027.8715003,-0.891,9.263,1.81,0.012,-0.039,-0.001,25.95,22.35,-39.6,344.0
1787131027.8715115,-0.893,9.208,1.877,0.016,-0.017,-0.002,28.5,22.5,-39.9,327.0
1787131028.077642,-0.809,9.354,1.853,-0.029,0.013,-0.029,27.75,23.7,-40.65,327.0
1787131028.0776668,-0.795,9.347,1.865,-0.035,0.024,-0.042,27.45,24.3,-40.35,327.0
1787131028.0776777,-0.754,9.299,1.786,-0.042,0.034,-0.037,29.55,23.25,-40.95,327.0
1787131028.2812715,-0.752,9.251,1.827,-0.048,0.029,-0.041,28.95,22.8,-40.35,327.0
1787131028.281297,-0.67,9.318,1.815,-0.048,0.036,-0.042,27.3,24.9,-41.25,327.0
1787131028.2813077,-0.646,9.287,1.784,-0.048,0.051,-0.038,27.3,23.25,-41.7,327.0
1787131028.4867945,-1.18,9.093,1.729,0.076,-0.088,0.074,28.5,23.25,-41.7,321.0
1787131028.4868197,-1.046,9.203,1.8,0.08,-0.087,0.055,27.9,23.85,-41.85,321.0
1787131028.4868312,-1.125,9.313,1.875,0.084,-0.071,0.043,28.2,23.1,-39.6,321.0
1787131028.6915157,-0.761,9.191,1.709,-0.072,0.021,-0.047,28.8,24.15,-42.75,336.0
1787131028.8986557,-0.828,9.369,1.915,-0.003,-0.001,0.022,27.15,23.85,-42.6,314.0
1787131028.8986807,-0.867,9.357,1.853,-0.03,0.007,0.003,27.9,23.55,-41.1,314.0
1787131028.8986924,-0.783,9.357,1.757,-0.042,0.037,-0.011,28.05,23.25,-41.25,314.0
1787131029.101213,-0.773,9.203,1.676,0.054,-0.057,0.064,27.75,24.15,-40.65,356.0
1787131029.101297,-0.742,9.321,1.688,0.053,-0.083,0.074,26.55,22.95,-41.7,323.0
1787131029.1013088,-0.651,9.373,1.822,0.034,-0.084,0.057,27.75,24.45,-41.7,323.0
1787131029.3062494,-0.783,9.301,1.659,-0.035,0.014,0.01,29.4,23.1,-40.8,342.0
1787131029.306275,-0.733,9.321,1.628,-0.012,0.026,-0.007,28.65,24.75,-42.3,365.0
1787131029.306286,-0.852,9.234,1.571,-0.012,0.02,-0.016,27.15,23.85,-42.6,365.0
1787131029.5116513,-0.62,9.234,1.671,-0.048,0.048,-0.029,28.5,24.9,-40.95,365.0
1787131029.5116773,-0.611,9.194,1.683,-0.04,0.04,-0.011,27.45,23.85,-40.35,322.0
1787131029.5116885,-0.62,9.177,1.585,-0.031,0.034,0.002,28.2,25.5,-41.55,322.0
1787131029.7165956,-0.74,9.345,1.875,-0.018,0.07,-0.042,27.15,22.35,-42.3,322.0
1787131029.716622,-0.771,9.376,1.81,-0.037,0.056,-0.036,28.5,23.7,-43.2,316.0
1787131029.716633,-0.747,9.354,1.82,-0.048,0.048,-0.02,28.8,25.2,-42.0,316.0
1787131029.9211082,-0.838,9.189,1.726,-0.014,0.005,0.01,28.65,24.75,-40.35,380.0
1787131029.9211328,-0.845,9.239,1.702,-0.024,-0.015,0.008,26.55,24.9,-42.75,380.0
1787131029.9211442,-0.838,9.244,1.657,-0.026,-0.012,0.01,28.5,24.45,-41.7,380.0
1787131030.1263192,-0.716,9.395,1.899,-0.048,0.038,-0.059,28.2,23.55,-40.35,343.0
1787131030.1263416,-0.769,9.335,1.884,-0.061,0.043,-0.053,27.0,23.7,-41.25,343.0
1787131030.1263525,-0.692,9.349,1.781,-0.072,0.047,-0.044,28.5,22.95,-42.0,343.0
1787131030.329199,-0.836,9.244,1.729,-0.003,-0.013,0.014,28.95,23.55,-41.85,357.0
1787131030.5361006,-0.857,9.263,1.757,-0.027,0.031,-0.022,27.45,23.85,-41.1,349.0
1787131030.5361238,-0.795,9.199,1.772,-0.029,0.033,-0.013,27.9,22.8,-41.55,349.0
1787131030.5361345,-0.721,9.251,1.772,-0.024,0.042,-0.015,28.2,23.55,-42.6,349.0
1787131030.7413335,-0.874,9.199,1.853,-0.024,0.079,-0.009,28.05,22.95,-41.7,370.0
1787131030.7413585,-0.917,9.194,1.805,-0.021,0.074,-0.011,31.05,23.25,-42.0,370.0
1787131030.74137,-0.912,9.155,1.793,-0.028,0.069,-0.005,27.45,23.55,-41.55,370.0
1787131030.9459717,-0.934,9.328,1.872,0.032,-0.011,0.002,29.25,23.7,-41.7,370.0
1787131030.9459965,-0.907,9.33,1.944,0.016,0.006,-0.01,29.55,22.2,-42.75,370.0
1787131030.9460077,-0.876,9.323,1.949,-0.003,0.024,-0.002,29.55,23.7,-43.2,370.0
1787131031.151008,-0.843,9.244,1.755,-0.022,0.037,-0.014,29.4,23.55,-42.3,401.0
1787131031.1510327,-0.843,9.227,1.669,-0.016,0.036,-0.015,28.2,22.35,-42.3,401.0
1787131031.1510437,-0.819,9.203,1.69,-0.007,0.032,-0.01,27.45,21.9,-42.3,401.0
1787131031.361985,-0.986,9.301,1.733,-0.005,0.002,0.009,29.25,23.7,-41.25,454.0
1787131031.3620098,-0.927,9.256,1.81,-0.002,-0.001,-0.001,28.95,23.1,-43.35,454.0
1787131031.3620212,-0.907,9.234,1.812,-0.01,0.005,-0.007,28.65,23.55,-43.35,454.0
1787131031.5610547,-0.828,9.349,1.736,-0.012,0.004,-0.017,27.9,23.85,-41.55,388.0
1787131031.5610795,-0.809,9.282,1.76,-0.018,0.004,-0.022,28.8,23.25,-42.75,388.0
1787131031.5610912,-0.778,9.311,1.788,-0.024,0.012,-0.017,28.8,22.95,-42.0,388.0
1787131031.7665617,-0.927,9.249,1.738,0.01,-0.006,0.015,28.8,23.25,-42.45,388.0
1787131031.766587,-0.953,9.28,1.705,0.011,-0.028,0.016,28.95,22.8,-41.1,389.0
1787131031.7665985,-0.965,9.273,1.726,0.014,-0.04,0.018,28.05,25.2,-42.0,389.0
1787131031.9689457,-0.73,9.249,1.765,-0.046,0.042,-0.038,29.25,22.2,-42.45,415.0
1787131032.176284,-1.022,9.16,1.738,0.047,-0.023,0.065,28.8,22.95,-42.45,341.0
1787131032.17631,-1.061,9.244,1.688,0.058,-0.034,0.057,27.45,23.55,-43.35,341.0
1787131032.1763213,-1.164,9.306,1.76,0.066,-0.06,0.055,30.3,24.15,-43.5,341.0
1787131032.3807352,-0.888,9.481,1.719,-0.028,-0.018,-0.053,29.85,24.45,-42.75,348.0
1787131032.3807592,-0.673,9.536,1.726,-0.041,0.004,-0.071,28.65,24.75,-41.85,348.0
1787131032.380772,-0.553,9.529,1.767,-0.051,0.045,-0.087,28.65,23.1,-42.3,348.0
1787131032.5858061,-0.747,9.105,1.539,-0.019,0.023,0.091,28.8,22.95,-40.95,391.0
1787131032.58583,-0.876,9.11,1.47,0.006,0.012,0.11,28.05,23.7,-44.25,391.0
1787131032.5858414,-0.917,9.227,1.463,0.04,-0.009,0.113,29.55,24.45,-41.7,391.0
1787131032.7913299,-1.097,9.179,1.607,-0.009,-0.042,0.034,28.95,24.75,-43.65,390.0
1787131032.7913558,-1.027,9.167,1.575,0.003,-0.063,0.036,30.15,26.55,-43.05,390.0
1787131032.791367,-1.063,9.239,1.575,0.034,-0.089,0.02,27.9,25.05,-42.3,390.0
1787131032.9961417,-0.505,9.376,1.729,-0.051,-0.009,-0.051,28.2,24.75,-43.05,378.0
1787131032.9961667,-0.498,9.309,1.59,-0.049,-0.003,-0.045,28.05,22.2,-42.45,378.0
1787131032.996178,-0.462,9.294,1.547,-0.056,0.009,-0.036,27.9,23.1,-41.55,378.0
1787131033.2015686,-0.69,9.28,1.616,0.027,-0.051,0.076,28.2,23.55,-41.85,409.0
1787131033.2015927,-0.8,9.371,1.652,0.035,-0.037,0.074,28.65,24.75,-42.3,409.0
1787131033.201604,-0.74,9.378,1.686,0.024,-0.022,0.062,28.05,25.2,-40.95,409.0
1787131033.4064016,-0.591,9.213,1.695,-0.07,0.055,-0.03,27.3,26.1,-40.95,359.0
1787131033.4064271,-0.895,9.179,1.499,-0.053,0.041,-0.012,28.5,24.9,-40.95,359.0
1787131033.4064386,-0.742,9.237,1.494,-0.029,0.013,-0.006,28.65,24.3,-42.3,359.0
1787131033.609292,-0.479,9.349,1.753,-0.027,0.013,-0.022,27.75,23.7,-40.95,379.0
1787131033.8156362,-0.644,9.167,1.714,-0.068,0.028,-0.034,29.55,22.95,-42.0,379.0
1787131033.8156607,-0.74,9.141,1.765,-0.061,0.011,-0.023,28.05,23.25,-42.75,379.0
1787131033.8156726,-0.706,9.254,1.693,-0.062,0.013,-0.027,28.05,22.5,-41.25,329.0
1787131034.02083,-0.759,9.29,1.765,-0.014,0.011,-0.017,28.65,23.55,-43.35,329.0
1787131034.0208642,-0.745,9.335,1.738,-0.028,0.027,-0.029,28.8,25.2,-41.7,329.0
1787131034.0208757,-0.728,9.285,1.719,-0.032,0.042,-0.038,27.0,22.2,-41.25,329.0
1787131034.226204,-0.809,9.254,1.717,0.026,-0.004,0.03,27.15,23.55,-41.1,353.0
1787131034.2262292,-0.783,9.27,1.755,0.021,-0.013,0.035,28.2,23.1,-42.3,353.0
1787131034.2262409,-0.895,9.33,1.724,0.015,-0.031,0.036,28.5,23.25,-42.45,353.0
1787131034.4306927,-0.781,9.34,1.812,-0.027,0.034,-0.003,28.95,24.3,-42.6,353.0
1787131034.430718,-0.711,9.225,1.772,-0.036,0.028,-0.004,28.05,24.45,-42.0,353.0
1787131034.430729,-0.69,9.268,1.645,-0.034,0.025,-0.004,27.3,24.45,-42.75,353.0
1787131034.6362584,-0.8,9.323,1.712,0.009,0.019,-0.003,29.25,23.7,-43.5,353.0
1787131034.636284,-0.852,9.337,1.724,-0.011,0.015,-0.01,29.85,22.95,-43.2,353.0
1787131034.636295,-0.826,9.318,1.788,-0.018,0.016,-0.006,29.25,22.95,-43.2,353.0
1787131034.841366,-0.862,9.275,1.674,-0.016,0.007,-0.015,28.5,24.9,-42.45,353.0
1787131034.8413913,-0.761,9.275,1.712,-0.015,-0.004,-0.014,28.95,22.35,-42.6,353.0
1787131034.8414028,-0.742,9.359,1.621,-0.019,0.006,-0.023,27.15,23.85,-41.25,353.0
1787131035.0456295,-0.816,9.249,1.76,-0.02,0.039,-0.014,28.8,23.7,-40.95,385.0
1787131035.045655,-0.809,9.313,1.738,-0.018,0.03,-0.012,28.95,23.85,-41.55,385.0
1787131035.045666,-0.821,9.323,1.753,-0.022,0.016,-0.012,28.05,22.2,-42.0,385.0
1787131035.2504797,-0.838,9.208,1.709,-0.024,0.01,-0.023,27.9,24.3,-42.6,385.0
1787131035.2505052,-0.86,9.201,1.697,-0.022,0.032,-0.028,27.9,22.35,-40.8,385.0
1787131035.455698,-0.97,9.436,1.805,0.011,-0.024,-0.002,29.55,23.25,-42.0,387.0
1787131035.4557228,-0.824,9.383,1.796,-0.005,-0.023,-0.015,28.95,22.8,-42.3,387.0
1787131035.455738,-0.886,9.34,1.786,-0.014,-0.011,-0.019,28.2,23.1,-41.85,387.0
1787131035.6608279,-0.776,9.28,1.566,-0.012,-0.026,0.027,28.2,23.1,-43.05,461.0
1787131035.6608613,-0.733,9.189,1.602,0.001,-0.014,0.029,29.25,23.7,-41.25,461.0
1787131035.660874,-0.879,9.258,1.7,0.011,-0.018,0.022,28.05,24.15,-41.7,461.0
1787131035.8661792,-0.9,9.261,1.683,-0.013,-0.004,0.006,28.95,23.1,-40.8,461.0
1787131035.8662045,-0.917,9.249,1.717,-0.012,-0.005,0.006,29.25,24.45,-42.45,461.0
1787131035.866216,-0.848,9.237,1.614,-0.012,0.004,-0.004,27.9,24.75,-41.1,461.0
1787131036.070809,-0.785,9.328,1.676,0.003,-0.005,-0.002,26.55,23.7,-42.0,461.0
1787131036.0708342,-0.783,9.412,1.647,-0.009,0.004,0.004,28.8,24.15,-40.95,461.0
1787131036.0708456,-0.821,9.313,1.702,-0.01,0.002,0.003,27.9,22.35,-41.85,461.0
1787131036.282286,-0.776,9.38,1.712,-0.01,0.003,0.006,27.45,23.1,-40.05,456.0
1787131036.2823102,-0.74,9.366,1.738,-0.032,0.022,0.0,27.15,23.85,-41.1,414.0
1787131036.2823217,-0.711,9.371,1.748,-0.037,0.054,-0.01,28.8,25.2,-41.7,414.0
1787131036.4868214,-0.869,9.153,1.539,0.001,-0.002,0.038,27.15,25.05,-41.85,414.0
1787131036.4868467,-0.871,9.175,1.539,0.012,-0.026,0.046,27.3,25.65,-41.7,414.0
1787131036.4868674,-0.915,9.266,1.535,0.015,-0.042,0.035,27.3,25.65,-41.7,414.0
1787131036.6856651,-0.778,9.404,1.803,-0.056,0.062,-0.071,27.9,24.3,-43.35,414.0
1787131036.6856897,-0.687,9.357,1.767,-0.062,0.08,-0.071,28.2,24.3,-43.05,414.0
1787131036.6857007,-0.723,9.342,1.64,-0.065,0.071,-0.057,27.75,23.25,-42.75,437.0
1787131036.8944542,-0.848,9.165,1.609,0.011,0.01,0.021,28.8,23.25,-41.7,419.0
1787131037.0954728,-0.812,9.354,1.733,-0.049,0.019,-0.01,28.5,23.7,-42.75,393.0
1787131037.0954983,-0.807,9.313,1.707,-0.048,0.004,0.002,28.65,23.55,-43.05,393.0
1787131037.09551,-0.831,9.373,1.628,-0.031,-0.009,0.002,28.05,22.5,-42.0,393.0
1787131037.3002276,-0.735,9.268,1.542,0.047,-0.048,0.086,27.9,24.3,-41.55,393.0
1787131037.3002512,-0.735,9.234,1.571,0.04,-0.051,0.081,28.95,23.55,-41.85,393.0
1787131037.3002622,-0.73,9.254,1.599,0.053,-0.022,0.067,27.3,25.2,-43.2,393.0
1787131037.5059793,-0.687,9.335,1.669,-0.019,0.081,-0.013,27.75,24.9,-42.0,362.0
1787131037.506008,-0.687,9.335,1.638,-0.024,0.075,-0.011,28.65,24.75,-41.85,362.0
1787131037.506019,-0.757,9.304,1.575,-0.027,0.047,0.005,28.65,24.3,-42.3,362.0
1787131037.710262,-0.735,9.316,1.623,0.003,0.025,-0.039,27.9,23.1,-42.6,408.0
1787131037.7102869,-0.749,9.33,1.63,0.001,0.026,-0.035,27.15,25.05,-42.3,408.0
1787131037.7102983,-0.694,9.481,1.688,-0.02,0.028,-0.036,27.0,25.2,-41.7,408.0
1787131037.9153054,-0.848,9.328,1.549,-0.064,0.035,-0.035,28.5,23.25,-42.0,408.0
1787131037.9153287,-0.728,9.249,1.561,-0.068,0.037,-0.036,28.8,24.15,-44.25,408.0
1787131037.9153397,-0.752,9.206,1.616,-0.06,0.063,-0.04,29.4,23.55,-43.35,408.0
1787131038.1203454,-0.943,9.301,1.733,-0.037,0.036,-0.037,29.7,26.55,-43.05,408.0
1787131038.1203692,-1.013,9.268,1.776,-0.031,0.033,-0.041,28.5,22.95,-43.5,408.0
1787131038.1203804,-0.955,9.323,1.762,-0.051,0.03,-0.047,29.4,23.1,-44.1,408.0
1787131038.3251348,-0.86,9.203,1.614,-0.032,0.012,-0.014,28.5,23.25,-42.0,408.0
1787131038.325162,-0.965,9.21,1.628,-0.01,0.014,-0.004,29.4,23.55,-44.1,450.0
1787131038.3251762,-0.97,9.206,1.662,0.001,-0.005,-0.004,29.25,24.15,-43.2,450.0
1787131038.5366359,-0.826,9.311,1.817,-0.073,0.064,-0.031,29.55,23.25,-44.25,450.0
1787131038.7357852,-1.039,9.244,1.793,-0.036,0.042,-0.015,29.7,23.85,-42.3,435.0
1787131038.7358112,-1.008,9.258,1.791,-0.029,0.047,-0.021,29.85,22.2,-42.75,435.0
1787131038.7358227,-1.044,9.258,1.815,-0.035,0.039,-0.015,28.8,23.7,-42.75,435.0
1787131038.9403734,-0.991,9.184,1.781,-0.034,0.049,-0.031,29.85,21.75,-43.95,435.0
1787131038.9403985,-0.97,9.172,1.762,-0.023,0.054,-0.027,29.7,22.35,-43.65,435.0
1787131038.9404094,-1.006,9.203,1.815,-0.011,0.043,-0.017,28.95,21.9,-43.65,435.0
1787131039.1451926,-1.025,9.189,1.865,-0.024,0.035,-0.003,30.45,23.1,-44.1,435.0
1787131039.1452172,-0.95,9.167,1.836,-0.023,0.045,-0.006,30.3,22.5,-44.25,435.0
1787131039.1452289,-1.092,9.165,1.841,-0.021,0.049,0.01,29.25,22.5,-44.25,435.0
1787131039.3500786,-1.094,9.249,1.925,0.0,0.028,-0.014,29.25,22.95,-43.5,435.0
1787131039.3501022,-1.061,9.309,1.951,-0.017,0.027,-0.018,29.85,21.45,-44.25,435.0
1787131039.3501139,-1.049,9.22,1.968,-0.027,0.035,-0.018,31.05,21.45,-42.75,435.0
1787131039.5564566,-1.14,9.177,1.822,-0.018,0.026,-0.011,29.85,22.95,-45.0,364.0
1787131039.5564818,-1.135,9.23,1.844,-0.016,0.011,-0.008,30.3,22.95,-43.5,364.0
1787131039.5564928,-1.051,9.306,1.86,-0.017,0.011,-0.004,30.9,23.55,-43.05,364.0
1787131039.7601924,-1.046,9.203,1.812,-0.035,0.038,-0.011,29.7,22.8,-45.15,364.0
1787131039.7602153,-1.073,9.222,1.856,-0.03,0.031,-0.001,29.7,21.9,-44.4,364.0
1787131039.7602298,-1.195,9.213,1.798,-0.019,0.014,-0.004,29.7,22.35,-43.65,364.0
1787131039.9650526,-1.101,9.227,1.858,-0.026,0.027,-0.019,29.55,21.75,-44.7,364.0
1787131039.9650767,-1.101,9.287,1.839,-0.019,0.033,-0.027,30.15,22.35,-44.1,364.0
1787131039.9650877,-1.207,9.244,1.915,-0.02,0.027,-0.026,31.05,22.5,-45.0,364.0
1787131040.1698613,-1.152,9.232,1.865,-0.017,0.011,-0.006,30.15,22.35,-43.35,364.0
1787131040.376809,-0.972,9.227,1.944,-0.061,0.09,-0.02,31.65,21.6,-44.4,364.0
1787131040.3768332,-0.958,9.079,1.832,-0.045,0.103,-0.005,30.3,21.0,-44.25,465.0
1787131040.3768456,-1.03,9.029,1.81,-0.026,0.085,0.014,29.25,21.45,-45.0,465.0
1787131040.5800471,-1.022,9.225,1.908,-0.031,0.123,-0.047,31.35,22.2,-45.75,405.0
1787131040.5800717,-1.025,9.11,1.846,-0.053,0.14,-0.058,30.9,20.85,-44.85,471.0
1787131040.5800831,-1.049,9.002,1.769,-0.031,0.146,-0.032,31.8,21.0,-46.8,471.0
1787131040.7851076,-1.602,9.347,1.942,0.142,-0.126,0.12,29.85,24.15,-45.75,471.0
1787131040.7851331,-1.506,9.498,1.944,0.143,-0.163,0.113,29.4,21.6,-45.15,444.0
1787131040.7851446,-1.379,9.567,1.925,0.101,-0.198,0.061,31.2,23.85,-44.85,444.0
1787131040.9900844,-0.876,9.335,1.729,-0.046,-0.069,-0.064,29.25,23.7,-42.75,444.0
1787131040.990107,-0.69,9.251,1.657,-0.034,-0.042,-0.066,29.4,23.1,-43.65,444.0
1787131040.990118,-0.74,9.222,1.686,-0.03,-0.021,-0.057,30.15,24.75,-44.1,444.0
1787131041.19511,-0.781,9.261,1.628,-0.019,-0.032,-0.01,29.25,23.7,-43.95,444.0
1787131041.1951358,-0.788,9.227,1.693,-0.018,-0.032,0.004,30.15,22.8,-43.65,444.0
1787131041.1951482,-0.828,9.213,1.633,0.003,-0.031,0.018,29.4,21.9,-44.1,444.0
1787131041.400351,-1.025,9.199,1.63,-0.002,0.011,-0.012,28.95,23.55,-42.6,444.0
1787131041.4003744,-1.123,9.177,1.657,0.015,0.012,-0.002,31.05,25.65,-44.25,444.0
1787131041.400386,-1.204,9.275,1.678,0.015,-0.016,0.009,30.15,23.85,-43.05,444.0
1787131041.6056087,-0.9,9.237,1.532,-0.001,-0.011,0.008,30.15,23.85,-43.65,466.0
1787131041.605635,-0.939,9.263,1.535,0.007,-0.027,0.012,27.45,25.8,-43.65,466.0
1787131041.605646,-0.874,9.275,1.607,0.017,-0.03,0.012,27.45,25.8,-43.65,466.0
1787131041.809931,-0.919,9.287,1.595,0.004,0.019,0.003,30.45,24.3,-43.05,482.0
1787131041.8099568,-0.915,9.266,1.638,-0.007,0.018,0.002,28.65,23.1,-43.05,482.0
1787131042.015303,-0.982,9.263,1.53,0.008,-0.024,-0.001,28.95,24.3,-43.35,482.0
1787131042.0153284,-0.893,9.275,1.508,-0.015,0.001,0.003,29.85,23.7,-43.95,482.0
1787131042.01534,-0.991,9.294,1.511,0.0,0.006,0.003,29.4,23.85,-42.3,482.0
1787131042.2201984,-0.771,9.258,1.695,-0.011,0.036,0.002,29.25,23.7,-42.75,482.0
1787131042.220219,-0.881,9.256,1.669,-0.02,0.052,-0.004,29.25,24.45,-44.25,482.0
1787131042.2202253,-1.032,9.335,1.516,-0.022,0.054,-0.004,27.9,24.3,-43.65,482.0
1787131042.4254792,-0.927,9.354,1.571,0.052,-0.022,0.035,28.95,24.75,-43.05,482.0
1787131042.425505,-0.888,9.304,1.621,0.046,-0.011,0.026,29.4,24.3,-43.05,482.0
1787131042.425516,-0.879,9.364,1.669,0.026,-0.013,0.034,30.45,26.25,-41.85,482.0
1787131042.6298623,-0.905,9.33,1.384,0.002,-0.001,-0.01,28.05,24.9,-43.95,463.0
1787131042.6298878,-0.881,9.321,1.386,0.009,0.005,-0.024,27.3,24.9,-43.2,463.0
1787131042.6298993,-0.84,9.323,1.437,0.005,0.005,-0.016,27.3,25.2,-43.5,463.0
1787131042.8350832,-0.812,9.335,1.417,-0.012,0.002,0.007,28.95,25.5,-41.85,463.0
1787131042.8351097,-0.809,9.282,1.398,-0.006,-0.003,0.006,27.45,25.05,-43.05,463.0
1787131042.8351207,-0.759,9.292,1.432,-0.002,-0.007,0.014,28.2,25.8,-44.1,463.0
1787131043.040276,-0.883,9.306,1.403,0.001,-0.013,0.009,28.65,24.75,-44.1,463.0
1787131043.0403016,-0.814,9.395,1.381,-0.005,-0.014,0.002,28.5,24.9,-44.7,463.0
1787131043.0403125,-0.814,9.392,1.448,0.0,-0.011,0.009,29.55,26.4,-44.25,409.0
1787131043.2516496,-0.855,9.33,1.298,-0.023,0.014,-0.009,28.05,26.1,-43.2,409.0
1787131043.2516754,-0.845,9.313,1.396,-0.009,0.012,-0.014,27.75,23.7,-42.75,409.0
1787131043.4483876,-0.881,9.342,1.453,-0.011,0.006,-0.002,27.9,26.25,-44.1,461.0
1787131043.6552222,-0.838,9.333,1.413,-0.003,-0.006,0.008,29.25,24.9,-43.95,451.0
1787131043.6552482,-0.857,9.397,1.377,-0.006,-0.01,0.004,28.05,25.2,-42.45,451.0
1787131043.6552594,-0.807,9.378,1.358,-0.012,-0.001,-0.003,27.15,25.5,-42.3,451.0
1787131043.860066,-0.783,9.321,1.324,-0.022,0.004,0.001,28.2,25.05,-43.35,448.0
1787131043.8600917,-0.745,9.376,1.31,-0.017,-0.004,0.009,27.9,25.5,-43.65,448.0
1787131043.8601723,-0.804,9.366,1.362,-0.013,0.003,0.007,27.75,25.65,-43.95,448.0
1787131044.064521,-0.802,9.378,1.336,-0.015,0.019,-0.005,28.2,25.5,-43.05,429.0
1787131044.0645466,-0.74,9.378,1.372,-0.021,0.016,0.002,28.2,24.75,-43.65,429.0
1787131044.2697942,-0.838,9.352,1.35,-0.005,-0.005,0.009,28.5,26.1,-42.45,449.0
1787131044.26982,-0.769,9.354,1.374,-0.016,0.003,0.006,26.7,25.05,-44.1,449.0
1787131044.269831,-0.733,9.357,1.379,-0.023,0.007,0.001,28.2,25.05,-43.05,449.0
1787131044.4749112,-0.68,9.38,1.396,-0.024,0.016,-0.019,27.45,24.3,-42.6,449.0
1787131044.4749367,-0.74,9.294,1.379,-0.019,0.016,-0.011,27.75,24.9,-45.0,449.0
1787131044.474948,-0.74,9.347,1.367,-0.009,0.008,0.001,28.65,23.55,-41.85,449.0
1787131044.6799104,-0.8,9.364,1.336,-0.009,-0.011,0.0,28.95,26.55,-43.35,462.0
1787131044.679937,-0.802,9.349,1.408,-0.006,-0.004,-0.004,28.95,24.3,-44.85,462.0
1787131044.679943,-0.819,9.354,1.336,-0.002,0.001,-0.001,27.3,25.65,-44.25,462.0
1787131044.8846467,-0.737,9.328,1.286,-0.011,0.012,-0.001,28.95,25.05,-42.6,494.0
1787131044.884672,-0.706,9.335,1.312,-0.013,0.016,0.002,28.2,25.05,-43.65,494.0
1787131044.884683,-0.735,9.349,1.288,-0.002,0.016,0.005,28.2,25.5,-43.35,494.0
1787131045.089678,-0.79,9.347,1.295,-0.015,0.018,0.003,27.9,25.05,-43.65,466.0
1787131045.0897038,-0.86,9.378,1.29,-0.012,0.009,-0.012,27.9,24.75,-43.05,466.0
1787131045.2946112,-0.881,9.352,1.281,-0.013,0.01,-0.011,26.55,25.65,-43.95,428.0
1787131045.294635,-0.761,9.342,1.288,-0.011,-0.003,-0.006,27.15,25.05,-43.35,428.0
1787131045.294646,-0.781,9.369,1.267,-0.002,-0.001,-0.005,28.05,25.65,-41.7,424.0
1787131045.5003471,-0.749,9.385,1.35,-0.015,0.016,-0.003,27.9,27.45,-43.65,424.0
1787131045.500377,-0.764,9.316,1.3,-0.013,0.007,-0.001,28.95,25.05,-43.05,424.0
1787131045.5003912,-0.723,9.383,1.259,-0.032,0.013,-0.016,29.4,26.25,-44.1,424.0
1787131045.7051568,-0.778,9.297,1.307,-0.01,0.01,0.013,27.75,24.45,-43.95,424.0
1787131045.7051861,-0.754,9.352,1.271,-0.019,0.014,0.012,27.3,27.6,-42.0,424.0
1787131045.7051928,-0.773,9.404,1.255,-0.015,0.011,0.014,28.2,25.8,-43.35,486.0
1787131045.9095783,-0.778,9.359,1.295,-0.009,0.01,-0.004,28.5,26.4,-42.75,419.0
1787131045.9096038,-0.721,9.304,1.3,-0.021,0.011,0.002,28.2,25.05,-43.05,419.0
1787131045.9096155,-0.769,9.323,1.231,-0.014,0.014,-0.003,28.05,26.4,-42.45,467.0
1787131046.114358,-0.728,9.467,1.331,-0.013,0.051,-0.015,28.5,26.4,-42.75,467.0
1787131046.1143835,-0.845,9.433,1.257,-0.017,0.037,0.002,28.5,24.9,-44.25,467.0
1787131046.1143944,-0.809,9.354,1.317,-0.029,0.013,0.011,27.45,24.75,-42.3,458.0
1787131046.319624,-0.69,9.589,1.329,-0.069,0.042,-0.018,28.65,25.8,-43.65,458.0
1787131046.3196497,-0.69,9.515,1.396,-0.072,0.06,-0.025,28.05,26.4,-43.5,458.0
1787131046.3196614,-0.733,9.505,1.444,-0.071,0.059,-0.016,28.8,25.2,-43.5,458.0
1787131046.5250096,-0.694,9.179,1.29,-0.036,0.001,0.071,28.05,24.45,-44.7,458.0
1787131046.5251374,-0.733,9.158,1.238,-0.026,0.001,0.078,28.2,24.3,-44.1,458.0
1787131046.525146,-0.836,9.172,1.25,-0.019,-0.003,0.09,27.45,25.8,-43.35,458.0
1787131046.7276351,-0.603,9.421,1.441,0.021,-0.061,0.029,28.05,25.65,-43.5,448.0
1787131046.9344773,-0.603,9.311,1.144,0.036,-0.04,0.023,27.9,24.75,-43.05,448.0
1787131046.9345016,-0.603,9.366,1.164,0.052,-0.062,0.009,28.95,27.0,-42.6,502.0
1787131046.9345133,-0.457,9.397,1.264,0.047,-0.045,0.002,27.45,27.75,-42.6,502.0
1787131047.139454,-0.431,9.421,1.36,-0.031,0.051,-0.027,27.9,26.25,-43.35,484.0
1787131047.1394784,-0.589,9.38,1.269,-0.036,0.037,-0.016,28.05,28.35,-44.7,484.0
1787131047.13949,-0.575,9.407,1.197,-0.03,0.018,-0.019,27.75,26.85,-41.25,484.0
1787131047.3445792,-0.596,9.39,1.36,-0.001,-0.005,0.018,28.65,26.25,-42.6,487.0
1787131047.3446045,-0.567,9.407,1.326,-0.006,-0.009,0.014,28.05,25.2,-42.45,487.0
1787131047.3446157,-0.603,9.359,1.307,-0.017,0.003,0.014,27.9,28.2,-43.35,487.0
1787131047.5506177,-0.543,9.352,1.195,-0.007,0.007,-0.022,27.45,27.45,-44.4,487.0
1787131047.5506442,-0.532,9.378,1.324,-0.003,0.004,-0.016,25.95,26.55,-41.85,487.0
1787131047.7547655,-0.555,9.371,1.238,-0.032,0.025,-0.001,27.75,26.1,-42.75,496.0
1787131047.7547917,-0.611,9.38,1.228,-0.029,0.02,0.002,27.45,25.5,-42.6,437.0
1787131047.7548037,-0.553,9.321,1.197,-0.021,0.019,-0.003,27.0,26.85,-42.45,437.0
1787131047.9598706,-0.661,9.44,1.286,-0.013,-0.003,-0.003,26.55,25.65,-42.45,437.0
1787131047.9598963,-0.644,9.39,1.269,-0.006,-0.004,-0.012,27.45,27.75,-44.1,437.0
1787131047.959908,-0.613,9.39,1.302,-0.01,0.003,-0.021,27.3,26.4,-42.75,437.0
1787131048.166478,-0.472,9.378,1.243,-0.04,0.037,-0.032,28.2,26.25,-43.35,491.0
1787131048.1665025,-0.553,9.323,1.259,-0.042,0.04,-0.027,28.8,25.2,-42.75,491.0
1787131048.1665134,-0.563,9.321,1.178,-0.029,0.038,-0.024,27.9,25.05,-43.05,491.0
1787131048.369123,-0.632,9.433,1.317,0.0,0.006,-0.006,26.4,25.8,-44.1,483.0
1787131048.577782,-0.654,9.347,1.322,-0.011,0.0,-0.014,28.2,27.0,-42.6,496.0
1787131048.5778072,-0.613,9.385,1.286,-0.014,0.005,-0.01,28.5,26.85,-43.5,496.0
1787131048.5778186,-0.601,9.455,1.319,-0.015,0.009,-0.017,27.75,25.65,-41.7,496.0
1787131048.7791557,-0.632,9.208,1.252,-0.031,0.024,0.009,28.65,27.75,-43.35,481.0
1787131048.7791793,-0.646,9.206,1.168,-0.021,0.019,0.013,29.55,25.2,-43.2,481.0
1787131048.7791913,-0.699,9.234,1.152,-0.014,0.002,0.021,27.9,27.45,-43.35,481.0
1787131048.9847875,-0.73,9.419,1.331,-0.01,0.011,-0.013,28.2,26.55,-41.55,496.0
1787131048.984813,-0.627,9.373,1.293,-0.023,-0.002,-0.014,27.75,26.4,-42.75,496.0
1787131048.9848247,-0.627,9.325,1.29,-0.025,0.011,-0.016,27.9,26.25,-42.3,496.0
1787131049.1898277,-0.668,9.459,1.231,0.01,-0.001,0.002,28.2,26.25,-41.85,493.0
1787131049.1898668,-0.608,9.316,1.338,0.007,0.001,0.004,27.45,26.25,-42.6,493.0
1787131049.1898782,-0.611,9.352,1.334,0.003,0.001,0.004,28.5,27.9,-43.95,493.0
1787131049.394027,-0.678,9.349,1.245,-0.01,0.003,0.007,27.0,25.2,-41.7,493.0
1787131049.3940523,-0.649,9.354,1.281,-0.002,0.004,0.004,27.9,27.0,-43.35,493.0
1787131049.394065,-0.716,9.397,1.245,-0.002,-0.002,0.004,25.65,26.55,-42.6,493.0
1787131049.5997458,-0.584,9.402,1.307,-0.023,0.014,-0.014,27.9,26.55,-43.35,493.0
1787131049.5997717,-0.584,9.416,1.281,-0.026,0.034,-0.017,28.65,25.8,-41.85,493.0
1787131049.599784,-0.551,9.347,1.269,-0.029,0.043,-0.024,27.75,26.1,-42.45,493.0
1787131049.8061469,-0.713,9.357,1.233,0.006,-0.016,-0.009,28.2,26.55,-42.6,493.0
1787131049.8061848,-0.776,9.376,1.231,0.002,-0.028,-0.013,26.55,26.85,-42.0,493.0
1787131050.007171,-0.651,9.555,1.286,-0.012,-0.034,-0.009,28.65,26.25,-43.05,493.0
1787131050.2147117,-0.654,9.069,1.101,-0.065,0.154,-0.01,28.95,25.5,-43.35,444.0
1787131050.2147374,-0.527,8.954,1.125,-0.047,0.09,0.021,28.95,26.25,-43.65,444.0
1787131050.2147489,-0.608,9.048,1.068,-0.032,0.107,0.055,27.0,26.1,-43.95,444.0
1787131050.4193032,-1.085,9.574,1.671,0.04,-0.013,-0.034,27.75,26.85,-44.25,443.0
1787131050.4193287,-1.125,9.62,1.626,0.001,-0.018,-0.045,28.65,26.25,-43.35,443.0
1787131050.4193404,-0.919,9.531,1.429,-0.034,-0.039,-0.052,28.65,26.55,-42.6,443.0
1787131050.6244166,-0.39,9.388,1.231,0.026,-0.056,-0.068,27.45,27.45,-43.05,492.0
1787131050.6244407,-0.239,9.378,1.322,0.024,-0.039,-0.057,27.3,27.15,-43.2,492.0
1787131050.6244519,-0.194,9.309,1.329,0.002,-0.004,-0.037,26.55,26.85,-42.0,492.0
1787131050.828976,-0.666,9.258,1.049,0.033,0.047,0.079,26.55,26.4,-43.5,442.0
1787131050.8291557,-0.781,9.309,1.032,0.043,0.037,0.078,27.75,26.4,-43.95,442.0
1787131050.8291736,-0.9,9.352,1.135,0.058,0.021,0.06,27.15,25.05,-41.85,442.0
1787131051.0340707,-0.771,9.352,1.202,-0.067,0.05,-0.047,26.7,25.8,-43.35,443.0
1787131051.0340958,-0.706,9.347,1.137,-0.056,0.052,-0.052,27.75,25.65,-43.95,443.0
1787131051.034107,-0.747,9.352,1.063,-0.047,0.038,-0.054,28.05,26.4,-43.95,443.0
1787131051.2394383,-0.563,9.361,1.24,0.008,0.001,-0.023,27.0,27.6,-43.95,443.0
1787131051.2394645,-0.546,9.376,1.233,-0.001,-0.005,-0.016,28.05,27.15,-43.2,443.0
1787131051.2394757,-0.546,9.431,1.257,-0.001,0.001,-0.011,28.05,25.2,-43.2,443.0
1787131051.4439733,-0.745,9.414,1.178,-0.022,0.024,-0.009,28.05,26.85,-43.95,414.0
1787131051.444182,-0.819,9.402,1.192,-0.02,0.006,-0.011,27.9,26.25,-43.05,414.0
1787131051.4441936,-0.778,9.448,1.221,-0.024,0.005,-0.004,27.9,25.8,-43.65,414.0
1787131051.6471822,-0.589,9.316,1.149,-0.013,0.01,0.006,28.2,26.25,-42.3,444.0
1787131051.854428,-0.539,9.474,1.334,-0.061,0.051,-0.052,27.9,27.0,-43.65,475.0
1787131051.854453,-0.627,9.45,1.25,-0.07,0.072,-0.061,28.05,25.2,-43.2,475.0
1787131051.8544643,-0.658,9.445,1.283,-0.072,0.068,-0.06,26.55,25.2,-42.75,475.0
1787131052.0592577,-0.69,9.232,1.065,0.012,-0.009,0.081,29.25,26.4,-43.5,475.0
1787131052.0592833,-0.678,9.23,1.135,0.02,-0.027,0.091,28.65,27.0,-43.05,475.0
1787131052.0592942,-0.759,9.323,1.094,0.038,-0.036,0.085,28.8,26.1,-43.95,475.0
1787131052.2641354,-0.824,9.392,1.302,-0.046,0.027,0.02,29.25,27.15,-43.2,475.0
1787131052.2641609,-0.788,9.378,1.209,-0.052,0.028,0.02,27.9,25.8,-44.4,479.0
1787131052.2641716,-0.79,9.342,1.135,-0.054,0.026,0.008,28.5,26.4,-43.2,479.0
1787131052.4741158,-0.725,9.354,1.219,-0.015,-0.038,0.004,28.05,28.8,-43.95,489.0
1787131052.474139,-0.639,9.467,1.283,-0.009,-0.026,-0.01,28.5,26.1,-43.5,489.0
1787131052.47415,-0.553,9.455,1.255,-0.012,-0.002,-0.019,28.2,25.5,-42.6,489.0
1787131052.6721077,-0.517,9.459,1.168,-0.035,0.036,-0.046,27.45,26.55,-43.65,487.0
1787131052.672133,-0.488,9.519,1.288,-0.038,0.035,-0.036,28.8,25.2,-43.95,487.0
1787131052.672144,-0.476,9.481,1.286,-0.051,0.044,-0.026,28.2,26.25,-43.65,490.0
1787131052.8760903,-0.809,9.359,1.214,-0.089,0.113,0.01,28.8,25.65,-44.7,490.0
1787131052.8761137,-0.886,9.297,1.132,-0.073,0.1,0.002,30.15,27.45,-44.4,490.0
1787131052.8761199,-0.922,9.194,1.173,-0.053,0.08,0.0,28.65,25.5,-44.4,490.0
1787131053.0841413,-0.824,9.105,1.214,0.033,-0.049,0.037,29.55,24.9,-44.25,439.0
1787131053.0841663,-0.898,9.21,1.188,0.033,-0.074,0.051,28.65,25.05,-44.4,439.0
1787131053.2804294,-0.354,9.613,1.525,-0.058,-0.009,-0.076,29.25,26.4,-43.95,496.0
1787131053.485602,-0.91,9.388,1.448,0.051,0.009,0.033,30.15,26.55,-43.2,505.0
1787131053.4856267,-0.898,9.438,1.506,0.042,-0.015,0.032,30.3,26.1,-43.95,505.0
1787131053.485638,-0.804,9.383,1.437,0.027,-0.021,0.026,29.7,25.5,-44.1,505.0
1787131053.6952114,-1.037,9.419,1.216,0.018,-0.101,0.011,29.4,26.55,-42.3,506.0
1787131053.695237,-0.936,9.536,1.19,0.004,-0.102,-0.013,28.65,25.5,-43.05,506.0
1787131053.695248,-0.974,9.51,1.235,0.012,-0.097,-0.046,28.65,27.45,-43.35,506.0
1787131053.8931046,-0.383,9.335,1.293,-0.106,0.053,-0.079,28.05,25.2,-42.75,481.0
1787131053.8931518,-0.412,9.347,1.202,-0.088,0.068,-0.049,27.75,25.65,-43.5,481.0
1787131053.8931587,-0.488,9.335,1.216,-0.073,0.062,-0.03,28.95,25.5,-43.05,481.0
1787131054.0961926,-0.927,9.203,1.269,0.012,0.021,0.064,29.25,25.2,-42.75,501.0
1787131054.0962176,-1.015,9.294,1.271,0.03,0.016,0.061,27.9,25.5,-43.65,501.0
1787131054.0962288,-1.03,9.316,1.307,0.038,-0.015,0.062,28.65,26.55,-42.6,501.0
1787131054.3000834,-0.84,9.33,1.29,-0.035,0.014,-0.047,27.45,25.8,-43.65,486.0
1787131054.3002179,-0.812,9.301,1.233,-0.019,-0.014,-0.042,28.5,24.9,-43.2,486.0
1787131054.300226,-0.807,9.316,1.262,-0.016,-0.031,-0.034,28.2,25.5,-45.15,486.0
1787131054.5036056,-0.606,9.369,1.362,-0.014,0.005,-0.001,27.75,24.9,-43.95,489.0
1787131054.5036314,-0.56,9.369,1.393,-0.021,0.003,0.01,27.3,25.65,-42.75,489.0
1787131054.5036433,-0.675,9.366,1.372,-0.023,0.012,0.014,28.65,25.8,-43.35,489.0
1787131054.7071977,-0.754,9.258,1.307,-0.025,0.024,0.028,29.25,25.2,-42.0,489.0
1787131054.7072196,-0.86,9.251,1.317,-0.011,0.023,0.025,28.5,26.1,-42.0,489.0
1787131054.7072263,-0.9,9.304,1.29,-0.006,0.008,0.016,28.8,24.45,-42.45,441.0
1787131054.9111605,-0.713,9.292,1.413,-0.038,-0.003,-0.023,28.8,25.2,-43.2,441.0
1787131055.114008,-0.797,9.285,1.343,-0.026,-0.002,0.032,28.8,24.45,-44.7,468.0
1787131055.114135,-0.86,9.27,1.271,-0.016,-0.011,0.027,28.8,27.6,-43.5,468.0
1787131055.1141453,-0.929,9.345,1.279,-0.006,-0.031,0.028,28.2,24.75,-44.1,468.0
1787131055.3181176,-0.491,9.392,1.573,-0.077,0.095,-0.053,28.5,24.45,-43.95,468.0
1787131055.3181717,-0.429,9.347,1.434,-0.087,0.138,-0.051,29.55,25.2,-44.25,468.0
1787131055.318179,-0.457,9.294,1.391,-0.09,0.17,-0.038,29.25,24.45,-43.95,468.0
1787131055.5212665,-0.917,9.222,1.264,0.065,-0.065,0.118,27.3,25.2,-43.95,494.0
1787131055.5212922,-0.953,9.306,1.31,0.074,-0.07,0.113,29.55,26.1,-43.95,494.0
1787131055.5213032,-1.022,9.376,1.398,0.093,-0.074,0.116,28.65,25.8,-44.4,494.0
1787131055.7250333,-0.974,9.431,1.331,0.029,-0.141,0.046,28.5,25.65,-44.7,499.0
1787131055.7250583,-0.888,9.45,1.374,0.016,-0.142,0.022,27.75,26.4,-43.2,499.0
1787131055.7250695,-0.527,9.527,1.314,-0.017,-0.087,-0.009,28.05,27.6,-43.5,499.0
1787131055.9278715,-0.18,9.306,1.334,-0.077,0.056,-0.061,28.95,25.05,-42.6,478.0
1787131055.9278955,-0.127,9.155,1.324,-0.04,0.082,-0.036,26.25,27.6,-42.45,478.0
1787131055.9279068,-0.292,9.232,1.3,-0.017,0.056,0.014,27.15,25.5,-44.1,478.0
1787131056.1312501,-0.682,9.38,1.25,0.02,0.061,0.071,28.95,27.0,-43.35,473.0
1787131056.1312735,-0.821,9.299,1.305,0.014,0.052,0.061,27.9,25.5,-43.35,473.0
1787131056.1312845,-0.85,9.388,1.288,0.017,0.031,0.052,29.25,25.2,-43.95,473.0
1787131056.335666,-0.769,9.352,1.245,-0.035,0.022,-0.056,27.75,26.4,-43.95,512.0
1787131056.3356917,-0.785,9.33,1.267,-0.036,0.006,-0.052,27.15,25.5,-44.4,484.0
1787131056.3357034,-0.63,9.33,1.276,-0.034,0.013,-0.045,27.45,27.75,-44.1,484.0
1787131056.5384238,-0.587,9.388,1.269,-0.009,0.009,-0.011,27.45,25.05,-43.05,494.0
1787131056.5384488,-0.656,9.438,1.276,-0.018,0.009,-0.004,29.4,27.0,-42.6,494.0
1787131056.7420652,-0.778,9.416,1.367,-0.042,0.042,-0.015,28.2,26.55,-42.6,448.0
1787131056.74209,-0.711,9.39,1.293,-0.051,0.045,-0.021,27.9,25.8,-43.65,448.0
1787131056.742101,-0.728,9.402,1.238,-0.062,0.053,-0.026,28.5,26.85,-43.2,448.0
1787131056.9455736,-0.795,9.333,1.41,-0.015,-0.051,0.038,29.25,24.9,-44.25,448.0
1787131056.9455974,-0.917,9.256,1.281,-0.014,-0.045,0.027,28.2,26.25,-43.05,448.0
1787131056.9456086,-0.886,9.333,1.286,-0.028,-0.058,0.004,27.75,26.1,-43.5,448.0
1787131057.1496935,-0.56,9.414,1.487,-0.027,-0.013,-0.045,27.9,25.8,-43.05,450.0
1787131057.1497183,-0.725,9.469,1.271,-0.024,-0.019,-0.037,28.5,25.65,-43.5,450.0
1787131057.1497304,-0.666,9.347,1.381,-0.019,-0.04,-0.031,28.2,24.75,-43.05,450.0
1787131057.3530905,-0.723,9.301,1.221,-0.034,-0.036,-0.021,28.5,24.45,-43.5,450.0
1787131057.3531163,-0.735,9.239,1.305,-0.016,-0.048,-0.009,27.9,24.75,-43.05,450.0
1787131057.3531272,-0.883,9.278,1.276,-0.012,-0.062,-0.006,26.55,26.1,-42.45,450.0
1787131057.5566704,-0.702,9.414,1.434,-0.068,0.048,-0.044,27.3,25.2,-42.75,461.0
1787131057.5566962,-0.661,9.369,1.401,-0.076,0.05,-0.044,27.75,25.2,-43.5,461.0
1787131057.5567071,-0.663,9.335,1.343,-0.069,0.04,-0.037,27.15,24.3,-42.3,461.0
1787131057.7629683,-0.73,9.376,1.444,0.007,0.003,0.031,27.3,25.2,-42.0,490.0
1787131057.7629921,-0.73,9.39,1.511,-0.005,0.013,0.032,26.55,26.1,-43.5,490.0
1787131057.763003,-0.809,9.373,1.494,-0.016,0.03,0.027,27.45,24.3,-42.3,490.0
1787131057.963722,-0.845,9.29,1.415,-0.019,0.011,-0.019,27.9,26.55,-42.3,450.0
1787131057.9637468,-0.862,9.313,1.484,-0.02,0.002,-0.02,29.25,25.2,-41.7,450.0
1787131057.9637578,-0.819,9.263,1.475,-0.029,-0.004,-0.014,28.05,24.9,-42.45,450.0
1787131058.1668355,-0.792,9.333,1.58,-0.075,0.079,-0.064,27.3,25.65,-43.95,450.0
1787131058.3701203,-0.998,9.28,1.573,-0.007,0.031,-0.018,29.7,23.85,-43.05,430.0
1787131058.3701432,-1.073,9.268,1.551,-0.016,0.027,-0.02,28.8,24.9,-42.0,430.0
1787131058.370155,-1.109,9.364,1.585,-0.021,0.007,-0.016,28.2,24.3,-43.05,430.0
1787131058.574066,-0.972,9.242,1.623,-0.063,0.022,-0.044,28.65,22.35,-43.35,451.0
1787131058.5740914,-0.972,9.227,1.662,-0.06,0.011,-0.054,28.95,25.05,-44.1,472.0
1787131058.574103,-1.056,9.213,1.626,-0.038,0.005,-0.027,28.2,24.3,-42.6,472.0
1787131058.7773268,-1.154,9.4,1.913,-0.096,0.047,-0.1,28.2,23.1,-41.1,472.0
1787131058.7773514,-1.468,9.349,1.815,-0.108,0.053,-0.113,27.9,21.6,-41.85,472.0
1787131058.7773633,-1.472,9.357,1.786,-0.119,0.046,-0.114,30.15,21.6,-42.3,472.0
1787131058.986728,-1.882,9.718,2.586,-0.251,-0.164,-0.319,27.9,19.65,-41.55,342.0
1787131058.9867518,-2.018,9.984,2.818,-0.332,-0.261,-0.379,27.9,19.2,-42.3,394.0
1787131058.9867635,-1.906,10.094,3.354,-0.412,-0.344,-0.423,28.8,18.3,-39.9,394.0
1787131059.1842551,-3.062,9.852,3.929,-0.895,-0.105,-0.596,27.9,14.25,-39.0,284.0
1787131059.1842802,-3.029,9.869,3.989,-0.939,-0.148,-0.654,28.2,13.05,-37.8,284.0
1787131059.1842914,-3.373,9.886,4.077,-1.025,-0.214,-0.682,29.4,11.1,-37.5,284.0
1787131059.3950968,-1.958,6.852,3.95,-1.089,-0.368,-0.716,24.9,-1.5,-34.2,218.0
1787131059.3951247,-2.466,6.869,3.91,-1.05,-0.216,-0.655,24.3,-2.85,-33.9,218.0
1787131059.3951356,-2.907,6.689,4.087,-0.95,-0.174,-0.582,25.65,-3.0,-35.55,218.0
1787131059.5974529,-3.637,6.093,5.657,-0.68,0.39,-0.705,19.65,-14.25,-37.05,188.0
1787131059.5974762,-3.661,5.847,5.827,-0.656,0.496,-0.79,21.0,-14.1,-37.2,188.0
1787131059.597488,-4.092,5.576,6.06,-0.609,0.521,-0.802,19.8,-16.8,-38.4,188.0
1787131059.7926574,-2.986,4.111,6.778,-0.297,0.104,-0.205,18.3,-21.75,-42.0,187.0
1787131059.9982371,-4.934,4.839,7.034,-0.088,0.243,0.094,19.05,-21.75,-43.95,187.0
1787131059.9982631,-5.04,4.709,7.077,-0.086,0.19,0.086,21.3,-20.25,-46.8,187.0
1787131059.998274,-4.975,4.707,7.008,-0.088,0.132,0.072,21.0,-22.95,-45.75,187.0
1787131060.2018774,-4.707,4.42,6.886,-0.06,0.055,-0.011,21.9,-22.35,-46.35,232.0
1787131060.2019026,-4.822,4.413,6.905,-0.057,0.042,-0.006,22.5,-22.5,-45.3,232.0
1787131060.2019143,-4.709,4.391,6.895,-0.049,0.023,-0.001,20.85,-21.15,-46.65,232.0
1787131060.406057,-4.638,4.729,6.962,0.054,-0.001,0.092,22.5,-22.2,-46.05,232.0
1787131060.4060833,-4.75,4.82,6.97,0.051,0.003,0.065,23.1,-21.15,-45.9,232.0
1787131060.4060948,-4.836,4.743,7.061,0.035,0.027,0.059,22.5,-21.0,-46.8,232.0
1787131060.6093998,-4.908,4.638,7.168,-0.045,-0.002,-0.042,21.9,-20.1,-47.1,232.0
1787131060.6094248,-4.798,4.568,6.984,-0.056,0.009,-0.047,23.1,-21.6,-45.15,232.0
1787131060.6094358,-4.796,4.472,6.972,-0.041,0.012,-0.047,21.9,-21.9,-45.9,232.0
1787131060.8125813,-4.662,4.805,6.833,0.005,-0.038,0.016,21.9,-21.9,-45.15,232.0
1787131060.8126047,-4.535,4.791,6.812,0.016,-0.02,0.009,20.55,-21.75,-47.55,232.0
1787131060.812616,-4.626,4.815,6.812,0.004,-0.04,-0.006,22.35,-19.65,-46.35,232.0
1787131061.015999,-4.719,4.803,6.993,-0.021,0.004,0.023,21.75,-22.2,-46.8,232.0
1787131061.0160236,-4.599,4.719,7.051,-0.029,0.012,0.02,21.9,-21.15,-45.9,232.0
1787131061.0160346,-4.669,4.762,7.084,-0.036,0.026,0.022,22.05,-20.55,-46.8,232.0
1787131061.220154,-4.779,4.614,6.883,-0.012,0.019,0.002,22.35,-20.85,-47.1,232.0
1787131061.2201796,-4.824,4.578,6.912,-0.002,0.015,0.011,22.65,-20.4,-47.1,232.0
1787131061.2201915,-4.743,4.671,6.804,-0.006,0.022,0.003,23.4,-21.15,-46.65,232.0
1787131061.420994,-4.626,4.666,6.912,-0.006,0.022,-0.016,21.3,-22.95,-46.05,232.0
1787131061.6272879,-4.563,4.755,6.929,0.006,-0.007,0.027,22.35,-21.45,-45.75,232.0
1787131061.6273139,-4.611,4.745,6.922,0.005,-0.005,0.032,22.5,-21.45,-45.3,232.0
1787131061.6273253,-4.604,4.726,6.922,0.0,-0.01,0.03,24.45,-22.35,-47.1,232.0
1787131061.8302026,-4.673,4.92,6.9,0.015,-0.019,0.006,21.9,-20.1,-45.15,232.0
1787131061.8302243,-4.544,4.798,6.835,0.006,-0.019,0.003,21.9,-19.2,-46.35,232.0
1787131061.8302307,-4.602,4.836,6.905,-0.001,-0.005,0.012,21.6,-20.85,-44.4,232.0
1787131062.0336523,-4.659,4.815,6.862,0.022,-0.012,-0.012,21.6,-20.85,-45.6,232.0
1787131062.0336778,-4.623,4.889,6.902,0.019,-0.01,-0.012,23.55,-21.0,-46.05,232.0
1787131062.0336888,-4.578,4.899,6.905,0.015,-0.002,-0.016,23.25,-20.55,-45.75,232.0
1787131062.237712,-4.532,4.858,6.946,0.009,0.003,-0.005,21.75,-20.25,-46.05,232.0
1787131062.2377372,-4.551,4.98,6.934,-0.007,-0.005,-0.004,22.8,-20.55,-44.25,232.0
1787131062.2377484,-4.583,4.915,6.974,-0.012,-0.005,0.01,21.3,-20.55,-44.25,232.0
1787131062.4411573,-4.659,4.836,6.9,-0.022,0.014,-0.005,23.1,-20.4,-44.4,232.0
1787131062.4411833,-4.745,4.927,6.833,-0.02,-0.009,-0.008,22.35,-21.6,-44.4,232.0
1787131062.441194,-4.671,4.879,6.869,-0.021,-0.03,-0.007,24.15,-20.1,-45.6,232.0
1787131062.6445386,-4.31,4.815,6.907,0.006,-0.037,-0.018,21.3,-21.0,-44.25,232.0
1787131062.6445646,-4.381,4.911,6.871,-0.024,-0.009,-0.01,21.9,-20.1,-45.15,232.0
1787131062.644576,-4.556,4.798,6.967,-0.021,-0.006,-0.022,22.8,-20.55,-43.95,232.0
1787131062.8499663,-4.52,4.901,6.84,-0.019,0.001,-0.022,22.8,-20.55,-44.25,232.0
1787131062.8501782,-4.42,4.812,6.843,-0.012,-0.003,-0.021,21.6,-21.6,-45.9,232.0
1787131062.8502052,-4.417,4.848,6.778,-0.005,0.022,-0.021,22.5,-20.25,-44.25,232.0
1787131063.0501637,-4.666,4.958,7.02,-0.011,-0.03,0.003,21.3,-21.75,-44.25,232.0
1787131063.2564874,-4.525,4.697,7.077,-0.066,-0.049,-0.071,21.15,-21.15,-44.4,232.0
1787131063.2565129,-4.475,4.681,7.092,-0.08,-0.037,-0.062,21.6,-21.6,-44.4,232.0
1787131063.2565238,-4.441,4.602,7.01,-0.083,-0.032,-0.049,21.0,-23.25,-43.95,232.0
1787131063.45912,-4.401,4.594,6.828,-0.028,0.013,-0.028,18.3,-22.5,-45.3,232.0
1787131063.4591453,-4.525,4.623,6.902,-0.01,0.012,-0.027,20.25,-22.95,-45.75,232.0
1787131063.4591565,-4.448,4.65,6.943,-0.002,0.005,-0.022,20.4,-23.1,-45.6,232.0
1787131063.6623461,-4.784,4.635,7.23,-0.031,-0.017,-0.065,20.25,-22.5,-43.5,232.0
1787131063.66237,-4.994,4.774,7.195,-0.034,-0.027,-0.08,20.55,-21.75,-44.7,232.0
1787131063.6623826,-5.016,4.69,7.151,-0.062,-0.059,-0.074,20.1,-22.35,-44.85,232.0
1787131063.8662012,-4.274,3.974,7.441,-0.079,0.122,-0.169,18.3,-23.25,-43.95,222.0
1787131063.8662264,-4.547,4.068,7.254,-0.035,0.022,-0.186,17.25,-22.5,-46.5,222.0
1787131063.866238,-4.415,4.025,7.18,-0.01,-0.063,-0.169,19.65,-24.75,-44.4,180.0
1787131064.0710874,-6.838,5.899,8.672,0.107,-0.684,0.082,17.7,-24.9,-41.7,168.0
1787131064.071115,-6.009,5.751,9.115,0.053,-0.655,-0.042,17.1,-22.8,-42.3,168.0
1787131064.0711257,-5.605,5.339,9.462,0.007,-0.433,-0.262,15.9,-25.05,-42.6,168.0
1787131064.2776344,-7.044,3.852,7.829,-0.042,-0.189,-1.656,13.95,-25.2,-40.2,168.0
1787131064.2776594,-7.266,3.074,7.523,0.059,-0.17,-1.883,11.7,-28.35,-40.65,168.0
1787131064.4831522,-4.554,0.184,6.943,0.101,-1.178,-3.003,-13.5,-25.65,-40.2,604.0
1787131064.4831848,-3.795,0.208,7.185,0.069,-1.141,-2.927,-15.15,-23.1,-39.6,604.0
1787131064.4831913,-3.124,0.077,7.532,0.026,-1.041,-2.771,-20.85,-22.8,-40.05,604.0
1787131064.678222,-1.372,-1.255,7.051,-0.259,-0.463,-1.148,-33.6,-16.35,-48.75,1878.0
1787131064.8873165,-3.668,1.719,10.142,-0.036,-0.295,0.146,-38.7,-5.4,-41.85,125.0
1787131064.8873415,-3.124,0.783,10.017,0.032,-0.268,0.244,-40.2,-4.5,-43.65,125.0
1787131064.8873534,-2.583,0.35,9.9,0.105,-0.238,0.394,-37.95,-4.95,-43.65,125.0
1787131065.0876412,-1.298,1.355,9.816,-0.663,0.265,0.986,-35.1,-8.7,-40.95,1240.0
1787131065.0876672,-1.609,2.037,9.206,-0.91,0.388,1.278,-35.55,-10.2,-40.95,1240.0
1787131065.2913544,-5.035,0.546,8.21,-0.04,-0.401,0.294,-28.2,-17.4,-41.55,1240.0
1787131065.2913804,-4.286,0.35,8.614,-0.076,-0.218,0.196,-26.25,-16.35,-42.0,1240.0
1787131065.291392,-4.578,0.419,8.942,0.052,0.23,0.161,-27.9,-16.2,-40.8,1240.0
1787131065.4941251,-3.97,-1.408,9.22,0.725,-1.114,0.352,-28.2,-15.0,-41.55,163.0
1787131065.4941494,-3.318,-0.869,9.124,0.641,-1.22,0.26,-28.8,-14.4,-42.0,163.0
1787131065.4941604,-2.684,-1.073,9.115,0.578,-0.96,0.158,-29.4,-14.25,-40.35,163.0
1787131065.6977465,-2.567,0.651,8.751,0.282,0.072,0.002,-28.65,-10.8,-35.55,1225.0
1787131065.697772,-2.995,0.97,8.308,0.261,0.354,-0.099,-27.9,-10.8,-36.3,1221.0
1787131065.6977954,-3.16,0.888,8.353,0.18,0.648,-0.053,-28.95,-10.35,-36.0,1221.0
1787131065.9017522,-3.036,1.109,10.453,-0.09,0.122,-0.159,-27.9,-10.8,-36.0,1070.0
1787131065.9017775,-3.551,1.252,10.532,-0.045,-0.173,-0.076,-27.9,-10.8,-37.8,993.0
1787131065.9017887,-2.672,1.12,9.984,-0.059,-0.304,0.003,-28.5,-9.0,-36.6,993.0
1787131066.1052175,-2.349,0.867,9.038,-0.084,0.178,-0.161,-29.85,-9.75,-37.65,1080.0
1787131066.1052432,-2.215,0.776,8.825,-0.145,0.277,-0.162,-29.7,-10.05,-37.8,1080.0
1787131066.1052544,-2.622,0.79,9.127,-0.212,0.338,-0.092,-29.25,-9.75,-37.65,1040.0
1787131066.3093379,-2.816,0.093,9.227,0.031,-0.063,-0.07,-29.55,-9.45,-37.95,1040.0
1787131066.512038,-2.356,0.414,9.395,-0.026,-0.096,-0.136,-31.95,-7.2,-38.55,1040.0
1787131066.5121343,-2.219,0.266,9.402,0.009,-0.019,-0.126,-31.8,-9.45,-39.15,1040.0
1787131066.5121472,-1.908,0.261,9.414,0.025,0.112,-0.145,-32.55,-9.0,-37.95,1040.0
1787131066.7159665,-2.638,0.369,9.27,-0.004,-0.153,-0.066,-31.05,-8.25,-38.7,422.0
1787131066.7161708,-2.164,0.424,9.175,-0.033,-0.097,-0.048,-30.45,-8.85,-38.55,422.0
1787131066.71618,-2.298,0.419,9.105,-0.065,0.031,-0.048,-31.65,-8.1,-39.3,422.0
1787131066.9190533,-2.823,0.448,9.459,-0.034,0.181,0.082,-29.85,-8.25,-36.9,198.0
1787131066.9190779,-3.294,0.163,9.424,-0.078,0.255,0.021,-29.55,-8.25,-35.85,198.0
1787131066.919089,-3.598,0.33,9.261,-0.119,0.229,-0.01,-30.6,-7.8,-36.6,198.0
1787131067.1233237,-3.512,-0.098,9.088,-0.119,0.155,-0.015,-30.6,-9.45,-36.15,66.0
1787131067.1233487,-3.965,0.057,9.287,-0.136,0.156,-0.02,-30.6,-10.2,-36.9,66.0
1787131067.1233597,-3.622,-0.002,9.342,-0.089,0.126,-0.067,-30.3,-9.45,-37.2,66.0
1787131067.326707,-4.243,-0.079,9.38,0.02,-0.088,-0.074,-30.6,-9.45,-36.15,106.0
1787131067.3267326,-3.33,-0.053,9.225,-0.061,-0.061,-0.051,-30.15,-8.85,-36.0,106.0
1787131067.3267438,-3.692,0.163,9.313,0.028,-0.003,-0.073,-31.35,-8.25,-35.4,106.0
1787131067.5339491,-3.768,0.204,9.131,-0.019,-0.023,0.014,-31.35,-9.45,-34.35,90.0
1787131067.5339744,-3.792,0.172,8.952,-0.074,-0.052,-0.005,-30.3,-9.0,-36.6,90.0
1787131067.5339866,-3.417,-0.029,8.772,-0.127,-0.053,-0.003,-30.6,-10.5,-37.2,90.0
1787131067.73364,-2.907,0.079,9.141,-0.051,-0.019,-0.015,-34.05,-8.7,-36.9,74.0
1787131067.7336655,-2.933,-0.031,9.342,-0.02,0.059,-0.039,-32.7,-7.65,-37.8,74.0
1787131067.7336764,-3.287,-0.072,9.409,0.028,0.074,-0.036,-32.55,-7.8,-36.15,74.0
1787131067.9360282,-3.883,-0.242,9.201,0.077,0.098,0.0,-31.2,-7.65,-35.25,72.0
1787131068.1413193,-3.306,-0.057,9.074,-0.028,0.026,-0.015,-31.8,-8.7,-37.65,89.0
1787131068.141343,-3.369,-0.057,9.206,-0.024,0.022,-0.015,-31.95,-8.85,-37.05,89.0
1787131068.141354,-3.46,-0.053,9.115,-0.004,0.015,-0.01,-31.95,-7.2,-37.05,89.0
1787131068.3436265,-3.292,0.036,9.105,-0.02,0.004,-0.007,-31.8,-7.8,-35.85,125.0
1787131068.343652,-3.314,0.01,9.249,-0.016,0.015,-0.003,-31.65,-8.4,-36.0,125.0
1787131068.3436635,-3.323,0.038,9.196,-0.002,0.026,0.003,-32.4,-8.4,-36.75,91.0
1787131068.5468113,-3.244,0.127,9.084,-0.019,0.006,0.008,-30.9,-9.15,-36.3,88.0
1787131068.546836,-3.345,0.01,9.098,-0.026,0.02,0.01,-30.45,-7.2,-36.0,88.0
1787131068.5468473,-3.316,0.041,9.148,-0.02,0.013,0.009,-30.45,-8.85,-37.05,88.0
1787131068.7497537,-3.285,0.031,9.103,-0.027,0.007,-0.003,-31.95,-8.85,-36.3,162.0
1787131068.749779,-3.326,-0.005,9.172,-0.027,0.024,-0.002,-31.8,-9.45,-37.2,162.0
1787131068.74979,-3.364,0.034,9.165,-0.03,0.022,-0.009,-32.4,-8.1,-37.05,162.0
1787131068.9539711,-3.371,-0.026,9.103,-0.028,0.021,-0.005,-31.2,-8.85,-36.0,91.0
1787131068.953996,-3.369,-0.01,9.208,-0.026,0.023,-0.004,-31.05,-9.0,-37.2,91.0
1787131068.9540071,-3.395,-0.024,9.199,-0.014,0.023,-0.006,-31.2,-9.6,-36.75,91.0
1787131069.1571913,-3.393,-0.038,9.189,-0.021,0.02,0.004,-29.7,-9.15,-37.8,93.0
1787131069.1572165,-3.467,-0.055,9.146,-0.016,0.012,0.009,-31.95,-10.05,-36.0,93.0
1787131069.1572275,-3.426,-0.036,9.129,-0.021,0.008,0.004,-30.45,-9.15,-36.75,93.0
1787131069.3614728,-3.421,0.017,9.167,-0.022,0.012,-0.012,-30.9,-8.85,-35.55,72.0
1787131069.361497,-3.381,-0.074,9.141,-0.016,0.011,-0.012,-31.8,-8.25,-37.95,72.0
1787131069.3615081,-3.383,-0.065,9.143,-0.003,0.001,-0.009,-31.95,-9.15,-36.75,72.0
1787131069.561633,-3.361,0.065,9.222,-0.02,0.01,-0.004,-30.3,-7.8,-36.9,94.0
1787131069.7687821,-3.452,0.017,9.134,-0.023,0.01,-0.005,-32.55,-9.0,-36.9,114.0
1787131069.768808,-3.378,-0.01,9.143,-0.021,0.014,-0.005,-29.25,-8.7,-37.65,57.0
1787131069.7688198,-3.412,-0.067,9.23,-0.016,0.013,-0.006,-29.7,-8.4,-38.25,57.0
1787131069.970825,-3.428,-0.043,9.151,-0.018,0.004,-0.008,-30.15,-8.85,-36.75,65.0
1787131069.97085,-3.385,-0.031,9.167,-0.019,0.005,-0.002,-31.35,-9.0,-36.6,65.0
1787131069.9708705,-3.393,-0.034,9.177,-0.021,0.009,-0.007,-31.05,-8.25,-37.2,65.0
1787131070.1747684,-3.369,0.036,9.115,-0.022,0.003,0.001,-31.95,-8.4,-36.0,107.0
1787131070.174793,-3.426,-0.057,9.167,-0.022,0.008,-0.004,-30.6,-8.7,-35.4,71.0
1787131070.1748042,-3.397,-0.053,9.263,-0.018,0.017,-0.003,-30.15,-9.15,-37.5,71.0
1787131070.3777637,-3.366,0.034,9.179,-0.024,0.007,0.006,-30.45,-9.15,-37.8,67.0
1787131070.3777874,-3.342,-0.036,9.167,-0.018,0.007,-0.002,-30.45,-9.15,-37.8,67.0
1787131070.3777983,-3.4,-0.081,9.153,-0.02,0.011,-0.002,-30.6,-8.7,-37.95,61.0
1787131070.5814211,-3.39,-0.06,9.129,-0.011,0.012,-0.003,-31.65,-10.35,-37.05,50.0
1787131070.5814464,-3.393,-0.093,9.151,-0.021,0.014,-0.004,-31.95,-8.1,-36.3,50.0
1787131070.5814574,-3.428,-0.048,9.16,-0.016,0.013,-0.01,-29.55,-9.0,-35.1,77.0
1787131070.7854428,-3.364,-0.053,9.179,-0.025,0.012,-0.006,-31.05,-8.25,-37.65,137.0
1787131070.7854679,-3.443,-0.139,9.172,-0.022,0.013,-0.003,-30.6,-8.7,-37.65,137.0
1787131070.7854786,-3.371,-0.091,9.208,-0.019,0.01,-0.002,-31.05,-9.75,-36.15,137.0
1787131070.9885201,-3.428,-0.045,9.136,-0.02,0.012,-0.005,-30.15,-8.1,-36.75,67.0
1787131070.9885445,-3.361,0.014,9.151,-0.021,0.016,-0.002,-31.65,-8.4,-37.5,66.0
1787131070.9885573,-3.419,-0.005,9.163,-0.019,0.014,-0.006,-29.7,-10.05,-37.5,66.0
1787131071.1920776,-3.397,-0.024,9.153,-0.014,0.011,0.005,-31.35,-10.95,-37.2,82.0
1787131071.3961325,-3.467,-0.115,9.16,-0.017,0.017,0.005,-29.7,-8.85,-36.3,75.0
1787131071.3961585,-3.426,-0.062,9.127,-0.015,0.013,0.002,-30.6,-10.95,-36.6,75.0
1787131071.3961697,-3.448,-0.007,9.091,-0.014,0.003,-0.005,-30.3,-8.25,-37.2,75.0
1787131071.6062222,-3.443,-0.031,9.131,-0.017,0.014,-0.002,-31.8,-8.7,-37.2,93.0
1787131071.6062467,-3.448,-0.014,9.06,-0.019,0.006,-0.006,-29.25,-8.7,-36.6,93.0
1787131071.606258,-3.467,0.019,9.146,-0.016,0.02,-0.005,-31.65,-9.6,-36.3,93.0
1787131071.8030286,-3.421,-0.048,9.141,-0.018,0.025,-0.001,-29.85,-9.0,-36.9,73.0
1787131071.803057,-3.479,-0.084,9.093,-0.017,0.013,-0.001,-31.35,-9.45,-37.2,73.0
1787131071.8030677,-3.469,-0.034,9.088,-0.016,0.01,-0.003,-30.15,-10.35,-37.5,73.0
1787131072.0072908,-3.397,-0.031,9.12,-0.023,0.02,0.004,-30.9,-10.8,-37.8,76.0
1787131072.007316,-3.522,-0.067,9.191,-0.015,0.021,-0.004,-30.6,-9.45,-36.9,76.0
1787131072.0073273,-3.46,-0.101,9.187,-0.013,0.002,-0.003,-31.2,-7.2,-37.5,76.0
1787131072.2096996,-3.462,-0.053,9.16,-0.022,0.016,-0.001,-30.3,-8.25,-35.4,65.0
1787131072.2097247,-3.407,-0.069,9.115,-0.02,0.021,0.002,-31.2,-9.6,-37.5,65.0
1787131072.2097359,-3.517,-0.081,9.16,-0.013,0.012,-0.01,-30.6,-10.5,-36.15,65.0
1787131072.4130578,-3.414,-0.127,9.16,-0.016,0.01,-0.006,-30.6,-7.8,-36.9,82.0
1787131072.413089,-3.474,-0.084,9.064,-0.016,0.021,-0.005,-30.9,-10.05,-36.75,82.0
1787131072.6169991,-3.462,-0.014,9.131,-0.019,0.006,0.002,-29.4,-10.05,-36.75,74.0
1787131072.617024,-3.426,-0.062,9.124,-0.016,0.007,0.003,-29.7,-8.85,-37.5,74.0
1787131072.6170352,-3.409,-0.079,9.086,-0.021,0.009,0.003,-30.15,-9.6,-39.0,58.0
1787131072.8203406,-3.481,-0.117,9.182,-0.013,0.007,-0.001,-29.7,-10.05,-36.9,58.0
1787131072.8203661,-3.536,-0.124,9.179,-0.005,0.001,-0.004,-29.7,-10.05,-39.0,58.0
1787131072.8203773,-3.438,-0.148,9.096,-0.01,0.0,-0.001,-30.6,-10.5,-36.9,58.0
1787131073.0252402,-3.462,-0.091,9.122,-0.014,0.006,-0.003,-30.45,-10.35,-37.5,105.0
1787131073.0252657,-3.448,-0.072,9.12,-0.02,0.01,-0.003,-30.9,-9.15,-36.75,105.0
1787131073.025277,-3.462,-0.086,9.131,-0.016,0.006,0.003,-30.3,-9.45,-35.85,105.0
1787131073.2301397,-3.522,-0.038,9.124,-0.018,0.005,-0.006,-31.2,-9.6,-36.0,111.0
1787131073.230177,-3.436,-0.034,9.1,-0.02,0.008,-0.001,-29.85,-9.75,-36.9,111.0
1787131073.2301838,-3.464,-0.067,9.148,-0.011,0.01,-0.001,-31.8,-8.7,-36.9,111.0
1787131073.4349794,-3.428,-0.077,9.131,-0.018,0.007,0.002,-30.3,-9.0,-37.65,82.0
1787131073.435187,-3.443,-0.031,9.079,-0.016,0.016,0.001,-29.85,-9.0,-36.15,82.0
1787131073.435196,-3.493,-0.045,9.088,-0.019,0.013,-0.006,-30.15,-11.1,-37.8,82.0
1787131073.6397357,-3.455,-0.045,9.187,-0.019,0.008,0.0,-31.05,-9.0,-37.2,95.0
1787131073.6397612,-3.469,-0.05,9.141,-0.014,0.004,-0.001,-31.35,-9.75,-37.65,95.0
1787131073.6397727,-3.436,-0.017,9.115,-0.013,0.011,-0.002,-31.2,-9.6,-35.55,95.0
1787131073.8444366,-3.443,-0.026,9.153,-0.018,0.005,-0.003,-30.3,-9.75,-36.15,66.0
1787131073.8444617,-3.479,-0.06,9.136,-0.02,0.01,-0.004,-30.15,-10.35,-37.5,66.0
1787131073.8444731,-3.428,-0.067,9.081,-0.013,0.014,-0.001,-30.9,-9.6,-38.25,66.0
1787131074.05225,-3.472,-0.017,9.143,-0.024,0.007,-0.003,-31.35,-9.0,-36.9,84.0
1787131074.0522747,-3.481,-0.034,9.179,-0.015,0.009,-0.004,-29.85,-9.0,-37.2,84.0
1787131074.0522857,-3.414,-0.069,9.124,-0.017,0.011,-0.008,-31.35,-9.45,-36.9,84.0
1787131074.2551167,-3.438,-0.017,9.12,-0.022,0.009,-0.003,-29.85,-9.75,-36.6,65.0
1787131074.2551425,-3.421,-0.043,9.129,-0.023,0.016,0.001,-30.9,-10.05,-37.5,65.0
1787131074.2551537,-3.493,-0.036,9.1,-0.024,0.01,-0.004,-30.3,-9.75,-34.65,65.0
1787131074.4588163,-3.414,-0.038,9.131,-0.018,0.012,-0.007,-29.85,-10.95,-36.6,75.0
1787131074.665013,-3.51,-0.098,9.11,-0.013,0.011,-0.004,-31.2,-10.35,-36.75,87.0
1787131074.6650376,-3.479,-0.017,9.045,-0.018,0.015,-0.003,-30.45,-10.8,-38.25,87.0
1787131074.665049,-3.472,-0.067,9.076,-0.019,0.012,0.0,-29.85,-7.5,-37.95,97.0
1787131074.8691092,-3.402,-0.038,9.079,-0.012,0.008,-0.002,-30.3,-8.25,-35.85,95.0
1787131074.8691347,-3.479,-0.053,9.1,-0.015,0.009,-0.004,-29.85,-9.0,-36.9,95.0
1787131074.8691456,-3.563,-0.053,9.064,-0.015,0.009,-0.003,-29.4,-9.6,-36.3,69.0
1787131075.0740457,-3.484,0.017,9.124,-0.011,0.015,-0.002,-31.65,-8.4,-36.75,121.0
1787131075.07407,-3.472,-0.055,9.108,-0.016,0.016,-0.003,-30.45,-9.15,-37.05,121.0
1787131075.0740812,-3.486,-0.06,9.141,-0.013,0.006,-0.003,-29.85,-9.45,-37.65,120.0
1787131075.2779179,-3.481,-0.084,9.148,-0.014,0.001,0.0,-30.6,-10.5,-37.2,74.0
1787131075.2779481,-3.373,-0.055,9.076,-0.019,0.01,-0.007,-31.2,-10.05,-38.25,74.0
1787131075.2779596,-3.517,-0.057,9.079,-0.014,0.018,-0.002,-29.7,-9.15,-36.3,74.0
1787131075.482804,-3.493,-0.045,9.153,-0.018,0.012,-0.003,-30.9,-9.15,-36.75,64.0
1787131075.48283,-3.541,-0.043,9.122,-0.02,0.014,-0.003,-30.6,-10.5,-37.65,64.0
1787131075.4828415,-3.51,-0.065,9.103,-0.013,0.007,-0.002,-30.6,-10.5,-36.15,64.0
1787131075.6873202,-3.476,-0.091,9.115,-0.009,0.011,-0.009,-29.85,-10.2,-36.15,76.0
1787131075.6873446,-3.508,-0.017,9.088,-0.012,0.006,-0.005,-30.6,-9.75,-37.2,76.0
1787131075.6873558,-3.455,-0.108,9.096,-0.017,0.008,-0.004,-29.85,-9.0,-36.6,76.0
1787131075.892481,-3.498,-0.045,9.146,-0.016,0.01,0.001,-31.05,-9.45,-37.65,94.0
1787131075.8925061,-3.512,-0.045,9.136,-0.018,0.01,-0.005,-30.6,-9.45,-37.2,94.0
1787131075.8925173,-3.474,-0.108,9.148,-0.015,0.004,-0.002,-30.6,-9.45,-37.2,94.0
1787131076.0969136,-3.498,-0.089,9.134,-0.016,0.019,-0.008,-28.8,-9.75,-35.85,53.0
1787131076.3024418,-3.498,-0.096,9.148,-0.017,0.007,0.001,-30.15,-11.1,-35.55,85.0
1787131076.3024678,-3.436,-0.055,9.074,-0.012,0.01,-0.007,-30.45,-9.6,-36.75,85.0
1787131076.3024793,-3.419,-0.05,9.086,-0.016,0.019,-0.004,-30.15,-8.4,-36.0,85.0
1787131076.5071976,-3.481,-0.074,9.031,-0.016,0.012,-0.01,-30.15,-8.4,-37.05,97.0
1787131076.5072236,-3.443,-0.081,9.182,-0.014,0.01,0.001,-29.55,-10.5,-36.15,97.0
1787131076.507235,-3.469,-0.101,9.148,-0.01,0.008,-0.001,-30.9,-8.85,-37.5,97.0
1787131076.71152,-3.445,-0.096,9.117,-0.018,0.005,0.0,-30.6,-9.0,-36.9,121.0
1787131076.7115452,-3.503,-0.026,9.088,-0.013,0.007,-0.001,-31.2,-9.15,-36.75,85.0
1787131076.711557,-3.472,-0.024,9.148,-0.016,0.008,-0.002,-30.15,-8.4,-36.75,85.0
1787131076.9162004,-3.484,-0.043,9.117,-0.008,0.007,-0.002,-31.2,-9.15,-36.3,98.0
1787131076.9162254,-3.474,-0.055,9.146,-0.013,0.014,-0.009,-32.4,-9.6,-37.05,81.0
1787131076.9162364,-3.469,-0.065,9.131,-0.012,0.003,-0.006,-32.4,-9.15,-37.05,81.0
1787131077.1212142,-3.5,-0.041,9.103,-0.009,0.015,-0.004,-31.2,-9.15,-36.75,105.0
1787131077.1212392,-3.539,-0.05,9.129,-0.016,0.01,0.0,-30.15,-10.35,-35.55,75.0
1787131077.1212509,-3.503,-0.026,9.055,-0.015,0.002,-0.002,-29.85,-9.75,-36.9,75.0
1787131077.325906,-3.464,-0.069,9.1,-0.017,0.006,-0.001,-29.55,-11.7,-37.2,95.0
1787131077.325943,-3.51,0.002,9.11,-0.013,0.006,0.003,-31.2,-9.6,-36.0,95.0
1787131077.325954,-3.464,-0.055,9.062,-0.009,0.008,-0.005,-31.8,-10.5,-37.65,66.0
1787131077.5311236,-3.383,-0.156,9.079,-0.028,0.026,0.011,-32.55,-9.75,-36.6,120.0
1787131077.5311491,-3.555,-0.115,9.227,-0.024,0.024,0.002,-31.2,-9.6,-36.0,120.0
1787131077.53116,-3.577,-0.091,9.155,-0.019,0.013,0.004,-28.95,-8.85,-37.05,120.0
1787131077.735237,-3.503,-0.072,9.117,-0.013,0.009,-0.004,-29.55,-10.2,-36.6,103.0
1787131077.7352622,-3.474,-0.101,9.131,-0.02,0.009,-0.007,-29.7,-9.6,-37.8,109.0
1787131077.9404547,-3.467,-0.034,9.139,-0.026,0.009,0.0,-29.7,-10.05,-37.05,81.0
1787131077.94048,-3.491,-0.086,9.182,-0.017,0.014,-0.006,-29.7,-10.8,-37.05,81.0
1787131077.940491,-3.467,-0.101,9.141,-0.018,0.016,-0.004,-30.9,-8.85,-35.25,81.0
1787131078.1450214,-3.527,-0.101,9.141,-0.023,0.016,-0.006,-30.3,-8.7,-36.6,72.0
1787131078.1450584,-3.536,-0.115,9.11,-0.019,0.016,0.001,-31.05,-9.75,-37.2,72.0
1787131078.1450653,-3.464,-0.091,9.131,-0.022,0.021,-0.003,-30.9,-8.85,-37.5,72.0
1787131078.3501399,-3.582,-0.077,9.105,-0.016,0.027,-0.002,-30.3,-8.25,-37.65,59.0
1787131078.350165,-3.539,-0.041,9.16,-0.013,0.031,-0.006,-29.7,-8.1,-37.5,59.0
1787131078.3501763,-3.603,-0.103,9.086,-0.014,0.031,-0.008,-31.2,-10.05,-36.3,59.0
1787131078.5561264,-3.575,-0.062,9.052,-0.026,0.028,0.004,-29.4,-11.1,-34.95,86.0
1787131078.5561526,-3.534,-0.113,9.108,-0.023,0.027,-0.004,-30.3,-10.2,-36.15,86.0
1787131078.5561638,-3.618,-0.038,9.187,-0.027,0.026,-0.006,-31.05,-10.5,-37.65,86.0
1787131087.5685458,-3.618,0.06,9.045,-0.017,0.011,-0.005,-29.4,-9.15,-36.3,102.0
1787131087.5685713,-3.539,-0.005,9.1,-0.018,0.01,-0.001,-28.8,-10.95,-36.9,102.0
1787131087.5685823,-3.563,0.043,9.141,-0.019,0.006,-0.006,-28.8,-10.5,-36.6,183.0
1787131087.7725902,-3.587,-0.005,9.096,-0.016,0.005,-0.001,-29.55,-8.7,-35.85,183.0
1787131087.7726145,-3.639,0.06,9.141,-0.01,0.011,0.0,-30.6,-9.75,-35.85,183.0
1787131087.7726264,-3.591,0.026,9.045,-0.014,0.009,-0.003,-29.25,-9.0,-37.2,159.0
1787131087.976376,-3.613,-0.05,9.067,-0.014,0.01,0.001,-30.45,-10.05,-36.3,127.0
1787131087.976401,-3.527,-0.067,9.084,-0.014,0.014,-0.002,-30.45,-10.05,-36.3,127.0
1787131087.9764125,-3.613,-0.014,9.11,-0.013,0.003,-0.004,-29.4,-11.1,-35.55,90.0
1787131088.3875217,-3.582,0.012,9.036,-0.013,0.016,-0.005,-31.05,-9.45,-35.85,111.0
1787131088.3875475,-3.596,0.017,9.117,-0.019,0.011,-0.001,-28.05,-10.2,-36.15,111.0
1787131088.387559,-3.587,0.019,9.043,-0.019,0.019,-0.006,-30.45,-10.8,-36.3,107.0
1787131088.8024983,-3.582,0.043,9.074,-0.019,0.012,-0.004,-29.25,-10.2,-36.15,157.0
1787131088.8025231,-3.613,0.055,9.041,-0.017,0.014,-0.009,-30.6,-10.2,-37.2,163.0
1787131088.8025343,-3.587,0.053,9.105,-0.015,0.01,-0.004,-29.85,-9.75,-36.9,163.0
1787131089.2044523,-3.575,0.045,9.088,-0.014,-0.004,0.003,-30.45,-9.15,-36.0,67.0
1787131089.2044775,-3.587,-0.019,9.076,-0.016,0.0,0.001,-30.9,-9.15,-37.05,161.0
1787131089.204489,-3.56,0.017,9.081,-0.014,0.004,0.001,-30.9,-9.15,-37.05,161.0
1787131089.6159034,-3.57,0.026,9.112,-0.014,-0.001,0.003,-29.4,-10.05,-36.75,123.0
1787131089.6159294,-3.594,0.024,9.076,-0.013,0.004,0.002,-29.55,-9.0,-36.15,123.0
1787131089.6159406,-3.519,0.086,9.081,-0.012,0.002,0.001,-31.05,-9.45,-36.15,123.0
1787131090.0247045,-3.589,-0.034,9.076,-0.018,0.011,-0.001,-29.85,-10.2,-35.4,94.0
1787131090.0247302,-3.598,0.01,9.122,-0.013,0.002,-0.003,-29.25,-8.25,-35.4,94.0
1787131090.0247416,-3.546,0.053,9.057,-0.013,0.002,-0.002,-29.25,-7.8,-36.15,94.0
1787131090.433524,-3.503,0.012,9.096,-0.021,0.01,-0.001,-30.45,-9.6,-36.3,126.0
1787131090.4335494,-3.577,0.055,9.108,-0.018,0.011,-0.005,-30.45,-8.85,-36.75,126.0
1787131090.433561,-3.553,0.081,9.131,-0.009,0.01,0.004,-29.55,-9.75,-37.2,126.0
1787131090.843832,-3.596,0.029,9.105,-0.019,0.008,-0.001,-30.3,-10.5,-36.9,127.0
1787131090.843873,-3.493,0.12,9.108,-0.015,0.009,-0.001,-29.85,-8.7,-37.65,127.0
1787131090.8438847,-3.572,0.067,9.069,-0.019,0.011,-0.005,-30.3,-10.5,-36.15,127.0
1787131091.2564197,-3.536,0.057,9.096,-0.01,0.002,-0.006,-29.4,-9.6,-36.0,76.0
1787131091.256444,-3.577,0.079,9.11,-0.013,0.004,-0.003,-30.3,-10.2,-35.1,76.0
1787131091.256455,-3.57,0.105,9.062,-0.011,-0.002,-0.002,-30.9,-9.6,-36.3,76.0
1787131091.6624584,-3.462,0.041,9.153,-0.016,0.007,-0.003,-29.4,-10.8,-37.5,111.0
1787131091.662484,-3.476,0.031,9.045,-0.013,0.013,0.0,-28.65,-9.15,-36.0,111.0
1787131091.6624951,-3.479,0.134,9.112,-0.02,0.014,-0.007,-29.55,-8.7,-36.9,111.0
1787131092.0749137,-3.527,0.084,9.06,-0.014,0.012,-0.006,-28.65,-10.35,-37.05,100.0
1787131092.0749397,-3.56,0.055,9.134,-0.015,0.012,-0.002,-29.55,-8.7,-37.2,100.0
1787131092.0749514,-3.524,0.086,9.086,-0.012,0.007,-0.002,-30.3,-9.75,-37.65,100.0
1787131092.480968,-3.5,0.089,9.086,-0.016,0.014,0.001,-31.65,-10.35,-36.3,120.0
1787131092.4811587,-3.493,0.079,9.112,-0.014,0.015,-0.002,-28.95,-9.6,-37.5,120.0
1787131092.8913915,-3.529,-0.019,9.124,-0.012,0.007,-0.006,-29.85,-8.7,-36.9,118.0
1787131092.891417,-3.481,0.043,9.115,-0.014,0.008,-0.007,-29.55,-9.0,-37.65,118.0
1787131092.8914285,-3.51,0.079,9.084,-0.015,0.014,-0.003,-29.85,-7.8,-36.6,118.0
1787131093.300666,-3.457,0.105,9.136,-0.016,0.015,0.001,-28.05,-10.95,-37.95,176.0
1787131093.3006907,-3.563,0.036,9.088,-0.02,0.01,-0.001,-30.3,-9.0,-36.9,176.0
1787131093.300702,-3.517,0.062,9.148,-0.01,0.003,-0.005,-30.3,-9.75,-36.9,176.0
1787131093.7100606,-3.527,0.053,9.057,-0.016,0.009,-0.004,-29.7,-9.6,-35.55,145.0
1787131093.7100885,-3.551,0.06,9.096,-0.01,0.009,-0.006,-29.4,-11.1,-37.05,145.0
1787131093.7100997,-3.529,0.093,9.098,-0.011,0.012,-0.004,-28.5,-8.7,-36.6,112.0
1787131094.1202924,-3.467,0.146,9.026,-0.021,0.013,-0.003,-29.55,-9.75,-37.2,135.0
1787131094.1203187,-3.5,0.043,9.131,-0.024,0.006,-0.008,-29.4,-10.05,-35.25,135.0
1787131094.12033,-3.555,0.079,9.191,-0.013,0.016,-0.001,-30.3,-8.25,-37.2,146.0
1787131094.5294366,-3.515,0.062,9.11,-0.014,0.007,-0.002,-30.15,-10.05,-37.05,112.0
1787131094.529463,-3.565,0.057,9.131,-0.013,0.012,-0.003,-29.85,-7.8,-36.15,112.0
1787131094.5294743,-3.579,0.062,9.05,-0.012,0.01,-0.009,-29.25,-10.2,-36.9,147.0
1787131094.9406407,-3.5,0.031,9.096,-0.015,0.011,0.001,-29.4,-10.8,-35.55,140.0
1787131094.940667,-3.543,0.086,9.117,-0.019,0.005,0.002,-29.25,-9.0,-36.6,138.0
1787131094.9406798,-3.515,0.101,9.074,-0.014,0.009,-0.003,-30.45,-11.1,-36.0,138.0
1787131095.3484466,-3.484,0.065,9.124,-0.012,0.011,-0.003,-30.15,-9.6,-36.3,118.0
1787131095.3484702,-3.517,0.086,9.136,-0.018,0.006,-0.004,-30.6,-8.25,-37.65,114.0
1787131095.3484812,-3.512,0.089,9.127,-0.019,0.004,-0.001,-29.7,-8.4,-37.05,114.0
1787131095.7575629,-3.469,0.029,9.048,-0.015,0.007,-0.001,-29.7,-10.05,-37.5,120.0
1787131095.7575884,-3.515,0.096,9.115,-0.023,0.007,-0.001,-30.9,-10.05,-35.25,169.0
1787131096.169515,-3.534,0.06,9.05,-0.016,0.004,0.001,-29.4,-10.05,-35.55,222.0
1787131096.1695387,-3.522,0.022,9.127,-0.014,0.005,-0.001,-31.05,-10.2,-34.65,222.0
1787131096.169551,-3.543,0.055,9.1,-0.018,0.014,-0.002,-29.55,-9.75,-36.6,222.0
1787131096.5773182,-3.498,0.074,9.079,-0.019,0.004,0.001,-29.7,-9.6,-36.3,128.0
1787131096.5773432,-3.462,0.041,9.129,-0.02,0.01,-0.001,-29.85,-9.75,-35.1,128.0
1787131096.577355,-3.496,0.077,9.158,-0.018,0.009,-0.001,-29.25,-9.75,-36.9,128.0
1787131096.9868777,-3.496,0.077,9.108,-0.019,0.01,-0.003,-30.3,-10.5,-36.15,128.0
1787131096.9869027,-3.527,0.074,9.108,-0.012,0.005,0.004,-28.95,-10.05,-36.3,128.0
1787131096.9869137,-3.433,0.034,9.084,-0.014,0.013,-0.002,-29.7,-8.4,-36.75,184.0
1787131097.1934035,-3.503,0.057,9.124,-0.018,0.023,-0.003,-31.65,-10.8,-36.0,184.0
1787131097.1934295,-3.577,0.053,9.098,-0.013,0.016,0.009,-29.85,-10.5,-36.6,184.0
1787131097.1934404,-3.534,0.108,9.062,-0.013,0.005,0.01,-30.9,-11.1,-36.0,184.0
1787131097.3983603,-3.529,0.01,9.098,-0.022,0.018,-0.001,-30.15,-9.6,-37.8,142.0
1787131097.398385,-3.512,0.041,9.076,-0.005,0.035,-0.003,-29.7,-10.05,-37.5,142.0
1787131097.3983967,-3.742,0.041,9.39,0.006,0.077,-0.005,-30.3,-8.25,-36.6,142.0
1787131097.6014953,-3.61,0.103,9.091,-0.007,-0.003,-0.004,-30.45,-10.05,-36.75,118.0
1787131097.6015205,-3.505,0.081,9.175,-0.007,-0.006,-0.006,-28.8,-11.4,-36.9,118.0
1787131097.6015322,-3.582,-0.007,9.117,-0.001,-0.002,-0.012,-30.6,-10.2,-37.2,118.0
1787131097.8061378,-3.519,0.019,9.076,0.0,-0.001,-0.002,-30.9,-9.15,-36.3,118.0
1787131097.8061628,-3.594,0.05,9.115,-0.002,-0.003,-0.01,-30.6,-9.0,-37.2,125.0
1787131097.8061743,-3.51,0.005,9.153,-0.002,0.002,-0.006,-30.6,-9.75,-36.6,125.0
1787131098.0122986,-3.503,0.005,9.091,-0.014,0.011,-0.014,-28.5,-11.4,-36.6,127.0
1787131098.0123239,-3.551,0.067,9.148,-0.009,0.003,-0.002,-31.2,-10.05,-36.75,145.0
1787131098.012335,-3.555,0.067,9.103,-0.009,0.002,-0.003,-31.2,-10.05,-36.75,145.0
1787131098.2186418,-3.541,0.014,9.158,-0.013,0.0,-0.006,-29.4,-8.1,-37.5,145.0
1787131098.218668,-3.553,0.036,9.098,-0.011,0.009,-0.003,-30.15,-8.85,-36.75,155.0
1787131098.2186797,-3.553,0.122,9.103,-0.01,0.004,0.001,-30.9,-9.6,-36.0,155.0
1787131098.42176,-3.582,0.132,9.079,-0.011,0.004,0.003,-29.25,-9.75,-35.85,168.0
1787131098.4217854,-3.5,0.105,9.05,-0.016,0.013,-0.004,-30.6,-8.25,-37.2,169.0
1787131098.4217968,-3.527,0.079,9.143,-0.015,0.018,-0.001,-30.15,-8.85,-36.0,169.0
1787131098.6300466,-3.464,0.067,9.124,-0.019,0.019,-0.002,-30.6,-7.5,-35.4,169.0
1787131098.6300728,-3.534,0.081,9.1,-0.02,0.023,0.0,-31.8,-9.0,-35.1,146.0
1787131098.6300843,-3.543,0.065,9.062,-0.025,0.03,-0.001,-31.65,-9.15,-35.55,146.0
1787131098.8308442,-3.594,0.06,9.072,-0.023,0.013,0.0,-31.05,-8.25,-35.4,146.0
1787131098.8308935,-3.563,-0.012,9.052,-0.019,0.022,-0.003,-30.9,-8.4,-36.0,139.0
1787131098.8309054,-3.551,0.041,9.105,-0.022,0.022,-0.004,-30.45,-7.2,-35.25,139.0
1787131099.0354552,-3.711,0.086,9.146,-0.032,0.044,-0.011,-30.9,-8.85,-36.75,126.0
1787131099.0354798,-3.706,0.067,9.129,-0.025,0.031,-0.011,-31.2,-8.1,-34.2,126.0
1787131099.0354912,-3.603,-0.153,9.148,-0.01,0.005,0.005,-30.15,-7.65,-36.0,126.0
1787131099.2418318,-3.563,0.026,8.969,-0.018,0.009,-0.003,-31.2,-8.4,-36.0,95.0
1787131099.2418673,-3.697,0.065,9.064,-0.011,0.019,0.001,-29.55,-7.8,-35.1,95.0
1787131099.2418787,-3.627,0.117,8.952,-0.01,0.018,0.002,-31.2,-9.15,-36.3,95.0
1787131099.4466305,-3.517,0.098,9.041,-0.014,0.019,-0.006,-30.15,-9.15,-37.05,113.0
1787131099.4466565,-3.776,0.086,9.084,-0.026,0.028,-0.001,-30.6,-8.25,-35.1,113.0
1787131099.4466684,-3.819,0.091,9.088,-0.017,0.028,-0.007,-29.85,-9.45,-35.4,113.0
1787131099.6495566,-3.61,-0.01,9.017,-0.005,-0.002,0.0,-30.3,-8.25,-34.65,123.0
1787131099.6495833,-3.716,0.048,9.072,-0.012,-0.002,-0.007,-31.65,-8.4,-34.95,155.0
1787131099.649595,-3.713,0.079,9.033,-0.005,0.006,0.015,-31.35,-8.7,-35.4,155.0
1787131099.8513331,-3.529,-0.002,9.021,-0.015,0.005,-0.001,-29.55,-9.45,-36.6,158.0
1787131100.059247,-3.685,0.069,9.043,-0.024,0.021,-0.002,-31.2,-8.85,-36.75,136.0
1787131100.0592723,-3.713,0.089,9.038,-0.009,0.014,-0.001,-30.6,-9.45,-35.1,132.0
1787131100.0592785,-3.677,0.093,9.052,-0.017,0.011,-0.001,-30.9,-10.05,-36.3,132.0
1787131100.2674198,-3.649,0.139,9.002,-0.018,0.01,0.001,-30.45,-8.4,-35.55,144.0
1787131100.2674453,-3.627,0.12,9.002,-0.019,0.006,0.001,-29.7,-8.4,-34.95,144.0
1787131100.267456,-3.673,0.101,9.009,-0.022,0.006,0.001,-29.55,-8.7,-36.6,144.0
1787131100.4687011,-3.661,0.045,9.06,-0.016,0.013,0.0,-30.9,-9.15,-35.55,147.0
1787131100.468727,-3.615,0.024,9.026,-0.015,0.013,-0.001,-30.15,-9.6,-34.95,147.0
1787131100.4687383,-3.778,0.043,9.069,-0.019,0.01,0.001,-31.2,-9.6,-34.95,147.0
1787131100.6735384,-3.68,0.077,9.057,-0.016,0.014,-0.007,-30.15,-8.4,-34.95,133.0
1787131100.6735642,-3.687,0.124,9.091,-0.018,0.009,-0.001,-29.7,-10.05,-35.25,133.0
1787131100.6735756,-3.754,0.005,9.021,-0.018,0.016,-0.004,-29.85,-10.2,-34.65,172.0
1787131100.8783278,-3.692,0.117,9.06,-0.018,0.011,0.001,-29.7,-9.15,-35.25,122.0
1787131100.8783545,-3.73,0.062,9.043,-0.012,0.01,-0.003,-30.9,-8.1,-36.0,108.0
1787131100.8783658,-3.697,0.053,9.067,-0.02,0.009,-0.005,-29.85,-8.25,-36.15,108.0
1787131101.0832999,-3.639,0.067,9.072,-0.017,0.014,-0.001,-29.7,-9.15,-35.25,108.0
1787131101.083325,-3.668,0.098,8.973,-0.018,0.014,-0.01,-30.3,-8.7,-35.4,108.0
1787131101.0833359,-3.73,0.053,9.038,-0.014,0.013,-0.001,-29.85,-7.8,-34.65,108.0
1787131101.2888846,-3.713,-0.06,9.031,-0.016,0.025,-0.01,-30.45,-7.65,-35.25,187.0
1787131101.288911,-3.677,0.01,8.985,-0.01,0.025,-0.006,-30.6,-9.75,-35.1,125.0
1787131101.2891674,-3.649,0.057,9.041,-0.015,0.029,-0.003,-29.7,-9.15,-35.25,125.0
1787131101.4926443,-3.752,0.057,9.076,-0.011,0.031,0.003,-31.2,-7.65,-35.55,125.0
1787131101.4926693,-3.838,0.096,9.086,-0.001,0.019,0.012,-29.4,-9.15,-36.3,125.0
1787131101.492681,-3.955,0.134,9.038,-0.007,0.012,0.007,-29.25,-9.0,-35.1,125.0
1787131101.6975524,-3.527,0.117,8.981,-0.038,0.054,0.005,-30.6,-9.45,-36.6,110.0
1787131101.6975772,-3.922,-0.034,9.079,-0.022,0.027,0.0,-29.7,-10.05,-34.95,128.0
1787131101.6975887,-3.8,-0.002,9.076,-0.011,-0.009,-0.006,-30.45,-9.6,-35.55,128.0
1787131101.903779,-3.888,0.168,9.074,-0.007,0.001,-0.003,-29.85,-9.0,-35.4,115.0
1787131101.903805,-3.802,0.227,8.899,-0.024,-0.008,0.001,-28.2,-9.15,-34.95,115.0
1787131101.9038165,-3.764,0.043,8.911,-0.029,0.006,-0.003,-30.15,-8.4,-34.95,115.0
1787131102.1075537,-3.747,0.026,8.995,-0.013,0.005,-0.002,-29.85,-9.45,-35.4,100.0
1787131102.1075792,-3.792,0.074,9.064,-0.014,0.011,-0.001,-30.3,-9.45,-35.4,100.0
1787131102.107591,-3.754,0.105,9.067,-0.013,0.009,-0.004,-28.95,-10.35,-34.95,100.0
1787131102.3111703,-3.682,0.081,8.938,-0.01,0.013,-0.001,-30.9,-8.4,-36.3,154.0
1787131102.3111937,-3.723,0.153,8.997,-0.014,0.03,-0.001,-31.2,-8.85,-37.8,169.0
1787131102.5174744,-3.704,0.146,8.93,-0.035,0.038,-0.009,-30.45,-8.4,-35.55,137.0
1787131102.5174983,-3.85,-0.01,9.076,-0.024,0.02,-0.009,-30.15,-10.05,-35.55,137.0
1787131102.5175102,-3.737,0.084,9.005,-0.019,0.013,-0.005,-30.15,-10.35,-35.25,137.0
1787131102.7221818,-3.704,0.045,8.94,-0.018,0.039,0.0,-28.5,-9.45,-35.1,121.0
1787131102.7222075,-3.677,0.098,9.026,-0.019,0.041,-0.013,-29.4,-8.4,-35.55,121.0
1787131102.722219,-3.859,0.022,9.014,-0.012,0.025,-0.01,-29.55,-9.45,-35.4,121.0
1787131102.9264765,-3.761,-0.002,9.021,-0.011,0.012,-0.005,-30.6,-9.45,-35.1,100.0
1787131102.9265027,-3.778,0.0,9.019,-0.007,0.019,-0.001,-28.8,-8.25,-35.4,100.0
1787131102.9265141,-3.84,0.072,9.002,-0.009,0.003,-0.012,-30.15,-9.15,-34.5,100.0
1787131103.131136,-3.843,0.199,8.973,-0.025,0.013,0.004,-30.45,-8.1,-36.75,120.0
1787131103.131162,-3.807,0.16,8.997,-0.036,0.014,0.001,-30.6,-9.75,-36.15,120.0
1787131103.1311731,-3.728,0.124,8.983,-0.04,0.014,-0.008,-30.15,-9.6,-35.55,120.0
1787131103.3359396,-3.924,0.069,8.928,-0.019,0.004,0.002,-29.4,-7.65,-35.55,165.0
1787131103.3359652,-3.847,-0.045,8.983,-0.012,0.005,-0.002,-30.9,-9.15,-36.75,165.0
1787131103.3359764,-3.859,-0.022,8.985,-0.003,-0.003,0.01,-31.2,-10.05,-34.2,165.0
1787131103.541265,-3.847,0.168,8.966,-0.012,-0.013,0.0,-30.3,-9.0,-37.05,118.0
1787131103.5412903,-3.816,0.11,9.014,-0.006,-0.007,0.002,-30.3,-7.8,-34.35,147.0
1787131103.5413015,-3.687,0.031,9.019,-0.01,-0.006,-0.003,-28.5,-8.7,-35.85,147.0
1787131103.7454512,-3.79,0.148,8.985,-0.018,0.006,-0.006,-30.3,-9.0,-36.15,112.0
1787131103.745477,-3.824,0.122,9.009,-0.017,0.007,-0.003,-31.05,-8.7,-35.4,132.0
1787131103.745488,-3.833,0.108,8.964,-0.018,0.01,0.003,-30.45,-10.05,-34.95,132.0
1787131103.9491317,-3.764,0.093,8.961,-0.018,0.008,-0.004,-31.05,-8.25,-35.1,125.0
1787131104.1552308,-3.859,0.122,8.973,-0.015,0.003,0.001,-31.05,-9.45,-35.85,132.0
1787131104.1552565,-3.745,0.041,8.99,-0.021,0.009,-0.003,-30.3,-8.25,-35.1,132.0
1787131104.155268,-3.79,0.06,9.009,-0.017,0.007,-0.001,-30.3,-10.2,-34.35,132.0
1787131104.3657398,-3.824,-0.024,9.029,0.006,0.006,0.002,-30.45,-8.85,-34.5,99.0
1787131104.365766,-3.725,0.251,8.971,-0.011,0.028,0.006,-30.15,-8.1,-34.95,99.0
1787131104.3657773,-3.965,0.34,8.964,-0.012,0.035,0.004,-31.05,-9.0,-35.4,99.0
1787131104.5656183,-3.864,0.184,8.997,-0.005,-0.03,0.004,-30.3,-10.5,-34.65,138.0
1787131104.5656426,-3.97,0.165,9.026,0.0,-0.042,0.002,-29.55,-9.45,-35.4,138.0
1787131104.565654,-3.936,0.175,9.026,-0.003,-0.038,-0.007,-29.4,-9.6,-34.95,133.0
1787131104.770235,-3.766,-0.01,9.11,-0.012,-0.003,-0.009,-29.7,-9.15,-34.5,125.0
1787131104.770262,-3.716,-0.103,9.067,0.0,-0.003,0.007,-31.65,-9.15,-35.55,125.0
1787131104.7702734,-3.766,-0.029,9.019,0.009,-0.008,0.009,-30.6,-9.75,-35.4,125.0
1787131104.97431,-3.761,0.077,9.072,-0.021,0.004,0.003,-30.3,-9.75,-35.4,140.0
1787131104.9743347,-3.79,0.105,9.002,-0.014,0.009,0.004,-29.85,-9.0,-35.4,140.0
1787131104.9743457,-3.785,0.103,9.038,-0.018,0.001,-0.002,-29.4,-10.35,-34.95,140.0
1787131105.1796374,-3.723,0.115,8.993,-0.022,-0.003,-0.011,-28.65,-10.35,-33.75,177.0
1787131105.1796627,-3.661,0.189,9.045,-0.022,0.003,-0.012,-30.6,-10.5,-35.1,177.0
1787131105.1796741,-3.735,0.084,9.06,-0.01,0.009,-0.008,-30.9,-8.1,-36.3,177.0
1787131105.3843505,-3.776,0.101,9.026,-0.011,0.009,-0.005,-28.05,-10.5,-36.15,115.0
1787131105.384376,-3.771,0.139,9.012,-0.013,0.005,0.001,-28.95,-10.05,-36.0,115.0
1787131105.3843875,-3.802,0.134,9.036,-0.012,-0.003,-0.003,-31.05,-10.95,-35.4,115.0
1787131105.5881405,-3.742,0.144,9.069,-0.014,0.011,-0.007,-30.3,-7.5,-36.15,131.0
1787131105.5881662,-3.733,0.144,8.961,-0.013,0.01,-0.004,-29.25,-9.0,-35.85,131.0
1787131105.7934203,-3.79,0.11,9.048,-0.005,-0.001,-0.005,-29.55,-8.7,-35.4,132.0
1787131105.793444,-3.733,0.108,8.983,-0.014,0.001,0.007,-29.7,-8.85,-37.5,146.0
1787131105.7934551,-3.68,0.165,8.973,-0.015,0.01,-0.005,-29.25,-8.25,-34.35,146.0
1787131105.9984512,-3.711,0.057,9.033,-0.012,0.009,-0.007,-29.85,-7.8,-36.6,136.0
1787131105.9984767,-3.754,0.134,9.031,-0.012,0.005,-0.012,-30.45,-7.2,-35.55,136.0
1787131105.9984891,-3.754,0.168,9.029,-0.011,0.005,-0.003,-31.35,-10.2,-35.1,179.0
1787131106.2040803,-3.752,0.115,9.009,-0.009,0.003,0.001,-29.7,-8.7,-35.4,120.0
1787131106.2041054,-3.752,0.117,8.988,-0.008,0.004,0.0,-30.6,-8.25,-33.9,146.0
1787131106.204117,-3.709,0.11,8.978,-0.014,0.005,0.001,-30.6,-8.25,-36.9,146.0
1787131106.4084804,-3.699,0.151,9.088,-0.017,0.007,-0.003,-30.9,-9.15,-36.75,114.0
1787131106.4085047,-3.737,0.079,9.038,-0.011,0.007,-0.002,-30.45,-9.15,-37.5,114.0
1787131106.408516,-3.764,0.163,9.012,-0.011,0.001,-0.007,-31.05,-8.25,-35.1,144.0
1787131106.61317,-3.735,0.17,8.976,-0.006,0.002,0.004,-30.15,-7.65,-34.95,166.0
1787131106.6132011,-3.709,0.108,9.007,-0.014,0.003,-0.006,-30.15,-9.15,-35.55,166.0
1787131106.6132076,-3.685,0.141,9.026,-0.003,0.006,-0.007,-30.45,-9.15,-35.25,166.0
1787131106.818096,-3.685,0.122,9.048,-0.026,0.012,-0.007,-29.7,-8.1,-34.5,172.0
1787131106.8181217,-3.745,0.139,8.985,-0.02,0.012,-0.004,-29.85,-10.5,-36.15,172.0
1787131106.8181343,-3.747,0.098,9.06,-0.021,0.014,0.003,-31.05,-7.8,-36.15,172.0
1787131107.0223086,-3.716,0.084,9.055,-0.012,0.01,-0.003,-30.9,-8.4,-35.55,140.0
1787131107.022333,-3.689,0.093,8.99,-0.01,0.003,-0.002,-30.15,-9.6,-34.95,140.0
1787131107.0223439,-3.697,0.108,9.007,-0.014,0.007,-0.004,-30.9,-8.1,-35.25,154.0
1787131107.2256367,-3.807,0.254,9.057,-0.03,0.006,-0.005,-30.9,-9.15,-35.25,156.0
1787131107.4324038,-3.644,0.101,9.014,-0.018,0.018,-0.007,-30.45,-7.65,-34.2,191.0
1787131107.4324288,-3.752,0.115,9.052,-0.013,0.019,-0.011,-29.7,-8.1,-35.55,191.0
1787131107.43244,-3.713,0.172,9.033,-0.014,0.021,-0.005,-29.7,-9.15,-35.55,191.0
1787131107.6371996,-3.792,0.141,9.055,-0.014,0.023,-0.001,-29.4,-9.15,-34.95,142.0
1787131107.6372244,-3.752,0.139,8.973,-0.022,0.01,-0.004,-30.15,-8.4,-35.55,142.0
1787131107.6372356,-3.694,0.129,8.947,-0.021,0.015,-0.013,-30.3,-9.45,-34.35,142.0
1787131107.841303,-3.804,0.034,9.098,-0.03,0.041,-0.026,-31.35,-10.2,-35.4,108.0
1787131107.8413286,-3.924,0.065,9.038,-0.021,0.015,-0.019,-30.6,-9.0,-35.1,108.0
1787131107.8413408,-3.857,0.081,9.012,-0.015,0.006,-0.022,-30.45,-10.05,-34.95,108.0
1787131108.0463593,-3.788,-0.115,9.002,-0.031,0.013,-0.032,-29.4,-9.15,-35.55,65.0
1787131108.0463846,-3.74,-0.053,8.995,-0.02,0.013,-0.023,-29.25,-9.45,-35.4,65.0
1787131108.0463965,-3.845,0.146,9.041,-0.007,0.012,-0.003,-29.55,-9.0,-35.85,65.0
1787131108.2524364,-3.833,-0.045,9.029,-0.053,0.049,-0.004,-31.2,-8.4,-35.55,106.0
1787131108.2524621,-3.747,-0.244,9.091,-0.044,0.045,-0.007,-30.15,-10.05,-36.3,73.0
1787131108.2524736,-3.831,-0.192,9.081,-0.025,0.047,0.005,-30.15,-9.15,-36.0,73.0
1787131108.456793,-3.948,0.273,8.964,-0.034,0.036,0.009,-29.25,-9.45,-36.6,92.0
1787131108.456819,-3.802,0.122,8.909,-0.042,0.018,0.001,-28.5,-8.7,-35.1,92.0
1787131108.4568303,-3.771,-0.029,8.978,-0.041,0.028,0.003,-31.05,-8.25,-35.4,82.0
1787131108.6606214,-3.9,-0.057,9.038,-0.008,0.008,0.007,-28.8,-10.5,-34.65,79.0
1787131108.6606462,-3.833,-0.024,8.983,-0.008,0.008,0.006,-29.55,-8.25,-36.6,76.0
1787131108.6606574,-3.943,-0.117,8.957,-0.012,0.005,0.011,-29.4,-9.15,-36.75,76.0
1787131108.8641508,-3.838,0.12,8.966,-0.021,-0.006,-0.006,-30.15,-10.05,-35.25,77.0
1787131109.070396,-3.965,0.06,8.933,-0.024,0.035,-0.007,-30.45,-9.6,-36.0,96.0
1787131109.0704207,-3.883,0.11,8.923,-0.017,0.039,0.0,-30.3,-8.25,-35.1,96.0
1787131109.0704327,-3.78,0.038,8.926,-0.033,0.038,-0.006,-31.05,-9.45,-36.15,96.0
1787131109.2752385,-3.9,-0.048,8.983,-0.038,0.036,0.0,-29.4,-10.35,-36.3,85.0
1787131109.275264,-3.881,0.019,8.94,-0.037,0.028,0.01,-28.05,-10.5,-36.15,85.0
1787131109.2752755,-3.9,-0.086,9.012,-0.042,0.027,0.014,-29.4,-9.6,-35.4,85.0
1787131109.4798152,-3.891,-0.06,8.911,-0.007,0.003,-0.001,-27.75,-9.45,-34.35,80.0
1787131109.4798398,-3.919,-0.01,8.964,-0.007,0.004,-0.004,-29.55,-9.45,-35.4,80.0
1787131109.479857,-3.996,0.0,8.95,-0.015,0.003,0.002,-30.9,-10.35,-35.25,80.0
1787131109.6849244,-3.986,-0.086,8.988,-0.033,0.04,0.012,-29.85,-9.0,-33.9,108.0
1787131109.6849494,-3.9,-0.062,8.973,-0.021,0.034,0.007,-32.4,-9.6,-36.0,108.0
1787131109.6849606,-3.955,-0.098,9.005,-0.003,0.016,-0.009,-30.15,-9.6,-36.3,108.0
1787131109.8895428,-4.073,0.043,8.964,-0.019,0.007,-0.01,-28.2,-10.05,-36.3,119.0
1787131109.889568,-3.785,-0.031,8.909,-0.032,0.016,0.004,-29.55,-9.75,-35.4,119.0
1787131109.889579,-3.768,0.002,8.914,-0.031,0.039,0.009,-29.55,-9.0,-34.35,119.0
1787131110.0944343,-3.936,-0.045,8.99,-0.028,0.043,0.01,-30.45,-11.55,-35.25,71.0
1787131110.0944586,-3.967,-0.084,8.976,-0.036,0.03,0.004,-30.3,-9.75,-35.4,78.0
1787131110.0944698,-4.013,-0.053,8.947,-0.032,0.021,0.006,-29.55,-10.2,-35.1,78.0
1787131110.2993073,-3.996,0.019,8.971,-0.011,0.026,-0.011,-28.8,-10.2,-36.15,69.0
1787131110.2993326,-3.938,-0.062,8.964,-0.01,0.01,-0.013,-29.7,-8.85,-36.0,98.0
1787131110.2993438,-3.967,-0.055,8.952,-0.007,0.01,-0.005,-28.5,-9.45,-35.85,98.0
1787131110.501992,-3.97,-0.005,8.916,-0.023,0.008,0.0,-28.8,-10.2,-35.85,81.0
1787131110.709257,-3.96,-0.05,8.973,-0.017,0.007,0.004,-29.4,-9.6,-36.3,59.0
1787131110.7092817,-3.979,-0.045,8.897,-0.016,0.012,-0.01,-31.05,-10.5,-36.15,59.0
1787131110.7092936,-3.965,-0.062,8.957,-0.02,0.01,-0.003,-28.95,-10.05,-34.2,59.0
1787131110.9136508,-3.96,-0.079,8.942,0.001,0.005,-0.009,-28.5,-8.7,-36.15,83.0
1787131110.9136767,-3.965,-0.041,8.926,0.005,0.003,-0.006,-28.05,-9.45,-35.85,83.0
1787131110.9136882,-4.094,0.026,9.081,0.006,-0.007,-0.023,-29.85,-9.75,-36.6,83.0
1787131111.1195395,-3.936,-0.079,8.906,-0.02,0.007,-0.003,-29.25,-9.75,-35.85,93.0
1787131111.1195648,-3.905,-0.05,8.916,-0.017,0.014,-0.006,-29.85,-9.45,-36.6,93.0
1787131111.1195762,-3.972,-0.055,8.938,-0.013,0.004,0.005,-28.95,-9.15,-36.3,93.0
1787131111.3241253,-4.02,-0.043,8.966,-0.029,0.015,0.003,-29.7,-10.8,-33.75,79.0
1787131111.3241508,-3.934,-0.069,8.897,-0.026,0.021,0.001,-29.55,-9.75,-35.85,79.0
1787131111.3241627,-3.974,-0.048,8.892,-0.037,0.022,0.005,-28.95,-8.85,-34.95,79.0
1787131111.5282254,-3.991,-0.086,8.899,-0.015,0.008,-0.006,-29.4,-10.05,-34.5,65.0
1787131111.5282512,-4.02,-0.045,8.926,-0.014,0.009,-0.002,-28.65,-11.85,-35.55,65.0
1787131111.5282624,-4.017,-0.01,8.904,-0.018,0.006,-0.002,-29.55,-9.75,-34.65,65.0
1787131111.7330616,-3.979,-0.055,8.952,-0.014,0.01,0.001,-29.7,-8.85,-35.55,49.0
1787131111.7330873,-4.013,-0.007,8.921,-0.02,0.01,0.006,-29.4,-9.6,-35.25,49.0
1787131111.7330985,-4.034,-0.067,8.978,-0.018,0.005,-0.006,-30.15,-11.1,-34.95,49.0
1787131111.9376624,-3.953,-0.069,8.976,-0.012,0.013,-0.007,-29.25,-9.45,-34.65,114.0
1787131111.9376879,-3.946,-0.029,8.945,-0.015,0.004,0.002,-30.6,-9.75,-36.15,114.0
1787131111.9376993,-3.972,-0.084,8.897,-0.015,0.006,-0.002,-29.25,-10.5,-35.4,114.0
1787131112.1422045,-4.068,-0.093,8.921,-0.016,0.028,-0.006,-28.65,-11.55,-34.95,88.0
1787131112.3489325,-4.197,-0.084,8.926,0.004,-0.001,-0.013,-28.95,-11.1,-36.3,42.0
1787131112.348958,-4.073,-0.041,8.839,-0.006,-0.016,0.005,-28.8,-9.45,-34.65,42.0
1787131112.3489692,-3.879,-0.065,8.815,-0.017,0.002,0.003,-30.3,-10.95,-35.85,91.0
1787131112.5528727,-4.08,-0.113,8.875,0.0,-0.002,-0.002,-28.95,-10.8,-35.55,115.0
1787131112.552899,-4.013,-0.057,8.906,-0.004,-0.005,0.004,-30.45,-9.6,-34.2,56.0
1787131112.5529103,-4.049,-0.031,8.894,-0.004,-0.004,-0.002,-30.3,-10.2,-34.65,56.0
1787131112.7571084,-4.008,-0.079,8.897,-0.014,0.003,0.001,-29.85,-10.2,-35.4,52.0
1787131112.7571328,-3.915,-0.062,8.871,-0.016,0.011,-0.001,-28.5,-9.45,-34.65,62.0
1787131112.7571442,-4.077,-0.041,8.89,-0.023,0.014,-0.007,-30.6,-10.5,-36.15,62.0
1787131112.9634714,-3.958,-0.067,8.873,-0.021,0.006,-0.005,-29.7,-9.15,-35.25,65.0
1787131112.963495,-3.953,-0.041,8.95,-0.014,0.012,-0.01,-29.85,-9.45,-34.35,53.0
1787131112.963506,-4.073,-0.124,8.942,-0.009,0.013,-0.006,-29.55,-9.45,-35.1,53.0
1787131113.1665313,-3.982,-0.057,8.909,-0.023,0.008,0.002,-27.3,-10.2,-36.6,51.0
1787131113.1665566,-3.907,-0.05,8.906,-0.015,0.006,-0.004,-30.3,-10.5,-35.1,51.0
1787131113.166568,-4.027,-0.031,8.909,-0.017,0.008,0.001,-29.25,-9.0,-36.6,55.0
1787131113.371891,-3.986,-0.067,8.82,-0.01,0.008,-0.005,-30.15,-11.85,-36.0,91.0
1787131113.3719165,-4.032,-0.074,8.945,-0.022,0.012,-0.002,-28.65,-10.8,-35.25,91.0
1787131113.3719292,-4.02,-0.057,8.902,-0.019,0.019,-0.002,-29.85,-9.75,-35.85,64.0
1787131113.5761015,-3.97,-0.091,8.854,-0.024,0.007,0.001,-27.75,-9.75,-35.85,112.0
1787131113.5761266,-4.02,-0.158,8.94,-0.017,0.015,-0.005,-30.45,-11.1,-36.75,112.0
1787131113.5761378,-3.994,-0.11,8.871,-0.016,0.016,0.003,-29.4,-10.05,-35.25,112.0
1787131113.7805924,-4.01,-0.06,8.93,-0.01,0.009,-0.005,-29.85,-10.2,-34.65,77.0
1787131113.7806182,-4.01,-0.077,8.916,-0.013,0.014,-0.003,-29.7,-11.1,-34.95,49.0
1787131113.986662,-4.051,-0.024,8.909,-0.031,0.009,0.003,-30.3,-11.4,-35.1,51.0
1787131113.986687,-4.041,-0.074,8.926,-0.031,0.02,0.003,-28.8,-9.45,-34.65,51.0
1787131113.9866982,-4.034,-0.136,8.921,-0.015,0.012,-0.005,-29.4,-10.05,-34.95,51.0
1787131114.190463,-4.049,-0.002,8.868,-0.02,0.007,-0.005,-29.55,-10.5,-35.1,93.0
1787131114.1904883,-4.065,-0.019,8.911,-0.014,0.007,-0.005,-29.4,-10.05,-35.25,93.0
1787131114.1904995,-4.049,-0.014,8.88,-0.019,0.003,-0.006,-29.55,-11.4,-35.4,93.0
1787131114.3994067,-3.996,-0.11,8.868,-0.008,0.011,-0.009,-29.25,-10.2,-35.85,44.0
1787131114.399433,-4.037,-0.079,8.909,-0.01,0.011,-0.007,-28.2,-10.8,-36.0,44.0
1787131114.3994439,-3.994,-0.002,8.921,-0.011,0.005,-0.002,-28.95,-9.6,-36.0,44.0
1787131114.6004825,-4.008,-0.129,8.868,-0.026,0.004,0.002,-28.5,-9.45,-36.15,94.0
1787131114.6005082,-3.994,-0.081,8.926,-0.022,0.003,0.003,-29.25,-10.5,-35.1,94.0
1787131114.6005194,-3.929,-0.086,8.935,-0.021,0.012,-0.001,-29.4,-10.35,-36.0,94.0
1787131114.8056078,-4.003,-0.034,8.906,-0.011,0.007,-0.002,-28.05,-10.2,-34.65,61.0
1787131114.8056328,-4.015,-0.089,8.894,-0.011,0.011,-0.006,-29.55,-10.95,-36.6,61.0
1787131114.8056438,-4.001,-0.065,8.875,-0.011,0.01,-0.008,-28.95,-10.05,-36.75,61.0
1787131115.0096438,-3.962,-0.06,8.854,-0.021,0.011,-0.002,-31.2,-9.6,-34.95,69.0
1787131115.009669,-3.95,-0.012,8.887,-0.023,0.009,0.004,-28.95,-10.05,-35.25,69.0
1787131115.00968,-4.02,-0.043,8.863,-0.014,0.012,-0.002,-29.7,-9.15,-35.55,69.0
1787131115.214447,-4.044,-0.06,8.961,-0.031,0.018,0.007,-28.65,-10.8,-36.3,53.0
1787131115.2144713,-4.037,-0.098,8.868,-0.022,0.018,-0.003,-28.8,-10.5,-35.1,53.0
1787131115.2144828,-4.19,-0.065,9.038,-0.012,0.002,-0.002,-29.55,-9.45,-35.1,86.0
1787131115.4188328,-4.037,-0.12,8.94,-0.007,0.002,-0.001,-28.8,-10.95,-35.1,56.0
1787131115.4188683,-4.025,-0.129,8.88,-0.001,0.004,-0.003,-30.3,-10.2,-34.65,78.0
1787131115.6245556,-3.979,-0.062,8.909,-0.012,0.01,-0.004,-29.4,-10.35,-36.75,42.0
1787131115.6245813,-4.051,-0.031,8.82,-0.01,0.013,-0.009,-30.9,-10.05,-34.95,42.0
1787131115.6245928,-4.065,-0.127,8.902,-0.013,0.011,-0.003,-29.7,-10.05,-35.55,42.0
1787131115.829334,-3.948,-0.031,8.796,-0.037,0.027,0.02,-28.95,-9.15,-35.25,70.0
1787131115.829359,-4.101,-0.089,8.957,-0.045,0.029,0.009,-30.6,-10.2,-35.1,70.0
1787131115.8294268,-3.938,-0.141,8.806,-0.035,0.029,0.001,-29.25,-8.7,-36.6,70.0
1787131116.0336387,-4.056,-0.108,8.885,-0.016,-0.003,0.006,-28.95,-9.6,-34.95,68.0
1787131116.0336635,-3.998,-0.031,8.882,-0.016,0.011,-0.001,-29.85,-9.75,-35.1,68.0
1787131116.0336752,-4.022,-0.026,8.837,-0.016,0.009,0.0,-28.05,-9.75,-35.4,68.0
1787131116.2384388,-4.027,-0.086,8.899,-0.025,0.01,0.003,-29.7,-11.55,-35.25,65.0
1787131116.2384646,-3.986,-0.117,8.892,-0.023,0.012,0.001,-27.3,-8.25,-36.15,65.0
1787131116.238476,-3.967,-0.172,8.959,-0.017,0.015,-0.01,-28.95,-10.05,-36.0,65.0
1787131116.4440997,-4.017,-0.122,8.914,-0.019,0.013,0.001,-28.5,-11.4,-35.4,84.0
1787131116.4441247,-4.027,-0.072,8.89,-0.018,0.012,0.001,-28.95,-11.1,-36.75,84.0
1787131116.444136,-4.051,-0.115,8.971,-0.022,0.01,-0.003,-29.7,-9.6,-37.05,84.0
1787131116.6482732,-4.118,-0.105,8.894,-0.022,0.015,-0.004,-29.25,-10.95,-35.85,81.0
1787131116.6482985,-3.982,-0.096,8.882,-0.021,0.009,0.004,-28.95,-11.1,-34.95,81.0
1787131116.6483097,-4.049,-0.136,8.89,-0.018,0.013,-0.001,-29.7,-9.6,-35.55,81.0
1787131116.8589618,-4.073,-0.117,8.918,-0.015,0.007,-0.003,-29.25,-9.45,-35.85,60.0
1787131116.858986,-3.965,0.005,8.89,-0.017,0.011,-0.002,-29.85,-10.5,-35.1,60.0
1787131116.8589988,-4.106,-0.01,8.82,-0.018,0.008,-0.003,-30.3,-9.75,-34.65,60.0
1787131117.0556893,-4.118,-0.156,8.95,-0.012,0.009,-0.005,-28.5,-9.0,-36.9,41.0
1787131117.2623074,-4.061,-0.089,8.787,-0.018,0.012,0.006,-28.95,-10.35,-34.95,76.0
1787131117.2623365,-4.087,-0.022,8.93,-0.027,0.006,0.006,-28.95,-10.35,-34.95,76.0
1787131117.2623475,-4.061,-0.144,8.849,-0.036,0.01,0.007,-30.45,-9.15,-35.55,39.0
1787131117.4672441,-4.137,-0.103,8.863,-0.015,0.02,-0.002,-28.05,-10.2,-35.4,89.0
1787131117.4672692,-4.061,-0.115,8.871,-0.011,0.013,-0.005,-28.95,-10.05,-35.55,89.0
1787131117.4672804,-4.073,-0.091,8.875,-0.02,0.01,0.003,-28.65,-10.8,-35.55,89.0
1787131117.6720486,-4.039,-0.127,8.835,-0.003,0.01,-0.001,-29.7,-10.05,-34.95,96.0
1787131117.6720746,-4.058,-0.041,8.882,-0.012,0.007,-0.005,-29.25,-10.95,-34.35,96.0
1787131117.6720858,-4.008,-0.069,8.871,-0.011,0.017,-0.006,-29.4,-11.1,-35.25,59.0
1787131117.876772,-4.051,-0.062,8.854,-0.021,0.016,-0.005,-27.3,-10.95,-35.85,86.0
1787131117.8767989,-4.068,-0.093,8.916,-0.021,0.014,-0.003,-30.9,-10.8,-34.95,86.0
1787131117.8768098,-4.12,-0.062,8.959,-0.019,0.016,0.002,-29.4,-11.55,-35.55,110.0
1787131118.0821714,-4.027,-0.06,8.861,-0.022,0.011,0.004,-29.25,-10.5,-36.15,52.0
1787131118.0821977,-4.113,-0.093,8.938,-0.014,0.01,-0.006,-29.7,-10.05,-36.0,52.0
1787131118.0822093,-4.085,-0.103,8.914,-0.019,0.002,-0.004,-28.5,-10.95,-34.65,52.0
1787131118.2866297,-4.041,-0.055,8.849,-0.01,0.004,-0.004,-28.8,-10.2,-35.85,45.0
1787131118.2866552,-4.077,-0.091,8.902,-0.01,0.007,-0.006,-28.95,-8.85,-36.3,45.0
1787131118.2866673,-4.118,-0.103,8.868,-0.01,0.009,-0.008,-28.65,-11.1,-34.5,45.0
1787131118.4915786,-4.015,-0.105,8.832,-0.013,0.01,-0.003,-29.85,-10.95,-35.4,100.0
1787131118.4916043,-4.073,-0.041,8.969,-0.011,0.011,-0.008,-29.4,-10.05,-35.55,100.0
1787131118.4916155,-4.094,-0.117,8.894,-0.009,0.009,-0.001,-28.05,-10.5,-35.4,100.0
1787131118.696146,-4.089,-0.077,8.914,-0.018,0.003,0.001,-29.7,-10.05,-35.55,57.0
1787131118.6961713,-4.037,-0.019,8.842,-0.023,0.007,-0.006,-29.4,-10.05,-36.3,57.0
1787131118.901608,-4.051,-0.108,8.887,-0.016,0.009,-0.001,-30.3,-9.75,-36.15,60.0
1787131118.9016337,-4.039,-0.089,8.909,-0.01,0.009,-0.007,-29.55,-11.4,-36.15,48.0
1787131118.901646,-4.053,-0.108,8.875,-0.009,0.01,-0.008,-28.8,-10.95,-35.4,48.0
1787131119.1061547,-4.025,-0.084,8.938,-0.024,0.015,0.004,-28.8,-9.75,-35.4,75.0
1787131119.1061807,-4.068,-0.041,8.854,-0.03,0.01,-0.002,-28.65,-11.1,-35.25,55.0
1787131119.106192,-4.087,-0.05,8.849,-0.029,0.013,-0.005,-28.5,-10.5,-35.4,55.0
1787131119.3104844,-4.13,-0.117,8.894,-0.015,0.007,0.002,-31.05,-9.75,-35.85,51.0
1787131119.310509,-4.104,-0.057,8.842,-0.014,0.005,-0.003,-29.4,-10.8,-36.0,53.0
1787131119.3105202,-4.082,-0.072,8.899,-0.016,0.007,-0.005,-29.25,-10.95,-35.85,53.0
1787131119.5161407,-4.061,-0.067,8.863,-0.013,0.008,0.005,-29.25,-10.2,-34.35,46.0
1787131119.5161805,-4.111,-0.086,8.854,-0.012,0.004,0.004,-28.8,-10.2,-35.85,57.0
1787131119.516187,-4.056,-0.096,8.837,-0.017,-0.003,0.008,-28.8,-10.95,-36.15,57.0
1787131119.7206197,-4.08,-0.132,8.892,-0.005,-0.006,0.006,-28.05,-10.2,-35.85,85.0
1787131119.7206454,-4.125,-0.036,8.916,0.006,-0.008,-0.008,-28.8,-10.95,-35.1,53.0
1787131119.7206569,-4.082,-0.091,8.875,-0.003,-0.006,-0.007,-28.95,-10.35,-36.0,53.0
1787131119.9246922,-4.058,-0.103,9.036,0.0,-0.032,-0.011,-28.2,-9.15,-34.5,101.0
1787131119.924719,-4.044,-0.096,8.887,0.018,-0.013,-0.019,-29.4,-10.35,-34.95,45.0
1787131119.9247317,-3.989,-0.062,8.842,0.012,-0.015,-0.018,-28.65,-10.8,-35.25,45.0
1787131120.1297975,-3.881,-0.091,8.918,0.001,-0.004,-0.009,-29.7,-11.1,-35.55,82.0
1787131120.1298227,-3.955,-0.034,8.926,-0.005,0.003,-0.011,-29.85,-9.45,-33.9,82.0
1787131120.129834,-3.919,-0.079,8.95,-0.015,-0.004,-0.027,-29.7,-9.15,-35.55,110.0
1787131120.3344588,-3.824,0.069,8.914,0.006,-0.024,-0.01,-28.8,-9.45,-34.65,88.0
1787131120.3344831,-4.01,0.086,8.947,0.002,-0.004,-0.006,-29.25,-8.7,-36.15,107.0
1787131120.5398211,-3.625,0.024,8.871,-0.027,0.029,0.003,-29.25,-9.0,-36.15,166.0
1787131120.5398464,-3.776,-0.022,8.918,-0.028,0.016,0.006,-30.3,-10.5,-35.1,166.0
1787131120.5398676,-3.84,-0.043,9.017,-0.017,0.023,0.005,-29.7,-10.05,-34.95,166.0
1787131120.7441328,-3.929,0.062,8.995,-0.004,-0.006,0.005,-29.85,-10.5,-35.85,107.0
1787131120.7441583,-3.891,0.031,8.961,-0.01,-0.006,-0.002,-30.15,-10.35,-34.95,107.0
1787131120.7441697,-3.723,0.0,8.933,-0.006,0.009,0.008,-30.45,-8.85,-35.25,107.0
1787131120.948972,-3.78,0.184,8.914,-0.005,-0.025,0.018,-30.45,-10.05,-34.95,125.0
1787131120.9489963,-3.642,0.139,8.935,-0.006,-0.003,0.016,-30.15,-10.05,-35.25,125.0
1787131120.949008,-3.666,0.163,8.964,-0.015,0.014,0.011,-30.45,-7.65,-36.0,125.0
1787131121.1542628,-3.934,0.113,9.043,-0.01,0.018,0.01,-29.25,-9.45,-34.35,157.0
1787131121.359522,-3.852,0.067,9.036,-0.005,-0.009,0.013,-29.4,-9.6,-34.95,147.0
1787131121.3595479,-3.855,0.11,8.95,-0.007,-0.01,0.005,-29.4,-10.35,-36.0,147.0
1787131121.359559,-3.773,0.177,8.983,-0.01,-0.014,-0.005,-30.45,-10.35,-35.55,147.0
1787131121.5632918,-3.824,0.081,8.983,-0.023,0.005,0.003,-28.95,-8.85,-35.25,149.0
1787131121.5633175,-3.812,0.074,9.005,-0.015,0.009,-0.005,-30.45,-8.85,-36.75,167.0
1787131121.5633297,-3.812,0.139,8.961,-0.016,0.003,0.001,-29.85,-10.95,-36.15,167.0
1787131121.768336,-3.773,0.172,8.99,-0.016,0.004,-0.002,-28.95,-8.4,-35.55,130.0
1787131121.7683613,-3.828,0.101,8.961,-0.021,0.003,-0.005,-30.15,-8.85,-35.25,130.0
1787131121.7683725,-3.802,0.184,8.976,-0.013,0.001,-0.004,-29.7,-9.15,-35.25,130.0
1787131121.970783,-3.716,0.184,8.947,-0.011,0.015,-0.003,-30.15,-9.15,-36.0,129.0
1787131122.1793492,-3.816,0.134,9.055,-0.014,0.013,0.002,-29.55,-9.45,-35.4,186.0
1787131122.1793773,-3.792,0.101,9.029,-0.019,0.013,0.001,-31.05,-9.75,-35.1,186.0
1787131122.179389,-3.685,0.177,9.002,-0.016,0.009,-0.001,-30.15,-8.85,-36.0,186.0
1787131122.38271,-3.824,0.144,8.993,-0.016,0.007,0.001,-29.55,-9.0,-36.6,163.0
1787131122.3827364,-3.773,0.098,9.036,-0.012,0.005,0.001,-29.7,-8.1,-35.25,163.0
1787131122.3827477,-3.78,0.129,9.009,-0.013,0.009,-0.002,-30.3,-9.45,-35.4,163.0
1787131122.5871513,-3.771,0.136,8.966,-0.009,0.01,-0.005,-29.7,-9.15,-35.25,129.0
1787131122.5871756,-3.783,0.139,8.933,-0.015,0.009,-0.005,-29.4,-9.15,-35.55,129.0
1787131122.587187,-3.768,0.129,9.024,-0.014,0.018,-0.003,-31.2,-8.85,-35.55,129.0
1787131122.7923634,-3.802,0.192,9.005,-0.021,0.008,-0.002,-28.2,-9.6,-36.75,163.0
1787131122.7923903,-3.778,0.115,8.969,-0.023,0.001,-0.005,-30.3,-9.45,-35.4,163.0
1787131122.7924023,-3.737,0.091,9.0,-0.013,0.006,-0.002,-30.3,-9.45,-35.4,163.0
1787131122.9973433,-3.785,0.086,8.988,-0.013,0.01,-0.002,-30.9,-8.85,-36.0,155.0
1787131122.9973686,-3.788,0.132,9.029,-0.013,0.006,-0.003,-29.25,-9.75,-36.15,155.0
1787131122.9973798,-3.802,0.101,8.988,-0.015,-0.002,-0.008,-28.05,-10.5,-34.65,155.0
1787131123.2016523,-3.809,0.146,9.026,-0.019,0.009,-0.003,-29.55,-8.7,-36.15,157.0
1787131123.2016768,-3.776,0.206,8.988,-0.011,0.007,-0.005,-28.8,-9.0,-36.6,157.0
1787131123.2017286,-3.754,0.148,8.983,-0.021,0.005,-0.004,-30.6,-9.45,-37.2,157.0
1787131123.4065282,-3.778,0.165,8.971,-0.019,0.012,-0.005,-28.8,-8.7,-35.4,194.0
1787131123.4065533,-3.819,0.151,8.978,-0.025,0.01,-0.003,-29.25,-8.7,-35.4,194.0
1787131123.4065647,-3.802,0.141,8.973,-0.03,0.01,-0.009,-30.15,-9.6,-35.55,194.0
1787131123.609292,-3.852,0.098,9.041,-0.014,0.013,0.001,-29.25,-9.45,-35.1,137.0
1787131123.8161657,-3.785,0.141,8.993,-0.02,0.007,-0.003,-28.65,-9.15,-35.25,143.0
1787131123.8161902,-3.836,0.069,8.985,-0.017,0.005,-0.004,-30.15,-7.65,-35.55,143.0
1787131123.8162014,-3.776,0.11,8.983,-0.007,0.007,0.003,-28.8,-8.7,-35.85,127.0
1787131124.0214298,-3.773,0.206,8.983,-0.013,0.009,0.0,-29.25,-9.45,-35.85,127.0
1787131124.0214548,-3.85,0.194,8.995,-0.016,0.001,0.003,-29.55,-8.7,-36.15,127.0
1787131124.0214663,-3.8,0.187,8.995,-0.015,0.006,-0.007,-30.6,-10.95,-35.85,215.0
1787131124.2257776,-3.792,0.148,9.0,-0.014,0.014,0.0,-28.65,-8.85,-34.2,160.0
1787131124.2258012,-3.663,0.113,9.007,-0.011,0.014,-0.003,-29.85,-8.25,-35.85,160.0
1787131124.225813,-3.802,0.103,9.036,-0.012,0.009,0.003,-29.85,-9.0,-35.85,149.0
1787131124.4304457,-3.74,0.101,9.026,-0.018,-0.001,-0.004,-29.4,-9.15,-37.05,149.0
1787131124.4304702,-3.776,0.127,9.026,-0.013,0.011,-0.001,-29.25,-8.7,-36.9,149.0
1787131124.4304817,-3.792,0.16,9.005,-0.019,0.007,-0.003,-28.65,-11.85,-36.0,177.0
1787131124.6352105,-3.771,0.194,8.985,-0.011,0.011,0.0,-30.3,-9.0,-34.65,201.0
1787131124.635236,-3.735,0.151,8.995,-0.014,0.013,-0.001,-30.45,-9.15,-35.25,201.0
1787131124.6352475,-3.804,0.127,9.026,-0.011,0.012,0.001,-28.8,-8.25,-35.85,135.0
1787131124.840645,-3.783,0.134,8.954,-0.017,0.009,0.002,-29.85,-8.25,-35.85,159.0
1787131124.8406703,-3.759,0.146,8.976,-0.018,0.013,0.001,-30.45,-8.7,-35.1,159.0
1787131124.8406823,-3.74,0.144,8.981,-0.015,0.003,-0.003,-30.45,-9.15,-34.95,159.0
1787131125.0458124,-3.716,0.156,8.933,-0.017,0.009,0.001,-29.7,-8.85,-34.5,180.0
1787131125.045838,-3.766,0.089,9.029,-0.015,0.01,-0.002,-31.05,-9.0,-35.85,180.0
1787131125.0458498,-3.78,0.151,8.969,-0.015,0.011,0.002,-30.15,-10.35,-35.55,180.0
1787131125.2477348,-3.824,0.192,9.029,-0.022,0.012,-0.007,-30.6,-9.45,-35.85,164.0
1787131125.454636,-3.895,0.156,9.086,-0.019,0.023,0.003,-29.7,-9.15,-35.55,134.0
1787131125.4546618,-3.862,0.148,8.957,-0.014,0.007,-0.002,-28.95,-9.15,-35.25,148.0
1787131125.454673,-3.716,0.175,9.009,-0.018,0.006,0.002,-29.7,-8.4,-35.55,148.0
1787131125.6594076,-3.749,0.132,9.06,-0.014,-0.001,-0.003,-29.85,-8.25,-35.1,155.0
1787131125.6594324,-3.685,0.079,9.043,-0.02,0.006,-0.007,-31.35,-8.7,-34.65,152.0
1787131125.6594434,-3.656,0.122,8.976,-0.024,0.012,-0.01,-30.9,-9.15,-34.2,152.0
1787131125.8648002,-3.701,0.038,8.976,-0.022,0.038,-0.017,-29.25,-10.2,-35.85,141.0
1787131125.8648264,-3.773,0.136,9.002,-0.02,0.057,-0.014,-30.9,-8.4,-34.2,132.0
1787131125.864838,-3.955,0.115,9.05,-0.021,0.043,-0.018,-29.55,-9.75,-34.65,132.0
1787131126.069484,-3.922,0.187,9.026,-0.011,-0.013,0.003,-29.85,-9.45,-35.4,133.0
1787131126.06951,-3.8,0.153,8.935,-0.009,-0.016,-0.004,-30.9,-9.6,-34.95,145.0
1787131126.0695212,-3.639,0.136,8.911,-0.024,0.009,-0.002,-28.95,-9.15,-36.3,145.0
1787131126.274212,-3.876,0.151,8.981,-0.02,0.006,0.004,-29.4,-8.85,-36.0,125.0
1787131126.2742374,-3.895,0.132,8.966,-0.024,-0.002,-0.003,-29.55,-8.7,-35.1,123.0
1787131126.274249,-3.721,0.136,8.969,-0.021,0.003,0.0,-30.15,-10.8,-34.5,123.0
1787131126.4797661,-3.9,0.105,8.973,-0.023,0.018,-0.006,-29.4,-8.4,-36.3,126.0
1787131126.479791,-3.831,0.187,8.947,-0.024,0.017,-0.004,-29.55,-8.7,-35.1,219.0
1787131126.4798021,-3.883,0.103,8.971,-0.028,0.018,-0.003,-29.85,-8.25,-35.85,219.0
1787131126.683742,-3.855,0.134,9.017,-0.006,-0.001,0.0,-29.85,-9.0,-35.4,132.0
1787131126.683767,-3.833,0.12,9.0,-0.009,-0.014,-0.003,-29.4,-9.15,-34.5,132.0
1787131126.683778,-3.804,0.079,9.017,-0.005,-0.016,-0.002,-28.65,-9.15,-36.3,115.0
1787131126.886636,-3.84,0.079,8.971,-0.003,0.001,0.003,-29.55,-9.45,-35.85,160.0
1787131127.093658,-3.867,0.06,8.981,-0.018,0.005,-0.004,-29.55,-9.0,-34.35,109.0
1787131127.0936828,-3.864,0.134,8.981,-0.01,0.009,-0.004,-29.25,-8.7,-35.4,109.0
1787131127.0936942,-3.749,0.16,9.067,-0.002,0.011,-0.002,-30.3,-8.25,-35.1,109.0
1787131127.2985034,-3.706,0.158,8.981,-0.01,-0.01,0.006,-28.8,-9.45,-36.9,140.0
1787131127.2985282,-3.723,0.122,9.014,-0.007,0.004,0.002,-29.4,-10.05,-36.0,140.0
1787131127.2985396,-3.828,0.208,8.997,-0.007,0.004,0.005,-28.95,-9.6,-35.25,140.0
1787131127.5027037,-3.826,0.201,8.976,-0.021,0.021,0.005,-30.45,-9.15,-35.25,140.0
1787131127.5027292,-3.831,0.148,9.036,-0.018,0.018,0.004,-28.65,-9.15,-35.25,140.0
1787131127.5027404,-3.728,0.139,9.002,-0.019,0.012,-0.001,-30.3,-9.45,-35.85,140.0
1787131127.707426,-3.747,0.101,9.007,-0.005,-0.009,0.0,-29.55,-9.0,-36.15,133.0
1787131127.7074513,-3.754,0.184,9.052,-0.006,-0.012,0.005,-29.55,-9.0,-36.15,133.0
1787131127.7074625,-3.718,0.199,9.002,-0.002,-0.005,-0.002,-28.8,-9.75,-35.4,133.0
1787131127.912669,-3.73,0.22,8.957,-0.003,0.004,-0.002,-28.8,-9.75,-35.4,133.0
1787131127.912694,-3.682,0.16,8.964,-0.015,0.009,-0.001,-29.7,-8.4,-35.55,132.0
1787131127.9127054,-3.785,0.163,9.005,-0.012,0.01,-0.006,-30.15,-8.85,-36.75,132.0
1787131128.1181302,-3.773,0.23,9.019,-0.02,0.011,0.003,-30.6,-9.75,-34.65,129.0
1787131128.1181543,-3.733,0.17,8.981,-0.016,0.015,-0.002,-28.8,-8.7,-34.35,129.0
1787131128.1181664,-3.675,0.103,9.012,-0.014,0.014,0.007,-31.65,-9.15,-35.55,129.0
1787131128.3217666,-3.685,0.158,8.981,-0.02,0.019,0.0,-30.3,-8.25,-36.15,188.0
1787131128.321792,-3.804,0.144,9.024,-0.014,0.012,-0.001,-31.2,-10.05,-35.55,130.0
1787131128.3218036,-3.783,0.177,9.067,-0.005,0.012,-0.002,-30.15,-10.05,-36.0,130.0
1787131128.5259733,-3.764,0.218,8.99,-0.023,0.021,-0.002,-29.25,-8.25,-35.4,154.0
1787131128.5261478,-3.675,0.134,9.043,-0.033,0.028,-0.007,-30.6,-10.5,-34.35,154.0
1787131128.7326064,-3.84,0.165,9.002,-0.012,0.024,-0.002,-31.05,-9.0,-35.85,149.0
1787131128.7326303,-3.761,0.129,8.959,-0.013,0.028,-0.002,-29.85,-7.8,-35.1,149.0
1787131128.7326417,-3.78,0.151,8.973,-0.005,0.029,-0.003,-29.85,-8.7,-35.85,149.0
1787131128.9359918,-3.733,0.089,8.985,-0.034,0.016,0.003,-28.5,-8.7,-34.65,170.0
1787131128.9360163,-3.778,0.074,9.05,-0.024,0.024,0.004,-30.15,-9.15,-34.2,170.0
1787131128.9360278,-3.694,0.031,9.064,-0.022,0.028,-0.003,-28.65,-9.15,-35.55,170.0
1787131129.1414764,-3.819,0.204,8.961,-0.024,0.012,-0.001,-29.7,-10.05,-36.0,110.0
1787131129.1415014,-3.713,0.132,8.981,-0.026,0.014,-0.005,-29.4,-10.35,-34.2,110.0
1787131129.1415126,-3.74,0.124,8.966,-0.03,0.03,-0.012,-29.85,-7.8,-35.85,110.0
1787131129.3518608,-3.795,0.218,8.966,0.007,-0.016,-0.004,-29.7,-10.05,-35.25,133.0
1787131129.3518858,-3.73,0.204,8.969,-0.001,-0.011,-0.008,-29.25,-9.0,-35.85,133.0
1787131129.3518972,-3.718,0.206,8.914,-0.02,0.012,-0.002,-30.45,-9.6,-35.85,133.0
1787131129.5507848,-3.857,0.165,9.026,-0.023,0.035,-0.01,-29.7,-9.15,-35.25,151.0
1787131129.5508099,-3.917,0.187,8.961,-0.026,0.014,-0.004,-29.4,-9.15,-36.0,151.0
1787131129.550821,-3.91,0.17,9.014,-0.02,-0.003,0.002,-29.85,-9.0,-36.15,151.0
1787131129.7626264,-3.895,0.108,9.029,-0.014,0.013,-0.001,-29.7,-8.85,-35.25,129.0
1787131129.762652,-3.905,0.017,8.976,-0.009,0.004,0.003,-30.6,-10.2,-34.35,129.0
1787131129.7626636,-3.735,0.081,8.957,-0.006,0.009,0.006,-28.65,-8.1,-36.0,129.0
1787131129.9621444,-3.831,0.215,8.964,-0.025,0.011,0.008,-30.3,-8.25,-34.65,133.0
1787131129.962169,-3.857,0.139,8.947,-0.029,0.007,-0.006,-29.85,-8.7,-35.4,133.0
1787131129.96218,-3.847,0.098,8.985,-0.026,0.001,0.006,-29.25,-8.7,-35.85,133.0
1787131130.163203,-3.807,0.098,9.033,-0.01,0.004,-0.006,-28.8,-11.4,-36.15,111.0
1787131130.3698795,-3.757,0.16,8.93,-0.015,0.003,0.003,-29.25,-7.8,-35.4,147.0
1787131130.3699048,-3.778,0.122,8.971,-0.01,0.004,0.002,-30.15,-9.6,-35.25,115.0
1787131130.369917,-3.847,0.18,8.966,-0.004,-0.001,0.0,-30.3,-9.75,-33.9,115.0
1787131130.5745869,-3.728,0.129,8.988,-0.002,-0.006,-0.003,-29.55,-9.45,-36.15,129.0
1787131130.5746126,-3.733,0.218,8.957,-0.007,-0.01,-0.001,-30.15,-8.4,-36.75,156.0
1787131130.5746245,-3.783,0.194,9.021,-0.013,-0.005,-0.006,-30.15,-9.6,-35.25,156.0
1787131130.7798722,-3.728,0.261,8.933,-0.014,0.012,-0.007,-29.55,-9.0,-35.85,142.0
1787131130.7799594,-3.735,0.242,9.014,-0.014,0.008,-0.002,-29.25,-10.2,-35.85,148.0
1787131130.779972,-3.788,0.192,8.976,-0.014,0.002,-0.005,-28.2,-9.15,-35.25,148.0
1787131130.984214,-3.833,0.139,9.029,-0.018,0.027,0.001,-29.55,-8.7,-35.85,145.0
1787131130.984238,-3.783,0.232,8.971,-0.013,0.015,-0.004,-30.45,-9.15,-34.5,145.0
1787131130.984249,-3.728,0.163,8.918,-0.019,0.018,-0.001,-30.6,-9.75,-33.9,120.0
1787131131.1895373,-3.804,0.199,8.99,-0.011,0.01,0.001,-28.2,-9.6,-36.3,148.0
1787131131.1895628,-3.776,0.242,8.933,-0.021,0.013,-0.003,-28.65,-9.6,-36.0,148.0
1787131131.1895745,-3.804,0.148,8.981,-0.023,0.015,-0.002,-30.15,-8.4,-35.55,155.0
1787131131.3938344,-3.78,0.151,9.002,-0.012,0.01,-0.001,-29.55,-9.45,-35.85,160.0
1787131131.3938665,-3.733,0.163,9.005,-0.019,0.015,-0.003,-28.95,-8.4,-35.25,160.0
1787131131.3938782,-3.764,0.208,8.961,-0.014,0.013,-0.015,-29.55,-9.45,-34.65,139.0
1787131131.598526,-3.8,0.163,8.993,-0.016,0.009,-0.007,-28.65,-8.1,-36.0,153.0
1787131131.5985508,-3.764,0.189,8.966,-0.021,0.017,-0.006,-29.7,-7.2,-35.25,153.0
1787131131.5985625,-3.766,0.18,8.959,-0.022,0.019,-0.004,-29.4,-10.8,-34.5,153.0
1787131131.8012295,-3.876,0.148,8.921,-0.025,0.016,0.003,-31.8,-9.45,-34.65,100.0
1787131132.008115,-3.792,0.103,8.966,-0.007,0.005,0.004,-30.15,-11.1,-33.75,137.0
1787131132.0081394,-3.802,0.144,8.966,-0.005,0.009,-0.002,-28.8,-10.2,-35.85,137.0
1787131132.0081515,-3.785,0.163,8.964,-0.01,0.014,0.005,-29.25,-9.0,-34.65,137.0
1787131132.2130997,-3.725,0.273,8.894,-0.019,0.003,-0.004,-29.25,-9.45,-34.35,135.0
1787131132.213124,-3.788,0.261,8.945,-0.023,0.012,-0.002,-29.7,-10.35,-35.55,135.0
1787131132.2131352,-3.725,0.275,8.914,-0.032,0.021,-0.006,-28.8,-8.25,-35.1,135.0
1787131132.4179115,-3.757,0.127,8.993,-0.002,-0.006,-0.002,-30.15,-10.8,-35.25,117.0
1787131132.417936,-3.689,0.22,8.935,0.003,-0.003,-0.006,-29.55,-10.5,-35.55,117.0
1787131132.4179473,-3.706,0.268,8.911,-0.014,0.01,-0.008,-29.25,-9.75,-34.35,117.0
1787131132.6227,-3.862,0.084,8.981,-0.018,0.025,0.001,-29.85,-9.75,-34.65,137.0
1787131132.6227245,-3.895,0.091,9.074,-0.005,0.022,-0.002,-30.15,-8.85,-36.3,137.0
1787131132.622736,-3.965,0.11,9.012,0.003,0.007,-0.004,-29.4,-10.05,-34.95,137.0
1787131132.8282802,-3.838,0.208,8.954,0.019,-0.016,-0.004,-29.7,-8.4,-35.55,136.0
1787131132.8283043,-3.797,0.247,8.916,0.011,-0.011,-0.001,-29.4,-8.85,-34.5,136.0
1787131132.828316,-3.797,0.268,8.923,-0.007,-0.003,0.004,-29.25,-9.0,-35.85,136.0
1787131133.032653,-3.728,0.12,8.923,-0.032,0.025,-0.007,-30.3,-9.0,-35.1,119.0
1787131133.032679,-3.807,0.136,9.009,-0.034,0.032,-0.017,-28.95,-9.6,-34.5,119.0
1787131133.0326903,-3.929,0.089,8.938,-0.026,0.024,-0.012,-29.4,-11.1,-34.5,129.0
1787131133.2377,-3.888,0.043,8.997,0.012,-0.007,0.007,-29.25,-9.45,-36.15,120.0
1787131133.2377253,-3.934,0.036,9.019,0.022,-0.01,0.009,-29.25,-8.7,-34.65,120.0
1787131133.237737,-3.883,0.17,8.961,0.026,-0.01,0.014,-29.25,-9.0,-36.15,127.0
1787131133.440517,-3.929,0.129,8.969,-0.049,0.045,-0.002,-29.4,-10.8,-35.25,134.0
1787131133.6466982,-3.991,0.175,9.009,-0.021,0.021,0.002,-28.5,-10.2,-37.2,116.0
1787131133.6467235,-4.276,-0.012,9.026,-0.005,-0.008,-0.002,-29.4,-10.05,-34.5,116.0
1787131133.646735,-4.025,-0.084,9.124,0.017,-0.053,0.02,-29.85,-9.75,-34.65,116.0
1787131133.852057,-3.903,0.079,8.914,-0.044,0.044,0.006,-29.4,-9.6,-34.95,118.0
1787131133.8520832,-3.816,0.06,8.921,-0.042,0.047,0.0,-28.5,-10.2,-35.85,118.0
1787131133.8520947,-3.943,0.096,9.012,-0.035,0.046,-0.001,-28.5,-10.2,-35.85,118.0
1787131134.056695,-3.934,0.136,8.938,-0.018,-0.015,-0.016,-29.85,-9.45,-34.65,144.0
1787131134.0567207,-3.955,0.163,8.957,-0.026,-0.008,-0.02,-28.95,-9.6,-35.55,144.0
1787131134.0567324,-3.874,0.165,8.856,-0.029,0.004,-0.012,-30.45,-10.05,-36.3,144.0
1787131134.2616658,-3.95,0.146,8.923,-0.037,0.035,0.0,-29.4,-10.8,-34.2,122.0
1787131134.2616913,-3.871,0.093,8.897,-0.037,0.041,0.004,-27.3,-9.45,-34.65,122.0
1787131134.261703,-3.958,-0.019,8.995,-0.028,0.031,0.015,-28.05,-9.45,-35.85,122.0
1787131134.4657936,-4.001,0.0,8.985,-0.019,0.036,0.01,-29.55,-10.2,-36.15,122.0
1787131134.4658182,-4.073,0.043,9.036,0.004,-0.006,0.013,-29.25,-9.75,-33.6,166.0
1787131134.4658296,-3.958,0.048,9.06,0.016,-0.012,0.012,-29.7,-10.35,-35.55,166.0
1787131134.6711023,-3.941,0.12,8.916,-0.026,0.013,-0.015,-29.4,-9.6,-35.25,119.0
1787131134.671128,-3.938,0.139,8.923,-0.023,0.009,-0.01,-31.2,-10.05,-36.3,119.0
1787131134.6711392,-4.02,0.06,8.966,-0.021,-0.002,-0.009,-28.5,-9.75,-34.35,119.0
1787131134.883097,-4.116,0.323,8.926,0.001,-0.014,0.001,-28.95,-8.85,-35.55,100.0
1787131134.8831224,-3.706,0.261,8.873,-0.011,0.004,0.011,-30.3,-10.5,-33.6,122.0
1787131134.8831336,-3.989,0.309,8.784,-0.028,0.02,0.012,-29.25,-10.5,-35.1,122.0
1787131135.0803766,-3.912,0.081,8.942,-0.012,0.001,-0.012,-29.4,-9.15,-36.3,106.0
1787131135.2855215,-3.943,0.232,8.918,0.019,-0.02,0.015,-30.15,-8.85,-35.25,128.0
1787131135.2855473,-3.857,0.237,8.837,0.011,-0.004,0.007,-28.5,-9.45,-35.1,128.0
1787131135.2855585,-3.958,0.33,8.847,-0.013,0.009,0.008,-30.6,-8.7,-36.15,128.0
1787131135.4903054,-3.871,0.189,8.859,-0.005,0.001,-0.014,-28.95,-10.05,-35.25,110.0
1787131135.4903314,-3.879,0.249,8.854,-0.024,0.009,-0.018,-29.4,-10.05,-35.55,110.0
1787131135.4903424,-3.864,0.105,8.918,-0.029,0.02,-0.014,-29.25,-9.45,-34.65,115.0
1787131135.6969225,-4.037,0.007,9.048,0.028,-0.028,0.005,-28.8,-10.2,-35.4,114.0
1787131135.6969485,-3.943,0.057,8.899,0.035,-0.041,0.002,-28.2,-10.05,-35.25,114.0
1787131135.69696,-3.745,0.16,8.842,0.027,-0.028,0.007,-30.45,-10.8,-34.95,98.0
1787131135.9001992,-3.989,0.093,8.871,-0.055,0.046,-0.026,-28.8,-8.25,-34.65,112.0
1787131135.9002185,-4.003,0.067,9.029,-0.042,0.036,-0.005,-29.85,-9.75,-35.1,112.0
1787131135.9002247,-4.001,0.019,8.945,-0.035,0.023,-0.011,-27.75,-9.0,-35.85,112.0
1787131136.1043632,-3.95,0.093,8.863,-0.036,0.018,-0.011,-30.15,-10.05,-34.95,87.0
1787131136.1043887,-3.984,-0.12,8.983,-0.031,0.011,-0.005,-28.8,-9.45,-35.4,87.0
1787131136.1044002,-4.106,-0.213,8.997,-0.015,-0.001,0.011,-29.85,-11.4,-35.85,87.0
1787131136.3091273,-3.864,0.206,8.887,0.013,-0.027,-0.012,-28.5,-9.0,-34.65,117.0
1787131136.3091524,-4.192,0.237,8.739,-0.023,-0.03,0.013,-29.85,-10.2,-34.65,117.0
1787131136.3091636,-3.632,0.393,9.05,-0.024,0.012,-0.01,-29.7,-10.35,-34.5,117.0
1787131136.5144422,-3.962,0.141,8.933,-0.028,0.034,-0.018,-29.4,-7.65,-34.95,116.0
1787131136.514468,-3.967,0.148,8.945,-0.019,0.019,-0.022,-29.85,-8.25,-34.65,116.0
1787131136.514479,-3.895,0.16,8.827,-0.023,0.021,-0.012,-28.95,-10.05,-34.2,116.0
1787131136.717153,-4.044,-0.089,9.033,0.031,-0.035,0.018,-28.05,-9.45,-36.6,92.0
1787131136.9308922,-3.881,0.074,8.861,-0.029,0.02,-0.018,-29.7,-10.8,-34.95,115.0
1787131136.930917,-3.847,0.086,8.882,-0.032,0.026,-0.015,-29.85,-10.5,-35.1,86.0
1787131136.9309287,-3.869,0.132,8.868,-0.036,0.026,-0.024,-29.7,-9.6,-36.0,86.0
1787131137.128226,-3.967,0.012,9.0,0.015,-0.001,0.016,-30.3,-9.0,-35.1,72.0
1787131137.1282506,-4.001,0.01,8.928,0.024,-0.005,0.011,-28.65,-8.85,-36.3,65.0
1787131137.128262,-4.085,0.072,8.866,0.033,-0.035,-0.017,-28.8,-10.95,-36.15,65.0
1787131137.3344407,-4.058,0.057,8.885,-0.032,0.001,-0.019,-29.85,-10.5,-36.15,108.0
1787131137.3344662,-3.867,0.163,8.921,-0.036,-0.001,-0.02,-30.15,-9.15,-35.25,97.0
1787131137.3344777,-3.874,0.122,8.871,-0.032,0.014,-0.009,-29.25,-9.45,-36.15,97.0
1787131137.5384543,-4.077,-0.163,8.964,-0.026,0.008,-0.002,-30.9,-9.6,-35.55,80.0
1787131137.5384798,-4.022,-0.072,9.055,0.003,0.002,0.011,-30.15,-10.05,-34.95,82.0
1787131137.5384912,-4.034,0.074,9.014,0.016,-0.003,0.013,-30.6,-7.5,-35.85,82.0
1787131137.740298,-3.979,0.06,8.914,-0.023,-0.006,-0.005,-28.05,-10.2,-35.85,75.0
1787131137.740323,-4.022,0.079,8.957,-0.02,-0.01,-0.006,-28.65,-10.35,-34.5,75.0
1787131137.7521288,-3.986,0.05,8.914,-0.011,-0.01,-0.005,-29.85,-9.45,-35.85,89.0
1787131137.9563036,-4.01,0.192,8.911,-0.013,0.01,-0.001,-28.8,-10.5,-35.4,72.0
1787131137.956329,-3.917,0.18,8.851,-0.021,0.022,-0.003,-30.3,-9.75,-36.15,72.0
1787131137.9563406,-3.915,0.172,8.866,-0.023,0.014,-0.012,-28.5,-9.45,-36.6,72.0
1787131138.1525931,-4.01,0.053,8.952,-0.003,-0.005,-0.014,-28.95,-10.05,-35.55,86.0
1787131138.1526756,-3.924,0.117,8.902,-0.003,-0.003,-0.003,-29.7,-9.6,-34.2,86.0
1787131138.1526873,-3.926,0.144,8.914,-0.015,0.005,0.002,-29.7,-8.85,-36.0,86.0
1787131138.35306,-3.979,-0.036,8.897,-0.001,-0.001,0.005,-30.3,-9.0,-35.1,73.0
1787131138.557863,-4.022,0.23,8.861,-0.021,0.007,-0.009,-29.25,-10.95,-34.65,139.0
1787131138.5635674,-3.95,0.204,8.873,-0.023,0.005,-0.01,-28.65,-9.15,-34.2,139.0
1787131138.563593,-3.977,0.175,8.902,-0.027,-0.003,-0.01,-29.4,-10.05,-35.55,139.0
1787131138.762747,-3.953,0.11,8.945,-0.016,0.023,-0.001,-28.8,-9.75,-35.85,88.0
1787131138.767761,-4.013,0.122,8.966,-0.016,0.024,-0.002,-29.4,-10.8,-34.5,88.0
1787131138.7677853,-4.029,0.151,8.923,-0.022,0.011,0.004,-28.95,-10.05,-34.5,88.0
1787131138.9720752,-3.773,0.16,8.815,-0.016,0.013,0.002,-30.45,-8.4,-34.95,110.0
1787131138.9721012,-3.903,0.16,8.928,-0.022,0.024,-0.006,-28.2,-10.35,-36.3,110.0
1787131138.9721127,-3.958,0.283,8.77,-0.021,0.035,-0.007,-28.65,-9.15,-34.5,110.0
1787131139.176078,-3.931,-0.031,8.959,-0.007,0.006,0.007,-28.5,-8.7,-36.9,78.0
1787131139.176101,-3.946,0.031,8.945,-0.001,0.006,0.002,-29.7,-10.35,-34.5,78.0
1787131139.1761131,-3.891,0.124,8.835,-0.009,0.007,0.002,-30.15,-9.6,-35.25,78.0
1787131139.3809173,-3.958,0.127,8.95,-0.04,0.038,-0.004,-28.2,-9.6,-36.0,79.0
1787131139.3809412,-4.025,0.05,8.938,-0.028,0.032,-0.002,-29.25,-10.5,-34.65,79.0
1787131139.380953,-4.044,0.031,8.892,-0.025,0.02,-0.007,-29.25,-10.5,-35.4,79.0
1787131139.5863137,-3.991,0.189,8.914,0.012,-0.021,-0.003,-28.65,-10.05,-36.3,153.0
1787131139.5863407,-3.962,0.194,8.875,0.004,-0.012,-0.014,-27.9,-10.05,-36.75,153.0
1787131139.5863519,-3.886,0.136,8.813,-0.012,-0.005,-0.002,-28.65,-9.6,-36.3,76.0
1787131139.7908127,-3.96,0.043,8.959,-0.022,0.015,0.001,-28.95,-9.6,-34.95,86.0
1787131139.790838,-4.005,0.086,8.959,-0.02,0.012,0.005,-28.95,-9.15,-35.55,86.0
1787131139.790849,-3.97,0.134,8.904,-0.019,0.011,0.0,-29.4,-9.6,-34.95,93.0
1787131139.9934132,-4.01,0.026,8.928,-0.004,0.01,-0.006,-29.55,-8.7,-35.1,83.0
1787131140.2001717,-4.017,0.17,8.938,-0.01,0.027,-0.006,-30.45,-10.05,-34.5,79.0
1787131140.2001965,-4.003,0.175,8.88,-0.024,0.025,-0.015,-28.65,-10.05,-36.0,79.0
1787131140.2002082,-3.986,0.134,8.945,-0.024,0.022,-0.01,-29.55,-9.0,-36.15,79.0
1787131140.40668,-3.965,0.127,8.871,-0.022,0.017,-0.004,-29.7,-9.6,-34.5,115.0
1787131140.406706,-4.027,0.089,8.935,-0.021,0.016,-0.003,-29.7,-9.6,-36.0,115.0
1787131140.406718,-4.041,0.084,8.952,-0.013,0.002,-0.001,-30.15,-10.05,-34.95,115.0
1787131140.610715,-3.915,0.12,8.839,-0.013,0.005,0.0,-28.5,-9.75,-36.6,91.0
1787131140.6107388,-4.02,0.129,8.854,-0.011,0.008,0.004,-29.4,-9.15,-35.55,91.0
1787131140.6107507,-3.962,0.124,8.892,-0.016,0.002,0.0,-28.2,-9.6,-34.95,91.0
1787131140.815077,-3.929,0.206,8.873,-0.02,-0.002,0.001,-28.2,-10.05,-33.75,104.0
1787131140.8151035,-4.013,0.163,8.892,-0.015,-0.002,-0.002,-28.95,-10.05,-35.55,104.0
1787131140.8151155,-3.989,0.11,8.985,-0.017,0.007,0.003,-28.5,-9.45,-35.85,104.0
1787131141.0200737,-3.934,0.146,9.029,-0.016,-0.001,-0.004,-29.4,-11.1,-34.95,81.0
1787131141.0200992,-3.967,0.144,8.875,-0.015,0.014,-0.009,-30.45,-9.15,-35.55,81.0
1787131141.0201104,-3.917,0.108,8.861,-0.02,0.014,-0.007,-28.8,-8.7,-34.35,81.0
1787131141.224216,-3.915,0.208,8.928,-0.019,0.021,-0.007,-30.15,-10.8,-35.25,68.0
1787131141.224244,-4.015,0.122,8.964,-0.014,0.016,-0.006,-30.9,-10.35,-35.25,68.0
1787131141.2242558,-3.977,0.148,8.95,-0.011,0.013,-0.003,-30.45,-9.6,-34.95,68.0
1787131141.4292083,-3.948,0.16,8.878,-0.022,0.016,-0.005,-29.4,-10.05,-34.5,119.0
1787131141.429233,-4.015,0.17,8.897,-0.018,0.016,-0.004,-28.95,-10.35,-34.95,119.0
1787131141.429244,-4.025,0.127,8.892,-0.017,0.004,-0.002,-30.45,-10.05,-34.2,119.0
1787131141.6323724,-4.025,0.165,8.902,-0.013,-0.003,0.005,-28.2,-9.15,-34.95,156.0
1787131141.8391085,-3.989,0.18,8.899,-0.021,0.016,-0.007,-29.55,-9.75,-36.15,110.0
1787131141.8391345,-3.95,0.108,9.019,-0.019,0.008,-0.001,-28.8,-9.75,-35.1,110.0
1787131141.8391461,-3.958,0.177,8.93,-0.013,0.018,-0.002,-29.25,-8.7,-35.85,110.0
1787131142.0435026,-3.924,0.196,8.95,-0.017,0.012,0.003,-28.95,-10.05,-36.0,86.0
1787131142.043528,-3.934,0.146,8.918,-0.021,0.02,0.002,-29.85,-9.45,-35.4,86.0
1787131142.0435393,-3.953,0.148,8.997,-0.013,0.026,0.006,-29.55,-9.0,-35.1,124.0
1787131142.2494361,-3.826,0.127,8.921,-0.023,0.019,-0.001,-29.4,-10.05,-34.5,111.0
1787131142.2494624,-3.946,0.105,8.911,-0.02,0.015,0.002,-28.8,-8.25,-35.1,111.0
1787131142.2494736,-4.08,0.148,8.954,-0.014,-0.002,0.004,-28.2,-8.1,-34.95,111.0
1787131142.452966,-3.934,0.172,8.964,-0.007,0.007,-0.005,-28.65,-10.35,-35.55,83.0
1787131142.4529953,-3.982,0.136,8.902,-0.006,0.004,0.004,-29.7,-9.15,-34.95,83.0
1787131142.4530065,-3.958,0.148,8.94,-0.01,0.007,-0.006,-30.45,-9.15,-35.25,117.0
1787131142.6582732,-3.95,0.132,8.933,-0.02,0.012,0.002,-28.95,-10.35,-34.5,88.0
1787131142.6582997,-3.907,0.146,8.921,-0.019,0.005,-0.002,-31.05,-9.75,-33.9,88.0
1787131142.658311,-3.948,0.103,8.923,-0.013,-0.002,0.003,-28.2,-9.15,-34.2,88.0
1787131142.869241,-3.941,0.151,8.945,-0.013,0.012,-0.001,-29.25,-10.2,-35.4,101.0
1787131142.8692677,-4.029,0.187,8.918,-0.018,0.011,-0.001,-28.8,-9.75,-34.35,101.0
1787131142.8692791,-3.998,0.117,8.954,-0.015,0.006,0.0,-29.7,-10.05,-34.95,101.0
1787131143.0680513,-3.936,0.136,8.942,-0.006,0.011,-0.001,-27.45,-8.85,-35.55,108.0
1787131143.068077,-3.943,0.165,8.89,-0.01,0.007,-0.003,-29.7,-10.05,-34.95,108.0
1787131143.0680885,-3.955,0.175,8.947,-0.016,0.009,-0.002,-28.95,-8.85,-33.75,108.0
1787131143.274118,-3.917,0.18,8.892,-0.022,0.02,0.0,-28.8,-10.95,-35.4,109.0
1787131143.2741427,-3.991,0.211,8.914,-0.019,0.021,0.001,-27.9,-10.05,-35.55,109.0
1787131143.2741544,-3.965,0.184,8.902,-0.023,0.02,-0.001,-30.15,-8.85,-36.3,94.0
1787131143.4777048,-4.032,0.141,8.916,-0.021,0.013,0.003,-26.7,-10.05,-37.05,119.0
1787131143.4777303,-4.068,0.153,8.921,-0.012,0.004,0.001,-29.55,-10.2,-33.6,119.0
1787131143.4777415,-4.005,0.168,8.959,-0.01,-0.007,0.001,-29.55,-9.45,-33.9,119.0
1787131143.682187,-3.788,0.156,8.911,-0.009,-0.012,-0.009,-28.95,-9.6,-34.95,119.0
1787131143.682226,-3.965,0.153,8.818,-0.009,0.0,-0.002,-30.15,-9.6,-36.75,85.0
1787131143.6822329,-3.843,0.134,8.911,-0.024,0.011,0.004,-28.5,-10.2,-34.65,85.0
1787131143.8871825,-3.917,0.117,8.904,-0.009,0.008,0.001,-28.2,-8.4,-36.3,107.0
1787131143.8872204,-3.831,0.196,8.863,-0.014,0.016,-0.01,-28.5,-9.0,-34.35,90.0
1787131143.887227,-4.039,0.031,9.005,-0.01,0.014,-0.003,-28.5,-9.45,-36.6,90.0
1787131144.0914485,-3.974,0.084,8.964,-0.017,-0.002,-0.001,-28.5,-8.25,-35.1,87.0
1787131144.0914729,-3.915,0.077,8.933,-0.011,0.005,-0.002,-28.95,-10.8,-35.55,112.0
1787131144.091484,-3.979,0.146,8.945,-0.01,0.003,-0.005,-29.25,-9.0,-35.85,112.0
1787131144.296407,-3.91,0.18,8.875,-0.014,0.019,-0.001,-28.8,-9.75,-35.85,103.0
1787131144.2964327,-4.039,0.136,8.933,-0.019,0.009,-0.004,-29.55,-9.45,-35.85,92.0
1787131144.2964437,-3.833,0.163,8.868,-0.014,0.014,-0.003,-28.5,-9.75,-36.6,92.0
1787131144.50177,-3.903,0.11,8.892,-0.018,0.009,-0.01,-28.05,-9.75,-33.9,89.0
1787131144.501795,-3.924,0.18,8.894,-0.014,0.014,-0.005,-29.25,-10.2,-34.35,89.0
1787131144.706603,-3.869,0.225,8.815,-0.047,0.045,-0.016,-29.25,-9.45,-35.4,164.0
1787131144.706628,-4.063,0.16,9.06,-0.038,0.053,-0.003,-27.75,-10.2,-35.4,164.0
1787131144.9102192,-3.836,0.148,8.938,-0.002,-0.018,-0.007,-29.4,-8.85,-35.25,93.0
1787131144.910244,-3.907,0.091,8.902,-0.013,0.004,0.003,-29.7,-7.65,-34.95,96.0
1787131145.116131,-3.938,0.117,8.978,-0.023,-0.003,0.002,-28.8,-11.4,-34.65,96.0
1787131145.116156,-3.95,0.129,8.966,-0.016,-0.008,0.001,-28.95,-10.8,-35.25,86.0
1787131145.116168,-3.903,0.18,8.811,-0.025,0.002,-0.003,-27.75,-9.75,-34.35,86.0
1787131145.320788,-3.953,0.108,8.866,-0.015,0.0,0.002,-29.85,-10.2,-34.65,128.0
1787131145.3208137,-3.91,0.091,9.005,-0.011,-0.004,0.005,-28.65,-9.15,-35.25,128.0
1787131145.320825,-3.989,0.175,8.964,-0.011,-0.002,0.004,-28.5,-9.45,-33.6,128.0
1787131145.5250304,-3.936,0.151,8.916,-0.018,0.018,-0.001,-28.5,-9.75,-35.1,152.0
1787131145.52506,-3.891,0.144,8.935,-0.027,0.014,0.005,-29.7,-10.05,-36.0,152.0
1787131145.525139,-3.862,0.065,8.914,-0.022,0.012,-0.004,-28.95,-9.6,-34.95,152.0
1787131145.7301142,-3.958,0.136,8.882,-0.02,0.013,0.002,-29.7,-8.85,-34.5,96.0
1787131145.73014,-3.97,0.148,8.985,-0.018,0.004,-0.006,-28.05,-10.5,-36.15,96.0
1787131145.7301512,-3.881,0.168,8.914,-0.02,0.01,-0.004,-29.4,-9.15,-36.3,96.0
1787131145.9346755,-3.919,0.18,9.002,-0.022,0.002,-0.003,-29.25,-10.2,-35.85,108.0
1787131145.9346995,-3.864,0.148,8.961,-0.014,-0.004,0.005,-27.15,-9.15,-36.75,108.0
1787131145.934711,-3.903,0.206,8.954,-0.018,-0.005,-0.001,-29.85,-9.45,-36.15,108.0
1787131146.1394606,-3.809,0.06,8.902,-0.011,-0.015,0.002,-28.65,-10.05,-35.55,127.0
1787131146.1394854,-3.783,0.098,8.959,-0.011,-0.002,-0.006,-28.2,-8.4,-35.25,127.0
1787131146.1394978,-3.855,0.057,8.978,-0.013,0.005,0.0,-28.5,-9.0,-35.1,116.0
1787131146.3444176,-3.883,0.165,8.885,-0.02,0.001,-0.002,-29.25,-9.45,-36.15,103.0
1787131146.344443,-3.843,0.141,8.981,-0.016,-0.001,0.004,-30.3,-9.75,-34.65,104.0
1787131146.344455,-3.955,0.122,8.942,-0.02,0.002,-0.004,-29.85,-10.2,-34.65,104.0
1787131146.5470524,-3.833,0.156,8.897,-0.016,0.011,0.001,-28.05,-10.2,-35.4,128.0
1787131146.7543101,-3.843,0.136,8.873,-0.014,0.01,-0.003,-27.9,-9.6,-33.75,126.0
1787131146.754336,-3.91,0.168,8.928,-0.015,0.012,0.003,-29.25,-9.0,-35.4,126.0
1787131146.7543473,-3.876,0.177,8.959,-0.014,0.005,0.006,-30.9,-9.6,-35.25,126.0
1787131146.9648077,-3.852,0.223,8.938,-0.014,0.009,0.002,-28.2,-11.1,-33.75,114.0
1787131146.9648323,-3.874,0.148,8.897,-0.019,0.006,-0.005,-28.95,-11.55,-34.95,114.0
1787131146.9648435,-3.826,0.146,8.966,-0.021,0.009,-0.009,-29.25,-9.45,-34.65,114.0
1787131147.163715,-3.847,0.158,8.959,-0.006,-0.003,-0.003,-28.5,-9.45,-35.1,102.0
1787131147.1637402,-3.893,0.148,9.005,-0.007,-0.007,-0.001,-29.55,-10.5,-33.9,102.0
1787131147.1637518,-3.814,0.151,8.942,-0.007,0.001,-0.007,-29.55,-10.5,-35.4,102.0
1787131147.3697119,-3.864,0.122,8.976,-0.01,0.003,-0.005,-28.65,-10.05,-35.55,95.0
1787131147.3697371,-3.807,0.127,8.976,-0.013,0.007,0.002,-28.2,-8.85,-36.75,95.0
1787131147.3697493,-3.79,0.151,8.995,-0.01,0.002,0.005,-29.4,-8.4,-36.3,95.0
1787131147.5731113,-3.862,0.139,8.995,-0.011,0.014,-0.004,-29.25,-10.2,-35.4,140.0
1787131147.5731378,-3.843,0.182,8.916,-0.014,0.006,0.005,-29.25,-10.2,-35.1,140.0
1787131147.5731494,-3.881,0.144,8.976,-0.009,0.009,-0.001,-29.4,-9.15,-35.25,140.0
1787131147.7780216,-3.847,0.22,8.916,-0.015,0.005,0.002,-28.65,-9.6,-34.5,134.0
1787131147.7780466,-3.888,0.177,8.973,-0.017,0.0,-0.004,-29.55,-10.5,-35.1,134.0
1787131147.778058,-3.821,0.168,9.021,-0.009,0.003,0.002,-28.95,-9.6,-34.95,134.0
1787131147.983204,-3.84,0.184,8.95,-0.016,0.002,-0.01,-29.55,-10.95,-34.65,108.0
1787131147.9832296,-3.824,0.213,8.959,-0.014,0.003,0.0,-28.5,-9.0,-35.1,108.0
1787131147.9832416,-3.821,0.165,8.971,-0.019,0.006,0.005,-28.8,-9.45,-35.85,108.0
1787131148.1854625,-3.816,0.165,9.029,-0.011,0.004,0.002,-30.3,-9.0,-36.15,119.0
1787131148.392839,-3.859,0.144,8.93,-0.01,0.005,-0.005,-28.8,-9.0,-35.4,149.0
1787131148.3928707,-3.812,0.158,8.928,-0.01,0.004,0.003,-28.8,-9.45,-35.4,149.0
1787131148.3928823,-3.816,0.199,8.978,-0.014,0.007,-0.006,-29.4,-8.4,-35.25,121.0
1787131148.5972068,-3.845,0.158,8.99,-0.011,0.002,-0.001,-29.25,-10.95,-35.4,189.0
1787131148.597232,-3.886,0.146,8.947,-0.01,0.008,-0.004,-30.15,-8.85,-35.55,189.0
1787131148.5972438,-3.783,0.213,8.961,-0.015,0.004,-0.001,-29.55,-9.45,-35.4,204.0
1787131148.8023748,-3.821,0.175,8.981,-0.015,0.009,0.004,-28.5,-9.75,-36.15,148.0
1787131148.8024006,-3.936,0.177,8.988,-0.015,0.006,0.0,-28.95,-10.35,-35.25,148.0
1787131148.802412,-3.828,0.249,8.997,-0.011,0.007,-0.003,-29.85,-9.45,-36.15,167.0
1787131149.0067112,-3.79,0.199,9.031,-0.006,0.011,-0.003,-28.8,-10.95,-35.4,139.0
1787131149.006735,-3.833,0.206,8.935,-0.015,0.012,0.001,-29.55,-9.0,-35.4,139.0
1787131149.0067472,-3.761,0.237,8.988,-0.019,0.007,0.001,-29.7,-10.05,-33.75,135.0
1787131149.2140822,-3.895,0.235,8.945,-0.014,0.005,-0.016,-29.4,-9.6,-36.0,163.0
1787131149.2141082,-3.725,0.215,9.033,-0.012,0.01,-0.005,-29.55,-9.0,-35.85,163.0
1787131149.2141194,-3.814,0.208,8.954,-0.009,0.01,-0.002,-28.65,-10.35,-36.0,166.0
1787131149.4170454,-3.8,0.22,8.978,-0.016,0.015,-0.007,-28.8,-8.7,-35.4,116.0
1787131149.4170702,-3.797,0.196,9.021,-0.015,0.009,-0.007,-28.5,-9.45,-35.1,116.0
1787131149.417082,-3.792,0.17,8.938,-0.015,0.006,-0.001,-30.9,-10.35,-35.25,116.0
1787131149.6215854,-3.771,0.16,8.887,-0.012,0.003,-0.004,-28.2,-9.6,-35.25,148.0
1787131149.6216094,-3.847,0.22,9.043,-0.009,0.003,-0.001,-28.95,-10.05,-36.0,148.0
1787131149.6216211,-3.812,0.208,9.024,-0.009,0.011,-0.002,-29.25,-10.2,-35.4,148.0
1787131149.825519,-3.733,0.17,8.973,-0.01,0.011,-0.001,-29.25,-8.7,-35.4,159.0
1787131150.0307715,-3.778,0.299,8.976,-0.022,0.013,0.0,-29.25,-7.8,-35.1,178.0
1787131150.0307965,-3.745,0.232,9.017,-0.023,0.015,-0.007,-29.85,-9.0,-35.85,160.0
1787131150.030808,-3.792,0.187,8.957,-0.022,0.011,-0.003,-29.25,-8.7,-35.1,160.0
1787131150.235616,-3.828,0.192,9.009,-0.014,0.008,0.001,-28.5,-9.0,-37.65,133.0
1787131150.2356403,-3.788,0.261,8.969,-0.012,0.008,0.002,-28.8,-10.5,-36.15,159.0
1787131150.2356515,-3.792,0.259,8.906,-0.012,0.007,0.002,-27.45,-10.35,-36.0,159.0
1787131150.4409661,-3.843,0.256,8.914,-0.011,0.007,-0.001,-29.55,-9.0,-35.85,151.0
1787131150.4409926,-3.797,0.215,8.94,-0.013,0.004,0.003,-28.5,-8.7,-34.65,151.0
1787131150.4410043,-3.725,0.182,8.947,-0.011,0.01,-0.005,-27.15,-9.6,-36.0,151.0
1787131150.645761,-3.857,0.244,8.997,-0.013,0.006,0.003,-28.65,-10.05,-34.2,156.0
1787131150.6457863,-3.838,0.259,8.978,-0.018,0.006,-0.004,-29.85,-9.0,-34.65,169.0
1787131150.6457982,-3.838,0.254,8.93,-0.016,0.009,0.003,-28.8,-7.8,-36.6,169.0
1787131150.8498974,-3.79,0.194,8.981,-0.014,0.012,-0.001,-28.8,-9.75,-34.35,172.0
1787131150.8499234,-3.814,0.223,8.926,-0.013,0.008,0.007,-29.85,-9.45,-34.65,149.0
1787131150.8499348,-3.73,0.22,8.957,-0.018,0.01,0.001,-29.25,-9.45,-35.1,149.0
1787131151.0546112,-3.843,0.237,8.933,-0.014,0.013,-0.003,-28.8,-9.45,-33.9,138.0
1787131151.0546365,-3.859,0.223,8.99,-0.012,0.009,-0.002,-29.4,-9.6,-34.2,138.0
1787131151.259693,-3.828,0.153,8.993,-0.015,0.01,-0.003,-28.8,-10.2,-35.1,133.0
1787131151.2597184,-3.804,0.218,8.99,-0.018,0.011,-0.009,-29.4,-9.15,-35.25,133.0
1787131151.259731,-3.847,0.192,9.005,-0.022,0.015,-0.007,-30.3,-8.25,-35.4,145.0
1787131151.4639142,-3.814,0.177,8.966,-0.013,0.007,0.002,-29.7,-8.4,-36.75,156.0
1787131151.46394,-3.828,0.239,8.985,-0.015,0.001,-0.008,-29.25,-9.0,-34.35,154.0
1787131151.66983,-3.754,0.249,8.945,-0.018,0.007,-0.002,-29.7,-7.65,-34.95,143.0
1787131151.6698642,-3.838,0.18,8.993,-0.02,0.003,-0.005,-29.4,-8.4,-34.95,143.0
1787131151.6698759,-3.85,0.256,8.976,-0.009,0.005,-0.007,-30.6,-8.25,-35.4,143.0
1787131151.8743718,-3.74,0.223,8.959,-0.017,0.0,-0.003,-28.65,-8.85,-36.3,156.0
1787131152.0786693,-3.852,0.192,8.969,-0.018,0.009,-0.001,-28.95,-10.8,-34.95,173.0
1787131152.0786948,-3.888,0.182,9.017,-0.014,0.005,-0.001,-28.95,-8.85,-34.2,173.0
1787131152.0787063,-3.838,0.273,8.93,-0.014,0.009,-0.003,-29.25,-9.0,-35.85,173.0
1787131152.2837572,-3.867,0.211,9.009,-0.018,0.01,-0.001,-29.55,-10.2,-35.4,164.0
1787131152.2837832,-3.78,0.213,8.957,-0.02,0.011,-0.002,-29.55,-9.45,-35.4,164.0
1787131152.2837944,-3.807,0.206,8.952,-0.024,0.011,-0.003,-30.15,-10.05,-34.2,164.0
1787131152.4888387,-3.802,0.211,8.988,-0.014,0.009,0.001,-29.4,-9.15,-34.2,156.0
1787131152.488873,-3.783,0.215,8.99,-0.02,0.005,-0.003,-28.8,-9.75,-35.1,156.0
1787131152.4888844,-3.807,0.204,8.926,-0.014,0.011,-0.001,-28.5,-8.25,-35.4,156.0
1787131152.6931922,-3.836,0.187,8.995,-0.016,0.013,-0.005,-28.5,-9.45,-35.4,159.0
1787131152.6932175,-3.838,0.232,8.93,-0.016,0.007,-0.003,-27.75,-9.45,-35.4,159.0
1787131152.6932282,-3.807,0.251,8.981,-0.012,0.002,-0.004,-28.8,-9.75,-35.4,159.0
1787131152.8985953,-3.804,0.215,9.074,-0.015,0.002,-0.007,-29.4,-9.6,-35.25,142.0
1787131152.898621,-3.831,0.175,9.009,-0.008,0.012,-0.002,-29.7,-8.85,-34.2,149.0
1787131152.8986325,-3.792,0.141,8.993,-0.013,0.01,-0.005,-28.8,-9.0,-34.35,149.0
1787131153.102274,-3.831,0.156,8.978,-0.02,0.009,-0.006,-28.65,-9.15,-36.0,141.0
1787131153.3076618,-3.888,0.204,8.892,-0.017,0.011,-0.004,-28.65,-9.15,-34.95,183.0
1787131153.3076868,-3.828,0.218,8.93,-0.011,0.006,-0.005,-28.65,-11.1,-34.2,183.0
1787131153.3076985,-3.84,0.16,8.964,-0.007,0.003,-0.001,-28.65,-9.6,-36.3,183.0
1787131153.5189703,-3.795,0.146,8.923,-0.016,0.01,-0.001,-28.05,-9.75,-35.4,153.0
1787131153.518996,-3.812,0.189,9.021,-0.023,0.016,-0.006,-29.85,-9.45,-35.85,153.0
1787131153.5190072,-3.737,0.225,8.878,-0.022,0.02,-0.005,-28.2,-10.8,-36.3,153.0
1787131153.7176635,-3.476,-0.026,8.88,-0.04,0.027,-0.034,-29.55,-8.7,-37.2,189.0
1787131153.7176888,-3.958,0.211,9.072,-0.032,0.055,0.007,-29.4,-9.6,-36.3,189.0
1787131153.7177007,-3.857,0.105,9.019,-0.017,0.042,-0.007,-29.25,-9.45,-35.4,189.0
1787131153.9218802,-3.833,0.168,8.942,-0.019,0.015,-0.001,-30.15,-9.15,-35.25,157.0
1787131153.9219058,-3.776,0.144,8.957,-0.021,0.023,0.003,-28.65,-10.8,-34.5,157.0
1787131153.9219172,-3.838,0.151,8.983,-0.017,0.02,-0.004,-30.45,-9.6,-34.5,157.0
1787131154.1274018,-3.8,0.201,8.93,-0.012,-0.018,0.002,-29.55,-9.75,-35.4,164.0
1787131154.1274261,-3.661,0.23,8.997,-0.016,0.007,-0.001,-29.25,-10.2,-35.4,164.0
1787131154.1274378,-3.752,0.235,8.981,-0.01,0.012,0.007,-30.45,-9.6,-33.75,164.0
1787131154.3316157,-3.768,0.184,8.95,-0.036,0.007,-0.012,-28.65,-8.1,-34.5,137.0
1787131154.3316412,-3.768,0.144,9.012,-0.034,0.027,-0.011,-29.25,-10.2,-35.1,137.0
1787131154.3316526,-3.936,0.101,8.99,-0.036,0.038,-0.01,-28.65,-9.6,-35.25,137.0
1787131154.5362842,-3.838,0.175,8.969,-0.019,0.017,-0.006,-30.45,-9.15,-36.3,129.0
1787131154.5363088,-3.857,0.11,8.997,-0.025,0.013,-0.004,-28.8,-8.25,-34.35,129.0
1787131154.5363197,-3.871,0.151,9.005,-0.017,0.012,-0.004,-28.65,-10.35,-34.95,129.0
1787131154.739434,-3.888,0.18,8.993,-0.006,0.004,0.003,-28.95,-9.15,-34.5,135.0
1787131154.9460623,-3.812,0.184,8.947,-0.019,0.014,-0.002,-28.65,-10.05,-34.5,115.0
1787131154.946091,-3.819,0.196,8.973,-0.02,0.011,-0.003,-29.4,-8.85,-35.25,115.0
1787131154.9461026,-3.874,0.151,8.954,-0.015,0.014,-0.006,-28.8,-10.5,-35.4,187.0
1787131155.1507275,-3.845,0.237,8.918,-0.013,0.0,0.005,-29.25,-10.95,-35.85,133.0
1787131155.150753,-3.802,0.215,8.926,-0.016,0.012,-0.006,-28.2,-8.85,-35.25,133.0
1787131155.1507654,-3.792,0.184,8.923,-0.023,0.018,0.002,-27.0,-9.75,-35.4,152.0
1787131155.3556414,-3.912,0.177,8.899,-0.013,0.014,-0.003,-29.4,-10.35,-36.0,128.0
1787131155.3556669,-3.843,0.175,8.921,-0.016,0.015,0.003,-29.7,-9.15,-35.25,128.0
1787131155.3556788,-3.859,0.206,8.933,-0.014,0.016,-0.001,-29.4,-10.05,-36.3,125.0
1787131155.5605123,-3.857,0.232,8.954,-0.019,0.016,-0.001,-29.7,-10.35,-34.95,167.0
1787131155.5605373,-3.838,0.206,8.909,-0.024,0.024,-0.001,-28.65,-9.6,-36.0,167.0
1787131155.5605493,-3.97,0.127,8.985,-0.023,0.018,-0.001,-29.4,-8.4,-36.0,140.0
1787131155.7656577,-3.855,0.199,8.871,-0.035,-0.002,-0.011,-29.55,-10.2,-36.6,117.0
1787131155.7656827,-3.838,0.182,8.952,-0.031,0.006,-0.017,-29.4,-9.15,-36.75,110.0
1787131155.7656944,-3.862,0.144,9.007,-0.03,0.002,-0.015,-29.55,-10.2,-35.85,110.0
1787131155.970113,-3.898,0.17,8.988,0.007,0.007,0.004,-29.25,-10.2,-34.65,105.0
1787131155.9701383,-3.845,0.251,8.933,-0.002,0.006,0.002,-29.55,-9.0,-35.4,105.0
1787131155.97015,-3.97,0.206,8.945,-0.01,0.013,0.001,-27.75,-9.75,-36.6,157.0
1787131156.1745865,-3.843,0.132,8.964,-0.028,0.023,-0.004,-28.5,-9.75,-35.1,135.0
1787131156.174612,-3.915,0.146,9.012,-0.016,0.015,0.002,-29.55,-10.2,-36.15,135.0
1787131156.1746233,-3.838,0.201,8.978,-0.018,0.017,0.001,-28.2,-9.6,-34.95,135.0
1787131156.3795817,-3.847,0.18,8.916,-0.014,0.002,-0.005,-28.2,-8.1,-35.25,142.0
1787131156.379607,-3.833,0.117,8.926,-0.024,0.009,-0.005,-29.25,-9.45,-35.1,142.0
1787131156.5851753,-3.929,0.218,8.966,-0.02,0.019,0.004,-30.3,-8.7,-36.15,161.0
1787131156.5852108,-3.764,0.268,8.918,-0.016,0.009,-0.002,-28.2,-9.15,-36.0,161.0
1787131156.5852177,-3.922,0.271,8.933,-0.021,0.021,-0.005,-30.3,-10.2,-35.1,161.0
1787131156.789677,-3.768,0.177,8.89,-0.017,0.019,-0.009,-28.95,-9.6,-36.0,201.0
1787131156.789705,-3.867,0.225,8.973,-0.011,0.019,-0.007,-29.55,-7.8,-35.85,201.0
1787131156.789716,-3.895,0.18,8.966,-0.025,0.016,-0.002,-28.2,-8.85,-36.3,201.0
1787131156.9941363,-3.953,0.297,8.887,-0.009,0.009,-0.003,-28.8,-10.5,-34.65,153.0
1787131156.9941614,-3.757,0.309,8.887,-0.028,0.021,-0.014,-28.95,-8.4,-35.25,153.0
1787131156.9941733,-3.998,0.292,8.909,-0.03,0.013,-0.012,-28.5,-8.7,-36.15,153.0
1787131157.19928,-3.926,0.182,8.95,-0.012,0.01,0.0,-29.4,-11.55,-35.55,117.0
1787131157.1993098,-3.886,0.218,8.918,-0.02,0.006,-0.004,-28.65,-10.8,-33.75,117.0
1787131157.1993215,-3.912,0.192,8.961,-0.019,0.006,-0.002,-27.9,-10.35,-35.25,117.0
1787131157.403634,-3.881,0.16,9.005,-0.011,0.012,0.006,-29.4,-9.6,-36.0,140.0
1787131157.4036598,-3.833,0.129,8.969,-0.015,0.019,0.011,-27.75,-10.2,-35.4,124.0
1787131157.4036713,-3.869,0.239,8.935,-0.015,0.028,0.009,-29.4,-8.85,-35.25,124.0
1787131157.6083066,-3.847,0.175,8.914,-0.013,0.022,0.002,-29.85,-8.7,-34.65,147.0
1787131157.6083314,-4.005,0.206,8.99,-0.019,0.026,0.0,-29.7,-9.15,-35.55,120.0
1787131157.6083431,-3.998,0.218,8.904,-0.015,0.012,-0.004,-28.65,-8.85,-35.55,120.0
1787131157.8138845,-3.941,0.211,8.93,-0.013,0.01,-0.006,-29.7,-8.4,-33.75,145.0
1787131157.813911,-3.864,0.213,8.923,-0.017,0.015,-0.001,-30.15,-9.6,-34.2,125.0
1787131157.8139236,-3.912,0.177,8.916,-0.023,0.013,-0.007,-30.3,-9.75,-35.1,125.0
1787131158.018181,-3.929,0.165,8.981,-0.015,0.015,-0.005,-28.95,-10.05,-36.3,115.0
1787131158.0182064,-3.912,0.146,8.964,-0.019,0.005,-0.004,-28.95,-8.4,-35.55,119.0
1787131158.222726,-3.9,0.23,8.921,-0.017,0.016,-0.001,-29.55,-8.25,-36.15,154.0
1787131158.2227526,-3.941,0.211,8.933,-0.023,0.015,-0.005,-29.55,-8.7,-34.65,154.0
1787131158.2227645,-3.929,0.199,8.914,-0.018,0.013,0.001,-27.0,-9.75,-34.35,154.0
1787131158.4277024,-3.986,0.069,8.952,-0.001,-0.009,-0.007,-26.55,-9.45,-36.15,187.0
1787131158.4277277,-3.874,0.105,8.947,0.001,-0.012,0.002,-30.15,-10.35,-36.0,187.0
1787131158.427739,-3.857,0.156,8.899,0.003,-0.01,-0.002,-29.7,-10.05,-35.55,187.0
1787131158.6327522,-3.871,0.223,8.894,-0.021,0.014,0.001,-28.95,-8.85,-34.5,114.0
1787131158.632778,-3.931,0.192,8.928,-0.024,0.014,-0.005,-28.65,-10.05,-35.25,114.0
1787131158.6327896,-3.958,0.177,8.952,-0.026,0.014,-0.004,-28.95,-8.1,-35.55,114.0
1787131158.8378067,-3.876,0.223,8.914,-0.025,0.014,-0.003,-29.55,-8.7,-34.65,123.0
1787131158.8378327,-3.943,0.177,8.94,-0.021,0.02,-0.007,-29.7,-9.6,-36.75,123.0
1787131158.8378437,-3.891,0.141,8.928,-0.016,0.01,-0.005,-28.65,-11.55,-34.95,123.0
1787131159.0419881,-3.946,0.146,8.966,-0.014,0.006,-0.003,-29.85,-9.75,-36.15,116.0
1787131159.0421727,-3.881,0.124,8.887,-0.016,0.012,-0.002,-28.95,-11.1,-34.95,116.0
1787131159.042199,-3.929,0.139,8.94,-0.011,0.01,-0.001,-28.2,-10.35,-35.55,116.0
1787131159.2476215,-3.922,0.115,8.914,-0.012,0.007,-0.006,-27.75,-9.45,-34.65,147.0
1787131159.2476475,-3.881,0.153,8.957,-0.017,0.004,-0.002,-28.65,-8.4,-36.75,147.0
1787131159.247659,-3.95,0.177,8.935,-0.009,0.004,0.0,-29.85,-8.7,-34.65,147.0
1787131159.4506118,-3.847,0.148,8.964,-0.019,0.016,-0.003,-27.75,-8.7,-34.35,125.0
1787131159.450638,-3.924,0.165,8.894,-0.026,0.017,-0.004,-29.55,-9.0,-34.65,125.0
1787131159.450651,-3.905,0.192,8.957,-0.022,0.015,-0.004,-27.9,-9.6,-36.0,125.0
1787131159.6544223,-3.982,0.11,8.938,-0.04,0.019,-0.014,-27.3,-8.25,-36.9,127.0
1787131159.8571553,-3.97,0.254,8.957,-0.015,0.01,0.013,-29.4,-10.35,-34.2,94.0
1787131159.8619924,-3.936,0.223,8.952,-0.019,0.008,0.009,-30.3,-9.45,-36.9,94.0
1787131159.8620164,-4.058,0.194,8.93,-0.014,0.013,0.003,-28.05,-9.75,-35.4,94.0
1787131160.0720491,-3.881,0.093,8.964,0.0,-0.008,0.007,-28.95,-9.6,-34.5,94.0
1787131160.0720737,-3.946,0.18,8.964,0.007,-0.019,0.005,-28.95,-10.05,-34.2,94.0
1787131160.0720851,-4.025,0.275,8.882,0.006,-0.018,-0.01,-28.5,-9.45,-35.1,94.0
1787131160.270792,-3.876,0.065,8.966,-0.019,0.016,-0.004,-29.4,-8.1,-36.3,136.0
1787131160.2708192,-3.917,0.057,8.938,-0.006,0.009,-0.008,-29.4,-10.05,-35.25,136.0
1787131160.270832,-3.912,0.144,9.052,-0.007,0.001,-0.003,-27.15,-10.8,-36.0,136.0
1787131160.475622,-3.828,0.177,8.959,-0.014,0.013,-0.011,-29.4,-10.05,-36.3,130.0
1787131160.4757,-3.895,0.196,8.94,-0.019,0.015,-0.005,-29.7,-8.4,-36.3,130.0
1787131160.4757123,-3.903,0.175,8.952,-0.015,0.01,-0.004,-28.5,-8.7,-34.65,130.0
1787131160.6802886,-3.831,0.139,8.961,-0.012,0.02,-0.001,-28.8,-10.2,-35.85,139.0
1787131160.6803136,-3.871,0.182,8.981,-0.021,0.024,0.002,-28.8,-10.2,-35.85,139.0
1787131160.680325,-3.869,0.22,8.928,-0.021,0.029,0.0,-28.65,-9.15,-36.3,139.0
1787131160.885182,-3.97,0.158,8.973,-0.025,0.02,-0.002,-28.2,-9.15,-36.0,164.0
1787131160.8852062,-3.876,0.168,8.909,-0.026,0.016,-0.002,-28.5,-11.7,-35.1,164.0
1787131160.885218,-3.847,0.117,8.882,-0.028,0.021,0.003,-29.7,-10.05,-35.25,164.0
1787131161.089902,-3.912,0.151,8.933,-0.034,0.026,0.003,-27.9,-11.1,-36.3,99.0
1787131161.0899265,-4.046,0.158,8.952,-0.029,0.019,0.004,-28.65,-8.1,-34.95,99.0
1787131161.0899377,-3.915,0.136,8.911,-0.035,0.012,0.0,-28.05,-9.0,-35.4,99.0
1787131161.294375,-3.893,0.127,8.933,-0.013,-0.009,-0.013,-28.95,-10.05,-35.25,98.0
1787131161.2943995,-3.8,0.16,8.957,-0.018,0.015,-0.012,-29.85,-10.5,-36.15,98.0
1787131161.5013282,-3.864,-0.06,8.844,-0.107,0.139,-0.003,-27.45,-10.35,-35.25,105.0
1787131161.5013516,-3.967,-0.156,8.911,-0.112,0.114,0.013,-27.9,-11.85,-34.5,77.0
1787131161.501363,-4.025,-0.283,8.947,-0.102,0.105,0.009,-28.8,-9.45,-36.9,77.0
1787131161.704438,-4.274,0.034,8.59,-0.107,0.126,0.055,-26.7,-13.5,-36.0,79.0
1787131161.704462,-4.369,-0.347,8.763,-0.101,0.129,0.038,-28.2,-12.3,-35.25,48.0
1787131161.704474,-4.195,-0.503,8.95,-0.063,0.161,0.069,-27.15,-12.75,-34.5,48.0
1787131161.9091246,-5.804,0.637,9.031,0.204,0.145,0.135,-27.75,-10.2,-34.65,71.0
1787131161.9091485,-5.04,-0.158,9.744,0.281,0.135,0.056,-28.8,-10.5,-33.3,100.0
1787131161.90916,-5.806,0.505,9.38,0.373,-0.023,0.163,-26.7,-10.8,-34.5,100.0
1787131162.113935,-1.961,1.693,9.385,0.444,-0.284,-0.095,-32.4,-7.2,-34.2,136.0
1787131162.1139588,-1.824,1.487,9.052,0.437,-0.022,-0.221,-31.95,-5.7,-33.75,86.0
1787131162.1139705,-1.068,1.046,9.843,0.57,0.279,-0.325,-33.3,-6.3,-32.85,86.0
1787131162.3187068,-4.19,2.634,9.395,1.09,0.19,0.506,-33.9,-2.7,-31.2,79.0
1787131162.3187306,-4.228,2.705,9.378,0.996,-0.221,0.498,-32.7,-3.0,-31.2,79.0
1787131162.318742,-3.778,2.993,9.364,0.768,-0.431,0.448,-34.05,-1.65,-28.05,139.0
1787131162.5234907,-4.104,5.413,7.745,0.252,0.824,0.093,-31.05,-2.4,-28.05,240.0
1787131162.523514,-3.96,5.157,7.731,0.212,0.734,0.079,-29.7,-1.5,-28.95,240.0
1787131162.5235257,-4.578,5.248,7.666,0.309,0.598,0.122,-29.85,-2.85,-28.8,240.0
1787131162.7283463,-5.033,4.944,7.101,0.891,-0.02,0.028,-26.25,-1.65,-28.05,328.0
1787131162.7283711,-4.707,4.877,7.333,0.976,0.036,0.029,-26.4,-1.8,-28.65,328.0
1787131162.728383,-5.341,5.559,6.91,0.963,0.067,0.016,-26.25,0.15,-28.05,328.0
1787131162.9328043,-4.58,5.382,3.452,1.144,0.215,-0.473,-21.3,2.1,-26.55,353.0
1787131163.1381555,-3.515,5.636,3.824,0.782,-0.02,1.133,-17.25,15.15,-22.2,443.0
1787131163.1381795,-2.897,5.765,3.962,0.75,0.146,1.395,-17.7,16.35,-24.45,443.0
1787131163.3430843,-2.385,9.165,1.923,-0.178,2.001,1.657,-13.2,16.8,-21.75,507.0
1787131163.343108,-2.009,9.79,1.025,-0.222,2.338,1.577,-12.15,15.0,-21.3,507.0
1787131163.3431194,-1.544,10.388,0.989,-0.241,2.702,1.606,-7.05,15.0,-21.6,507.0
1787131163.547578,-4.252,11.272,3.227,0.882,0.497,0.986,10.2,24.15,-25.8,81.0
1787131163.5476024,-4.542,11.466,3.074,0.68,-0.204,0.763,11.85,23.85,-26.85,81.0
1787131163.5476139,-3.967,10.956,2.959,0.463,-0.713,0.451,11.1,25.05,-26.85,81.0
1787131163.752245,0.053,9.002,1.87,0.087,0.552,-0.234,9.6,27.0,-28.2,190.0
1787131163.7522686,-0.199,9.215,1.635,0.027,0.479,-0.204,8.7,28.8,-28.05,190.0
1787131163.7522798,0.072,8.859,1.638,0.04,0.372,-0.276,10.2,28.35,-27.3,190.0
1787131163.9551632,-0.249,9.34,1.69,0.101,-0.57,0.384,9.6,29.25,-28.65,218.0
1787131163.9585402,-0.22,9.512,1.492,0.121,-0.437,0.372,8.7,30.3,-27.75,218.0
1787131164.162025,-0.558,9.943,1.302,0.022,0.337,-0.342,9.6,29.7,-27.45,211.0
1787131164.1620498,-0.132,10.029,1.386,-0.072,0.461,-0.446,9.3,29.25,-28.65,211.0
1787131164.1620567,0.156,9.881,1.226,-0.181,0.589,-0.538,9.0,30.3,-28.05,211.0
1787131164.3672068,-0.45,10.156,0.369,-0.152,0.51,0.135,16.35,26.55,-31.95,156.0
1787131164.3672307,-0.56,9.804,0.117,-0.17,0.444,0.198,16.95,26.1,-31.05,156.0
1787131164.3672426,-0.498,9.292,-0.026,-0.176,0.48,0.191,15.75,27.6,-29.85,157.0
1787131164.5695736,-1.415,9.093,0.055,-0.097,0.357,0.075,22.05,26.1,-33.3,174.0
1787131164.7762713,-0.965,9.074,0.024,-0.129,0.656,0.053,21.3,26.4,-35.4,179.0
1787131164.7762957,-1.144,9.064,-0.158,-0.134,0.864,0.057,22.5,26.4,-35.1,179.0
1787131164.7763069,-1.274,9.076,-0.249,-0.11,0.935,0.075,23.85,25.05,-35.55,179.0
1787131164.981131,-1.425,9.048,-0.247,-0.067,0.934,0.084,23.55,26.4,-36.15,179.0
1787131164.9811544,-1.824,9.074,-0.335,-0.041,0.844,0.101,23.85,24.3,-36.75,149.0
1787131164.9811656,-1.733,9.361,-0.39,-0.043,0.726,0.143,25.8,25.2,-38.4,149.0
1787131165.1859567,-1.41,9.531,0.62,0.07,0.295,0.303,33.9,28.5,-53.7,150.0
1787131165.1860712,-1.279,9.618,0.565,0.047,0.268,0.302,34.65,29.25,-54.45,150.0
1787131165.1861014,-1.331,9.543,0.594,0.016,0.282,0.316,33.3,30.6,-55.35,150.0
1787131165.3981316,-1.578,9.649,0.702,-0.175,0.11,-0.085,35.85,29.85,-57.15,139.0
1787131165.3981564,-1.47,9.622,0.613,-0.197,0.021,-0.11,33.9,30.45,-58.5,139.0
1787131165.3981678,-1.271,9.488,0.613,-0.208,-0.02,-0.139,33.15,28.2,-57.75,139.0
1787131165.5955577,-0.579,9.079,0.464,-0.092,0.304,-0.225,34.2,28.2,-57.75,127.0
1787131165.5955803,-0.596,9.029,0.512,-0.06,0.269,-0.184,34.8,27.6,-57.15,127.0
1787131165.5955918,-0.524,8.995,0.725,-0.03,0.199,-0.129,34.05,27.6,-58.95,127.0
1787131165.806381,-0.515,9.347,1.41,-0.009,0.333,0.192,33.9,28.95,-59.55,105.0
1787131165.806405,-0.697,9.414,1.453,0.02,0.31,0.186,35.85,30.3,-58.95,163.0
1787131165.8064167,-0.941,9.498,1.322,0.022,0.232,0.176,35.4,28.5,-58.8,163.0
1787131166.0060723,-0.673,9.409,0.95,-0.104,0.217,-0.031,33.45,30.45,-59.55,208.0
1787131166.0060968,-0.8,9.498,0.917,-0.097,0.254,-0.046,34.2,28.2,-61.35,208.0
1787131166.006108,-0.788,9.529,0.833,-0.095,0.274,-0.062,35.55,28.8,-58.95,208.0
1787131166.2079594,-1.03,9.196,1.068,0.062,-0.039,0.007,33.9,29.7,-62.55,209.0
1787131166.4149144,-0.898,9.143,0.491,-0.004,0.366,-0.134,36.0,27.75,-63.15,284.0
1787131166.4149432,-0.979,9.167,0.589,0.023,0.278,-0.092,35.4,28.5,-63.15,284.0
1787131166.4149556,-0.912,9.345,0.589,0.003,0.235,-0.082,36.3,29.1,-63.45,284.0
1787131166.6195087,-0.723,9.498,0.634,-0.038,0.559,-0.109,37.95,28.2,-68.7,595.0
1787131166.619531,-0.632,9.392,0.599,-0.032,0.56,-0.076,37.2,27.45,-67.65,595.0
1787131166.6195424,-0.697,9.388,0.563,-0.035,0.548,-0.03,36.75,26.55,-67.2,595.0
1787131166.8249462,-1.147,9.493,0.326,-0.023,0.528,0.248,38.1,27.9,-71.85,1173.0
1787131166.8249707,-1.257,9.354,0.235,-0.02,0.535,0.231,37.8,29.85,-72.9,1173.0
1787131166.824982,-1.293,9.323,0.244,-0.02,0.52,0.186,36.75,28.2,-72.75,1173.0
1787131167.0294,-1.302,9.199,0.249,0.004,0.493,0.128,37.35,29.85,-74.1,1173.0
1787131167.0294244,-1.355,9.187,0.048,-0.013,0.495,0.072,36.75,30.15,-73.5,1173.0
1787131167.0294359,-1.341,9.062,0.041,-0.053,0.496,0.0,36.0,30.15,-76.05,1173.0
1787131167.233958,-2.215,9.5,-0.218,0.351,0.457,0.368,35.1,29.55,-84.3,178.0
1787131167.2339823,-2.186,9.529,-0.115,0.338,0.255,0.409,34.65,30.45,-86.1,178.0
1787131167.2339935,-2.162,9.56,-0.041,0.318,0.129,0.451,35.1,31.5,-86.25,178.0
1787131167.4386945,-1.556,9.869,-0.163,0.071,0.797,0.069,32.85,33.45,-88.35,218.0
1787131167.4387195,-1.547,9.725,-0.057,0.046,0.826,0.033,33.3,34.2,-91.05,218.0
1787131167.4387307,-1.465,9.651,0.038,0.019,0.807,0.001,32.1,32.25,-90.6,218.0
1787131167.6437058,-0.476,10.264,-0.165,-0.487,0.744,-0.086,31.8,33.0,-93.6,266.0
1787131167.64373,-0.484,10.549,-0.251,-0.506,0.884,-0.067,32.4,34.8,-94.5,266.0
1787131167.6437411,-0.687,10.362,-0.177,-0.453,0.952,-0.056,29.55,33.45,-96.9,266.0
1787131167.8480797,-0.907,8.827,0.493,-0.327,0.439,-0.184,28.05,34.95,-99.15,230.0
1787131167.848104,-0.139,9.414,0.299,-0.338,0.278,-0.01,27.15,34.35,-99.3,230.0
1787131168.0535777,-0.498,9.242,0.771,-0.07,0.215,0.274,24.0,36.45,-100.95,188.0
1787131168.053602,-0.599,9.282,0.804,-0.057,0.162,0.3,25.8,36.9,-101.25,188.0
1787131168.0536144,-0.524,9.258,0.821,-0.04,0.142,0.295,24.9,37.05,-102.9,198.0
1787131168.2580001,-0.397,9.39,1.307,-0.087,0.126,0.076,23.55,38.4,-103.5,195.0
1787131168.2580247,-0.385,9.431,1.362,-0.119,0.147,0.046,24.3,38.4,-102.0,195.0
1787131168.258036,-0.407,9.361,1.41,-0.154,0.168,0.045,24.15,38.25,-103.35,195.0
1787131168.4629822,0.045,9.385,1.202,-0.233,0.16,-0.045,21.9,39.0,-103.35,213.0
1787131168.4630065,0.077,9.254,1.247,-0.205,0.193,-0.042,22.05,39.6,-102.45,212.0
1787131168.4630175,0.156,9.122,1.269,-0.159,0.211,-0.048,24.3,37.95,-102.45,212.0
1787131168.6675093,0.074,8.863,1.647,0.007,0.254,0.076,21.6,40.2,-103.35,161.0
1787131168.6675332,-0.18,8.746,1.693,0.028,0.273,0.11,20.4,40.2,-103.65,172.0
1787131168.6675444,-0.215,8.827,1.623,0.055,0.26,0.142,23.1,39.75,-102.6,172.0
1787131168.8722997,-0.532,8.787,1.561,0.185,-0.199,0.055,21.15,41.25,-102.9,155.0
1787131168.8723254,-0.18,8.763,1.669,0.235,-0.015,0.011,22.65,40.2,-102.15,155.0
1787131168.8723373,-0.383,8.595,1.741,0.287,0.16,-0.036,19.5,41.1,-104.55,170.0
1787131169.077268,-0.723,8.916,2.15,0.501,-0.136,0.032,21.75,37.65,-106.05,169.0
1787131169.0772913,-0.735,9.007,2.162,0.455,-0.171,0.02,20.1,37.05,-107.4,169.0
1787131169.0773025,-0.646,9.084,2.136,0.38,-0.147,-0.017,20.25,37.95,-106.5,169.0
1787131169.2820277,-0.28,11.135,1.355,0.019,0.099,-0.219,21.3,35.7,-107.85,171.0
1787131169.2820516,0.247,12.936,0.783,-0.102,0.349,-0.217,22.05,35.25,-106.8,171.0
1787131169.2820628,-0.019,13.683,0.67,-0.146,0.551,-0.16,19.65,34.8,-106.65,171.0
1787131169.4850028,-0.285,9.045,-0.63,-0.731,-0.024,-1.423,20.55,34.5,-107.25,139.0
1787131169.6915648,-1.01,9.309,-1.25,0.229,0.56,0.684,20.85,37.8,-105.9,98.0
1787131169.691588,-1.267,9.529,-1.041,0.381,0.719,0.633,20.55,39.15,-107.85,98.0
1787131169.6915996,-1.499,9.756,-0.752,0.474,0.73,0.574,19.05,41.1,-106.8,98.0
1787131169.8964682,-1.135,9.656,0.565,0.4,0.283,0.394,17.85,38.25,-109.65,110.0
1787131169.8964918,-1.085,9.603,0.642,0.368,0.327,0.353,17.25,39.15,-110.1,110.0
1787131169.8965027,-1.068,9.857,0.644,0.294,0.361,0.327,16.2,39.15,-110.85,110.0
1787131170.1026495,-1.006,9.495,0.752,-0.229,0.897,0.068,12.9,39.3,-113.25,138.0
1787131170.102673,-1.02,9.34,0.678,-0.275,0.979,0.065,12.6,37.8,-113.25,138.0
1787131170.102685,-0.979,9.426,0.632,-0.321,1.025,0.055,10.2,40.35,-114.15,138.0
1787131170.305848,-1.822,9.222,0.318,-0.014,0.695,-0.145,4.35,42.9,-115.5,225.0
1787131170.3058789,-1.492,9.392,0.603,-0.075,0.589,-0.369,2.7,42.6,-115.65,225.0
1787131170.3058918,-1.659,9.103,1.125,-0.183,0.433,-0.471,3.15,43.05,-116.7,225.0
1787131170.5112307,0.227,9.646,0.692,-0.186,0.606,0.009,1.65,45.0,-114.15,110.0
1787131170.5112545,-0.101,9.74,0.646,-0.193,0.664,-0.109,1.95,44.55,-113.4,110.0
1787131170.5112662,-0.144,9.639,0.73,-0.251,0.57,-0.247,0.3,44.85,-114.75,110.0
1787131170.7154195,0.409,9.347,1.317,-0.198,0.429,-0.048,-1.65,45.3,-113.85,148.0
1787131170.7154443,0.457,9.622,1.259,-0.195,0.259,0.003,-1.35,45.6,-113.25,148.0
1787131170.7154596,0.469,9.517,1.405,-0.157,0.179,0.037,-1.65,45.3,-112.65,103.0
1787131170.9211566,0.462,8.679,1.724,0.078,0.271,0.123,-3.15,45.75,-111.9,103.0
1787131170.9211814,0.316,8.425,1.683,0.093,0.358,0.156,-2.4,45.0,-112.65,103.0
1787131170.9211924,0.211,8.155,1.654,0.119,0.426,0.205,-2.4,45.75,-113.1,130.0
1787131171.1231222,-0.807,9.282,1.87,0.345,0.007,-0.064,-7.2,40.65,-117.15,226.0
1787131171.3300998,-0.912,9.361,0.611,-0.238,0.455,-0.747,-7.2,43.5,-116.7,346.0
1787131171.3301241,-0.687,9.282,0.543,-0.284,0.417,-0.722,-10.35,41.7,-153.45,346.0
1787131171.3301356,-0.692,9.218,0.491,-0.236,0.385,-0.681,-9.75,43.05,-115.65,346.0
1787131171.5349734,-0.347,10.388,-0.469,-0.396,-0.592,-0.215,-6.0,46.2,-113.4,212.0
1787131171.5349996,-0.005,10.432,-0.747,-0.467,-0.425,-0.176,-7.05,47.85,-114.0,212.0
1787131171.5350106,0.038,10.412,-0.984,-0.494,-0.179,-0.16,-5.4,47.7,-113.4,212.0
1787131171.739754,-0.373,8.945,-0.405,-0.2,1.016,0.166,-7.05,49.8,-110.25,291.0
1787131171.7397783,-0.491,9.017,-0.529,-0.208,1.085,0.286,-10.2,48.45,-110.85,291.0
1787131171.7397897,-0.603,9.072,-0.673,-0.169,1.173,0.395,-9.6,50.25,-110.7,291.0
1787131171.944463,-1.724,9.807,-0.089,0.109,0.941,0.673,-19.35,48.3,-112.2,126.0
1787131171.9444876,-1.532,9.876,0.026,0.09,0.9,0.682,-21.15,49.8,-110.25,126.0
1787131171.9444995,-1.377,9.756,0.074,0.085,0.932,0.68,-21.0,48.45,-111.3,126.0
1787131172.1493134,-1.561,9.673,0.546,-0.114,1.29,0.564,-30.3,46.5,-108.3,292.0
1787131172.149338,-1.554,10.013,0.527,-0.201,1.267,0.527,-31.05,45.3,-104.25,292.0
1787131172.1493495,-1.391,10.398,0.235,-0.322,1.348,0.473,-32.4,43.2,-105.9,292.0
1787131172.3538957,-1.573,8.969,0.771,-0.132,1.558,-0.249,-39.45,44.85,-97.8,292.0
1787131172.3539164,-1.358,9.069,0.97,-0.264,1.368,-0.264,-41.25,44.85,-96.0,292.0
1787131172.3539226,-1.188,9.033,1.094,-0.365,1.124,-0.222,-40.35,45.0,-95.4,292.0
1787131172.5588799,-0.587,9.258,1.051,-0.192,1.427,-0.088,-44.4,46.2,-84.3,184.0
1787131172.558903,-0.527,9.431,1.374,-0.209,1.151,-0.056,-45.6,46.5,-84.0,184.0
1787131172.5589156,-0.601,9.606,1.638,-0.221,0.832,-0.035,-45.9,46.95,-82.5,184.0
1787131172.7633088,-0.362,8.464,1.966,0.134,1.557,-0.004,-47.25,44.85,-78.0,285.0
1787131172.968641,-1.475,9.117,2.229,0.006,0.835,-0.15,-47.4,43.05,-67.5,285.0
1787131172.9686658,-1.645,9.232,2.205,0.02,0.766,-0.196,-47.4,43.05,-67.05,285.0
1787131172.9686773,-1.669,9.256,2.217,0.015,0.656,-0.233,-48.9,42.6,-67.5,285.0
1787131173.1732585,-1.595,9.917,1.714,0.027,0.14,-0.033,-48.15,43.8,-63.0,285.0
1787131173.1732833,-1.451,9.823,1.405,0.006,0.022,-0.051,-47.7,41.7,-63.15,285.0
1787131173.1732945,-1.015,9.689,1.393,-0.014,-0.015,-0.062,-48.15,43.5,-63.0,285.0
1787131173.3780096,-1.659,9.11,0.369,0.001,0.355,-0.013,-47.7,43.2,-61.8,820.0
1787131173.3780339,-1.516,9.002,0.33,0.004,0.344,-0.047,-48.15,45.0,-63.0,820.0
1787131173.3780456,-1.415,8.923,0.247,-0.017,0.361,-0.053,-48.15,43.8,-61.95,795.0
1787131173.5831175,-1.525,8.988,0.177,-0.049,0.36,-0.029,-48.0,42.9,-61.8,795.0
1787131173.5831587,-1.384,9.11,0.089,-0.097,0.375,-0.009,-48.9,43.05,-61.95,795.0
1787131173.583167,-1.484,9.359,-0.05,-0.154,0.387,0.007,-48.6,41.85,-59.7,795.0
1787131173.7874568,-1.674,9.349,0.287,0.032,0.648,0.141,-46.5,40.5,-52.95,295.0
1787131173.7874804,-1.659,9.388,0.369,0.053,0.709,0.158,-47.1,41.1,-52.05,295.0
1787131173.7874913,-1.863,9.455,0.364,0.062,0.751,0.165,-45.9,41.55,-51.6,1051.0
1787131173.9924903,-2.2,9.534,0.759,-0.002,0.701,0.101,-45.6,39.9,-48.0,359.0
1787131173.992513,-2.167,9.419,0.737,-0.016,0.7,0.122,-44.25,42.15,-45.9,359.0
1787131173.9925241,-2.028,9.34,0.769,-0.041,0.711,0.157,-45.0,39.75,-45.9,359.0
1787131174.1977699,-1.966,9.064,0.347,-0.101,0.976,0.245,-41.85,37.95,-40.65,541.0
1787131174.1977942,-2.081,9.072,0.34,-0.087,0.917,0.242,-40.95,38.55,-40.05,541.0
1787131174.1978054,-2.164,9.254,0.397,-0.073,0.826,0.256,-41.25,38.55,-40.35,541.0
1787131174.4001164,-1.958,9.606,0.74,-0.226,0.659,0.056,-38.25,35.55,-36.75,299.0
1787131174.6068852,-0.376,8.588,0.936,-0.252,0.662,0.019,-31.95,34.8,-30.15,298.0
1787131174.6069095,-0.249,8.899,0.848,-0.198,0.474,0.294,-31.35,35.25,-30.6,280.0
1787131174.606921,-0.105,9.34,0.699,-0.203,0.455,0.431,-31.65,33.15,-29.4,280.0
1787131174.8120887,-0.725,9.503,0.668,-0.164,0.397,0.119,-26.55,32.55,-28.5,374.0
1787131174.8121126,-0.378,9.445,0.709,-0.161,0.323,0.119,-27.0,31.8,-27.3,355.0
1787131174.812124,-0.271,9.371,0.737,-0.181,0.321,0.119,-27.0,29.85,-27.0,355.0
1787131175.0224638,0.113,9.555,1.116,-0.215,0.842,-0.045,-22.8,28.8,-26.55,358.0
1787131175.0224886,0.034,9.56,1.104,-0.194,0.832,-0.021,-21.15,29.25,-24.15,181.0
1787131175.0225005,0.026,9.268,1.279,-0.161,0.777,0.005,-22.05,29.55,-25.8,181.0
1787131175.2213793,-0.316,9.177,1.707,0.057,-0.103,0.267,-20.25,28.8,-25.2,168.0
1787131175.2214034,-0.271,9.232,1.678,0.031,-0.056,0.271,-21.0,30.3,-25.8,214.0
1787131175.2214146,-0.383,9.251,1.674,0.039,0.054,0.219,-20.25,29.85,-25.2,214.0
1787131175.4261842,-0.199,8.842,1.645,-0.012,0.165,-0.152,-20.85,28.95,-24.6,209.0
1787131175.4262092,-0.127,8.667,1.64,0.009,0.171,-0.141,-18.75,28.8,-23.7,175.0
1787131175.4262207,-0.18,8.914,1.614,0.042,0.185,-0.107,-19.35,29.25,-24.15,175.0
1787131175.6317263,-0.608,9.96,1.484,0.081,0.038,-0.003,-17.7,29.1,-24.45,143.0
1787131175.6317506,-0.606,10.001,1.472,0.069,0.022,-0.02,-18.6,29.7,-24.6,143.0
1787131175.631762,-0.725,9.831,1.439,0.047,-0.028,-0.04,-18.9,28.5,-24.9,143.0
1787131175.8355663,-0.362,9.764,0.654,-0.323,0.239,-0.168,-18.6,26.55,-22.05,89.0
1787131176.038412,-0.733,8.985,0.366,-0.15,0.264,0.129,-15.45,22.95,-21.15,94.0
1787131176.2512677,-1.592,8.71,0.845,0.203,0.19,0.077,-14.4,23.1,-20.1,369.0
1787131176.2512963,-1.894,8.71,0.848,0.253,0.111,0.078,-13.5,22.5,-20.7,369.0
1787131176.2513075,-2.028,8.72,0.824,0.3,-0.004,0.065,-13.65,23.1,-19.5,369.0
1787131176.4500482,-2.179,9.309,0.852,0.414,-0.682,-0.002,-16.2,27.15,-19.65,183.0
1787131176.4500725,-2.081,9.493,0.862,0.404,-0.71,0.002,-17.7,27.9,-20.4,183.0
1787131176.4500837,-2.119,9.586,0.819,0.39,-0.747,0.0,-18.9,28.5,-22.8,183.0
1787131176.655929,-1.714,10.113,0.333,0.009,-0.84,-0.152,-25.05,30.3,-25.5,277.0
1787131176.6559534,-1.827,10.161,0.259,-0.029,-0.873,-0.162,-25.95,31.2,-24.9,277.0
1787131176.6559649,-1.856,10.144,0.12,-0.07,-0.939,-0.176,-27.0,29.85,-24.0,277.0
1787131176.8606303,-1.037,9.558,-0.196,-0.318,-0.71,-0.144,-32.85,31.8,-30.6,258.0
1787131176.8606544,-0.891,9.656,-0.12,-0.346,-0.593,-0.125,-34.2,31.2,-29.7,258.0
1787131176.860666,-0.905,9.665,-0.22,-0.391,-0.459,-0.116,-34.35,31.05,-29.85,258.0
1787131177.0653174,-1.341,8.662,0.117,-0.008,0.139,-0.197,-32.85,30.6,-29.85,168.0
1787131177.0653415,-0.977,8.468,0.321,0.058,0.076,-0.253,-34.8,30.3,-32.1,168.0
1787131177.0653532,-1.001,8.66,0.529,0.077,0.003,-0.276,-34.05,30.6,-30.3,168.0
1787131177.2692103,-0.002,9.433,1.587,-0.034,-0.536,-0.005,-36.45,31.95,-33.75,313.0
1787131177.2692354,-0.084,9.476,1.563,-0.087,-0.35,-0.067,-35.4,32.85,-35.25,313.0
1787131177.2692475,-0.206,9.498,1.611,-0.136,-0.183,-0.117,-36.6,31.8,-36.15,313.0
1787131177.4742138,-0.354,9.45,1.721,-0.009,-0.483,-0.095,-36.6,32.55,-35.85,286.0
1787131177.4742384,-0.108,9.17,1.755,0.017,-0.483,-0.098,-38.85,33.45,-36.9,286.0
1787131177.4742494,-0.108,9.036,1.616,0.019,-0.448,-0.119,-37.8,33.45,-36.9,286.0
1787131177.6801221,-0.256,9.081,1.47,0.183,-0.32,0.125,-39.6,35.25,-39.9,286.0
1787131177.680147,-0.302,9.151,1.508,0.197,-0.24,0.143,-41.1,33.0,-37.95,286.0
1787131177.68016,-0.321,9.148,1.559,0.192,-0.157,0.138,-40.5,34.35,-40.8,286.0
1787131177.883756,-0.934,9.005,1.25,0.349,-0.015,0.235,-41.25,34.35,-41.1,796.0
1787131177.883781,-0.941,9.172,1.216,0.391,-0.093,0.232,-40.95,34.35,-40.8,796.0
1787131177.8837922,-1.049,9.275,1.267,0.372,-0.201,0.222,-42.75,33.9,-40.8,796.0
1787131178.0874562,-1.669,10.767,1.118,0.14,0.054,0.061,-41.85,33.45,-43.2,991.0
1787131178.0874803,-1.702,10.444,1.092,0.178,-0.209,0.009,-42.9,33.75,-42.75,991.0
1787131178.0874915,-1.429,10.075,1.118,0.146,-0.336,-0.109,-43.2,34.8,-42.6,991.0
1787131178.2931974,-1.118,9.112,0.12,0.046,0.123,-0.264,-41.25,35.1,-42.3,896.0
1787131178.2932255,-1.211,9.299,0.247,0.055,-0.078,-0.19,-41.1,36.45,-42.75,896.0
1787131178.2932367,-1.305,9.323,0.297,0.044,-0.294,-0.107,-41.7,36.6,-43.05,896.0
1787131178.498087,-0.965,10.175,-0.742,-0.263,-0.169,0.099,-42.45,35.55,-45.15,737.0
1787131178.4981108,-0.962,9.718,-0.814,-0.23,-0.001,-0.02,-43.65,34.5,-45.0,737.0
1787131178.4981222,-0.943,9.29,-0.675,-0.171,0.146,-0.183,-43.2,36.3,-45.6,737.0
1787131178.703775,-0.405,9.074,-0.828,-0.129,0.459,0.023,-40.5,35.85,-44.1,681.0
1787131178.703799,-0.488,9.041,-0.749,-0.056,0.576,0.128,-41.7,35.55,-41.85,681.0
1787131178.7038102,-0.622,9.206,-0.745,0.045,0.671,0.236,-40.2,35.55,-42.6,681.0
1787131178.9136093,-0.773,9.412,0.232,0.168,0.385,0.579,-39.45,33.6,-39.6,824.0
1787131178.9136333,-0.675,9.483,0.239,0.118,0.512,0.565,-38.1,33.75,-41.25,824.0
1787131178.9136455,-0.553,9.565,0.338,0.06,0.682,0.57,-40.05,34.5,-40.2,824.0
1787131179.1124578,-1.796,10.187,-0.194,-0.113,1.347,0.451,-34.65,27.75,-34.2,615.0
1787131179.1124823,-1.997,9.706,0.019,0.059,1.272,0.309,-33.45,30.9,-32.7,615.0
1787131179.1124935,-2.052,9.309,0.302,0.222,1.119,-0.005,-32.7,29.7,-33.75,615.0
1787131179.3172352,0.426,9.431,0.955,-0.364,0.497,-0.136,-27.9,30.15,-31.2,1034.0
1787131179.5219457,0.347,8.99,1.142,-0.147,0.514,0.211,-17.7,28.35,-24.45,126.0
1787131179.5219748,0.11,8.897,1.209,-0.1,0.476,0.281,-16.2,26.4,-25.5,120.0
1787131179.5219862,0.16,8.894,1.216,-0.047,0.472,0.323,-15.15,27.75,-24.15,120.0
1787131179.7268775,-0.86,8.629,1.736,0.31,0.525,0.486,-13.65,28.95,-24.6,142.0
1787131179.726897,-1.001,8.775,1.702,0.342,0.463,0.517,-13.2,26.85,-24.45,142.0
1787131179.726908,-1.025,8.885,1.779,0.344,0.38,0.54,-11.7,29.55,-24.0,288.0
1787131179.9317043,-1.065,9.5,2.09,0.205,0.026,-0.013,-12.0,31.05,-22.5,590.0
1787131179.9317262,-1.001,9.498,2.095,0.176,0.048,-0.111,-10.95,30.6,-23.7,590.0
1787131179.9317381,-0.994,9.558,2.1,0.141,0.059,-0.186,-11.25,32.25,-25.5,692.0
1787131180.1364968,-1.027,9.732,2.169,0.092,0.02,-0.292,-11.7,33.0,-23.7,692.0
1787131180.1365206,-0.972,9.826,2.116,0.056,-0.043,-0.333,-12.15,31.65,-24.15,692.0
1787131180.1365335,-0.871,10.025,2.066,0.019,-0.092,-0.369,-10.95,31.5,-24.45,692.0
1787131180.3411713,-0.388,9.179,0.469,-0.467,0.201,-0.728,-12.45,26.85,-25.8,246.0
1787131180.341197,-0.441,9.115,0.419,-0.426,0.197,-0.677,-12.6,27.75,-26.1,246.0
1787131180.3412085,-0.527,9.258,0.304,-0.415,0.158,-0.593,-11.1,27.0,-26.85,157.0
1787131180.5464137,-0.943,8.985,-0.318,-0.041,0.351,-0.001,-11.7,24.15,-27.75,122.0
1787131180.5464365,-1.085,9.069,-0.261,0.001,0.283,0.042,-11.1,23.85,-24.9,122.0
1787131180.5464509,-1.176,9.124,-0.328,0.007,0.192,0.086,-11.25,25.65,-26.25,152.0
1787131180.750803,-0.881,9.352,-0.601,0.291,0.808,0.38,-8.85,25.8,-27.15,152.0
1787131180.7508202,-1.326,9.275,-0.373,0.342,0.805,0.438,-7.5,26.4,-28.5,152.0
1787131180.7508311,-1.432,9.306,-0.304,0.369,0.761,0.496,-6.75,28.8,-24.75,152.0
1787131180.9551132,-1.954,10.056,0.048,0.259,1.072,0.584,-2.85,28.5,-26.1,427.0
1787131180.9551373,-2.128,10.015,0.22,0.263,1.188,0.467,-1.65,29.85,-28.05,427.0
1787131181.1604793,-1.705,9.799,0.663,-0.27,1.39,0.144,9.0,31.05,-31.35,375.0
1787131181.1605039,-1.618,9.632,0.625,-0.328,1.39,0.114,9.45,33.45,-31.05,189.0
1787131181.1605155,-1.597,9.479,0.644,-0.364,1.385,0.09,9.0,31.8,-32.55,189.0
1787131181.3653898,-1.626,8.698,0.445,-0.06,1.106,-0.061,18.75,29.55,-37.65,102.0
1787131181.3654144,-1.358,8.792,0.848,-0.043,0.97,-0.167,19.65,28.5,-38.55,102.0
1787131181.3654256,-1.152,8.954,0.967,-0.144,0.677,-0.176,21.15,28.95,-39.3,102.0
1787131181.570303,0.12,9.191,0.972,-0.154,1.128,-0.08,23.25,27.9,-40.95,84.0
1787131181.5703273,-0.055,9.263,1.051,-0.162,1.095,-0.102,24.0,28.35,-42.45,84.0
1787131181.5703385,-0.254,9.246,1.032,-0.199,0.944,-0.096,24.45,27.0,-43.35,84.0
1787131181.7749822,0.29,9.352,1.331,-0.06,0.729,0.231,27.15,27.0,-46.65,72.0
1787131181.7750068,0.127,9.244,1.322,-0.061,0.756,0.24,27.0,27.15,-45.3,68.0
1787131181.7750177,0.045,9.275,1.329,-0.081,0.764,0.235,27.0,27.9,-46.5,68.0
1787131181.9801688,-0.417,8.815,1.456,0.073,0.802,0.283,30.9,29.25,-52.5,64.0
1787131181.9801924,-0.558,8.935,1.585,0.114,0.75,0.312,31.8,29.55,-55.65,103.0
1787131181.980204,-0.67,8.993,1.697,0.159,0.694,0.325,30.9,30.9,-54.45,103.0
1787131182.1843781,-0.555,9.586,1.99,-0.041,0.456,0.114,31.2,32.85,-56.55,170.0
1787131182.1844027,-0.587,9.594,1.877,-0.088,0.525,0.06,32.85,31.8,-58.2,203.0
1787131182.1844137,-0.646,9.455,1.664,-0.104,0.584,0.021,32.1,31.8,-59.4,203.0
1787131182.3951745,-0.871,9.457,1.422,-0.039,0.119,-0.173,34.05,33.0,-60.75,190.0
1787131182.3952007,-0.862,9.531,1.42,-0.059,0.053,-0.206,34.8,30.3,-59.7,163.0
1787131182.3952134,-0.757,9.629,1.46,-0.088,0.037,-0.231,34.35,30.6,-60.15,163.0
1787131182.6001618,-0.484,9.325,1.556,-0.05,-0.082,-0.198,34.8,30.3,-60.15,117.0
1787131182.8050063,-0.441,9.306,1.384,-0.003,-0.169,0.054,32.1,28.8,-60.15,115.0
1787131182.8050818,-0.431,9.323,1.326,0.01,-0.152,0.068,33.3,28.8,-59.4,115.0
1787131182.8050942,-0.505,9.369,1.358,0.007,-0.147,0.076,32.4,28.5,-59.55,115.0
1787131183.0097337,-0.565,9.304,1.367,0.049,-0.168,0.062,33.15,30.45,-58.05,125.0
1787131183.0097587,-0.515,9.364,1.286,0.023,-0.156,0.053,32.7,29.7,-57.0,125.0
1787131183.00977,-0.479,9.392,1.312,0.006,-0.118,0.048,33.15,29.25,-58.5,125.0
1787131183.2084703,-0.496,9.527,1.178,0.002,-0.054,-0.015,31.35,30.6,-56.85,142.0
1787131183.2084944,-0.409,9.448,1.144,0.007,-0.075,-0.022,31.05,29.85,-57.15,142.0
1787131183.2085054,-0.39,9.467,1.185,-0.008,-0.097,-0.025,31.8,29.55,-56.85,142.0
1787131183.4133446,-0.086,9.376,1.257,-0.102,0.126,-0.069,32.7,30.15,-55.5,100.0
1787131183.4133682,-0.156,9.421,1.295,-0.099,0.135,-0.051,31.35,28.8,-56.1,100.0
1787131183.413379,-0.072,9.402,1.207,-0.103,0.142,-0.034,31.65,30.15,-55.5,100.0
1787131183.6180923,-0.141,9.069,1.269,-0.052,0.287,0.064,32.4,29.7,-58.5,106.0
1787131183.6181161,-0.232,8.961,1.346,-0.053,0.277,0.073,33.15,30.15,-58.8,106.0
1787131183.618127,-0.256,8.844,1.386,-0.035,0.268,0.075,32.4,30.15,-57.75,106.0
1787131183.8187604,-0.405,8.966,1.753,0.161,0.309,0.039,35.55,32.55,-60.15,125.0
1787131183.8235757,-0.378,8.978,1.839,0.192,0.295,0.026,33.15,30.9,-59.85,125.0
1787131183.8235946,-0.395,8.942,1.925,0.213,0.287,0.012,34.35,30.3,-61.5,125.0
1787131184.0276582,-0.666,9.926,1.808,0.087,0.237,-0.139,35.85,31.05,-61.95,149.0
1787131184.0276823,-0.543,10.297,1.697,0.04,0.235,-0.231,36.3,31.5,-64.5,132.0
1787131184.027694,-0.29,10.293,1.566,-0.023,0.301,-0.328,34.8,30.3,-63.75,132.0
1787131184.2302692,0.072,8.985,0.84,-0.008,0.118,-0.197,36.75,28.5,-65.4,169.0
1787131184.4373026,-0.735,9.409,0.378,-0.036,0.469,-0.036,37.95,31.95,-67.2,130.0
1787131184.4373267,-0.953,9.036,0.259,-0.031,0.591,-0.042,39.6,31.5,-70.8,130.0
1787131184.4373379,-1.235,9.005,0.022,-0.07,0.626,-0.011,36.45,32.85,-69.9,130.0
1787131184.6421971,-1.341,9.122,-0.735,-0.051,0.933,0.043,36.75,34.35,-72.45,131.0
1787131184.6422226,-1.403,9.146,-0.769,-0.015,1.101,-0.057,36.0,35.55,-73.5,131.0
1787131184.6422338,-1.329,9.299,-0.781,0.025,1.23,-0.135,37.95,35.1,-75.3,131.0
1787131184.8466218,-1.31,9.462,-0.084,0.54,0.6,0.286,36.6,34.2,-84.3,144.0
1787131184.8466516,-1.374,9.483,0.084,0.583,0.461,0.344,37.05,34.95,-82.5,144.0
1787131184.8466642,-1.317,9.562,0.318,0.611,0.31,0.409,37.35,35.7,-85.05,144.0
1787131185.0514815,-0.972,10.185,0.783,0.17,0.543,0.387,35.1,36.15,-90.6,196.0
1787131185.0515056,-1.046,10.048,0.821,0.092,0.623,0.326,34.2,37.8,-88.95,196.0
1787131185.051516,-1.099,10.001,0.761,0.01,0.662,0.272,34.2,38.25,-90.15,196.0
1787131185.2565455,-0.472,12.215,0.017,-0.523,0.853,0.185,32.85,41.85,-93.6,195.0
1787131185.2565696,-1.106,11.729,0.108,-0.466,0.839,0.25,31.35,41.55,-95.4,195.0
1787131185.2565808,-1.647,10.841,0.156,-0.347,0.71,0.173,31.35,43.05,-95.4,195.0
1787131185.461076,-0.606,9.117,1.013,-0.717,-0.269,-0.617,29.55,39.6,-95.4,136.0
1787131185.4611006,-0.385,9.012,0.929,-0.717,-0.417,-0.486,31.05,40.65,-94.65,136.0
1787131185.4611115,0.103,8.856,0.551,-0.734,-0.426,-0.36,31.65,39.3,-93.45,136.0
1787131185.666219,0.103,9.522,0.405,-0.506,0.411,-0.555,29.85,39.6,-92.1,87.0
1787131185.6662436,0.077,9.857,0.208,-0.437,0.338,-0.596,30.9,40.5,-91.2,87.0
1787131185.6662557,0.0,9.632,0.254,-0.384,0.259,-0.598,30.45,39.3,-92.25,87.0
1787131185.8703399,0.769,8.174,1.551,0.355,-0.352,0.152,32.55,36.9,-90.6,128.0
1787131186.0756662,-0.929,9.61,1.638,0.411,-0.339,0.435,30.6,41.55,-93.6,131.0
1787131186.0756905,-0.917,9.546,1.638,0.369,-0.385,0.363,30.6,40.35,-92.1,243.0
1787131186.0757017,-0.905,9.538,1.717,0.33,-0.401,0.285,31.05,40.35,-93.6,243.0
1787131186.2811809,-1.396,11.116,1.377,0.046,-0.186,-0.206,31.2,41.25,-91.5,333.0
1787131186.2812052,-1.65,10.575,1.259,0.024,-0.367,-0.334,32.1,42.3,-91.35,309.0
1787131186.2812166,-1.326,10.257,1.149,-0.085,-0.532,-0.5,31.8,40.65,-90.6,309.0
1787131186.4911175,-0.694,9.12,-0.158,-0.385,-0.188,-0.675,34.8,38.4,-87.0,309.0
1787131186.4911416,-0.869,9.076,-0.098,-0.312,-0.307,-0.637,33.15,36.3,-86.4,198.0
1787131186.4911525,-0.989,9.234,-0.043,-0.301,-0.468,-0.569,34.35,36.15,-86.55,198.0
1787131186.6914203,-0.46,9.462,-0.752,-0.191,-0.14,0.011,34.65,35.85,-81.6,170.0
1787131186.6914458,-0.579,9.234,-0.716,-0.095,-0.006,0.044,34.35,37.95,-82.2,170.0
1787131186.6914568,-1.08,9.024,-0.632,-0.013,0.056,0.042,33.15,34.8,-82.35,161.0
1787131186.894956,-0.848,8.859,-0.364,0.386,0.052,0.274,34.8,35.7,-83.7,175.0
1787131186.8949811,-0.725,9.029,-0.328,0.452,0.088,0.337,34.05,36.15,-82.2,175.0
1787131186.8949926,-0.886,9.115,-0.127,0.532,0.12,0.4,33.6,37.2,-82.95,178.0
1787131187.0993028,-0.96,10.084,1.164,0.414,0.245,0.354,33.15,39.0,-85.35,665.0
1787131187.0993264,-0.845,10.281,1.223,0.301,0.384,0.31,33.15,40.5,-85.35,665.0
1787131187.0993376,-0.967,10.154,1.202,0.155,0.623,0.272,34.2,40.5,-87.15,887.0
1787131187.3041263,-1.077,9.962,0.529,-0.338,0.935,0.173,31.05,41.55,-90.6,936.0
1787131187.3041506,-1.02,10.06,0.33,-0.379,0.989,0.167,30.45,41.25,-90.75,936.0
1787131187.304162,-0.922,10.18,0.17,-0.4,1.074,0.168,30.6,43.05,-90.6,936.0
1787131187.5070002,-1.109,9.017,0.752,-0.212,0.628,-0.244,26.55,44.55,-98.4,899.0
1787131187.7138724,-0.146,9.481,0.515,-0.254,0.6,-0.23,25.05,42.6,-99.9,899.0
1787131187.713897,-0.168,9.491,0.579,-0.225,0.668,-0.267,26.25,42.3,-97.95,271.0
1787131187.7139084,-0.242,9.443,0.68,-0.212,0.676,-0.304,25.5,43.8,-99.9,271.0
1787131187.9186387,0.194,8.945,0.974,-0.007,0.444,0.05,21.9,41.7,-102.6,198.0
1787131187.918663,0.113,8.926,0.994,0.006,0.454,0.143,24.75,39.9,-102.45,166.0
1787131187.9186745,0.079,9.05,1.075,0.015,0.457,0.234,22.35,40.95,-102.9,166.0
1787131188.1234746,-0.757,9.44,1.235,0.042,0.354,0.24,17.85,44.85,-105.15,137.0
1787131188.1234992,-0.797,9.275,1.214,0.042,0.324,0.204,17.4,42.9,-106.95,137.0
1787131188.1235101,-0.759,9.244,1.312,0.044,0.291,0.168,16.65,43.2,-107.4,137.0
1787131188.3283272,-0.776,9.196,1.714,0.106,-0.192,0.063,16.65,44.4,-108.45,125.0
1787131188.3283565,-0.812,9.072,1.793,0.119,-0.288,0.03,17.85,44.85,-106.95,148.0
1787131188.3283675,-0.802,9.096,1.769,0.109,-0.386,0.003,18.0,44.85,-106.95,148.0
1787131188.5333958,-0.915,9.457,1.642,0.061,-0.989,-0.124,20.4,42.9,-105.15,147.0
1787131188.5334213,-0.883,9.354,1.741,0.064,-1.131,-0.14,19.35,43.2,-104.4,195.0
1787131188.5334322,-0.891,9.359,1.678,0.047,-1.263,-0.178,22.35,43.95,-104.1,195.0
1787131188.7382598,-0.879,9.328,0.886,-0.136,-1.478,-0.328,27.3,42.3,-94.35,195.0
1787131188.7382858,-0.742,9.771,0.63,-0.156,-1.498,-0.357,28.5,43.05,-93.15,926.0
1787131188.7382967,-0.816,9.732,0.606,-0.144,-1.541,-0.374,28.5,43.05,-92.1,926.0
1787131188.949154,-0.795,8.99,-0.12,-0.011,-1.713,-0.273,33.15,40.5,-83.1,360.0
1787131188.9491992,-0.888,8.926,-0.23,0.029,-1.763,-0.208,32.1,38.85,-82.2,360.0
1787131188.9492066,-1.015,9.127,-0.383,0.045,-1.852,-0.129,34.65,39.3,-81.3,797.0
1787131189.1537926,-0.809,10.432,-0.742,0.137,-1.199,0.163,33.3,40.35,-65.25,738.0
1787131189.3521078,-0.287,9.981,1.056,-0.109,-1.95,0.067,26.4,40.95,-48.9,355.0
1787131189.352133,-0.247,10.166,0.929,-0.269,-1.49,-0.026,25.95,39.75,-47.1,355.0
1787131189.3521447,-0.397,10.247,0.776,-0.337,-1.228,-0.087,26.7,40.5,-44.85,355.0
1787131189.556714,-0.8,9.419,-0.287,-0.492,-1.133,-0.439,22.35,34.8,-38.55,67.0
1787131189.556738,-0.706,9.297,-0.326,-0.494,-1.078,-0.437,21.15,33.9,-37.05,67.0
1787131189.5567486,-0.575,9.227,-0.438,-0.486,-0.986,-0.425,19.05,34.95,-37.65,67.0
1787131189.7616324,-0.95,9.194,-0.646,-0.038,-0.561,-0.321,16.35,26.55,-30.9,51.0
1787131189.761659,-1.02,9.172,-0.563,0.064,-0.585,-0.333,16.95,27.6,-32.1,51.0
1787131189.7616699,-0.929,9.256,-0.546,0.142,-0.624,-0.363,15.0,26.1,-31.35,51.0
1787131189.9725025,-0.67,9.586,0.761,0.252,-0.831,-0.181,8.85,25.8,-26.85,72.0
1787131189.972527,-0.594,9.294,0.979,0.279,-0.942,-0.226,10.05,25.8,-26.85,72.0
1787131189.9725387,-0.146,8.957,1.568,0.26,-0.988,-0.296,8.85,27.75,-27.15,72.0
1787131190.1717007,0.168,9.507,2.243,0.173,-0.521,0.137,2.55,27.75,-25.35,159.0
1787131190.171799,0.184,9.586,2.38,0.192,-0.456,0.183,0.9,28.35,-24.0,159.0
1787131190.1718116,0.005,9.802,2.392,0.207,-0.422,0.232,1.2,28.35,-23.25,159.0
1787131190.3761725,-0.773,9.127,1.748,0.036,-0.961,0.171,-2.7,30.3,-22.5,145.0
1787131190.3762097,-0.733,9.002,1.58,0.051,-0.975,0.18,-4.2,29.85,-21.75,145.0
1787131190.3762243,-0.5,9.0,1.556,0.02,-0.861,0.135,-5.7,28.8,-24.0,145.0
1787131190.5807917,-1.065,9.179,1.434,0.131,-1.166,0.115,-10.95,30.6,-22.5,122.0
1787131190.580816,-1.044,9.273,1.439,0.125,-1.19,0.108,-12.15,30.9,-24.6,122.0
1787131190.5808275,-1.027,9.261,1.482,0.093,-1.196,0.072,-12.6,30.45,-24.15,122.0
1787131190.7894275,-0.757,9.325,0.986,-0.056,-0.932,-0.405,-19.8,30.6,-25.5,279.0
1787131190.99434,0.201,10.633,0.939,0.128,-0.678,-0.271,-31.65,31.65,-30.45,94.0
1787131190.994364,-0.141,10.951,1.065,0.13,-0.614,-0.197,-29.85,32.55,-32.1,94.0
1787131190.9943757,-0.668,10.702,1.154,0.16,-0.734,-0.058,-30.9,33.15,-31.5,110.0
1787131191.1959033,-0.069,9.687,0.881,-0.324,-0.771,-0.337,-33.3,32.55,-34.65,210.0
1787131191.1959398,0.093,9.61,0.649,-0.408,-0.496,-0.366,-34.65,33.6,-35.25,210.0
1787131191.195951,0.177,9.479,0.388,-0.453,-0.223,-0.355,-35.55,33.0,-34.65,210.0
1787131191.3997858,-1.051,8.902,0.01,0.193,-0.333,0.007,-34.65,33.9,-36.0,300.0
1787131191.3998115,-0.946,9.088,0.022,0.226,-0.278,0.047,-35.1,33.0,-35.1,300.0
1787131191.399823,-1.008,9.153,0.141,0.247,-0.223,0.081,-35.1,33.45,-36.6,300.0
1787131191.6046891,-1.523,10.005,0.192,0.128,-0.056,0.199,-37.8,34.5,-38.7,201.0
1787131191.6047134,-1.499,9.778,0.175,0.126,0.019,0.158,-36.3,35.25,-37.95,201.0
1787131191.6047244,-1.575,9.651,0.189,0.127,0.111,0.104,-37.35,33.75,-38.7,201.0
1787131191.8094149,-1.437,9.61,0.74,0.04,0.127,0.059,-34.95,34.35,-36.75,452.0
1787131191.8094394,-1.398,9.543,0.69,0.036,0.136,0.062,-35.85,34.95,-37.95,452.0
1787131191.8094509,-1.398,9.562,0.79,0.034,0.153,0.074,-35.4,33.9,-37.8,452.0
1787131192.014777,-1.343,9.469,0.548,-0.198,0.404,0.144,-33.9,35.1,-36.3,342.0
1787131192.0148022,-1.346,9.469,0.479,-0.215,0.428,0.153,-33.6,32.55,-36.6,342.0
1787131192.0148132,-1.456,9.419,0.524,-0.223,0.442,0.171,-34.35,33.45,-35.1,342.0
1787131192.2191818,-1.204,9.665,0.795,-0.334,0.576,0.264,-30.15,30.9,-32.25,376.0
1787131192.2192059,-1.03,10.008,0.728,-0.376,0.64,0.295,-29.55,31.5,-34.35,376.0
1787131192.219217,-0.848,10.657,0.433,-0.418,0.732,0.346,-30.9,29.7,-33.75,376.0
1787131192.4233956,-0.359,9.469,1.678,-0.349,0.449,0.002,-27.45,28.2,-31.2,555.0
1787131192.4234207,-0.414,9.72,1.358,-0.416,0.236,0.188,-26.7,27.0,-31.2,555.0
1787131192.628683,0.321,8.691,1.812,0.013,-0.064,0.098,-20.85,24.3,-27.9,159.0
1787131192.628709,0.548,8.787,2.061,0.036,-0.145,0.131,-21.3,24.45,-26.55,142.0
1787131192.628721,0.627,8.916,2.246,0.048,-0.232,0.233,-21.75,24.45,-27.0,142.0
1787131192.8338032,-0.328,8.971,2.629,0.059,0.493,0.278,-19.8,24.45,-27.3,143.0
1787131192.8338282,-0.424,9.007,2.622,0.036,0.468,0.248,-18.6,24.75,-26.4,143.0
1787131192.8338392,-0.373,9.043,2.564,0.03,0.478,0.226,-18.15,24.3,-26.85,143.0
1787131193.03859,-0.539,9.0,2.521,-0.062,0.536,-0.163,-14.85,25.8,-26.1,197.0
1787131193.0386155,-0.496,9.086,2.387,-0.071,0.513,-0.17,-15.6,25.05,-27.15,263.0
1787131193.0386271,-0.484,9.311,2.282,-0.068,0.521,-0.171,-14.85,23.85,-24.9,263.0
1787131193.2431326,-0.757,9.148,1.393,-0.092,0.894,-0.178,-10.5,24.45,-25.2,531.0
1787131193.2431698,-1.097,9.412,1.362,0.026,0.821,-0.116,-8.1,24.75,-25.35,797.0
1787131193.2431767,-1.259,9.625,1.238,0.084,0.702,-0.077,-7.35,26.25,-24.9,797.0
1787131193.4486547,-0.737,9.141,1.106,0.025,0.358,-0.19,-6.6,25.5,-27.15,842.0
1787131193.4486804,-0.819,9.232,1.032,0.031,0.423,-0.165,-5.85,26.55,-25.65,842.0
1787131193.448692,-1.018,9.172,1.104,0.076,0.404,-0.128,-3.9,26.1,-25.8,842.0
1787131193.6531434,-1.051,9.845,0.433,-0.133,0.665,0.168,-4.05,25.5,-26.1,359.0
1787131193.653181,-1.286,9.603,0.381,-0.116,0.806,0.149,-3.3,24.75,-24.9,359.0
1787131193.6531885,-1.441,9.347,0.412,-0.072,0.906,0.119,-3.15,25.65,-27.3,275.0
1787131193.8571525,-1.47,9.45,0.893,-0.006,0.524,0.489,1.65,25.65,-28.05,352.0
1787131193.857177,-1.396,9.574,0.888,0.005,0.618,0.5,3.45,27.6,-27.75,352.0
1787131193.857189,-1.405,9.718,0.9,-0.007,0.71,0.505,3.9,26.85,-28.5,195.0
1787131194.060026,-0.9,9.881,1.104,-0.252,1.297,0.352,10.5,26.85,-29.55,101.0
1787131194.2727287,-0.97,9.266,0.785,-0.349,1.605,0.257,17.25,26.85,-35.4,87.0
1787131194.2727544,-0.936,9.213,0.759,-0.34,1.656,0.151,18.9,27.45,-36.3,87.0
1787131194.2727656,-1.02,9.081,0.769,-0.306,1.666,0.082,20.55,27.9,-36.6,87.0
1787131194.471611,-1.056,8.88,0.86,-0.267,1.619,0.038,19.5,25.65,-39.15,87.0
1787131194.4716353,-1.077,8.782,0.97,-0.229,1.507,0.035,20.1,26.25,-39.0,87.0
1787131194.4716468,-1.113,8.813,1.08,-0.192,1.349,0.054,23.1,26.55,-39.6,85.0
1787131194.6766326,-1.168,8.82,1.168,-0.155,1.032,0.112,25.05,25.2,-42.0,85.0
1787131194.6766584,-1.044,8.923,1.271,-0.129,0.835,0.164,24.45,25.8,-41.85,85.0
1787131194.6766696,-0.979,8.966,1.293,-0.096,0.697,0.199,24.15,24.75,-41.85,85.0
1787131194.8837476,0.053,8.6,2.332,-0.111,0.738,0.153,31.2,27.75,-54.75,110.0
1787131194.883773,0.077,8.672,2.33,-0.095,0.781,0.17,32.7,26.55,-55.05,110.0
1787131194.8837857,-0.057,8.662,2.387,-0.081,0.821,0.168,32.55,27.9,-55.65,110.0
1787131195.0864701,-0.9,9.251,2.373,0.166,0.717,0.231,36.0,28.2,-65.4,141.0
1787131195.086495,-0.864,9.325,2.483,0.178,0.629,0.227,35.7,29.7,-67.2,141.0
1787131195.086506,-0.857,9.457,2.552,0.177,0.557,0.223,36.0,29.7,-67.65,141.0
1787131195.2906828,-0.804,9.412,2.6,0.162,0.506,0.222,35.7,28.2,-67.65,141.0
1787131195.2907078,-0.804,9.373,2.665,0.15,0.478,0.203,36.6,29.1,-67.8,141.0
1787131195.2907188,-0.766,9.4,2.677,0.127,0.475,0.185,37.2,30.9,-69.15,166.0
1787131195.495655,-1.142,9.043,1.171,-0.188,0.405,0.091,37.2,31.65,-75.75,170.0
1787131195.4956813,-1.037,9.081,1.101,-0.165,0.425,0.111,37.8,33.0,-76.35,137.0
1787131195.4956925,-1.058,9.21,0.977,-0.133,0.439,0.119,37.8,33.0,-76.35,137.0
1787131195.6988764,-1.307,9.711,0.86,-0.028,0.453,0.104,38.25,34.35,-79.8,137.0
1787131195.9052317,-1.379,9.227,1.111,0.15,0.483,0.247,37.05,38.4,-84.75,136.0
1787131195.9052575,-1.482,9.122,1.082,0.183,0.421,0.266,35.85,35.7,-84.0,136.0
1787131195.9052684,-1.53,9.17,1.128,0.203,0.364,0.278,36.45,37.5,-84.6,136.0
1787131196.1103618,-1.379,9.713,1.176,0.125,0.47,0.125,35.55,40.35,-89.1,175.0
1787131196.1103868,-1.355,9.589,1.302,0.11,0.463,0.084,35.1,39.15,-88.8,175.0
1787131196.1103976,-1.369,9.493,1.341,0.102,0.449,0.057,34.8,38.85,-89.55,175.0
1787131196.314661,-1.302,9.38,1.223,-0.047,0.434,0.085,34.05,39.9,-91.35,105.0
1787131196.314687,-1.415,9.23,1.238,-0.055,0.374,0.069,35.55,39.15,-92.1,105.0
1787131196.3146977,-1.42,9.421,1.252,-0.086,0.263,0.064,32.85,38.85,-92.4,105.0
1787131196.5193775,-0.45,9.057,1.721,-0.089,0.736,-0.314,31.95,40.95,-94.5,115.0
1787131196.519403,-0.673,9.06,1.805,-0.121,0.611,-0.268,32.7,41.7,-93.45,115.0
1787131196.5194151,-0.534,9.103,1.848,-0.167,0.42,-0.166,33.3,38.4,-95.1,115.0
1787131196.7264087,-0.405,9.558,0.879,-0.272,0.427,-0.055,30.45,40.5,-94.8,101.0
1787131196.7264342,-0.431,9.579,0.881,-0.286,0.348,-0.079,30.6,41.1,-94.35,101.0
1787131196.7264452,-0.359,9.469,0.936,-0.287,0.239,-0.087,28.95,40.95,-97.5,101.0
1787131196.9289181,0.299,8.811,1.144,-0.1,0.37,0.027,28.65,42.45,-96.0,120.0
1787131196.928943,0.153,8.835,1.231,-0.059,0.346,0.102,29.25,41.85,-97.2,91.0
1787131196.928955,0.017,8.851,1.417,-0.009,0.284,0.166,29.4,40.5,-96.0,91.0
1787131197.1335301,-0.314,9.167,1.906,-0.074,0.597,0.14,27.3,43.8,-98.7,110.0
1787131197.133554,-0.431,9.187,1.978,-0.04,0.558,0.138,26.25,43.8,-97.2,98.0
1787131197.1335652,-0.637,9.155,2.002,-0.007,0.459,0.157,27.0,43.5,-99.45,98.0
1787131197.3381264,-0.108,8.856,2.507,0.071,0.017,0.048,26.4,43.65,-99.6,112.0
1787131197.3381593,-0.206,9.052,2.337,0.029,0.076,0.044,25.65,42.9,-98.85,112.0
1787131197.5435536,-0.201,8.751,2.5,0.036,-0.107,-0.197,27.15,42.15,-100.8,125.0
1787131197.5436504,-0.278,8.777,2.488,0.031,-0.109,-0.186,26.55,40.65,-100.95,125.0
1787131197.543663,-0.285,8.844,2.567,0.026,-0.114,-0.172,27.0,42.6,-99.15,125.0
1787131197.7480383,-0.611,10.52,2.112,-0.205,0.22,-0.159,27.15,43.2,-100.35,92.0
1787131197.748066,-0.769,10.175,1.946,-0.243,0.213,-0.258,26.55,42.6,-99.45,92.0
1787131197.7480774,-0.539,9.749,1.767,-0.297,0.237,-0.383,27.75,43.05,-100.5,92.0
1787131197.9535263,-0.508,8.935,1.01,-0.057,0.272,-0.059,26.7,43.95,-101.1,88.0
1787131197.953551,-0.541,8.827,1.027,-0.027,0.2,-0.006,27.45,45.6,-100.8,88.0
1787131197.9535623,-0.512,8.763,1.053,-0.01,0.098,0.06,26.4,42.9,-99.6,77.0
1787131198.1575038,-1.185,9.084,0.886,0.233,0.057,0.548,25.05,45.3,-100.95,64.0
1787131198.1575286,-1.322,9.201,0.898,0.22,0.036,0.538,25.65,46.65,-101.1,64.0
1787131198.1575394,-1.197,9.249,0.826,0.218,0.051,0.527,24.45,47.55,-100.8,64.0
1787131198.3623195,-1.683,9.452,0.936,0.383,0.341,0.329,21.6,49.5,-102.6,75.0
1787131198.3623428,-1.709,9.433,1.089,0.386,0.345,0.263,23.25,49.95,-104.25,75.0
1787131198.3623545,-1.657,9.503,1.156,0.382,0.326,0.203,22.35,49.8,-104.1,75.0
1787131198.5672681,-1.255,9.934,1.314,0.166,0.131,0.027,20.55,48.45,-106.05,119.0
1787131198.5672925,-1.367,9.797,1.3,0.159,0.099,0.01,21.3,49.2,-107.25,119.0
1787131198.567304,-1.367,9.771,1.302,0.136,0.011,-0.009,20.25,48.0,-106.5,119.0
1787131198.7720528,-0.735,9.407,1.25,-0.215,0.026,-0.073,21.75,46.95,-103.95,122.0
1787131198.7720766,-0.778,9.39,1.192,-0.258,0.055,-0.064,21.3,48.9,-105.0,122.0
1787131198.7720878,-0.86,9.4,1.12,-0.313,0.079,-0.068,21.3,48.0,-106.5,122.0
1787131198.974698,-1.144,10.084,0.862,-0.218,0.265,-0.052,20.4,52.2,-104.85,106.0
1787131199.1820674,-0.543,9.495,1.149,-0.344,0.547,-0.256,20.85,51.75,-102.15,76.0
1787131199.182093,-0.804,9.594,1.109,-0.382,0.273,-0.25,21.0,49.95,-101.7,63.0
1787131199.1821043,-0.682,9.467,1.111,-0.396,-0.008,-0.228,21.15,50.25,-100.35,63.0
1787131199.386392,0.275,8.521,1.935,0.113,0.306,0.293,20.25,48.45,-100.5,75.0
1787131199.386417,0.182,8.598,2.097,0.131,0.261,0.431,21.0,50.85,-100.2,76.0
1787131199.3864279,0.074,8.566,2.114,0.142,0.241,0.484,21.0,50.85,-100.5,76.0
1787131199.5911782,-0.498,9.677,2.198,0.326,0.257,0.434,15.75,52.35,-104.55,55.0
1787131199.5912063,-0.68,9.4,2.327,0.346,0.194,0.379,16.35,51.75,-104.85,75.0
1787131199.591218,-0.778,9.16,2.535,0.369,0.093,0.327,15.6,51.0,-103.65,75.0
1787131199.7960722,-0.735,9.448,2.349,0.031,-0.244,0.162,16.2,50.4,-105.75,119.0
1787131199.7960975,-0.728,9.529,2.21,-0.006,-0.197,0.074,15.9,51.75,-104.1,116.0
1787131199.7961087,-0.845,9.658,2.078,-0.041,-0.176,-0.029,15.9,51.75,-104.1,116.0
1787131200.0006626,-0.383,8.966,1.731,-0.057,-0.364,-0.528,17.4,49.8,-102.15,98.0
1787131200.0006866,-0.285,8.93,1.805,-0.04,-0.346,-0.524,18.15,51.3,-103.65,100.0
1787131200.000698,-0.292,8.995,1.721,-0.026,-0.339,-0.519,18.9,49.8,-102.6,100.0
1787131200.2059271,-0.302,9.349,2.037,-0.044,-0.774,-0.265,21.9,48.6,-101.85,101.0
1787131200.2059522,-0.081,9.311,2.16,-0.08,-0.802,-0.241,22.35,47.55,-100.8,101.0
1787131200.2059636,0.16,9.268,2.318,-0.062,-0.739,-0.242,21.3,49.95,-99.45,101.0
1787131200.4108176,-0.134,9.357,1.669,-0.197,-0.133,-0.191,24.75,49.95,-97.65,147.0
1787131200.4108431,-0.089,9.199,1.571,-0.233,-0.009,-0.223,23.85,47.1,-98.1,147.0
1787131200.410864,-0.124,9.141,1.444,-0.254,0.067,-0.22,23.4,50.25,-96.0,189.0
1787131200.6151285,-0.594,8.78,0.752,0.176,0.305,-0.031,24.3,49.95,-95.4,123.0
1787131200.615154,-0.74,9.052,0.984,0.201,-0.061,0.186,23.85,48.6,-95.55,145.0
1787131200.8204086,-0.967,9.263,0.893,0.235,0.102,0.208,22.8,49.95,-96.15,245.0
1787131200.8204336,-0.924,9.249,0.843,0.246,0.118,0.198,22.65,50.25,-96.75,245.0
1787131200.8204448,-0.972,9.208,0.728,0.277,0.147,0.19,21.15,51.75,-97.05,245.0
1787131201.0246198,-1.008,9.886,0.785,0.191,-0.194,0.149,21.9,52.95,-98.55,121.0
1787131201.024646,-0.939,10.032,0.749,0.139,-0.128,0.114,21.9,52.95,-98.55,121.0
1787131201.0246572,-0.781,10.003,0.699,0.085,-0.025,0.077,21.6,51.3,-98.85,121.0
1787131201.2293868,-0.845,9.586,0.338,-0.064,0.263,-0.162,20.4,52.95,-99.3,152.0
1787131201.2294126,-0.86,9.606,0.259,-0.053,0.234,-0.11,19.8,53.1,-99.9,152.0
1787131201.2294238,-0.919,9.639,0.211,-0.032,0.196,-0.064,21.15,50.55,-98.85,152.0
1787131201.4342642,-0.757,9.392,0.802,-0.169,-0.06,-0.004,20.25,51.6,-99.45,145.0
1787131201.4342892,-0.663,9.464,0.812,-0.225,0.041,0.015,19.65,52.2,-97.05,145.0
1787131201.4343004,-0.577,9.495,0.718,-0.271,0.144,0.018,21.0,51.9,-98.7,145.0
1787131201.6391425,-0.948,9.902,0.321,-0.228,0.556,0.02,18.9,51.75,-99.3,164.0
1787131201.639178,-1.109,10.065,0.553,-0.183,0.547,0.054,18.6,51.75,-99.6,164.0
1787131201.6391869,-1.355,9.91,0.682,-0.039,0.379,0.132,18.15,51.75,-99.6,184.0
1787131201.8438656,-0.838,9.469,1.772,-0.115,-0.933,0.203,17.85,51.0,-99.3,227.0
1787131201.8438904,-0.781,9.515,1.671,-0.114,-0.857,0.228,21.0,51.6,-98.7,227.0
1787131201.8439014,-0.792,9.661,1.618,-0.099,-0.744,0.205,19.65,50.55,-98.1,299.0
1787131202.0488346,-0.752,9.558,1.214,-0.337,-0.76,-0.299,20.85,49.8,-93.45,350.0
1787131202.0488706,-0.596,9.445,1.137,-0.357,-0.677,-0.353,22.35,50.55,-93.75,350.0
1787131202.0488822,-0.603,9.369,1.015,-0.372,-0.598,-0.392,22.5,51.6,-93.15,782.0
1787131202.2513938,-0.124,8.619,1.341,-0.139,-0.606,-0.482,24.15,47.55,-88.95,713.0
1787131202.4585378,-0.462,8.792,2.696,0.361,-1.42,0.047,25.65,44.4,-83.85,340.0
1787131202.4585633,-0.364,8.744,2.607,0.339,-1.407,0.07,28.95,43.95,-82.35,340.0
1787131202.4585745,-0.333,8.76,2.557,0.318,-1.361,0.091,26.7,44.4,-80.85,340.0
1787131202.6631267,-1.013,9.457,1.748,0.201,-1.689,0.114,27.15,43.65,-73.5,536.0
1787131202.663162,-1.075,9.462,1.611,0.155,-1.701,0.044,28.95,43.65,-73.5,536.0
1787131202.6631687,-1.142,9.663,1.427,0.116,-1.706,-0.022,27.0,43.8,-73.35,536.0
1787131202.8679295,-1.063,9.725,0.299,-0.098,-1.885,-0.423,27.3,41.85,-66.0,420.0
1787131202.8679543,-0.962,9.634,0.048,-0.15,-1.903,-0.426,27.0,41.1,-63.0,420.0
1787131202.8679652,-0.802,9.555,-0.127,-0.203,-1.876,-0.419,27.0,39.9,-62.25,420.0
1787131203.0724711,-0.86,9.584,-0.759,0.012,-1.159,-0.436,27.0,37.2,-54.9,398.0
1787131203.0724971,-0.924,9.459,-0.68,0.05,-1.177,-0.436,26.55,36.45,-55.65,398.0
1787131203.0725093,-0.869,9.512,-0.577,0.082,-1.213,-0.392,25.8,35.25,-53.85,398.0
1787131203.2778494,-0.764,9.603,0.318,0.274,-1.234,-0.164,23.25,34.5,-47.55,150.0
1787131203.277882,-0.843,9.646,0.364,0.23,-1.225,-0.171,21.9,35.55,-46.35,150.0
1787131203.2778933,-0.821,9.697,0.512,0.169,-1.227,-0.184,21.3,33.75,-43.5,150.0
1787131203.4825008,-0.405,9.85,0.656,-0.121,-0.293,-0.34,19.5,31.8,-39.15,51.0
1787131203.482526,-0.52,9.787,0.651,-0.128,-0.219,-0.333,19.5,31.8,-38.4,51.0
1787131203.4825373,-0.634,9.651,0.611,-0.129,-0.218,-0.317,19.05,31.8,-39.15,51.0
1787131203.686922,-0.723,9.163,0.479,-0.031,-0.19,0.158,18.0,30.3,-36.9,54.0
1787131203.6869473,-0.855,9.215,0.448,-0.023,-0.195,0.205,17.7,30.6,-37.65,54.0
1787131203.6869586,-0.939,9.395,0.409,-0.019,-0.209,0.238,18.0,31.5,-36.9,54.0
1787131203.8921437,-1.434,9.45,0.541,0.071,-0.332,0.22,16.95,31.8,-34.65,51.0
1787131203.8921762,-1.544,9.519,0.644,0.072,-0.377,0.188,16.5,31.5,-34.65,51.0
1787131203.8921828,-1.511,9.543,0.67,0.055,-0.424,0.145,14.85,31.95,-34.5,51.0
1787131204.0967813,-1.075,8.859,1.611,0.008,-0.435,-0.291,9.75,29.85,-31.05,66.0
1787131204.0968072,-1.073,8.844,1.647,0.021,-0.56,-0.26,9.45,29.55,-30.3,66.0
1787131204.0968184,-0.917,8.775,1.712,0.021,-0.673,-0.202,8.7,30.6,-29.85,83.0
1787131204.3017154,-1.116,9.773,1.492,-0.03,-0.746,-0.074,2.55,29.7,-28.95,166.0
1787131204.301741,-0.974,9.814,1.511,-0.04,-0.805,-0.142,3.45,30.6,-27.75,166.0
1787131204.301752,-0.867,9.697,1.547,-0.048,-0.825,-0.197,1.35,30.45,-26.85,113.0
1787131204.5060768,-0.563,9.237,1.453,-0.024,-0.824,-0.265,-5.55,29.7,-24.9,86.0
1787131204.5061016,-0.098,9.361,1.741,-0.004,-0.842,-0.243,-5.7,29.55,-25.8,86.0
1787131204.506113,-0.103,9.515,1.896,-0.024,-0.676,-0.237,-7.35,29.25,-24.6,90.0
1787131204.712585,-0.187,9.165,1.429,0.029,-1.337,-0.194,-12.15,29.25,-24.15,106.0
1787131204.7126815,-0.034,9.117,1.408,0.002,-1.237,-0.189,-15.75,28.8,-25.2,106.0
1787131204.7126946,0.108,8.971,1.516,-0.004,-1.118,-0.171,-18.0,27.6,-24.75,94.0
1787131204.9137414,-0.426,8.669,1.573,0.214,-0.778,0.154,-21.6,30.9,-25.65,67.0
1787131204.916781,-0.421,8.837,1.513,0.243,-0.813,0.239,-23.4,29.25,-25.65,67.0
1787131205.122185,-0.699,9.507,1.738,0.185,-0.543,-0.028,-29.25,31.05,-27.75,74.0
1787131205.1222203,-0.661,9.414,1.772,0.164,-0.499,-0.095,-30.45,29.7,-27.9,74.0
1787131205.122231,-0.639,9.395,1.889,0.162,-0.454,-0.16,-30.45,30.45,-27.15,74.0
1787131205.3251278,-0.23,10.851,1.743,-0.054,-0.178,-0.215,-33.45,31.95,-29.4,77.0
1787131205.325153,-0.52,10.903,1.815,-0.054,-0.231,-0.134,-31.65,31.2,-31.95,77.0
1787131205.325164,-0.754,10.604,1.702,-0.035,-0.337,-0.068,-33.3,32.55,-31.05,77.0
1787131205.5279992,-0.405,9.354,0.883,-0.305,0.06,-0.307,-35.4,31.65,-31.5,70.0
1787131205.7370973,-0.654,9.127,0.553,0.302,-0.303,0.132,-37.2,32.4,-33.45,58.0
1787131205.737121,-0.769,9.17,0.711,0.283,-0.288,0.134,-37.95,33.15,-33.75,41.0
1787131205.7371323,-0.749,9.251,0.69,0.235,-0.305,0.155,-36.75,32.4,-34.2,41.0
1787131205.9392998,-1.195,9.807,0.275,0.149,-0.237,0.226,-40.35,31.05,-37.65,72.0
1787131205.939324,-1.149,9.708,0.378,0.155,-0.199,0.117,-41.25,30.45,-36.0,103.0
1787131205.939335,-1.19,9.725,0.474,0.131,-0.172,0.022,-40.8,31.05,-37.65,103.0
1787131206.1441233,-0.816,9.716,0.457,-0.062,0.147,-0.004,-41.25,31.2,-39.3,79.0
1787131206.1441476,-0.943,9.665,0.426,-0.064,0.12,-0.036,-40.8,31.05,-38.4,105.0
1787131206.1441586,-0.962,9.668,0.457,-0.068,0.077,-0.073,-40.2,30.45,-37.8,105.0
1787131206.352979,-0.302,9.222,0.85,-0.329,0.442,0.013,-39.45,31.2,-37.8,113.0
1787131206.3530035,-0.424,9.369,0.816,-0.335,0.519,0.099,-39.75,31.95,-37.8,81.0
1787131206.3530147,-0.484,9.469,0.742,-0.336,0.574,0.16,-40.2,30.15,-36.3,81.0
1787131206.5534608,-1.585,8.933,1.657,0.034,0.392,-0.272,-34.95,29.7,-33.45,81.0
1787131206.553486,-1.42,9.038,1.669,-0.065,0.017,-0.228,-34.8,29.1,-33.6,85.0
1787131206.5534978,-1.12,9.012,1.841,-0.138,-0.332,-0.098,-36.0,29.25,-33.0,85.0
1787131206.7586198,-0.63,9.433,1.573,-0.066,0.496,-0.074,-35.55,28.8,-34.35,119.0
1787131206.7586498,-1.001,9.392,1.63,-0.127,0.479,-0.171,-36.45,27.45,-33.0,119.0
1787131206.7586634,-1.049,9.361,1.626,-0.185,0.364,-0.249,-36.6,29.55,-32.55,76.0
1787131206.9632974,-0.091,9.273,1.8,-0.013,0.113,-0.355,-35.4,31.2,-32.25,52.0
1787131206.9633217,-0.33,9.227,1.903,0.065,-0.015,-0.289,-34.35,29.55,-33.6,52.0
1787131206.9633327,-0.417,9.081,2.047,0.135,-0.21,-0.229,-34.8,29.55,-33.6,52.0
1787131207.166148,0.074,9.232,2.411,0.11,-0.429,0.361,-37.2,31.65,-35.55,144.0
1787131207.3729,-0.306,9.354,1.542,0.024,-0.128,-0.287,-38.85,30.6,-37.95,114.0
1787131207.3729246,-0.283,9.165,1.69,0.031,-0.113,-0.296,-41.1,31.8,-37.95,114.0
1787131207.5781772,-0.692,9.412,1.398,0.123,-0.293,0.153,-42.0,33.15,-40.05,188.0
1787131207.5782037,-0.836,9.668,1.372,0.138,-0.317,0.144,-40.8,32.25,-41.25,188.0
1787131207.5782146,-0.883,9.85,1.317,0.125,-0.336,0.107,-43.35,32.25,-40.65,188.0
1787131207.7826457,-0.879,8.997,0.948,0.201,-0.461,0.034,-41.55,34.5,-43.2,185.0
1787131207.7826722,-0.996,9.093,1.039,0.203,-0.594,0.088,-43.5,33.6,-43.05,185.0
1787131207.7826834,-0.91,9.194,1.015,0.184,-0.709,0.126,-43.35,32.25,-44.7,185.0
1787131207.987719,-1.216,9.459,0.776,0.193,-0.528,-0.068,-45.75,33.6,-48.9,123.0
1787131207.987744,-1.283,9.467,0.781,0.191,-0.63,-0.069,-45.9,33.75,-48.75,123.0
1787131207.9877563,-1.051,9.522,0.742,0.143,-0.714,-0.069,-46.2,34.35,-48.9,123.0
1787131208.1920583,-0.733,9.706,0.237,0.017,-0.413,-0.251,-48.75,35.85,-53.25,86.0
1787131208.192249,-0.788,9.488,0.357,0.079,-0.408,-0.247,-48.15,35.25,-54.9,86.0
1787131208.192258,-0.804,9.742,0.345,0.13,-0.466,-0.264,-49.35,34.5,-54.9,86.0
1787131208.397314,0.175,9.883,0.776,-0.119,-0.733,-0.128,-50.1,36.9,-61.95,133.0
1787131208.3973398,0.048,9.766,0.721,-0.089,-0.346,-0.126,-49.35,37.2,-60.45,182.0
1787131208.3973515,-0.227,9.646,0.867,-0.053,-0.194,-0.119,-50.1,37.95,-60.75,182.0
1787131208.6029916,-0.366,9.464,0.675,-0.246,-0.165,-0.034,-49.5,37.05,-63.15,227.0
1787131208.6030183,-0.283,9.495,0.579,-0.277,-0.038,-0.028,-49.5,38.25,-61.8,227.0
1787131208.6030302,-0.362,9.431,0.572,-0.261,0.109,-0.006,-48.9,37.2,-64.2,146.0
1787131208.805785,-0.809,8.612,1.159,-0.075,-0.103,0.049,-50.4,37.95,-61.5,218.0
1787131208.80581,-0.599,8.839,0.996,-0.126,0.078,0.077,-48.75,37.05,-61.35,153.0
1787131209.0110717,-0.905,9.467,1.082,0.037,0.004,0.04,-49.8,35.85,-59.85,209.0
1787131209.0110962,-0.955,9.448,1.128,0.03,0.13,-0.026,-48.3,35.85,-62.55,209.0
1787131209.011108,-1.01,9.51,1.118,0.004,0.218,-0.099,-49.05,36.6,-61.05,209.0
1787131209.216316,-1.01,9.28,0.955,0.012,0.159,-0.067,-48.6,36.45,-59.4,180.0
1787131209.216341,-1.051,9.304,0.965,0.004,0.089,-0.038,-48.0,35.85,-59.55,180.0
1787131209.2163522,-0.886,9.349,0.989,0.009,0.055,-0.036,-48.6,36.45,-58.95,180.0
1787131209.4206996,-0.891,9.44,1.109,0.03,0.222,-0.064,-47.85,37.2,-56.85,203.0
1787131209.4207253,-0.917,9.316,1.099,0.03,0.21,-0.037,-49.5,36.6,-58.5,203.0
1787131209.4207366,-0.903,9.17,1.085,0.049,0.214,-0.019,-47.7,36.6,-59.1,203.0
1787131209.6256766,-1.293,9.603,0.994,0.102,0.069,0.138,-47.85,37.65,-57.15,125.0
1787131209.6257033,-1.243,9.641,1.106,0.114,-0.019,0.147,-46.95,36.6,-55.8,125.0
1787131209.625715,-1.13,9.766,1.142,0.096,-0.076,0.151,-46.35,37.2,-57.45,125.0
1787131209.8304994,-1.137,9.335,0.948,0.043,-0.073,0.171,-47.7,35.55,-57.0,144.0
1787131209.8305244,-1.049,9.357,0.888,0.034,-0.114,0.189,-49.8,36.6,-57.0,144.0
1787131209.8305354,-1.025,9.462,0.886,0.02,-0.108,0.181,-48.9,35.25,-57.15,144.0
1787131210.0355427,-0.845,9.373,0.8,0.052,-0.062,-0.037,-47.25,36.3,-58.5,151.0
1787131210.0355682,-0.79,9.376,0.845,0.054,-0.081,-0.052,-48.15,35.7,-58.2,151.0
1787131210.0355794,-0.678,9.316,0.852,0.074,-0.086,-0.044,-48.15,34.95,-58.2,151.0
1787131210.2442014,-0.654,9.105,0.972,0.085,-0.341,0.058,-48.75,36.6,-59.85,185.0
1787131210.244228,-0.5,9.16,0.867,0.03,-0.283,0.047,-48.75,35.85,-61.05,185.0
1787131210.244239,-0.548,9.086,0.706,-0.023,-0.196,0.044,-48.6,36.45,-61.95,185.0
1787131210.4451048,-0.919,9.23,0.16,0.065,0.051,-0.194,-48.9,36.9,-59.7,238.0
1787131210.649565,-0.474,9.567,0.587,0.02,-0.006,-0.171,-48.3,36.3,-61.05,163.0
1787131210.6495922,-0.39,9.464,0.591,0.021,0.012,-0.152,-49.35,37.95,-60.45,163.0
1787131210.6496038,-0.393,9.38,0.589,0.005,0.027,-0.113,-48.6,37.65,-60.75,178.0
1787131210.8552964,-0.752,9.644,0.314,-0.072,0.154,0.162,-48.75,37.5,-60.6,238.0
1787131210.8553212,-0.864,9.622,0.208,-0.086,0.178,0.14,-48.6,37.65,-62.25,238.0
1787131210.8553321,-0.886,9.658,0.156,-0.073,0.189,0.126,-48.75,37.5,-62.1,130.0
1787131211.0594773,-0.747,9.297,0.299,0.051,0.156,-0.006,-49.5,35.85,-59.1,131.0
1787131211.0595028,-0.8,9.541,0.359,0.08,0.122,0.034,-49.05,35.85,-58.8,131.0
1787131211.059514,-0.891,9.601,0.424,0.082,0.051,0.065,-50.55,37.05,-61.05,133.0
1787131211.264113,-0.713,9.165,0.453,-0.082,0.146,0.086,-48.75,36.3,-60.3,126.0
1787131211.2641377,-0.804,9.148,0.266,-0.057,0.145,0.118,-49.65,36.9,-58.95,126.0
1787131211.264149,-0.996,9.093,0.194,-0.03,0.117,0.127,-48.75,36.3,-59.1,118.0
1787131211.4692395,-1.125,9.704,0.292,0.037,-0.08,-0.001,-49.35,36.15,-60.15,385.0
1787131211.469265,-0.998,9.742,0.314,0.009,-0.032,-0.061,-49.65,36.45,-60.15,385.0
1787131211.4692762,-0.974,9.759,0.297,-0.014,0.031,-0.127,-47.85,36.15,-60.15,300.0
1787131211.6731398,-0.673,9.732,0.632,-0.016,-0.177,-0.169,-48.15,38.85,-59.7,147.0
1787131211.6731646,-0.524,9.823,0.702,-0.045,-0.165,-0.153,-48.6,36.9,-60.15,147.0
1787131211.673176,-0.409,9.768,0.678,-0.052,-0.13,-0.13,-48.3,37.8,-59.1,147.0
1787131211.8783576,-0.498,9.146,0.309,-0.151,-0.053,0.103,-48.15,37.65,-60.75,216.0
1787131211.878383,-0.505,9.345,0.17,-0.145,-0.057,0.181,-48.0,37.5,-61.05,216.0
1787131211.8783948,-0.615,9.254,0.012,-0.132,-0.059,0.233,-48.75,36.3,-59.85,216.0
1787131212.081175,-1.082,9.282,0.002,0.003,-0.087,0.077,-47.85,35.7,-61.2,314.0
1787131212.2881439,-0.697,9.558,0.323,0.014,0.145,-0.256,-49.05,35.85,-61.05,271.0
1787131212.2882414,-0.637,9.594,0.326,0.024,0.137,-0.259,-48.3,37.5,-60.3,244.0
1787131212.288254,-0.601,9.565,0.369,0.02,0.113,-0.25,-48.6,37.65,-60.45,244.0
1787131212.4926817,-0.493,9.503,0.63,0.015,-0.044,0.061,-48.15,38.85,-60.45,230.0
1787131212.4927073,-0.431,9.349,0.532,0.004,-0.048,0.099,-48.9,37.95,-59.7,250.0
1787131212.4927197,-0.536,9.1,0.63,-0.014,-0.061,0.138,-47.85,38.4,-58.95,250.0
1787131212.6981385,-1.085,9.61,0.086,-0.019,0.029,0.324,-48.6,34.5,-60.75,283.0
1787131212.6981647,-1.14,9.646,0.045,-0.018,0.04,0.285,-50.1,35.25,-60.15,350.0
1787131212.6981761,-1.209,9.677,0.01,-0.011,0.055,0.232,-48.15,35.7,-59.7,350.0
1787131212.902341,-0.941,9.529,0.237,0.006,0.069,-0.211,-50.1,35.25,-60.45,167.0
1787131212.9023666,-0.895,9.426,0.263,0.007,0.074,-0.239,-49.05,35.85,-60.3,340.0
1787131212.902378,-0.838,9.345,0.402,0.023,0.055,-0.26,-48.75,35.85,-59.55,340.0
1787131213.106828,-0.539,9.737,0.541,-0.042,-0.038,-0.128,-47.85,38.4,-61.95,167.0
1787131213.1068604,-0.558,9.723,0.5,-0.054,-0.059,-0.127,-48.9,37.95,-62.7,412.0
1787131213.1069057,-0.481,9.67,0.488,-0.08,-0.087,-0.129,-48.75,37.5,-61.05,412.0
1787131213.3115084,-0.515,9.129,0.036,-0.072,0.071,0.051,-48.9,37.95,-61.5,167.0
1787131213.3115327,-0.915,9.064,-0.002,-0.046,0.002,0.111,-49.05,36.6,-60.6,167.0
1787131213.3115444,-0.948,9.091,-0.036,-0.03,-0.1,0.159,-49.65,36.45,-61.5,167.0
1787131213.5167081,-1.255,9.488,-0.034,0.167,0.061,0.029,-48.3,36.6,-62.1,239.0
1787131213.5167336,-1.204,9.479,0.139,0.18,0.021,0.003,-48.9,35.25,-60.75,239.0
1787131213.5167449,-1.111,9.459,0.141,0.189,-0.031,-0.005,-48.15,35.7,-60.75,231.0
1787131213.71905,-0.962,9.907,0.251,0.196,-0.163,0.053,-50.1,37.65,-61.95,268.0
1787131213.9259832,-0.783,9.445,0.069,-0.065,-0.358,0.273,-51.15,35.7,-66.3,360.0
1787131213.9260075,-0.86,9.476,0.034,-0.089,-0.288,0.253,-50.1,34.5,-67.05,360.0
1787131213.926019,-0.809,9.663,-0.034,-0.11,-0.213,0.216,-51.3,36.3,-66.15,360.0
1787131214.1311224,-0.479,9.507,-0.321,-0.318,0.262,-0.196,-51.0,33.9,-66.15,287.0
1787131214.1311486,-0.469,9.572,-0.373,-0.308,0.369,-0.19,-51.0,35.55,-66.6,287.0
1787131214.1311593,-0.469,9.51,-0.385,-0.274,0.417,-0.15,-49.35,33.0,-64.8,287.0
1787131214.3358061,-0.678,9.699,0.572,0.012,-0.209,0.206,-50.1,35.7,-64.8,343.0
1787131214.3358305,-0.682,9.522,0.704,0.028,-0.247,0.168,-51.6,34.5,-62.7,343.0
1787131214.335842,-0.558,9.404,0.656,-0.002,-0.241,0.114,-51.9,33.75,-64.2,343.0
1787131214.5440662,-0.316,9.764,0.034,-0.245,0.177,-0.013,-51.0,34.35,-63.6,232.0
1787131214.5440912,-0.441,9.898,0.029,-0.229,0.206,-0.046,-51.0,34.8,-62.55,232.0
1787131214.5441027,-0.462,9.79,0.079,-0.206,0.218,-0.109,-50.25,33.9,-63.15,232.0
1787131214.7466354,0.172,9.258,0.57,-0.204,-0.038,-0.372,-51.0,39.0,-61.05,187.0
1787131214.7466605,0.424,9.151,0.692,-0.206,-0.066,-0.31,-49.5,37.8,-61.35,187.0
1787131214.746672,0.587,9.031,0.764,-0.201,-0.048,-0.247,-50.85,36.9,-60.15,187.0
1787131214.9527717,0.223,9.287,1.044,-0.036,0.055,0.278,-51.75,37.5,-61.35,208.0
1787131214.9527974,0.103,9.292,1.073,0.023,0.019,0.339,-51.9,38.4,-61.95,208.0
1787131214.9528086,-0.105,9.249,1.097,0.071,-0.067,0.384,-51.9,36.9,-61.2,208.0
1787131215.154557,-0.024,9.548,1.587,-0.03,-0.04,0.262,-52.8,33.15,-63.9,207.0
1787131215.154581,-0.17,9.524,1.523,-0.055,0.002,0.219,-53.55,33.9,-62.1,207.0
1787131215.1545925,-0.201,9.412,1.403,-0.088,0.018,0.158,-51.15,32.55,-63.75,207.0
1787131215.3573284,-0.213,9.172,1.374,-0.096,-0.163,0.068,-53.25,32.4,-63.6,278.0
1787131215.5644498,-0.134,9.038,1.216,0.067,-0.109,-0.216,-53.25,33.15,-63.6,196.0
1787131215.5644743,-0.182,9.153,1.36,0.097,-0.18,-0.202,-53.25,34.35,-64.35,196.0
1787131215.5644853,-0.16,9.153,1.386,0.118,-0.241,-0.188,-52.65,34.2,-63.45,196.0
1787131215.7689862,0.053,9.629,1.693,0.131,-0.207,-0.136,-52.8,37.05,-66.15,210.0
1787131215.7690117,0.091,9.697,1.741,0.113,-0.181,-0.142,-54.0,37.8,-66.9,210.0
1787131215.7690253,0.072,9.706,1.76,0.085,-0.164,-0.155,-54.45,36.45,-67.8,210.0
1787131215.9739063,0.117,9.234,1.331,-0.041,0.06,-0.045,-55.2,38.85,-65.55,295.0
1787131215.973932,-0.01,9.634,1.228,-0.035,0.086,0.036,-51.75,39.0,-67.65,295.0
1787131215.973943,-0.232,9.888,1.113,-0.02,0.089,0.112,-53.25,38.25,-67.65,337.0
1787131216.1785014,-0.302,9.366,0.517,-0.199,0.515,-0.092,-51.9,35.25,-66.0,212.0
1787131216.1785262,-0.318,9.503,0.273,-0.179,0.622,-0.097,-52.5,35.85,-64.35,212.0
1787131216.1785374,-0.476,9.555,0.218,-0.117,0.675,-0.094,-51.6,36.15,-65.25,212.0
1787131216.3837323,-0.493,9.096,0.582,0.132,-0.007,-0.041,-50.55,35.55,-61.8,271.0
1787131216.3837574,-0.417,8.914,0.56,0.167,0.013,-0.019,-50.25,36.6,-61.8,271.0
1787131216.3837688,-0.496,8.957,0.584,0.192,0.031,0.023,-52.05,36.3,-63.15,271.0
1787131216.5886383,-0.8,10.319,0.51,0.115,-0.332,0.384,-51.9,34.5,-64.2,344.0
1787131216.5886643,-0.802,10.542,0.371,0.052,-0.301,0.369,-51.15,32.55,-65.25,344.0
1787131216.5886767,-0.824,10.573,0.273,-0.008,-0.248,0.331,-51.0,32.85,-65.85,344.0
1787131216.792868,-0.898,8.997,-0.172,-0.124,0.31,-0.165,-51.6,31.5,-64.5,320.0
1787131216.7928922,-0.682,9.153,-0.139,-0.125,0.394,-0.174,-51.0,31.65,-64.65,320.0
1787131216.792904,-0.783,9.268,-0.113,-0.097,0.448,-0.165,-51.15,31.8,-62.7,320.0
1787131216.9972222,-0.484,10.039,0.019,-0.131,0.652,-0.195,-50.4,34.2,-60.75,275.0
1787131217.2031665,-0.201,9.002,0.69,-0.085,0.537,0.059,-49.8,36.6,-56.25,245.0
1787131217.2031925,-0.28,8.995,0.419,-0.089,0.554,0.148,-49.35,36.15,-57.45,245.0
1787131217.203204,-0.73,9.096,0.232,-0.07,0.493,0.256,-49.05,34.8,-57.3,245.0
1787131217.407286,-0.943,9.57,0.251,0.1,0.011,0.358,-48.75,32.4,-55.8,244.0
1787131217.4073098,-0.96,9.752,0.218,0.076,0.068,0.313,-47.85,32.25,-55.35,244.0
1787131217.407321,-1.049,9.869,0.18,0.069,0.114,0.259,-47.85,31.05,-54.9,228.0
1787131217.6124907,-0.874,9.491,0.426,-0.028,0.092,-0.28,-48.3,30.45,-55.05,269.0
1787131217.6125162,-0.862,9.402,0.448,-0.006,0.071,-0.305,-49.05,31.65,-54.45,269.0
1787131217.6125274,-0.85,9.448,0.5,0.007,0.034,-0.314,-48.0,33.15,-55.05,262.0
1787131217.8212035,-0.646,9.469,0.299,-0.043,-0.117,-0.233,-49.05,33.15,-55.05,234.0
1787131217.8212278,-0.582,9.349,0.223,-0.044,-0.167,-0.244,-47.7,34.35,-54.75,234.0
1787131217.8212388,-0.5,9.316,0.189,-0.038,-0.216,-0.23,-49.05,32.85,-55.8,263.0
1787131218.0214021,-0.493,9.184,0.096,0.054,-0.218,0.199,-51.15,35.7,-58.65,240.0
1787131218.021426,-0.733,9.237,-0.019,0.048,-0.195,0.213,-49.5,34.35,-58.5,240.0
1787131218.021437,-0.819,9.313,-0.029,0.049,-0.186,0.209,-50.55,32.85,-58.8,268.0
1787131218.226519,-0.807,9.783,0.199,0.057,-0.158,-0.036,-51.0,33.9,-59.55,249.0
1787131218.2265432,-0.769,9.697,0.218,0.045,-0.128,-0.08,-49.8,33.9,-59.55,249.0
1787131218.2265549,-0.702,9.589,0.22,0.022,-0.1,-0.112,-49.65,34.5,-60.15,249.0
1787131218.4321,-0.579,9.627,0.249,-0.027,-0.048,-0.064,-49.65,34.5,-60.45,247.0
1787131218.4321249,-0.455,9.716,0.287,-0.043,-0.035,-0.071,-50.55,34.8,-59.1,247.0
1787131218.4321358,-0.488,9.768,0.232,-0.044,-0.016,-0.075,-49.65,35.7,-59.4,247.0
1787131218.6336305,-0.369,9.28,0.081,-0.162,0.12,-0.058,-49.35,34.5,-60.15,259.0
1787131218.8405545,-0.919,9.639,0.189,0.001,0.02,0.051,-51.0,32.85,-59.1,258.0
1787131218.8405805,-0.989,9.613,0.326,0.007,0.034,0.018,-48.9,31.5,-60.45,258.0
1787131218.840592,-0.979,9.579,0.321,0.016,0.046,-0.02,-50.4,33.45,-59.7,258.0
1787131219.0458863,-0.622,9.397,0.373,-0.002,0.004,-0.084,-49.35,32.55,-59.7,297.0
1787131219.0459116,-0.622,9.426,0.366,-0.002,-0.003,-0.06,-49.05,32.85,-59.85,297.0
1787131219.045923,-0.627,9.38,0.393,0.0,0.012,-0.052,-50.1,34.2,-60.75,297.0
1787131219.2503114,-0.699,9.685,0.378,-0.019,0.024,-0.009,-49.05,33.6,-59.55,245.0
1787131219.2503364,-0.704,9.534,0.385,-0.044,0.035,-0.006,-49.65,34.5,-59.4,253.0
1787131219.250348,-0.668,9.409,0.278,-0.064,0.063,0.003,-49.35,33.0,-59.4,253.0
1787131219.455188,-0.962,9.519,0.22,-0.002,0.005,0.07,-48.75,33.9,-61.05,249.0
1787131219.4552119,-0.958,9.534,0.287,0.013,0.007,0.072,-50.4,35.7,-60.45,247.0
1787131219.4552228,-1.001,9.459,0.34,0.019,-0.004,0.066,-48.75,33.6,-61.35,247.0
1787131219.6599884,-0.869,9.5,0.297,-0.021,-0.073,-0.013,-49.65,33.45,-58.95,284.0
1787131219.660251,-0.809,9.565,0.414,-0.028,-0.065,-0.018,-49.05,32.4,-60.6,255.0
1787131219.6602595,-0.814,9.579,0.316,-0.04,-0.028,-0.027,-48.9,33.45,-60.15,255.0
1787131219.8645725,-0.764,9.244,-0.053,-0.073,0.106,-0.051,-49.05,35.55,-59.85,264.0
1787131219.864598,-0.804,9.258,-0.089,-0.05,0.088,-0.017,-51.15,33.45,-59.4,244.0
1787131219.8646095,-0.783,9.51,-0.132,-0.022,0.065,0.017,-50.25,35.55,-59.1,244.0
1787131220.075273,-0.529,9.596,-0.184,0.014,0.453,0.081,-49.35,34.2,-58.65,263.0
1787131220.0752976,-0.63,9.517,-0.141,0.043,0.488,0.109,-48.75,33.15,-58.5,263.0
1787131220.0753088,-0.646,9.483,-0.144,0.065,0.503,0.139,-50.25,35.55,-58.5,254.0
1787131220.2721267,-0.666,9.665,0.199,0.036,0.66,0.328,-49.65,32.55,-54.6,213.0
1787131220.480282,-1.817,9.342,0.419,-0.052,0.574,-0.092,-44.7,29.25,-44.85,276.0
1787131220.480308,-1.793,9.448,0.599,-0.079,0.292,-0.122,-44.25,29.25,-45.15,276.0
1787131220.4803195,-1.446,9.483,0.728,-0.139,0.099,-0.15,-45.75,29.25,-45.15,276.0
1787131220.6836782,0.069,9.943,0.436,-0.403,1.176,-0.645,-42.0,30.45,-37.8,269.0
1787131220.6837049,0.194,9.967,0.424,-0.435,1.075,-0.6,-40.8,29.85,-0.3,269.0
1787131220.683717,0.421,10.06,0.433,-0.452,0.94,-0.525,-40.8,29.85,-38.7,269.0
1787131220.8887353,1.494,8.717,0.68,-0.103,0.748,0.098,-36.45,30.45,-34.5,236.0
1787131220.8887596,1.267,8.662,0.747,-0.076,0.614,0.264,-36.0,30.15,-32.7,236.0
1787131220.888771,1.295,8.643,0.764,-0.089,0.56,0.384,-34.65,31.95,-32.25,236.0
1787131221.0932918,-0.153,8.837,0.781,0.074,1.215,0.811,-32.1,29.1,-29.85,120.0
1787131221.0933166,-0.417,8.926,0.857,0.098,1.175,0.815,-31.95,29.25,-29.7,120.0
1787131221.0933273,-0.46,9.043,0.792,0.111,1.124,0.795,-30.6,29.1,-28.05,120.0
1787131221.2980218,-1.135,9.589,1.049,0.177,0.793,-0.038,-24.3,28.8,-26.55,84.0
1787131221.2982025,-1.104,9.639,1.195,0.153,0.728,-0.211,-24.75,29.1,-26.55,84.0
1787131221.2982113,-0.955,9.589,1.319,0.114,0.681,-0.36,-22.5,30.3,-25.5,84.0
1787131221.499379,-0.089,9.471,1.422,-0.117,0.718,-0.814,-16.35,31.95,-23.55,43.0
1787131221.5036473,0.065,9.723,1.329,-0.165,0.733,-0.798,-18.6,28.95,-25.35,43.0
1787131221.503673,0.29,10.032,1.183,-0.198,0.793,-0.728,-15.6,30.9,-24.15,43.0
1787131221.707364,-0.644,8.744,0.888,-0.184,0.66,0.236,-10.8,29.7,-23.55,92.0
1787131221.7073896,-0.852,9.05,0.582,-0.244,0.641,0.388,-10.05,29.7,-23.1,92.0
1787131221.7074015,-1.183,9.407,0.302,-0.292,0.62,0.494,-7.8,31.2,-24.9,92.0
1787131221.9104848,-2.504,9.51,0.024,0.0,0.518,0.162,-6.45,28.8,-24.45,69.0
1787131222.1181548,-1.872,9.732,0.311,0.096,0.521,0.106,0.6,31.65,-25.65,48.0
1787131222.1181796,-1.834,9.819,0.352,0.139,0.504,0.102,2.55,31.65,-25.35,48.0
1787131222.1181912,-1.765,9.835,0.5,0.176,0.484,0.079,1.95,31.8,-25.2,48.0
1787131222.322025,-0.881,9.701,0.955,0.036,-0.038,0.324,2.85,33.9,-26.85,69.0
1787131222.32205,-0.828,9.694,0.915,-0.027,-0.066,0.394,3.9,34.95,-25.8,69.0
1787131222.3220613,-0.79,9.639,0.893,-0.056,-0.06,0.445,1.35,33.9,-26.4,59.0
1787131222.5271933,-0.898,9.438,0.747,-0.234,-0.16,0.197,0.6,35.85,-26.4,64.0
1787131222.5272193,-0.867,9.558,0.594,-0.233,-0.164,0.179,0.45,34.95,-26.25,64.0
1787131222.5272307,-0.79,9.543,0.613,-0.22,-0.175,0.168,0.3,36.6,-26.4,64.0
1787131222.7316139,-0.69,9.103,0.373,-0.253,-0.279,-0.062,-1.35,33.6,-26.1,48.0
1787131222.7316396,-0.577,8.942,0.388,-0.227,-0.288,-0.06,-2.55,31.2,-25.65,48.0
1787131222.7316508,-0.702,8.928,0.433,-0.191,-0.347,-0.069,-3.15,31.5,-26.25,48.0
1787131222.9355686,-0.405,9.661,0.649,-0.032,-0.224,-0.254,-5.85,30.15,-24.9,88.0
1787131222.9355931,-0.46,9.881,0.812,-0.01,-0.297,-0.251,-4.35,30.45,-25.65,88.0
1787131222.935605,-0.613,9.886,0.979,-0.003,-0.401,-0.237,-5.1,30.45,-24.6,88.0
1787131223.1411297,0.213,9.285,0.682,-0.269,-0.101,-0.665,-7.95,28.8,-24.45,50.0
1787131223.141154,0.17,9.079,0.622,-0.238,-0.022,-0.584,-8.1,28.95,-25.35,50.0
1787131223.141165,0.05,8.94,0.51,-0.194,-0.007,-0.507,-7.5,28.8,-24.0,50.0
1787131223.3463943,-0.232,9.273,0.634,0.12,-0.108,0.126,-9.3,27.75,-24.15,113.0
1787131223.3464198,-0.172,9.323,0.611,0.131,-0.09,0.148,-8.7,27.9,-23.7,113.0
1787131223.3464313,-0.335,9.431,0.632,0.159,-0.076,0.179,-8.85,29.7,-24.15,113.0
1787131223.5545964,0.014,9.749,1.52,0.018,-0.113,0.146,-9.75,31.05,-24.45,95.0
1787131223.7563312,-0.649,9.182,0.977,-0.163,0.244,0.063,-10.05,29.7,-25.35,85.0
1787131223.7563558,-0.651,9.081,0.819,-0.172,0.204,0.059,-8.85,29.25,-26.4,89.0
1787131223.7563674,-0.488,9.199,0.706,-0.178,0.193,0.073,-7.95,28.8,-24.75,89.0
1787131223.9600368,-0.848,9.586,0.958,-0.004,-0.082,-0.01,-8.1,28.5,-25.35,111.0
1787131223.9600606,-0.675,9.534,1.142,-0.014,-0.119,-0.074,-7.2,27.9,-25.2,111.0
1787131223.960072,-0.575,9.55,1.255,-0.02,-0.111,-0.122,-7.5,31.05,-25.2,81.0
1787131224.164877,-0.283,9.55,1.894,-0.237,0.175,-0.182,-6.45,27.15,-24.0,81.0
1787131224.1649022,-0.182,9.462,1.86,-0.278,0.189,-0.189,-8.1,27.45,-24.15,81.0
1787131224.1649137,-0.11,9.462,1.791,-0.303,0.241,-0.194,-8.1,27.45,-24.6,103.0
1787131224.376277,-0.311,8.751,1.427,-0.126,0.161,0.097,-6.45,26.1,-24.45,101.0
1787131224.3763034,-0.366,8.677,1.384,-0.086,0.153,0.151,-4.35,25.05,-25.35,101.0
1787131224.3763146,-0.491,8.746,1.334,-0.046,0.143,0.213,-4.2,25.65,-24.75,73.0
1787131224.5747576,-0.795,9.347,1.429,0.08,0.093,0.179,-4.05,27.45,-25.65,100.0
1787131224.5747821,-0.804,9.51,1.334,0.09,0.112,0.131,-4.05,26.55,-23.55,100.0
1787131224.5747943,-0.843,9.51,1.391,0.106,0.125,0.089,-3.6,26.55,-24.6,89.0
1787131224.7796533,-0.639,9.29,1.762,0.12,-0.014,-0.071,-3.3,27.0,-26.1,69.0
1787131224.7796814,-0.56,9.282,1.798,0.098,-0.042,-0.082,-1.95,27.9,-24.75,69.0
1787131224.7796934,-0.503,9.38,1.884,0.072,-0.039,-0.078,-2.7,26.85,-24.45,86.0
1787131224.9837694,-0.548,9.498,1.607,-0.046,0.021,-0.113,-2.4,26.4,-25.5,86.0
1787131224.9837956,-0.503,9.491,1.58,-0.057,0.018,-0.112,-2.55,26.55,-24.9,86.0
1787131225.1869211,-0.431,9.301,1.468,-0.059,0.043,-0.105,-3.9,28.35,-26.25,81.0
1787131225.3896065,-0.481,9.335,1.204,-0.01,0.03,0.018,-4.05,26.55,-24.6,90.0
1787131225.3944328,-0.5,9.306,1.247,0.021,0.004,0.043,-3.45,28.35,-25.8,90.0
1787131225.394458,-0.577,9.141,1.343,0.046,-0.032,0.052,-1.95,27.6,-26.25,100.0
1787131225.5989625,-0.886,9.335,1.118,0.074,0.069,-0.013,-3.45,28.8,-25.2,75.0
1787131225.599161,-0.86,9.448,1.152,0.094,0.043,-0.018,-4.2,26.4,-24.0,67.0
1787131225.599184,-0.797,9.495,1.171,0.101,0.009,-0.026,-2.1,28.5,-25.65,67.0
1787131225.809234,-0.529,9.311,1.238,-0.053,0.198,-0.114,-2.55,29.25,-24.6,97.0
1787131225.8092585,-0.546,9.275,1.197,-0.031,0.186,-0.088,-3.15,28.8,-26.25,97.0
1787131225.8092694,-0.608,9.33,1.082,-0.026,0.129,-0.06,-1.95,28.35,-27.0,97.0
1787131226.0085046,-0.658,9.301,1.056,-0.017,0.082,-0.038,-2.1,29.25,-24.6,97.0
1787131226.00853,-0.57,9.349,1.037,-0.014,0.048,-0.019,-2.55,28.2,-24.9,97.0
1787131226.0085409,-0.582,9.33,0.948,-0.015,0.044,-0.007,-1.35,29.25,-26.1,65.0
1787131226.2132957,-0.977,9.658,0.939,0.055,0.118,-0.085,-0.3,30.45,-24.15,110.0
1787131226.2133212,-0.95,9.543,0.91,0.069,0.099,-0.112,-0.3,30.9,-24.15,92.0
1787131226.2133327,-0.9,9.55,0.876,0.096,0.079,-0.123,-1.2,30.3,-25.2,92.0
1787131226.41755,-0.867,9.515,0.958,0.103,0.069,-0.125,-0.9,31.5,-27.3,92.0
1787131226.4175754,-0.73,9.574,1.032,0.093,0.043,-0.125,-1.65,30.3,-26.25,92.0
1787131226.4175873,-0.737,9.491,1.271,0.109,0.019,-0.105,-1.8,29.7,-25.35,92.0
1787131226.6223042,-0.85,9.103,0.781,-0.078,0.002,0.093,0.6,29.7,-24.15,64.0
1787131226.6223292,-0.931,9.088,0.833,-0.061,-0.028,0.108,-0.45,29.1,-26.55,93.0
1787131226.622341,-0.869,9.134,0.754,-0.063,-0.065,0.122,0.15,28.8,-25.8,93.0
1787131226.825349,-0.802,9.251,0.682,-0.082,-0.051,0.118,-1.05,29.25,-26.4,93.0
1787131227.0319817,-0.86,9.692,1.082,0.005,0.064,-0.016,-0.45,30.6,-25.8,66.0
1787131227.0320065,-0.874,9.704,1.154,-0.015,0.07,-0.037,0.6,30.45,-25.35,66.0
1787131227.0320182,-0.967,9.79,1.159,-0.026,0.063,-0.057,0.0,30.15,-25.65,66.0
1787131227.2372425,-0.678,9.139,0.541,-0.162,0.274,-0.158,0.9,29.55,-26.55,65.0
1787131227.2373397,-0.735,9.081,0.486,-0.147,0.294,-0.137,0.9,29.55,-26.25,65.0
1787131227.237352,-0.73,8.983,0.493,-0.13,0.29,-0.117,1.05,28.2,-26.1,65.0
1787131227.4413047,-0.943,9.412,0.426,0.111,0.11,0.1,2.1,29.25,-26.1,69.0
1787131227.4413295,-0.989,9.481,0.508,0.134,0.076,0.099,2.7,29.1,-27.3,99.0
1787131227.4413402,-0.941,9.464,0.737,0.156,0.029,0.081,3.15,30.3,-25.5,99.0
1787131227.6461446,-0.912,9.498,0.869,0.18,0.032,0.067,2.85,28.2,-24.9,99.0
1787131227.6461685,-0.876,9.445,0.979,0.181,0.033,0.064,1.35,30.45,-26.4,99.0
1787131227.64618,-0.855,9.383,1.106,0.17,0.04,0.065,2.4,30.3,-25.5,98.0
1787131227.8508837,-0.879,9.158,0.754,-0.13,0.171,-0.02,7.05,30.45,-26.85,87.0
1787131227.8509092,-0.953,9.096,0.733,-0.115,0.158,0.002,4.05,30.45,-24.9,87.0
1787131227.8509202,-1.094,8.952,0.663,-0.094,0.131,0.019,5.55,30.45,-26.85,87.0
1787131228.0557516,-1.097,8.94,0.563,-0.072,0.081,0.037,4.8,31.2,-26.1,87.0
1787131228.0557754,-1.14,8.942,0.524,-0.062,0.044,0.048,4.95,30.6,-27.3,87.0
1787131228.0557868,-0.998,9.005,0.486,-0.058,0.023,0.045,3.6,30.45,-27.9,76.0
1787131228.2618735,-1.097,9.117,0.352,-0.042,0.023,0.053,4.65,30.6,-27.0,76.0
1787131228.2618983,-1.07,9.086,0.34,-0.028,0.014,0.053,5.55,30.45,-26.1,76.0
1787131228.261913,-1.128,9.282,0.328,0.011,-0.008,0.042,5.7,31.05,-25.5,76.0
1787131228.4653924,-0.883,9.646,0.534,0.112,-0.13,0.05,3.3,34.35,-27.9,85.0
1787131228.4654174,-0.898,9.646,0.56,0.104,-0.133,0.042,3.45,34.2,-26.25,85.0
1787131228.465429,-0.958,9.649,0.412,0.09,-0.146,0.028,4.05,32.85,-24.9,96.0
1787131228.670115,-0.771,9.206,0.007,0.052,-0.085,-0.03,1.8,33.15,-27.45,101.0
1787131228.6701388,-0.766,9.1,0.002,0.067,-0.083,-0.007,2.55,35.55,-25.65,101.0
1787131228.6701505,-0.769,9.045,-0.065,0.074,-0.081,0.021,3.3,33.9,-27.15,101.0
1787131228.8753016,-1.233,9.735,0.148,0.103,-0.254,0.129,0.6,35.1,-27.15,80.0
1787131228.8753273,-1.125,9.831,0.266,0.066,-0.219,0.078,1.65,34.95,-25.5,80.0
1787131228.8753397,-1.006,9.977,0.184,0.01,-0.148,0.007,-0.3,34.8,-27.15,80.0
1787131229.0797007,-0.855,9.867,0.321,-0.107,0.042,-0.218,1.2,35.7,-25.8,82.0
1787131229.079726,-0.831,9.685,0.512,-0.113,-0.06,-0.16,2.7,34.5,-25.8,82.0
1787131229.0797377,-0.769,9.469,0.685,-0.108,-0.131,-0.095,0.9,35.25,-26.25,82.0
1787131229.2842882,-0.702,10.451,0.429,-0.356,0.044,-0.056,1.8,33.6,-25.65,99.0
1787131229.2843125,-0.594,11.272,0.536,-0.381,0.159,-0.051,1.35,31.65,-25.65,99.0
1787131229.2843237,-0.857,10.676,0.795,-0.425,0.185,-0.034,0.9,31.8,-27.0,99.0
1787131229.4894264,-1.199,8.097,-0.62,-0.202,1.188,0.038,6.45,27.9,-27.75,118.0
1787131229.4894521,-1.652,8.155,-0.508,-0.091,1.006,0.137,8.25,26.85,-29.25,118.0
1787131229.4894636,-1.669,8.392,-0.283,-0.002,0.78,0.207,8.55,27.45,-28.2,118.0
1787131229.6945255,-0.919,9.713,1.262,0.218,0.048,0.321,7.35,31.2,-28.65,67.0
1787131229.694551,-0.962,9.807,1.252,0.123,0.311,0.26,7.8,31.2,-28.65,67.0
1787131229.694562,-1.087,9.895,1.142,0.051,0.522,0.183,9.75,32.55,-28.5,67.0
1787131229.8992822,-1.403,9.337,0.754,0.004,0.484,-0.086,12.15,30.15,-31.2,59.0
1787131229.8993077,-1.331,9.369,0.757,0.004,0.332,-0.044,12.6,32.4,-29.4,59.0
1787131229.899319,-1.322,9.29,0.816,0.004,0.174,0.006,13.95,31.8,-30.6,59.0
1787131230.1016176,-1.573,9.553,1.164,-0.064,0.161,-0.104,13.5,31.8,-31.35,48.0
1787131230.3089106,-1.18,9.395,0.144,-0.212,0.741,-0.372,14.4,29.25,-32.25,72.0
1787131230.308937,-1.369,9.179,0.208,-0.169,0.662,-0.373,14.4,29.25,-31.5,72.0
1787131230.3089485,-1.446,9.031,0.362,-0.111,0.504,-0.32,16.5,28.35,-32.55,30.0
1787131230.5133011,-0.86,9.366,0.769,0.126,-0.02,0.03,16.5,28.35,-32.85,29.0
1787131230.5133266,-0.917,9.337,0.874,0.13,-0.014,0.041,16.5,27.9,-31.05,29.0
1787131230.5133379,-0.936,9.359,0.895,0.142,-0.037,0.076,16.2,28.35,-32.1,30.0
1787131230.7178023,-1.358,9.881,1.135,-0.048,0.02,0.11,15.75,31.5,-31.8,34.0
1787131230.7178261,-1.173,10.075,0.974,-0.12,0.18,0.042,15.45,31.8,-31.8,26.0
1787131230.7178376,-1.166,10.178,0.91,-0.144,0.332,0.004,15.45,31.8,-31.8,26.0
1787131230.9227989,-1.283,8.569,1.049,-0.161,-0.293,-0.022,15.75,30.3,-31.8,29.0
1787131230.9228249,-1.013,8.61,0.9,-0.185,-0.175,-0.016,16.5,29.85,-31.35,29.0
1787131230.922837,-1.101,8.598,0.814,-0.154,-0.05,0.016,14.85,29.25,-31.95,34.0
1787131231.127747,-1.556,9.907,0.546,-0.147,-0.158,-0.132,14.1,29.7,-30.9,52.0
1787131231.1277723,-1.458,9.606,0.563,-0.172,-0.123,-0.186,15.0,29.1,-33.6,52.0
1787131231.1277835,-1.312,9.304,0.555,-0.173,-0.032,-0.251,17.7,27.6,-31.8,56.0
1787131231.3330085,-1.75,8.866,0.39,0.261,-0.759,-0.128,14.1,25.8,-31.2,36.0
1787131231.3330352,-1.958,9.105,0.654,0.322,-0.715,-0.113,13.65,27.45,-29.4,36.0
1787131231.3330464,-2.088,9.254,0.881,0.323,-0.731,-0.103,12.6,27.0,-29.7,26.0
1787131231.5372355,-1.24,9.565,1.267,0.073,-0.113,-0.095,8.55,26.55,-27.45,65.0
1787131231.5372605,-1.365,9.668,1.233,0.068,-0.016,-0.113,7.35,27.75,-29.4,65.0
1787131231.5372722,-1.683,9.711,1.101,0.063,-0.004,-0.118,7.8,27.75,-28.95,88.0
1787131231.7405396,-0.996,9.311,1.08,0.014,-0.037,-0.137,7.35,27.75,-27.15,66.0
1787131231.9471815,-2.071,8.938,1.056,0.072,-0.367,0.059,4.35,28.2,-27.15,63.0
1787131231.9472077,-1.939,9.002,0.8,0.021,-0.314,0.088,5.85,29.25,-26.4,94.0
1787131231.9472191,-1.942,9.151,0.373,-0.036,-0.265,0.134,4.65,29.85,-26.55,94.0
1787131232.1520388,-0.622,8.882,0.256,-0.049,0.725,-0.163,-1.05,30.45,-24.6,81.0
1787131232.1520643,-0.812,8.641,0.357,-0.022,0.994,-0.155,1.05,30.45,-24.9,81.0
1787131232.357889,-1.41,10.817,0.014,-0.317,1.08,0.481,7.5,30.6,-27.0,50.0
1787131232.357914,-2.093,10.343,0.146,-0.252,1.253,0.536,7.2,28.8,-27.3,50.0
1787131232.3579285,-2.636,9.34,0.256,-0.021,1.255,0.46,8.55,29.25,-28.65,50.0
1787131232.560996,-1.03,10.307,1.827,0.024,-0.631,0.228,10.2,29.85,-29.55,98.0
1787131232.5610242,-0.567,10.448,1.693,-0.072,-0.557,0.243,9.45,30.6,-28.8,98.0
1787131232.5610352,-0.283,10.319,1.535,-0.199,-0.32,0.198,8.1,30.15,-29.4,98.0
1787131232.7660265,-0.278,9.55,1.429,-0.52,0.59,-0.659,11.85,26.25,-28.65,55.0
1787131232.766052,-0.213,9.323,1.556,-0.56,0.379,-0.602,13.65,25.5,-30.15,44.0
1787131232.7660654,0.309,8.868,1.465,-0.516,0.149,-0.48,12.75,24.15,-28.8,44.0
1787131232.9705384,-1.046,8.605,2.018,0.051,-0.347,0.359,14.7,24.15,-31.05,60.0
1787131232.970563,-0.857,8.588,1.973,0.056,-0.5,0.412,14.25,24.15,-29.55,47.0
1787131232.9705741,-0.709,8.657,1.901,0.077,-0.532,0.452,12.75,23.25,-30.6,47.0
1787131233.1765583,-1.144,9.206,1.7,0.198,-0.123,0.125,11.1,25.8,-29.7,62.0
1787131233.380166,-0.816,9.127,1.786,0.19,-0.009,-0.1,10.8,27.45,-30.45,37.0
1787131233.586467,-0.977,9.823,1.247,0.024,-0.171,-0.186,10.35,28.95,-31.5,51.0
1787131233.5864913,-0.611,9.711,1.209,-0.071,-0.151,-0.261,11.7,27.9,-31.05,51.0
1787131233.586503,-0.527,9.527,1.178,-0.139,-0.074,-0.287,10.95,27.15,-31.05,51.0
1787131233.7895887,-1.398,8.492,0.263,0.171,-0.429,0.06,9.6,27.0,-30.15,62.0
1787131233.7896137,-1.429,8.844,0.438,0.187,-0.534,0.098,9.0,26.4,-30.6,62.0
1787131233.7896247,-1.365,9.072,0.4,0.172,-0.609,0.131,8.55,27.45,-30.9,62.0
1787131233.9964602,-1.353,10.364,-0.168,-0.126,-0.012,0.044,5.85,27.45,-31.2,71.0
1787131233.9964855,-1.525,9.989,-0.283,-0.136,0.046,-0.056,5.4,27.6,-30.3,71.0
1787131233.9964967,-1.379,9.641,-0.316,-0.124,0.093,-0.188,4.35,26.55,-30.45,71.0
1787131234.199259,-0.57,9.024,-0.316,0.014,0.188,0.001,5.85,26.25,-30.15,68.0
1787131234.1992855,-0.584,9.134,-0.338,0.076,0.258,0.086,5.1,25.8,-30.9,68.0
1787131234.1992967,-0.658,9.196,-0.304,0.133,0.308,0.146,6.3,26.25,-30.9,68.0
1787131234.4040122,-0.661,9.711,0.721,0.189,0.341,0.332,7.95,27.6,-32.55,100.0
1787131234.404038,-0.711,9.685,0.752,0.132,0.455,0.366,7.8,28.2,-32.25,100.0
1787131234.404049,-0.781,9.689,0.781,0.076,0.51,0.389,8.25,30.3,-31.8,100.0
1787131234.6088984,-1.568,10.858,0.345,-0.279,0.926,0.463,10.5,29.1,-33.6,71.0
1787131234.6089242,-1.997,10.247,0.476,-0.181,0.834,0.394,12.45,30.3,-34.65,71.0
1787131234.6092072,-2.119,9.833,0.613,-0.116,0.658,0.228,10.8,31.2,-34.95,71.0
1787131234.8135653,-0.122,9.373,1.305,-0.421,0.027,0.027,11.7,27.15,-35.1,62.0
1787131234.813589,0.29,8.993,1.013,-0.408,0.292,0.072,12.9,27.75,-34.5,37.0
1787131234.8136,0.266,9.239,0.934,-0.377,0.544,0.051,13.5,27.9,-35.1,37.0
1787131235.0186357,0.546,8.854,1.166,-0.193,0.395,-0.144,15.45,26.1,-35.85,46.0
1787131235.229661,-0.007,8.641,2.145,0.422,0.084,0.21,16.2,26.85,-38.7,49.0
1787131235.2296858,0.069,8.708,2.203,0.438,0.163,0.212,18.15,27.75,-39.0,49.0
1787131235.2296972,-0.201,8.787,2.265,0.439,0.195,0.234,17.1,26.25,-37.8,49.0
1787131235.4282045,-0.754,9.979,1.492,0.234,-0.32,0.096,16.5,31.5,-38.7,50.0
1787131235.4282415,-0.974,9.639,1.326,0.171,-0.348,0.055,15.9,30.15,-37.8,50.0
1787131235.4282482,-0.857,9.431,1.128,0.103,-0.334,-0.016,16.2,31.8,-36.9,50.0
1787131235.6387398,-1.475,9.658,0.314,0.052,-0.243,-0.377,15.15,31.2,-37.5,81.0
1787131235.6387632,-1.173,9.68,0.256,-0.006,-0.433,-0.417,15.0,31.5,-37.95,81.0
1787131235.6387742,-0.915,9.79,0.132,-0.082,-0.577,-0.434,16.2,31.5,-37.2,81.0
1787131235.8375905,-0.819,9.404,-0.855,-0.013,0.086,-0.223,13.2,28.35,-36.9,61.0
1787131235.8376157,-0.929,9.352,-0.699,0.026,-0.005,-0.187,14.1,30.15,-36.75,61.0
1787131235.837627,-0.958,9.311,-0.721,0.032,-0.123,-0.15,12.9,29.7,-36.75,61.0
1787131236.0425317,-0.713,9.768,-0.005,0.123,-0.125,0.155,12.0,29.85,-34.65,77.0
1787131236.0425575,-0.867,9.878,0.026,0.123,-0.129,0.141,10.8,30.15,-36.0,77.0
1787131236.0425682,-1.068,9.771,0.192,0.125,-0.151,0.103,11.7,29.1,-35.4,77.0
1787131236.2481215,-0.79,9.139,0.316,-0.031,-0.077,0.139,11.7,30.6,-34.65,120.0
1787131236.2481475,-0.814,9.23,0.268,-0.044,-0.04,0.188,9.75,29.85,-33.6,120.0
1787131236.2481587,-0.912,9.304,0.201,-0.048,-0.01,0.221,10.5,32.25,-34.65,120.0
1787131236.452614,-1.317,9.689,0.132,-0.002,0.015,-0.047,9.75,31.8,-35.1,115.0
1787131236.4526398,-1.209,9.558,0.192,-0.02,0.016,-0.106,10.5,29.85,-35.1,115.0
1787131236.4526517,-1.082,9.637,0.271,-0.028,0.034,-0.126,10.8,30.15,-34.2,115.0
1787131236.656616,-0.941,9.505,0.302,-0.069,0.057,-0.125,11.85,30.9,-33.45,112.0
1787131236.6566408,-0.931,9.471,0.299,-0.077,0.078,-0.117,10.05,32.4,-34.95,112.0
1787131236.656652,-0.881,9.409,0.247,-0.07,0.081,-0.115,11.1,31.2,-34.5,112.0
1787131236.8614986,-1.403,9.847,-0.005,0.058,0.117,0.114,11.85,31.95,-34.95,113.0
1787131236.8615246,-1.48,9.754,0.084,0.09,0.017,0.079,11.25,31.8,-34.35,113.0
1787131236.861536,-1.448,9.548,0.129,0.115,-0.109,0.029,10.95,28.8,-35.4,147.0
1787131237.0662773,-0.757,9.869,0.522,-0.077,0.005,-0.234,10.95,33.75,-33.6,209.0
1787131237.066303,-0.709,9.843,0.587,-0.098,0.011,-0.295,9.3,31.2,-35.25,356.0
1787131237.066314,-0.666,9.747,0.543,-0.127,0.01,-0.354,10.8,31.95,-35.55,356.0
1787131237.271198,-0.292,9.1,0.215,-0.175,0.18,-0.23,11.85,29.25,-35.25,298.0
1787131237.2712228,-0.263,9.043,0.184,-0.116,0.153,-0.127,12.6,28.5,-34.95,183.0
1787131237.271235,-0.306,9.074,0.223,-0.085,0.118,-0.052,12.0,30.3,-33.9,183.0
1787131237.475848,-0.852,9.34,0.453,0.035,0.081,0.27,11.55,28.5,-33.75,153.0
1787131237.4758804,-0.941,9.443,0.467,0.046,0.099,0.304,12.45,29.1,-36.15,153.0
1787131237.475892,-1.185,9.61,0.491,0.06,0.105,0.328,10.95,29.85,-34.35,154.0
1787131237.680654,-1.968,9.328,0.551,0.073,-0.013,0.274,12.75,29.85,-35.1,102.0
1787131237.6806781,-2.162,9.407,0.51,0.054,-0.037,0.275,12.0,30.6,-34.35,102.0
1787131237.680689,-2.274,9.536,0.412,0.047,-0.067,0.25,11.7,31.5,-35.1,126.0
1787131237.885761,-1.396,9.507,0.261,-0.042,-0.054,-0.4,10.95,31.8,-35.85,176.0
1787131237.8857875,-1.255,9.376,0.261,-0.04,0.014,-0.454,11.7,30.3,-34.65,176.0
1787131237.8857985,-1.173,9.359,0.158,-0.035,0.06,-0.465,10.35,30.45,-34.95,123.0
1787131238.0907342,-0.869,9.342,0.062,0.016,0.059,-0.236,12.0,29.85,-35.4,160.0
1787131238.09076,-0.84,9.364,0.062,0.031,0.077,-0.205,11.1,29.7,-34.5,160.0
1787131238.0907707,-0.778,9.495,0.115,0.053,0.076,-0.171,11.85,29.7,-36.3,160.0
1787131238.2947447,-0.96,9.529,0.369,0.109,-0.104,0.19,10.35,29.7,-35.55,134.0
1787131238.2947698,-0.943,9.531,0.433,0.054,-0.112,0.248,11.25,30.3,-35.85,134.0
1787131238.4977026,-1.719,9.572,-0.093,-0.064,0.026,0.146,12.6,31.65,-34.2,186.0
1787131238.5083401,-1.678,9.51,-0.129,-0.049,0.007,0.109,12.45,31.5,-33.3,186.0
1787131238.5083663,-1.616,9.428,-0.108,-0.044,-0.008,0.077,10.5,32.25,-33.6,186.0
1787131238.7114499,-1.386,9.311,0.278,-0.01,-0.189,-0.007,10.5,31.05,-32.85,171.0
1787131238.7114763,-1.271,9.424,0.223,-0.037,-0.155,-0.026,10.2,31.5,-34.35,171.0
1787131238.7114873,-1.202,9.448,0.235,-0.068,-0.107,-0.049,10.35,31.95,-35.55,171.0
1787131238.909974,-1.252,9.337,-0.249,0.064,-0.169,-0.261,10.95,31.05,-33.6,229.0
1787131238.9101613,-1.166,9.196,-0.16,0.098,-0.27,-0.271,10.8,30.9,-33.45,229.0
1787131238.9101696,-1.116,8.954,-0.062,0.126,-0.369,-0.262,10.35,31.65,-33.75,229.0
1787131239.114754,-0.584,10.08,-0.062,-0.043,-0.067,0.205,7.05,33.6,-34.2,204.0
1787131239.1147785,-0.673,10.226,-0.172,-0.071,0.083,0.173,7.5,31.8,-32.1,204.0
1787131239.1147904,-0.759,10.309,-0.266,-0.094,0.225,0.095,8.25,33.0,-32.85,204.0
1787131239.3193424,-0.453,8.564,0.12,0.018,0.094,-0.103,10.2,30.6,-33.9,231.0
1787131239.3193693,-0.395,8.59,0.113,0.029,0.112,0.008,10.8,30.15,-33.45,231.0
1787131239.3193808,-0.443,8.72,0.065,0.053,0.176,0.129,8.85,30.45,-33.75,231.0
1787131239.523606,-1.561,9.756,-0.005,0.175,0.097,0.358,10.35,32.85,-35.25,202.0
1787131239.5236304,-1.7,9.761,0.089,0.181,0.006,0.307,10.95,33.75,-34.65,202.0
1787131239.5236418,-1.64,9.706,0.211,0.168,-0.074,0.251,10.95,33.45,-35.85,199.0
1787131239.72851,-1.599,9.694,0.072,-0.113,0.078,0.006,9.45,34.5,-34.65,173.0
1787131239.7285354,-1.549,9.697,0.096,-0.13,0.089,-0.046,8.7,33.75,-35.1,173.0
1787131239.7285473,-1.578,9.74,0.022,-0.14,0.092,-0.085,10.35,32.85,-34.5,180.0
1787131239.9317536,-1.037,9.227,-0.06,-0.085,-0.281,-0.123,8.1,30.45,-32.7,190.0
1787131240.1386921,-0.618,9.783,-0.304,-0.122,0.205,-0.249,7.95,32.25,-34.35,185.0
1787131240.138718,-0.661,9.718,-0.354,-0.126,0.317,-0.28,7.5,30.3,-33.3,185.0
1787131240.1387298,-0.728,9.565,-0.376,-0.119,0.426,-0.317,7.5,27.9,-32.1,185.0
1787131240.342617,-0.733,9.055,-0.23,0.051,0.367,0.088,12.15,29.7,-36.0,179.0
1787131240.3426428,-0.766,9.052,-0.208,0.075,0.379,0.167,11.55,30.45,-34.5,179.0
1787131240.3426542,-0.891,9.069,-0.139,0.101,0.385,0.233,12.0,31.05,-35.4,179.0
1787131240.5469086,-1.106,9.268,-0.201,0.152,0.371,0.388,11.1,30.45,-36.0,171.0
1787131240.5469334,-1.214,9.301,-0.17,0.162,0.359,0.421,11.25,31.5,-36.15,171.0
1787131240.5469449,-1.326,9.34,-0.156,0.177,0.335,0.455,14.4,31.95,-35.55,171.0
1787131240.7524414,-1.434,9.505,-0.12,0.192,0.266,0.474,14.4,31.65,-36.0,171.0
1787131240.7524664,-1.554,9.548,-0.079,0.195,0.226,0.486,11.85,32.4,-35.25,188.0
1787131240.7524781,-1.592,9.618,-0.053,0.188,0.193,0.478,12.75,32.55,-37.2,188.0
1787131240.9576118,-1.065,9.464,-0.182,-0.09,-0.111,-0.097,14.4,31.65,-37.5,182.0
1787131240.9576373,-1.13,9.448,-0.335,-0.11,-0.112,-0.087,12.6,31.2,-36.0,182.0
1787131240.9576483,-1.199,9.419,-0.371,-0.111,-0.114,-0.079,12.15,31.65,-35.55,182.0
1787131241.1624198,-1.219,9.366,-0.632,-0.024,-0.147,0.023,12.15,32.4,-36.3,195.0
1787131241.1624448,-1.183,9.352,-0.661,0.011,-0.188,0.045,12.15,31.65,-36.75,190.0
1787131241.1624563,-1.171,9.38,-0.579,0.027,-0.208,0.061,12.6,31.2,-36.0,190.0
1787131241.3673713,-1.082,9.548,-0.503,0.047,-0.069,0.09,12.0,32.25,-36.6,183.0
1787131241.3673959,-0.989,9.531,-0.436,0.035,-0.055,0.089,10.2,32.55,-36.15,185.0
1787131241.367407,-1.049,9.601,-0.469,0.036,-0.026,0.092,9.75,32.25,-34.65,185.0
1787131241.5699944,-0.771,9.555,-0.522,-0.09,0.33,0.082,11.55,33.6,-34.5,205.0
1787131241.7763789,-0.809,9.562,-0.397,-0.201,0.649,0.203,17.7,31.5,-37.65,200.0
1787131241.776405,-0.771,9.677,-0.345,-0.22,0.683,0.227,15.75,32.25,-39.9,200.0
1787131241.7764165,-0.819,9.852,-0.402,-0.242,0.723,0.242,18.15,31.95,-40.35,203.0
1787131241.98827,-1.144,9.62,-0.496,-0.176,0.828,0.099,21.15,31.95,-45.15,150.0
1787131241.988362,-1.118,9.392,-0.366,-0.138,0.731,0.092,22.05,31.05,-43.5,150.0
1787131241.9883745,-1.097,9.39,-0.218,-0.107,0.61,0.11,21.15,31.65,-45.15,150.0
1787131242.1857953,0.56,9.608,0.706,-0.15,0.674,0.187,23.25,32.25,-48.0,86.0
1787131242.1858196,0.637,9.62,0.666,-0.178,0.801,0.156,23.25,32.25,-48.0,86.0
1787131242.1858306,0.56,9.467,0.685,-0.189,0.889,0.137,24.45,31.2,-48.15,58.0
1787131242.3918374,0.548,8.923,0.582,-0.109,0.831,0.15,26.25,31.8,-51.3,46.0
1787131242.391869,0.62,8.935,0.579,-0.094,0.833,0.159,27.0,33.0,-53.1,46.0
1787131242.3918808,0.611,8.906,0.709,-0.063,0.843,0.16,25.95,32.4,-54.0,46.0
1787131242.5952463,0.089,8.851,0.96,-0.051,1.184,0.113,30.15,31.65,-60.6,50.0
1787131242.5952704,0.014,8.914,0.943,-0.026,1.2,0.085,29.85,32.25,-59.7,50.0
1787131242.5952816,-0.132,8.897,0.905,-0.012,1.177,0.079,31.2,33.6,-61.8,50.0
1787131242.801343,-0.261,9.335,1.829,0.231,0.365,-0.029,32.4,33.6,-65.85,111.0
1787131242.801367,-0.057,9.438,2.107,0.188,0.336,-0.072,32.7,33.6,-68.4,111.0
1787131242.801378,-0.007,9.481,2.303,0.137,0.251,-0.074,33.9,33.9,-68.7,111.0
1787131243.0046272,-0.211,9.668,1.753,-0.283,0.595,-0.643,33.3,31.8,-69.6,137.0
1787131243.004651,-0.151,9.675,1.465,-0.351,0.602,-0.706,34.05,31.5,-70.35,137.0
1787131243.004662,-0.036,10.032,1.156,-0.393,0.602,-0.718,32.85,30.6,-70.35,137.0
1787131243.2082808,-0.117,8.808,0.297,-0.231,0.439,-0.136,35.7,27.45,-72.75,110.0
1787131243.4218736,-1.101,8.502,-0.16,0.188,0.176,0.164,37.05,28.8,-78.15,103.0
1787131243.421899,-0.984,8.444,-0.18,0.201,0.33,0.229,37.2,30.15,-78.3,116.0
1787131243.4219108,-0.826,8.511,-0.196,0.204,0.512,0.269,36.75,30.15,-78.3,116.0
1787131243.619817,-1.616,9.96,-0.613,0.332,1.087,0.276,35.1,33.45,-87.3,103.0
1787131243.619842,-1.623,9.986,-0.4,0.368,1.071,0.194,35.55,33.45,-89.55,143.0
1787131243.6198633,-1.554,9.871,-0.12,0.376,1.033,0.102,34.65,34.35,-88.95,143.0
1787131243.8256783,-0.857,9.814,0.651,0.158,0.641,0.259,33.15,35.1,-96.3,119.0
1787131243.825704,-0.917,9.649,0.596,0.112,0.685,0.241,32.4,35.1,-95.25,92.0
1787131243.8257158,-1.006,9.653,0.69,0.077,0.751,0.223,33.6,33.75,-96.45,92.0
1787131244.0287547,-1.288,9.452,0.754,-0.188,0.608,0.155,30.6,35.7,-101.7,114.0
1787131244.0287788,-1.219,9.488,0.852,-0.228,0.586,0.15,29.85,36.15,-102.0,96.0
1787131244.02879,-0.9,10.405,0.409,-0.407,0.753,0.223,29.4,37.8,-102.6,96.0
1787131244.2341273,-0.922,9.649,1.496,-0.388,-0.192,-0.598,26.7,37.8,-104.1,74.0
1787131244.234152,-0.905,9.562,1.403,-0.621,-0.39,-0.549,26.4,36.6,-102.9,112.0
1787131244.2341635,-0.436,9.23,1.324,-0.739,-0.525,-0.454,27.15,37.5,-104.1,112.0
1787131244.438436,-0.11,9.131,0.283,-0.827,0.859,-0.473,28.95,39.75,-99.3,98.0
1787131244.4384608,-0.419,9.491,0.247,-0.879,0.766,-0.584,27.3,39.15,-100.95,98.0
1787131244.4384723,-0.419,9.783,0.196,-0.885,0.353,-0.682,27.9,41.7,-100.35,98.0
1787131244.6439729,0.476,7.939,0.68,-0.005,-0.259,-0.256,26.55,39.6,-99.15,60.0
1787131244.6439981,0.541,7.829,0.804,0.061,-0.311,-0.156,27.3,39.6,-98.4,60.0
1787131244.6440096,0.541,7.942,0.84,0.134,-0.319,-0.052,28.2,38.25,-99.3,60.0
1787131244.8474703,-0.433,8.945,1.824,0.627,-0.049,0.573,28.05,38.85,-99.45,74.0
1787131245.0532026,-0.682,12.151,1.422,0.004,0.275,0.014,27.45,39.75,-101.85,125.0
1787131245.0532289,-1.729,11.473,1.283,0.159,0.221,0.096,28.2,39.0,-100.05,125.0
1787131245.0532405,-1.942,10.934,1.025,0.244,-0.004,0.06,27.15,40.2,-102.15,125.0
1787131245.2580602,-0.634,9.653,0.168,-0.433,-0.738,-0.706,30.3,39.15,-98.7,183.0
1787131245.2580857,-0.393,9.749,0.101,-0.442,-0.532,-0.766,31.05,38.4,-98.4,183.0
1787131245.258097,-0.414,9.704,0.034,-0.442,-0.314,-0.818,30.6,38.85,-96.9,183.0
1787131245.4628868,-0.634,9.799,-1.068,-0.459,-0.417,-0.333,32.4,35.85,-93.75,87.0
1787131245.4629123,-0.776,9.471,-1.044,-0.323,-0.36,-0.248,32.55,38.4,-93.9,87.0
1787131245.4629235,-0.907,9.172,-0.998,-0.208,-0.334,-0.206,31.65,36.3,-93.75,87.0
1787131245.667202,-1.556,9.299,-0.206,0.034,-0.268,0.118,34.95,37.05,-91.5,134.0
1787131245.6672277,-1.578,9.354,-0.074,0.103,-0.167,0.037,34.2,36.6,-90.45,134.0
1787131245.6672392,-1.523,9.189,0.105,0.173,-0.007,-0.056,32.55,36.15,-90.3,134.0
1787131245.8718503,-1.367,8.928,0.915,0.002,0.303,0.201,34.95,36.6,-90.75,215.0
1787131245.87189,-1.453,8.921,0.9,0.052,0.524,0.208,31.95,37.5,-91.5,215.0
1787131245.8719015,-1.58,9.062,0.845,0.083,0.677,0.223,32.7,35.85,-92.25,215.0
1787131246.0765886,-1.908,9.285,1.113,0.055,0.535,0.468,31.2,39.0,-96.75,204.0
1787131246.0766175,-2.014,9.57,1.252,0.03,0.528,0.479,31.35,38.85,-96.15,204.0
1787131246.076629,-1.741,10.022,1.07,-0.044,0.582,0.485,30.45,39.0,-96.75,239.0
1787131246.282157,-1.525,9.373,1.583,-0.026,0.429,-0.028,26.4,41.25,-102.15,249.0
1787131246.282177,-1.389,9.462,1.575,-0.129,0.359,-0.028,24.9,41.7,-101.55,249.0
1787131246.2821832,-1.326,9.529,1.513,-0.203,0.263,0.013,25.8,41.85,-100.95,203.0
1787131246.486378,-0.666,9.072,0.919,-0.186,0.457,-0.015,22.05,42.3,-103.2,175.0
1787131246.4864035,-0.005,8.904,1.111,-0.17,0.085,0.047,21.3,42.3,-105.3,166.0
1787131246.6919584,-0.328,8.952,2.071,0.015,-0.101,0.031,18.75,43.05,-105.3,108.0
1787131246.6919873,-0.163,8.825,2.145,-0.021,-0.02,0.029,19.5,44.25,-104.25,108.0
1787131246.6920002,-0.237,8.899,2.037,-0.042,0.043,0.053,20.4,43.2,-106.2,108.0
1787131246.895867,-0.675,8.928,1.681,0.084,-0.175,0.007,19.05,41.85,-104.55,144.0
1787131246.8958917,-0.718,8.894,1.628,0.1,-0.175,-0.015,19.5,43.8,-106.05,144.0
1787131246.8959029,-0.711,8.748,1.666,0.132,-0.189,-0.023,18.6,43.65,-104.85,144.0
1787131247.1005945,-0.9,9.122,1.97,0.209,-0.229,-0.087,20.1,41.25,-105.9,165.0
1787131247.1006186,-0.907,9.091,2.037,0.197,-0.26,-0.12,20.25,43.05,-105.75,165.0
1787131247.1006298,-0.972,9.091,2.059,0.192,-0.304,-0.139,20.4,42.9,-106.2,165.0
1787131247.305208,-0.338,11.849,1.346,0.002,-0.18,-0.222,22.5,40.35,-103.95,288.0
1787131247.3052337,-0.929,11.289,1.31,0.036,-0.239,-0.176,22.05,40.65,-103.95,288.0
1787131247.305245,-1.279,10.927,1.128,-0.005,-0.33,-0.225,22.35,40.95,-103.65,288.0
1787131247.5061975,-0.642,9.443,-0.151,-0.166,-0.101,-0.516,21.9,39.75,-101.85,671.0
1787131247.511143,-0.668,9.187,-0.069,-0.107,-0.074,-0.514,23.85,38.55,-100.35,671.0
1787131247.5111709,-0.658,8.94,-0.031,-0.052,-0.08,-0.494,23.25,39.15,-100.95,671.0
1787131247.7151148,-0.251,9.084,-0.266,-0.079,-0.131,0.234,24.0,38.85,-100.5,221.0
1787131247.7151392,-0.235,9.234,-0.371,-0.068,0.011,0.341,22.05,38.85,-100.5,292.0
1787131247.7151504,-0.314,9.546,-0.476,-0.043,0.173,0.442,23.85,40.95,-100.05,292.0
1787131247.9247754,-0.864,9.23,-0.587,0.086,0.822,0.163,19.5,41.85,-102.0,651.0
1787131247.9248,-0.828,9.206,-0.658,0.131,0.857,0.225,17.85,42.15,-102.9,651.0
1787131247.9248111,-0.824,9.297,-0.596,0.183,0.873,0.299,18.9,43.2,-101.55,651.0
1787131248.1240177,-1.379,9.718,0.35,0.468,0.623,0.671,14.25,42.6,-107.55,338.0
1787131248.1240463,-1.386,9.79,0.443,0.455,0.575,0.659,14.1,43.2,-108.45,338.0
1787131248.3354375,-0.939,9.73,0.364,-0.4,1.6,-0.216,3.9,44.25,-113.1,143.0
1787131248.3354623,-0.699,10.41,0.074,-0.469,1.584,-0.227,3.6,44.85,-111.75,143.0
1787131248.3354743,-0.287,11.332,-0.453,-0.595,1.653,-0.214,0.6,45.9,-111.75,111.0
1787131248.5355155,0.369,8.543,0.433,-0.311,1.286,-0.223,-6.0,46.5,-111.6,146.0
1787131248.5355413,0.062,8.796,0.522,-0.359,0.916,0.114,-7.35,48.6,-111.75,146.0
1787131248.5355525,0.316,9.11,0.407,-0.422,0.739,0.297,-7.2,47.25,-109.8,132.0
1787131248.7446706,0.244,9.503,0.247,-0.096,1.509,0.143,-18.0,47.7,-108.3,123.0
1787131248.744696,0.383,9.199,0.405,-0.137,1.196,0.231,-18.3,46.5,-107.55,123.0
1787131248.7447069,0.737,8.926,0.596,-0.13,1.013,0.349,-19.5,49.2,-108.6,159.0
1787131248.9433887,-0.065,9.383,1.547,0.06,0.827,0.575,-27.45,44.85,-106.65,116.0
1787131248.943413,-0.031,9.031,1.554,0.086,0.909,0.493,-27.45,44.4,-106.2,116.0
1787131248.943424,-0.036,8.847,1.537,0.106,1.017,0.405,-28.2,44.4,-106.65,132.0
1787131249.1481464,-0.694,8.813,1.223,0.004,1.314,0.06,-35.1,42.6,-103.2,112.0
1787131249.1481705,-0.795,8.863,1.211,0.047,1.303,-0.016,-36.0,43.65,-102.6,112.0
1787131249.1482391,-0.931,8.961,1.358,0.098,1.232,-0.089,-37.2,40.95,-101.85,112.0
1787131249.3535457,-0.065,9.347,2.188,0.152,0.597,-0.47,-38.85,41.1,-98.7,113.0
1787131249.3535714,-0.026,9.388,2.234,0.14,0.607,-0.474,-38.7,42.15,-98.85,113.0
1787131249.3535829,0.024,9.491,2.267,0.112,0.606,-0.458,-37.8,45.0,-98.4,113.0
1787131249.5542274,0.077,9.807,1.788,-0.084,0.475,-0.189,-39.45,43.65,-97.05,84.0
1787131249.5655549,-0.242,9.577,1.609,-0.109,0.485,-0.167,-40.05,46.2,-96.9,84.0
1787131249.5655804,-0.378,9.313,1.482,-0.162,0.511,-0.165,-40.2,45.6,-96.3,84.0
1787131249.762052,-1.271,10.034,0.275,-0.163,0.74,0.26,-42.0,43.65,-93.45,56.0
1787131249.96365,-2.191,9.172,-0.237,0.048,0.86,0.155,-46.65,43.8,-85.8,92.0
1787131249.9652169,-2.107,9.182,-0.18,0.06,0.82,0.121,-46.5,44.85,-84.15,134.0
1787131249.9687142,-1.987,9.242,-0.122,0.057,0.809,0.07,-48.6,44.25,-83.7,134.0
1787131250.172058,-1.58,9.352,0.376,0.171,1.017,0.172,-48.6,43.05,-77.7,128.0
1787131250.172082,-1.566,9.333,0.467,0.173,0.999,0.209,-49.65,42.6,-75.9,154.0
1787131250.1720934,-1.547,9.438,0.491,0.164,0.984,0.239,-51.15,41.85,-76.65,154.0
1787131250.3776908,-1.566,9.697,0.606,0.053,1.11,0.442,-51.6,39.9,-70.35,270.0
1787131250.3777163,-1.642,9.663,0.711,0.049,1.093,0.442,-52.65,39.15,-69.3,270.0
1787131250.3777275,-1.712,9.591,0.692,0.04,1.061,0.443,-51.3,37.8,-66.9,270.0
1787131250.581464,-0.608,11.717,0.031,-0.55,1.279,0.311,-51.9,33.0,-60.45,210.0
1787131250.5814893,-1.061,11.863,-0.208,-0.5,1.402,0.372,-52.8,32.85,-57.75,185.0
1787131250.5815012,-1.81,10.76,0.211,-0.244,1.347,0.394,-51.15,31.8,-56.85,185.0
1787131250.7867877,-0.215,9.122,0.97,-0.615,0.186,-0.17,-50.1,33.75,-52.05,244.0
1787131250.7868135,0.251,9.096,0.761,-0.634,0.274,-0.045,-49.35,33.45,-52.05,121.0
1787131250.7868254,0.565,9.072,0.517,-0.596,0.518,0.053,-48.6,33.75,-52.05,121.0
1787131250.9909172,0.39,9.273,0.69,-0.391,0.235,-0.226,-46.2,33.15,-46.35,127.0
1787131250.9909403,0.936,9.316,0.661,-0.404,0.196,-0.217,-44.25,32.4,-44.1,127.0
1787131250.9909527,1.379,9.28,0.62,-0.392,0.326,-0.206,-43.95,32.4,-46.35,128.0
1787131251.1959934,-0.019,8.641,1.245,-0.044,0.445,0.274,-41.7,31.65,-42.3,114.0
1787131251.1960177,-0.005,8.696,1.312,-0.023,0.26,0.363,-41.85,32.25,-42.75,114.0
1787131251.1960297,0.048,8.866,1.255,-0.001,0.224,0.4,-42.75,31.2,-42.6,114.0
1787131251.3989377,-0.723,9.12,1.386,0.391,0.41,0.262,-41.55,31.05,-39.45,118.0
1787131251.6052167,-0.804,9.55,2.248,0.187,-0.124,-0.093,-41.85,33.0,-40.95,120.0
1787131251.605241,-0.788,9.594,2.193,0.138,-0.131,-0.137,-42.0,33.6,-40.05,120.0
1787131251.6052554,-0.809,9.594,2.195,0.11,-0.141,-0.175,-42.0,31.95,-41.55,120.0
1787131251.8109205,-1.856,9.201,1.032,-0.021,-0.813,-0.225,-43.5,33.6,-43.65,161.0
1787131251.810945,-1.607,8.942,1.01,-0.122,-0.908,-0.348,-43.95,33.9,-43.65,161.0
1787131251.810956,-1.391,9.052,0.958,-0.233,-0.955,-0.407,-43.95,34.35,-44.1,161.0
1787131252.0208144,-0.893,9.759,0.074,-0.204,-1.008,-0.394,-45.9,35.25,-50.85,216.0
1787131252.0208428,-0.9,9.778,0.045,-0.258,-0.941,-0.419,-47.4,35.7,-52.05,216.0
1787131252.0208654,-0.857,9.725,0.065,-0.29,-0.887,-0.443,-47.7,35.1,-53.25,216.0
1787131252.2196395,-0.972,9.527,-0.639,-0.185,-0.203,-0.229,-48.0,38.25,-55.5,122.0
1787131252.219664,-0.929,9.199,-0.524,-0.113,-0.165,-0.256,-47.4,37.65,-56.4,122.0
1787131252.2196755,-0.754,9.024,-0.407,-0.071,-0.079,-0.305,-46.35,38.85,-56.1,122.0
1787131252.4242356,-0.17,8.59,-0.105,0.147,0.451,0.188,-47.1,40.65,-53.85,128.0
1787131252.4242606,-0.177,8.722,0.098,0.198,0.492,0.349,-47.1,40.65,-54.9,128.0
1787131252.4242718,-0.299,8.923,0.23,0.224,0.504,0.519,-45.6,39.15,-53.85,128.0
1787131252.6292326,-0.328,9.182,0.378,0.232,0.478,0.69,-46.2,40.2,-53.25,128.0
1787131252.6292577,-0.536,9.395,0.594,0.225,0.426,0.864,-46.35,37.95,-53.85,128.0
1787131252.6292686,-0.673,9.493,0.706,0.219,0.364,1.003,-46.5,37.5,-54.45,187.0
1787131252.833678,-1.592,9.685,2.042,0.739,0.577,0.201,-45.6,30.6,-49.35,142.0
1787131252.833702,-1.47,10.161,2.1,0.385,0.432,0.057,-46.5,31.2,-47.1,629.0
1787131252.8337133,-1.501,10.132,2.1,-0.201,0.247,0.023,-43.65,31.5,-46.8,629.0
1787131253.0370972,-0.888,9.464,1.109,-0.263,-0.466,-0.578,-40.35,31.05,-38.7,221.0
1787131253.2437325,-0.479,9.301,2.174,0.171,0.052,0.312,-41.85,34.2,-40.2,103.0
1787131253.2437587,-0.702,9.29,2.119,0.105,-0.13,0.36,-42.75,34.35,-41.1,103.0
1787131253.24377,-0.752,9.4,1.867,0.039,-0.309,0.407,-42.45,35.1,-40.8,103.0
1787131253.4479067,-0.807,9.165,1.413,0.195,-0.027,0.2,-43.65,31.8,-43.2,131.0
1787131253.4479308,-0.833,9.158,1.475,0.211,-0.093,0.189,-44.1,29.85,-42.75,131.0
1787131253.4479423,-0.874,9.155,1.487,0.229,-0.153,0.154,-43.5,30.45,-42.6,131.0
1787131253.6533003,-0.723,9.254,1.762,0.136,0.022,-0.113,-44.25,33.15,-42.6,241.0
1787131253.6533263,-0.924,9.22,1.774,0.138,-0.046,-0.122,-43.95,30.9,-44.1,241.0
1787131253.6533377,-0.905,9.153,1.628,0.127,-0.162,-0.119,-43.5,31.2,-44.4,241.0
1787131253.8581345,-0.905,10.135,1.211,-0.043,0.012,-0.241,-43.95,33.15,-44.1,169.0
1787131253.8581598,-1.015,9.876,1.097,0.005,-0.016,-0.296,-45.15,31.8,-44.25,169.0
1787131253.8581712,-0.826,9.553,1.061,-0.011,-0.008,-0.361,-43.95,32.85,-44.85,169.0
1787131254.0623605,-0.867,9.68,0.062,0.005,0.404,-0.283,-41.7,35.55,-42.6,156.0
1787131254.0623877,-0.972,9.498,-0.086,0.083,0.284,-0.264,-42.45,35.1,-43.05,156.0
1787131254.062399,-1.02,9.175,-0.098,0.15,0.155,-0.242,-41.85,36.15,-42.75,156.0
1787131254.2676086,-0.651,9.383,0.11,0.192,-0.209,0.167,-42.15,36.45,-44.7,297.0
1787131254.2676344,-0.769,9.823,-0.005,0.146,-0.151,0.227,-43.65,37.2,-44.25,297.0
1787131254.2676466,-0.778,10.24,-0.055,0.078,-0.098,0.269,-42.15,37.2,-43.5,297.0
1787131254.4736695,-0.663,9.505,-0.567,-0.261,1.654,-0.234,-40.8,35.7,-42.0,265.0
1787131254.4736953,-1.178,9.402,-0.627,-0.31,1.701,-0.122,-40.05,36.45,-40.95,265.0
1787131254.4737065,-1.518,9.21,-0.656,-0.345,1.639,0.023,-38.55,35.25,-40.2,265.0
1787131254.67703,-2.588,9.543,-0.139,-0.261,1.702,0.232,-28.95,33.6,-31.5,95.0
1787131254.677059,-2.521,9.51,-0.127,-0.346,1.596,0.258,-28.8,34.2,-31.35,95.0
1787131254.6770701,-2.464,9.562,-0.045,-0.415,1.555,0.23,-27.3,33.0,-29.55,95.0
1787131254.881176,-2.375,8.712,1.034,-0.327,1.897,-0.212,-8.7,29.1,-22.5,43.0
1787131254.8812013,-2.65,8.995,1.223,-0.302,1.568,-0.211,-9.6,28.2,-23.85,64.0
1787131254.8812125,-2.739,9.246,1.381,-0.262,1.13,-0.162,-7.05,30.45,-22.8,64.0
1787131255.0861862,-1.14,8.078,1.944,-0.188,0.728,-0.304,-4.35,27.75,-23.55,74.0
1787131255.0862107,-1.307,7.836,1.762,-0.21,0.908,-0.297,-4.35,29.25,-23.1,74.0
1787131255.0862222,-1.978,7.465,1.523,-0.241,0.987,-0.28,-3.6,28.5,-22.8,76.0
1787131255.2911892,-2.365,6.788,0.845,0.3,0.214,-0.246,0.6,28.2,-24.6,74.0
1787131255.2912138,-2.617,6.96,0.711,0.383,0.173,-0.357,1.2,28.35,-24.0,74.0
1787131255.2912254,-2.892,6.972,0.682,0.412,0.056,-0.402,1.8,27.45,-23.55,64.0
1787131255.4961648,-2.037,9.172,0.33,0.302,0.072,-0.193,1.65,29.1,-23.25,35.0
1787131255.496194,-2.191,9.225,0.182,0.326,0.084,-0.208,1.95,30.6,-21.75,35.0
1787131255.4962008,-2.842,9.414,0.0,0.267,0.021,-0.173,1.8,29.25,-21.6,42.0
1787131255.7002156,-4.396,10.211,0.302,-0.357,-0.462,-0.328,-0.45,26.85,-19.95,49.0
1787131255.7002392,-4.389,10.362,0.438,-0.503,-0.445,-0.332,-1.05,25.8,-20.55,49.0
1787131255.7002504,-4.52,10.24,0.522,-0.577,-0.432,-0.311,-1.8,24.3,-20.1,62.0
1787131255.9050083,-4.451,10.599,2.346,-0.884,-0.35,-0.096,-5.1,19.2,-18.75,35.0
1787131255.905034,-4.216,10.657,2.713,-0.964,-0.252,-0.106,-2.85,13.8,-18.3,35.0
1787131255.9050453,-4.061,10.704,2.617,-0.997,-0.115,-0.114,-5.55,16.5,-17.55,35.0
1787131256.1102395,-4.573,8.521,3.388,-1.244,0.538,-0.366,-4.35,6.45,-18.75,134.0
1787131256.1102648,-4.714,8.097,3.534,-1.1,0.435,-0.428,-3.45,5.55,-17.7,134.0
1787131256.1102757,-5.033,7.566,3.608,-1.048,0.193,-0.406,-1.95,4.35,-18.9,134.0
1787131256.3130515,-4.075,6.072,3.938,-0.471,-0.007,-0.241,-1.05,-1.8,-18.75,72.0
1787131256.5219648,-4.166,5.792,5.124,-0.386,0.239,-0.23,-1.2,-3.15,-18.45,98.0
1787131256.5221658,-4.118,5.686,5.327,-0.388,0.242,-0.211,-0.6,-4.95,-20.1,98.0
1787131256.724055,-3.191,5.787,6.232,0.071,-0.187,-0.064,-6.45,-5.85,-20.7,250.0
1787131256.7240803,-3.321,5.686,6.39,0.103,-0.022,-0.028,-5.4,-6.3,-21.15,250.0
1787131256.724092,-3.613,5.734,6.438,0.121,0.085,0.024,-7.95,-5.1,-22.2,250.0
1787131256.9286563,-4.228,5.823,6.553,0.164,0.088,0.124,-6.6,-6.45,-19.5,250.0
1787131256.928682,-4.515,5.868,6.503,0.151,0.055,0.171,-5.55,-6.45,-20.1,250.0
1787131256.9286935,-4.401,6.129,6.407,0.105,0.04,0.168,-5.1,-5.7,-20.1,250.0
1787131257.1336145,-4.551,6.701,6.314,-0.333,0.019,-0.156,-4.95,-7.05,-20.7,237.0
1787131257.1336403,-4.453,6.519,6.258,-0.405,0.022,-0.183,-5.7,-6.3,-19.2,237.0
1787131257.1336515,-4.24,6.273,6.235,-0.398,0.0,-0.176,-6.6,-7.2,-20.85,237.0
1787131257.338157,-3.249,6.134,7.154,0.087,0.732,-0.177,-5.55,-9.15,-21.6,154.0
1787131257.338182,-4.257,5.497,6.95,0.006,0.644,-0.106,-6.3,-7.65,-23.1,154.0
1787131257.3381932,-5.365,4.999,6.752,-0.103,0.255,0.04,-4.35,-8.85,-20.85,154.0
1787131257.5428205,-5.523,5.078,5.586,0.067,-0.076,0.1,-3.6,-9.6,-22.05,154.0
1787131257.5428436,-5.373,5.349,6.069,0.154,-0.314,0.09,-5.85,-9.15,-23.85,154.0
1787131257.5428607,-5.282,5.65,6.302,0.19,-0.465,0.135,-5.1,-9.15,-21.3,146.0
1787131257.7483342,-4.298,6.347,6.984,-0.097,0.163,-0.159,-8.7,-9.75,-20.7,100.0
1787131257.7483585,-4.547,6.179,7.015,-0.206,0.208,-0.203,-7.2,-8.7,-21.45,100.0
1787131257.7483697,-4.748,5.727,7.008,-0.218,0.201,-0.223,-7.35,-10.05,-20.85,143.0
1787131257.9506235,-4.638,4.487,6.148,-0.232,0.144,-0.237,-8.7,-10.5,-24.45,172.0
1787131258.1572583,-4.669,5.021,6.716,-0.01,-0.147,-0.014,-8.55,-10.05,-22.8,126.0
1787131258.1572838,-4.76,4.906,6.567,-0.095,-0.082,-0.007,-9.3,-9.6,-22.8,126.0
1787131258.157295,-5.064,4.831,6.563,-0.154,-0.015,-0.022,-8.85,-10.05,-22.35,126.0
1787131258.3629827,-1.887,4.788,8.358,-0.44,-0.461,0.329,-10.95,-12.45,-24.0,62.0
1787131258.3631709,-3.057,4.997,8.425,-0.444,-0.394,0.531,-12.9,-13.5,-23.85,62.0
1787131258.363179,-2.988,4.659,8.183,-0.461,-0.504,0.897,-11.7,-12.9,-25.8,62.0
1787131258.5672753,-2.796,5.224,8.171,0.059,0.118,0.526,-11.55,-15.0,-25.65,56.0
1787131258.567293,-3.278,5.423,7.772,0.012,0.279,0.498,-10.5,-14.85,-25.5,56.0
1787131258.5672991,-3.632,5.351,7.171,-0.045,0.416,0.396,-10.95,-14.4,-25.8,56.0
1787131258.771418,-1.164,5.921,8.49,0.655,-0.363,0.358,-8.25,-13.65,-25.8,78.0
1787131258.7714446,-1.362,6.246,8.267,0.601,-0.212,0.28,-8.85,-13.05,-24.6,78.0
1787131258.771458,-1.595,6.955,7.798,0.284,-0.06,0.153,-8.55,-12.75,-24.6,78.0
1787131258.976431,-2.365,5.432,5.713,-0.069,-0.288,0.078,-8.85,-16.95,-26.4,46.0
1787131258.976455,-1.762,5.341,5.578,-0.081,-0.172,0.121,-8.55,-13.8,-27.15,46.0
1787131258.9764664,-1.279,5.341,5.885,-0.042,-0.038,0.071,-8.55,-15.45,-26.85,46.0
1787131259.1815565,-2.428,5.612,8.447,0.407,-0.489,0.13,-9.45,-14.85,-24.45,47.0
1787131259.1815827,-2.564,5.461,8.238,0.39,-0.658,0.144,-10.5,-15.15,-23.7,51.0
1787131259.181594,-1.923,5.162,8.03,0.245,-0.716,0.18,-11.25,-13.2,-24.45,51.0
1787131259.385968,-2.521,6.184,7.654,0.196,-0.179,-0.16,-12.0,-12.15,-24.0,51.0
1787131259.3862112,-2.195,6.055,7.278,0.068,-0.186,-0.263,-12.0,-11.7,-23.7,38.0
1787131259.3862305,-1.824,6.134,7.039,-0.042,-0.121,-0.288,-12.9,-11.1,-22.35,38.0
1787131259.5886729,-2.375,5.72,6.732,0.288,0.276,-0.131,-14.25,-11.7,-21.45,35.0
1787131259.7957823,-3.199,6.67,6.218,0.062,0.021,-0.34,-12.9,-6.9,-17.55,138.0
1787131259.7958086,-2.998,6.651,6.158,0.063,-0.009,-0.39,-13.2,-7.05,-18.45,138.0
1787131259.7958198,-2.976,6.773,6.012,0.033,0.064,-0.343,-13.95,-6.75,-17.1,138.0
1787131260.0000553,-3.668,7.369,6.91,0.257,-0.741,-0.427,-15.45,-3.15,-18.15,138.0
1787131260.0000796,-3.531,7.573,6.756,0.148,-0.842,-0.523,-17.4,-3.75,-19.05,138.0
1787131260.000091,-3.493,7.748,6.579,0.008,-0.935,-0.622,-17.7,-3.6,-18.45,138.0
1787131260.2051034,-1.085,4.662,6.706,-0.12,-0.087,-0.364,-26.4,-0.75,-21.3,121.0
1787131260.2051272,-1.59,4.532,6.689,-0.111,0.11,-0.255,-28.05,0.45,-21.75,121.0
1787131260.2051387,-1.949,4.305,6.522,-0.091,0.16,-0.164,-25.65,0.75,-21.3,121.0
1787131260.409667,-1.571,6.05,5.602,-0.381,0.77,0.248,-24.45,0.3,-21.6,121.0
1787131260.409692,-2.148,6.493,5.839,-0.305,0.922,0.262,-22.35,-2.25,-20.85,121.0
1787131260.4097037,-2.504,6.847,6.134,-0.193,0.963,0.326,-21.75,-2.1,-20.7,121.0
1787131260.6144395,-4.413,6.029,7.824,0.328,0.227,0.253,-15.0,-2.1,-18.15,1599.0
1787131260.614463,-4.369,6.069,7.355,0.172,0.183,0.199,-16.65,-1.5,-16.8,1599.0
1787131260.614474,-4.365,5.839,7.046,-0.005,0.241,0.141,-15.9,-0.3,-16.8,1599.0
1787131260.8186626,-3.237,6.687,5.679,-0.063,-0.259,0.089,-15.6,-2.25,-17.25,1496.0
1787131260.818688,-2.947,6.819,5.669,-0.014,-0.247,0.079,-14.4,-3.45,-17.55,1496.0
1787131260.8186996,-2.693,6.926,5.717,0.087,-0.147,0.036,-15.9,-1.5,-17.55,1496.0
1787131261.0243962,-3.1,6.323,6.871,0.247,0.017,0.037,-16.65,-1.05,-16.05,1974.0
1787131261.0244215,-3.476,6.249,6.879,0.168,0.044,0.059,-16.65,-1.05,-16.8,1974.0
1787131261.0244324,-3.68,6.098,6.859,0.126,0.036,0.067,-15.45,-0.15,-14.85,1974.0
1787131261.2271388,-3.199,6.893,5.799,-0.027,-0.107,-0.045,-15.45,-0.15,-16.65,1938.0
1787131261.4339616,-2.521,6.783,6.098,0.07,-0.039,0.029,-17.4,0.0,-16.8,2037.0
1787131261.4341412,-2.717,6.857,6.179,0.069,-0.042,0.049,-16.2,-0.9,-16.65,2037.0
1787131261.4341574,-2.792,6.871,6.108,0.068,-0.046,0.076,-17.4,-0.75,-16.05,2037.0
1787131261.6403222,-2.866,6.742,5.988,0.014,0.018,0.026,-15.0,0.9,-15.6,2060.0
1787131261.6403482,-2.931,6.867,5.969,0.011,0.012,0.034,-15.6,-0.3,-15.75,2060.0
1787131261.6403594,-2.878,6.821,5.952,0.007,-0.002,0.036,-15.0,0.45,-15.15,2038.0
1787131261.842907,-2.99,6.879,5.923,-0.054,0.076,0.002,-15.75,1.65,-17.1,2066.0
1787131261.842933,-3.043,6.91,5.964,-0.054,0.061,0.032,-15.15,-0.3,-15.0,2066.0
1787131261.842944,-3.067,6.855,5.964,-0.061,0.037,0.046,-15.6,0.0,-15.45,2094.0
1787131262.0482411,-2.954,6.61,6.11,-0.037,0.051,-0.017,-16.2,0.15,-16.65,2042.0
1787131262.0482674,-3.041,6.67,6.007,-0.031,0.067,-0.037,-16.35,0.0,-15.0,2042.0
1787131262.0482786,-3.026,6.68,5.974,-0.044,0.069,-0.056,-15.45,-1.35,-15.15,2131.0
1787131262.2531376,-3.072,6.721,5.976,0.067,-0.034,-0.016,-16.2,0.45,-15.6,2086.0
1787131262.2531734,-3.057,6.718,5.981,0.061,-0.051,-0.001,-16.65,1.5,-16.05,2086.0
1787131262.2531812,-3.141,6.826,6.029,0.052,-0.062,0.002,-14.7,0.9,-16.65,2141.0
1787131262.457485,-3.055,6.84,5.94,-0.035,0.032,-0.025,-15.15,0.3,-16.05,2178.0
1787131262.4575102,-3.041,6.874,5.861,-0.03,0.033,-0.027,-14.25,2.1,-15.6,2178.0
1787131262.4575214,-3.01,6.816,5.921,-0.035,0.033,-0.026,-16.2,-0.15,-15.9,2178.0
1787131262.6624742,-2.988,6.725,5.854,-0.023,0.036,0.016,-15.45,0.15,-17.7,2068.0
1787131262.6624994,-3.024,6.737,5.868,-0.018,0.025,0.016,-15.9,1.05,-15.45,2068.0
1787131262.6625104,-3.089,6.699,5.895,-0.005,0.026,0.012,-14.1,1.05,-15.45,2068.0
1787131262.8665493,-3.055,6.665,6.048,-0.022,0.023,-0.02,-14.7,0.9,-15.9,2121.0
1787131262.8665745,-3.098,6.718,5.964,-0.018,0.027,-0.023,-13.95,0.9,-16.65,2121.0
1787131263.0713298,-3.177,6.776,5.89,0.014,0.018,0.003,-14.85,0.75,-16.8,2176.0
1787131263.0713584,-3.179,6.833,5.875,0.009,0.016,0.001,-14.1,0.75,-16.05,2147.0
1787131263.07137,-3.175,6.804,5.969,0.021,0.016,0.004,-15.15,1.05,-16.5,2147.0
1787131263.276623,-3.201,6.8,5.897,-0.016,-0.01,-0.005,-13.65,2.25,-16.8,2170.0
1787131263.2766488,-3.117,6.788,5.887,-0.02,0.0,-0.013,-15.15,1.8,-16.8,2170.0
1787131263.27666,-3.1,6.814,5.954,-0.012,-0.002,-0.015,-14.1,-0.3,-16.8,2170.0
1787131263.4815617,-3.098,6.795,5.887,0.037,-0.004,0.021,-15.0,0.45,-16.65,2068.0
1787131263.4815867,-3.041,6.862,5.88,0.034,0.001,0.021,-14.85,-0.3,-15.45,2068.0
1787131263.4815981,-3.117,6.898,5.904,0.035,-0.004,0.019,-14.4,0.75,-15.0,2068.0
1787131263.6856985,-3.057,6.802,5.816,-0.015,0.024,-0.006,-14.1,0.3,-16.5,2159.0
1787131263.6857243,-3.079,6.886,5.772,-0.006,0.019,-0.008,-13.65,1.05,-16.05,2159.0
1787131263.6857357,-3.036,6.809,5.789,-0.007,0.023,-0.005,-14.4,1.05,-16.05,2159.0
1787131263.8908782,-3.053,6.831,5.823,0.036,0.001,0.026,-13.65,1.05,-15.0,2116.0
1787131263.8909047,-3.074,6.893,5.796,0.038,0.013,0.025,-15.15,1.8,-15.75,2122.0
1787131263.8909917,-3.129,6.965,5.753,0.034,0.004,0.023,-14.7,1.65,-15.6,2122.0
1787131264.0955703,-3.065,6.91,5.794,-0.01,0.035,-0.015,-15.75,2.1,-15.15,2147.0
1787131264.0955963,-3.043,6.91,5.727,-0.01,0.029,-0.01,-13.95,2.4,-13.65,2147.0
1787131264.0956075,-3.057,6.912,5.703,-0.01,0.022,-0.004,-14.4,0.75,-14.7,2149.0
1787131264.3001206,-3.098,6.948,5.744,-0.007,0.015,-0.022,-13.35,1.5,-15.75,2155.0
1787131264.300146,-3.024,6.981,5.71,-0.012,0.028,-0.019,-13.5,3.15,-15.6,2155.0
1787131264.3001575,-3.139,6.941,5.765,-0.01,0.038,-0.034,-13.95,1.35,-15.6,2157.0
1787131264.5027213,-3.124,6.931,5.698,-0.016,-0.003,0.005,-14.7,2.1,-15.9,2157.0
1787131264.7094605,-3.072,6.895,5.737,-0.023,0.011,0.005,-13.65,1.5,-16.05,2145.0
1787131264.7094855,-3.079,6.924,5.72,-0.02,0.007,0.005,-13.2,1.65,-16.35,2145.0
1787131264.7094965,-3.043,6.941,5.725,-0.026,0.016,0.001,-14.85,1.8,-16.5,2145.0
1787131264.9141662,-3.182,6.943,5.734,-0.012,0.009,-0.001,-13.95,1.65,-16.65,2150.0
1787131264.9141896,-3.112,6.881,5.765,-0.012,0.007,0.007,-15.15,2.25,-16.05,2150.0
1787131264.9142008,-3.105,6.929,5.816,-0.018,-0.006,0.002,-14.7,2.4,-16.65,2150.0
1787131265.119367,-3.062,6.898,5.792,-0.013,0.009,0.004,-14.25,1.35,-13.65,2149.0
1787131265.1193933,-3.041,6.905,5.737,-0.011,0.021,0.003,-13.65,3.0,-16.05,2149.0
1787131265.1194048,-2.995,6.926,5.777,-0.011,0.02,0.003,-14.7,2.1,-14.1,2149.0
1787131265.3240807,-3.053,6.914,5.741,-0.011,0.016,-0.007,-15.0,1.35,-15.15,2148.0
1787131265.3241053,-3.096,6.893,5.734,-0.005,0.007,-0.008,-14.85,3.0,-16.05,2148.0
1787131265.3241167,-3.067,6.919,5.691,-0.005,0.012,-0.016,-14.7,2.1,-14.4,2148.0
1787131265.5285168,-3.021,6.96,5.689,-0.054,0.09,-0.024,-15.0,2.1,-14.4,2146.0
1787131265.5285428,-3.062,6.917,5.713,-0.053,0.124,-0.045,-13.95,3.15,-15.6,2146.0
1787131265.5285542,-3.141,6.835,5.746,-0.048,0.143,-0.064,-15.15,0.75,-15.45,2146.0
1787131265.7339215,-3.567,6.572,5.758,0.038,0.037,-0.082,-12.75,1.65,-14.4,2116.0
1787131265.7339478,-3.646,6.74,5.629,0.028,-0.003,-0.086,-12.6,3.0,-16.5,2116.0
1787131265.7339592,-3.598,6.764,5.646,0.028,-0.079,-0.094,-13.65,3.0,-14.7,2116.0
1787131265.9377532,-3.045,7.202,5.488,0.056,-0.112,-0.04,-15.6,3.0,-15.0,2160.0
1787131265.9377768,-2.971,7.302,5.6,0.048,-0.074,-0.041,-15.15,2.25,-15.0,2160.0
1787131265.9377885,-3.108,7.362,5.562,0.052,-0.019,-0.029,-14.25,2.4,-16.65,2160.0
1787131266.140752,-3.194,6.914,5.643,-0.011,0.086,-0.003,-14.1,1.8,-14.25,2136.0
1787131266.353484,-3.417,6.996,5.533,-0.043,0.028,-0.061,-13.35,2.7,-15.0,2067.0
1787131266.3535075,-3.333,7.041,5.514,-0.038,0.009,-0.067,-13.5,3.6,-14.4,2067.0
1787131266.3535194,-3.223,7.005,5.468,-0.037,-0.007,-0.064,-13.35,3.0,-14.7,2067.0
1787131266.5581763,-3.261,7.092,5.622,0.012,0.009,0.018,-13.95,2.4,-15.6,2111.0
1787131266.5582013,-3.342,7.063,5.557,0.006,0.024,0.009,-14.4,2.25,-13.95,2111.0
1787131266.5582125,-3.428,7.108,5.622,-0.012,0.038,0.007,-12.6,2.25,-13.95,2111.0
1787131266.7638416,-3.412,6.883,5.545,-0.02,0.016,-0.015,-14.7,4.05,-14.4,2124.0
1787131266.7638776,-3.376,6.91,5.552,-0.021,0.004,-0.016,-14.85,3.45,-15.0,2124.0
1787131266.7638888,-3.381,6.898,5.588,-0.024,0.006,-0.015,-13.5,3.15,-14.4,2124.0
1787131266.9616954,-3.397,6.943,5.6,-0.028,0.034,-0.008,-12.75,3.6,-14.4,2137.0
1787131266.9617198,-3.359,6.926,5.511,-0.027,0.026,-0.002,-13.5,4.35,-14.4,2137.0
1787131266.9617317,-3.39,6.91,5.545,-0.022,0.014,0.002,-15.15,3.75,-13.5,2137.0
1787131267.173894,-3.428,6.893,5.461,-0.022,0.002,0.005,-14.4,2.7,-14.7,2145.0
1787131267.1739175,-3.419,6.912,5.497,-0.023,0.0,0.003,-14.85,3.45,-13.95,2145.0
1787131267.173929,-3.369,6.931,5.485,-0.019,0.003,0.004,-13.65,3.0,-14.25,2145.0
1787131267.3712645,-3.333,6.965,5.557,0.003,0.004,0.003,-13.2,2.4,-15.15,2144.0
1787131267.3712888,-3.373,6.962,5.499,0.001,-0.004,0.008,-14.4,1.5,-13.95,2144.0
1787131267.3713005,-3.395,7.008,5.581,-0.002,-0.005,0.005,-15.45,3.15,-15.15,2144.0
1787131267.582563,-3.419,6.984,5.547,0.001,-0.006,0.01,-12.45,2.1,-13.65,2104.0
1787131267.5825882,-3.323,6.955,5.564,0.003,-0.003,0.001,-13.95,2.85,-14.1,2104.0
1787131267.5825994,-3.359,7.027,5.622,0.003,-0.002,0.007,-14.4,1.5,-14.25,2104.0
1787131267.7801986,-3.311,7.015,5.528,-0.056,0.024,-0.006,-13.65,3.45,-14.7,2157.0
1787131267.7802231,-3.311,6.931,5.461,-0.045,0.022,-0.012,-14.4,2.25,-15.0,2157.0
1787131267.9918303,-3.287,6.919,5.456,-0.035,0.022,-0.011,-14.4,2.7,-14.7,2157.0
1787131267.991862,-3.299,6.847,5.464,-0.023,0.012,-0.011,-14.1,3.0,-15.0,2045.0
1787131267.9918735,-3.345,6.888,5.476,-0.011,0.008,-0.003,-15.0,2.1,-14.4,2045.0
1787131268.1895258,-3.182,7.111,5.334,0.119,-0.06,0.063,-13.65,4.5,-15.45,2147.0
1787131268.1895514,-3.093,7.168,5.274,0.145,-0.065,0.076,-15.15,2.25,-15.0,2149.0
1787131268.1895628,-3.036,7.204,5.255,0.193,-0.08,0.092,-15.15,6.15,-13.5,2149.0
1787131268.395135,-2.725,7.415,4.748,0.824,-0.037,0.277,-14.7,10.5,-12.6,2077.0
1787131268.395169,-2.591,7.678,4.456,0.894,0.148,0.308,-12.45,10.95,-12.3,2077.0
1787131268.3951757,-2.351,7.92,4.525,0.819,0.223,0.219,-13.2,11.7,-13.05,2077.0
1787131268.6063604,-2.622,8.167,4.034,-0.011,0.019,0.018,-11.1,15.75,-13.2,1961.0
1787131268.6063857,-2.54,8.152,4.003,-0.02,0.05,-0.013,-11.55,16.5,-12.75,1981.0
1787131268.6063972,-2.636,8.164,3.903,-0.018,0.059,-0.011,-11.7,15.6,-11.85,1981.0
1787131268.8046,-2.672,8.207,3.984,-0.032,0.007,-0.005,-10.95,16.8,-11.85,1981.0
1787131268.8046248,-2.641,8.26,3.948,-0.032,0.003,-0.009,-9.6,16.5,-11.4,1981.0
1787131268.8046367,-2.631,8.169,3.9,-0.036,0.003,-0.007,-10.05,15.45,-12.45,1966.0
1787131269.015145,-2.705,8.236,4.005,-0.044,-0.009,-0.012,-10.5,14.1,-12.3,1959.0
1787131269.015174,-2.638,8.157,3.924,-0.039,-0.011,-0.009,-10.5,15.15,-11.85,1959.0
1787131269.015188,-2.636,8.131,3.972,-0.037,-0.006,-0.009,-10.35,15.45,-12.45,1959.0
1787131269.2142015,-2.66,8.198,4.113,-0.063,-0.007,-0.004,-11.7,15.15,-12.3,1979.0
1787131269.2142248,-2.641,8.195,4.039,-0.061,-0.006,-0.01,-12.75,15.6,-12.6,1979.0
1787131269.2142363,-2.648,8.186,4.068,-0.057,-0.003,-0.007,-11.25,15.9,-11.85,1979.0
1787131269.417381,-2.629,8.162,4.118,-0.037,0.038,-0.006,-11.55,15.75,-11.7,1990.0
1787131269.6237907,-2.835,8.033,4.259,-0.068,-0.006,0.087,-11.25,16.8,-11.85,1936.0
1787131269.623817,-2.837,7.994,4.307,-0.057,-0.048,0.082,-9.75,15.15,-12.3,1936.0
1787131269.6238296,-2.705,7.985,4.374,-0.064,-0.074,0.056,-10.05,14.55,-13.95,1936.0
1787131269.8303041,-2.377,7.836,4.094,0.054,0.027,-0.015,-10.5,14.4,-12.3,1969.0
1787131269.8303292,-2.488,7.877,4.132,0.091,0.059,-0.014,-10.5,14.1,-12.3,1969.0
1787131269.8303401,-2.543,7.977,4.192,0.114,0.077,-0.023,-11.25,14.85,-13.35,1969.0
1787131270.03332,-2.775,8.272,4.013,-0.022,-0.016,-0.032,-10.5,15.9,-11.85,2003.0
1787131270.0333457,-2.794,8.298,4.01,-0.023,-0.034,-0.03,-10.5,15.9,-11.85,2003.0
1787131270.0333571,-2.761,8.246,4.001,-0.03,-0.043,-0.026,-11.1,15.0,-12.0,2003.0
1787131270.2377596,-2.607,8.133,4.154,-0.028,0.025,0.013,-11.25,14.4,-11.1,2026.0
1787131270.2377841,-2.67,8.085,4.123,-0.027,0.02,0.026,-11.85,14.55,-13.2,2026.0
1787131270.2377954,-2.751,8.152,4.166,-0.028,0.009,0.021,-10.5,14.4,-12.3,2026.0
1787131270.4432852,-2.581,8.128,4.18,-0.03,-0.015,-0.017,-12.0,14.85,-11.85,1915.0
1787131270.4433105,-2.488,8.119,4.211,-0.018,0.001,-0.014,-12.0,14.4,-13.65,1915.0
1787131270.443322,-2.43,8.121,4.161,-0.012,0.007,-0.009,-12.45,14.85,-10.8,1915.0
1787131270.6474617,-2.732,8.145,4.178,-0.012,0.021,-0.002,-13.2,13.2,-13.35,2006.0
1787131270.6474867,-2.715,8.119,4.132,-0.026,0.011,0.001,-10.35,14.25,-12.75,1962.0
1787131270.6474986,-2.739,8.135,4.154,-0.028,0.001,-0.007,-11.85,13.8,-12.0,1962.0
1787131270.8522155,-2.638,8.102,4.161,-0.012,0.016,0.004,-12.0,13.2,-13.05,2021.0
1787131270.85224,-2.614,8.119,4.18,-0.012,0.015,-0.003,-12.0,14.1,-11.85,2021.0
1787131270.852251,-2.617,8.095,4.152,-0.009,0.019,-0.001,-11.1,14.25,-12.45,2007.0
1787131271.056419,-2.617,8.095,4.202,-0.025,0.01,0.003,-13.2,13.2,-12.6,1990.0
1787131271.2621121,-2.612,8.14,4.207,-0.012,0.008,-0.001,-12.15,13.8,-12.45,1979.0
1787131271.262138,-2.617,8.064,4.175,-0.016,-0.001,-0.002,-11.85,13.5,-12.45,1979.0
1787131271.262149,-2.571,8.128,4.178,-0.015,-0.002,0.003,-12.75,14.1,-12.3,1979.0
1787131271.4682066,-2.579,8.085,4.197,-0.013,0.013,-0.006,-11.55,15.0,-12.75,1994.0
1787131271.4682322,-2.684,8.119,4.144,-0.012,0.012,0.003,-10.5,15.15,-12.3,1994.0
1787131271.468244,-2.629,8.056,4.171,-0.01,0.01,0.005,-11.55,15.75,-12.75,1994.0
1787131271.671055,-2.612,8.116,4.226,-0.008,0.016,-0.005,-11.55,13.8,-12.75,1953.0
1787131271.6710796,-2.629,8.104,4.195,-0.01,0.013,-0.004,-11.25,14.4,-12.6,1953.0
1787131271.6710913,-2.672,8.126,4.147,-0.009,0.007,-0.002,-12.45,12.45,-12.6,1953.0
1787131271.8759718,-2.67,8.133,4.152,-0.018,0.009,-0.002,-11.55,14.25,-12.0,1954.0
1787131271.8759964,-2.655,8.078,4.199,-0.019,0.009,0.006,-11.7,14.1,-11.85,1954.0
1787131271.8760073,-2.636,8.133,4.116,-0.018,0.011,-0.002,-11.55,15.0,-12.45,1954.0
1787131272.0811856,-2.586,8.066,4.197,-0.016,0.005,-0.003,-12.75,14.85,-12.6,1946.0
1787131272.081211,-2.626,8.157,4.152,-0.018,0.002,-0.004,-12.45,14.1,-13.05,2042.0
1787131272.0812228,-2.557,8.088,4.113,-0.018,0.006,-0.009,-11.7,14.85,-11.1,2042.0
1787131272.2856758,-2.581,8.066,4.183,-0.02,0.012,0.008,-11.7,14.1,-11.85,1992.0
1787131272.2857,-2.622,8.1,4.149,-0.013,0.016,-0.002,-11.7,13.65,-13.65,1992.0
1787131272.2857113,-2.629,8.066,4.197,-0.013,0.021,-0.009,-10.8,14.25,-13.2,1992.0
1787131272.4904046,-2.607,8.097,4.18,-0.019,0.011,-0.006,-11.85,14.55,-12.75,1985.0
1787131272.4904299,-2.567,8.112,4.202,-0.016,0.015,-0.002,-10.95,14.1,-11.55,1985.0
1787131272.4904418,-2.641,8.14,4.18,-0.013,0.004,-0.006,-11.25,14.85,-12.3,1985.0
1787131272.6942632,-2.682,8.131,4.156,-0.015,0.015,-0.007,-11.25,13.65,-11.85,1948.0
1787131272.6942885,-2.66,8.126,4.204,-0.007,0.005,-0.004,-10.8,13.5,-13.2,1948.0
1787131272.9000993,-2.638,8.119,4.147,-0.023,-0.002,-0.003,-9.75,13.2,-13.35,1917.0
1787131272.900131,-2.543,8.114,4.149,-0.027,-0.003,-0.003,-11.1,14.55,-12.75,1917.0
1787131272.9001374,-2.581,8.088,4.156,-0.026,0.011,-0.006,-11.25,12.9,-14.1,1923.0
1787131273.1043723,-2.626,8.09,4.168,-0.018,0.012,-0.008,-10.95,14.1,-13.65,1923.0
1787131273.1043959,-2.614,8.076,4.164,-0.009,0.016,-0.012,-11.1,13.05,-11.4,1923.0
1787131273.1044073,-2.641,8.152,4.118,-0.01,0.011,-0.012,-11.7,14.1,-12.3,1991.0
1787131273.3091288,-2.67,8.152,4.166,-0.007,0.021,-0.01,-13.2,14.4,-11.85,1985.0
1787131273.3091526,-2.672,8.155,4.187,-0.01,0.015,-0.015,-11.1,14.25,-13.2,1985.0
1787131273.3091664,-2.617,8.1,4.199,-0.006,0.012,-0.016,-10.8,14.55,-12.0,1981.0
1787131273.5146914,-2.66,7.887,4.142,-0.004,0.07,-0.001,-10.5,14.85,-13.35,1940.0
1787131273.5147169,-2.806,7.889,4.257,0.037,0.067,0.01,-10.8,13.5,-13.5,1940.0
1787131273.5147285,-2.954,7.989,4.413,0.071,0.043,0.026,-11.7,14.85,-13.05,2012.0
1787131273.7186494,-3.266,8.248,4.554,0.085,-0.018,0.03,-10.8,16.2,-11.4,2012.0
1787131273.7186754,-3.22,8.258,4.585,0.035,-0.117,0.024,-10.2,14.85,-11.55,2012.0
1787131273.7186873,-3.122,8.112,4.496,-0.046,-0.196,-0.001,-11.55,15.0,-12.75,2012.0
1787131273.9237485,-2.318,8.437,4.185,0.013,0.035,0.023,-11.1,15.75,-13.95,2048.0
1787131273.9237738,-2.318,8.279,4.209,-0.024,0.036,0.025,-11.85,15.0,-12.45,2048.0
1787131273.9237845,-2.339,8.2,4.286,-0.045,0.062,0.022,-10.35,16.5,-12.75,1968.0
1787131274.1288404,-2.887,8.322,3.941,-0.065,-0.032,0.003,-10.5,14.1,-13.05,1981.0
1787131274.1288767,-2.761,8.27,3.943,-0.075,-0.052,-0.021,-9.75,15.6,-12.3,1981.0
1787131274.1288884,-2.684,8.265,3.974,-0.086,-0.067,-0.024,-10.8,15.0,-13.5,1981.0
1787131274.333594,-2.583,7.918,4.247,0.011,0.042,-0.001,-11.1,14.55,-13.2,1971.0
1787131274.5375402,-2.401,8.097,4.178,-0.035,-0.065,-0.04,-11.25,14.4,-11.85,1962.0
1787131274.5375648,-2.377,8.083,4.111,-0.029,-0.035,-0.038,-11.25,14.1,-12.6,1962.0
1787131274.537576,-2.473,8.018,4.166,-0.016,-0.006,-0.023,-11.7,13.2,-12.3,1962.0
1787131274.742472,-2.854,8.107,4.211,-0.038,-0.018,0.001,-11.25,14.4,-11.55,1967.0
1787131274.7424974,-2.751,8.083,4.18,-0.049,-0.02,-0.004,-10.8,12.75,-13.2,2010.0
1787131274.7425096,-2.672,7.992,4.159,-0.045,-0.014,-0.007,-12.0,14.1,-13.35,2010.0
1787131274.9477015,-2.698,8.011,4.238,-0.026,-0.011,0.004,-10.5,15.15,-13.35,1959.0
1787131274.9477282,-2.629,7.975,4.214,-0.018,-0.001,0.007,-10.5,14.1,-14.1,1935.0
1787131274.9477396,-2.648,8.028,4.221,-0.024,-0.007,0.0,-11.55,12.75,-12.45,1935.0
1787131275.1523314,-2.579,8.035,4.223,-0.035,0.004,0.0,-11.55,13.8,-12.45,1958.0
1787131275.1523566,-2.576,8.042,4.25,-0.027,0.006,-0.008,-12.15,13.5,-14.7,2017.0
1787131275.1523683,-2.646,8.042,4.29,-0.023,0.014,0.004,-11.25,16.35,-12.3,2017.0
1787131275.3572536,-2.696,8.145,4.226,-0.047,-0.022,0.011,-11.85,13.5,-13.95,2017.0
1787131275.35728,-2.677,8.135,4.295,-0.056,-0.034,0.006,-12.45,14.1,-11.85,2000.0
1787131275.3572912,-2.636,8.076,4.29,-0.061,-0.038,0.005,-11.55,12.3,-13.2,2000.0
1787131275.5612836,-2.626,7.985,4.386,-0.012,0.032,-0.002,-12.75,13.65,-12.3,1999.0
1787131275.5613074,-2.67,7.98,4.302,-0.006,0.026,0.003,-10.5,14.1,-13.05,1999.0
1787131275.5613189,-2.684,7.999,4.312,0.005,0.02,0.014,-12.0,13.65,-12.3,1999.0
1787131275.7674403,-2.586,8.016,4.257,-0.031,-0.038,-0.021,-12.45,14.4,-13.35,2026.0
1787131275.767466,-2.526,7.963,4.278,-0.018,-0.025,-0.022,-12.6,13.5,-13.95,2026.0
1787131275.7674775,-2.452,7.973,4.254,-0.007,0.004,-0.019,-11.1,13.8,-12.75,2026.0
1787131275.9705117,-2.82,8.188,4.195,-0.009,0.03,0.001,-12.45,14.4,-13.35,2058.0
1787131275.970536,-2.765,8.188,4.207,-0.055,-0.015,0.003,-11.85,13.5,-12.0,2031.0
1787131276.1757452,-2.796,8.018,4.379,-0.022,0.037,-0.004,-12.6,13.8,-13.2,2010.0
1787131276.17577,-2.825,7.966,4.362,-0.028,0.029,-0.013,-11.25,13.2,-14.4,2010.0
1787131276.1757817,-2.828,7.925,4.312,-0.027,0.024,-0.02,-11.55,13.8,-12.0,2010.0
1787131276.3810658,-2.715,8.171,4.314,-0.027,-0.003,-0.013,-12.15,13.8,-12.75,2020.0
1787131276.381091,-2.715,8.121,4.276,-0.042,-0.028,-0.015,-12.15,13.8,-12.75,2020.0
1787131276.381102,-2.607,8.078,4.274,-0.05,-0.032,-0.016,-11.1,13.8,-13.5,2020.0
1787131276.5851927,-2.811,7.963,4.319,0.006,0.038,0.007,-11.55,13.8,-12.0,2005.0
1787131276.5852177,-2.83,8.037,4.283,0.003,0.032,0.005,-11.25,13.65,-14.1,2005.0
1787131276.5852292,-2.842,7.992,4.243,-0.011,0.02,-0.005,-14.1,12.3,-13.2,2005.0
1787131276.7898118,-2.605,8.04,4.295,-0.016,0.03,0.001,-10.5,14.1,-13.35,1976.0
1787131276.7898364,-2.605,8.076,4.271,-0.016,0.043,0.001,-11.7,14.1,-13.05,1976.0
1787131276.7898476,-2.648,8.037,4.305,-0.013,0.056,0.005,-10.8,13.05,-12.75,1976.0
1787131276.9953132,-2.784,7.97,4.24,-0.024,0.004,-0.01,-11.85,12.75,-13.2,2030.0
1787131276.9953384,-2.813,8.052,4.204,-0.021,0.01,-0.006,-12.6,13.5,-12.75,2030.0
1787131276.9953496,-2.775,8.03,4.231,-0.013,0.005,-0.009,-11.7,13.65,-13.35,2030.0
1787131277.2002027,-2.643,8.023,4.24,-0.023,0.001,-0.002,-10.05,15.45,-13.5,1984.0
1787131277.200224,-2.727,8.021,4.266,-0.02,-0.005,0.001,-11.85,15.45,-11.7,1976.0
1787131277.2002304,-2.691,7.994,4.233,-0.028,0.001,-0.007,-12.45,13.65,-12.6,1976.0
1787131277.4066405,-2.672,7.994,4.3,-0.012,0.006,0.013,-12.75,13.65,-13.65,1973.0
1787131277.4066653,-2.713,8.071,4.302,-0.019,0.006,0.006,-12.45,15.15,-11.85,1950.0
1787131277.4066768,-2.705,8.028,4.29,-0.018,-0.007,0.007,-11.55,11.85,-13.2,1950.0
1787131277.6091244,-2.698,7.997,4.276,-0.013,0.005,0.007,-12.15,12.75,-12.0,2035.0
1787131277.60915,-2.593,8.054,4.278,-0.022,0.003,0.006,-11.7,13.65,-13.65,1986.0
1787131277.8138003,-2.689,8.023,4.278,-0.019,0.011,-0.003,-12.15,13.5,-12.75,2021.0
1787131277.813826,-2.684,7.989,4.331,-0.017,0.0,-0.001,-12.0,13.2,-11.85,2021.0
1787131277.8138378,-2.658,8.004,4.331,-0.022,0.003,0.006,-12.0,12.15,-12.3,2021.0
1787131278.0190103,-2.631,8.052,4.271,-0.021,0.006,-0.003,-13.5,13.65,-13.05,2003.0
1787131278.0190387,-2.579,7.992,4.334,-0.02,0.015,-0.005,-10.5,13.65,-13.65,2003.0
1787131278.0190506,-2.638,8.052,4.3,-0.012,0.017,-0.005,-12.75,14.1,-13.65,2003.0
1787131278.2233186,-2.658,7.975,4.336,-0.016,0.011,-0.001,-10.95,13.65,-13.35,1984.0
1787131278.2233448,-2.624,8.009,4.322,-0.012,0.006,0.0,-11.25,12.45,-12.6,1984.0
1787131278.2233565,-2.662,8.045,4.317,-0.013,0.007,-0.005,-12.0,13.65,-12.6,1984.0
1787131278.4286108,-2.643,8.042,4.31,-0.028,0.012,-0.005,-10.8,13.5,-12.45,1995.0
1787131278.4286363,-2.61,8.03,4.334,-0.03,0.016,-0.009,-11.7,12.45,-11.85,1995.0
1787131278.4287045,-2.607,8.049,4.312,-0.027,0.012,0.001,-11.55,13.05,-12.45,1995.0
1787131278.633323,-2.641,7.985,4.31,-0.003,0.006,-0.005,-12.45,12.45,-13.05,2015.0
1787131278.633348,-2.672,7.987,4.369,-0.002,0.01,-0.009,-11.55,13.5,-13.2,2015.0
1787131278.6333597,-2.725,8.047,4.367,-0.007,0.01,-0.006,-11.85,12.75,-13.5,2015.0
1787131278.837506,-2.665,8.042,4.305,-0.012,0.02,-0.001,-12.45,14.1,-13.65,1981.0
1787131278.8375316,-2.658,8.023,4.298,-0.014,0.013,0.003,-10.95,13.65,-13.35,1981.0
1787131278.837543,-2.622,8.045,4.314,-0.015,0.016,-0.002,-11.85,14.25,-12.45,1981.0
1787131279.0426438,-2.686,8.013,4.326,-0.017,0.016,-0.002,-11.85,15.0,-14.25,1990.0
1787131279.0426679,-2.641,8.049,4.271,-0.014,0.022,-0.009,-12.75,13.65,-12.3,1990.0
1787131279.042679,-2.717,8.025,4.293,-0.013,0.02,-0.004,-11.25,14.85,-12.6,1990.0
1787131279.2468972,-2.667,8.056,4.278,-0.014,0.013,-0.005,-11.7,12.45,-12.3,1995.0
1787131279.2469223,-2.648,8.018,4.319,-0.004,0.01,0.002,-12.6,14.25,-14.25,1995.0
1787131279.4517474,-2.703,7.994,4.305,-0.023,0.003,-0.001,-12.75,15.15,-12.6,2010.0
1787131279.4517722,-2.734,8.047,4.264,-0.021,0.003,-0.001,-11.85,13.8,-12.45,2010.0
1787131279.451784,-2.713,8.064,4.295,-0.024,0.005,-0.007,-11.85,13.05,-11.7,2043.0
1787131279.6564658,-2.696,7.98,4.322,-0.016,0.004,0.004,-10.2,12.15,-12.6,1967.0
1787131279.6564908,-2.765,8.004,4.271,-0.016,0.002,0.004,-11.1,12.75,-13.95,1967.0
1787131279.656502,-2.717,8.009,4.259,-0.013,0.007,-0.001,-10.8,12.3,-12.0,1967.0
1787131279.861459,-2.636,8.025,4.331,-0.022,0.001,0.003,-12.45,14.85,-13.65,2020.0
1787131279.8614843,-2.595,7.987,4.302,-0.024,0.001,0.002,-12.45,13.65,-12.3,2020.0
1787131279.8614953,-2.591,8.006,4.298,-0.019,0.02,0.003,-11.25,12.15,-14.1,1974.0
1787131280.0664709,-2.708,7.987,4.362,-0.024,0.012,0.001,-10.8,15.0,-13.5,1991.0
1787131280.0664968,-2.72,8.009,4.302,-0.028,0.009,0.002,-11.55,13.8,-12.75,1991.0
1787131280.0665085,-2.655,7.977,4.31,-0.021,0.005,-0.01,-11.25,13.65,-12.3,2029.0
1787131280.2711654,-2.677,7.982,4.257,-0.014,0.014,-0.01,-12.0,14.4,-12.3,1945.0
1787131280.2712018,-2.674,8.045,4.278,-0.012,0.013,-0.004,-11.7,13.65,-14.1,1945.0
1787131280.2712092,-2.629,7.997,4.29,-0.02,0.012,-0.001,-10.05,12.75,-13.2,2011.0
1787131280.4753191,-2.626,7.977,4.295,-0.02,0.005,-0.006,-12.45,11.7,-13.05,1980.0
1787131280.4753437,-2.634,8.047,4.355,-0.023,0.0,-0.002,-11.85,12.75,-12.0,1980.0
1787131280.4753551,-2.684,8.018,4.322,-0.026,0.0,-0.011,-12.9,14.25,-13.5,2052.0
1787131280.68078,-2.567,8.064,4.355,-0.014,0.009,0.002,-10.5,13.2,-14.4,1979.0
1787131280.680806,-2.519,7.937,4.295,-0.016,0.019,-0.009,-12.45,13.65,-12.6,1979.0
1787131280.6808171,-2.658,7.977,4.338,-0.01,0.029,-0.001,-12.0,12.9,-12.6,1979.0
1787131280.8850555,-2.65,8.059,4.305,-0.013,-0.005,-0.002,-12.0,13.2,-12.6,2024.0
1787131280.885081,-2.672,8.08,4.286,-0.021,-0.005,-0.004,-12.75,12.45,-11.85,2024.0
1787131281.089615,-2.717,8.066,4.305,-0.017,0.011,-0.001,-12.0,12.45,-13.05,1998.0
1787131281.0896404,-2.641,8.042,4.35,-0.018,0.016,-0.003,-10.8,11.85,-10.95,1998.0
1787131281.0896528,-2.708,7.961,4.345,-0.027,0.017,0.0,-11.55,13.05,-11.7,1998.0
1787131281.294616,-2.631,8.045,4.317,-0.015,0.01,0.003,-12.6,12.3,-13.5,1995.0
1787131281.2946413,-2.713,8.006,4.314,-0.005,0.003,0.003,-11.25,12.45,-12.6,1995.0
1787131281.2946527,-2.622,7.997,4.379,-0.006,0.001,0.002,-13.2,13.2,-13.05,1995.0
1787131281.499903,-2.638,8.018,4.31,-0.019,0.003,0.0,-10.8,13.05,-12.75,2024.0
1787131281.49993,-2.701,8.049,4.374,-0.02,-0.002,-0.002,-11.7,14.85,-13.05,2024.0
1787131281.4999409,-2.641,8.104,4.307,-0.021,0.0,-0.001,-11.7,12.45,-13.35,2024.0
1787131281.7039957,-2.655,7.992,4.262,-0.018,0.006,0.001,-12.15,13.05,-12.75,1996.0
1787131281.704022,-2.715,8.006,4.314,-0.022,0.007,-0.001,-11.25,11.7,-13.65,2067.0
1787131281.7040334,-2.686,8.064,4.266,-0.031,0.007,-0.005,-10.95,14.4,-13.65,2067.0
1787131281.908996,-2.641,8.013,4.317,-0.018,0.014,0.002,-12.6,13.5,-13.2,2067.0
1787131281.9090207,-2.579,8.03,4.341,-0.017,0.008,0.001,-12.9,12.3,-13.5,2067.0
1787131281.9090319,-2.617,8.042,4.317,-0.02,0.014,0.001,-11.7,14.1,-12.3,2067.0
1787131282.1143162,-2.595,8.126,4.381,-0.013,0.016,0.006,-12.0,11.4,-14.1,1989.0
1787131282.114342,-2.631,8.037,4.365,-0.016,0.022,0.004,-11.1,13.8,-13.95,2024.0
1787131282.114353,-2.67,8.114,4.266,-0.02,0.029,0.001,-11.85,13.5,-12.45,2024.0
1787131282.318813,-2.624,7.992,4.317,-0.028,0.004,0.0,-12.9,14.25,-12.45,2024.0
1787131282.3188398,-2.682,7.946,4.362,-0.02,-0.004,0.003,-12.15,13.5,-12.45,2024.0
1787131282.318861,-2.665,7.963,4.319,-0.006,-0.003,0.009,-11.25,13.2,-12.6,2036.0
1787131282.5228782,-2.638,8.056,4.324,-0.018,-0.003,-0.01,-11.85,12.75,-12.75,2026.0
1787131282.7284517,-2.619,8.004,4.362,-0.001,0.013,-0.001,-12.6,13.5,-13.95,2038.0
1787131282.728477,-2.624,8.025,4.338,-0.004,0.01,0.002,-12.15,14.25,-12.75,2038.0
1787131282.7284884,-2.708,8.056,4.365,-0.007,0.013,0.0,-12.9,13.05,-12.45,2038.0
1787131282.9326603,-2.617,7.918,4.35,-0.018,0.012,-0.019,-11.7,13.65,-14.1,2010.0
1787131282.9326851,-2.727,7.92,4.293,-0.01,0.01,-0.012,-12.15,13.5,-14.25,2010.0
1787131282.9326966,-2.658,7.91,4.29,0.009,0.007,-0.009,-10.35,14.55,-12.45,2010.0
1787131283.1397696,-2.588,8.085,4.295,-0.029,-0.005,0.0,-11.7,13.65,-14.1,1976.0
1787131283.1397948,-2.557,8.068,4.262,-0.028,0.005,0.001,-10.95,12.45,-14.1,1976.0
1787131283.3425236,-2.655,7.97,4.281,0.032,0.082,-0.004,-12.0,13.65,-12.3,2021.0
1787131283.3425505,-2.777,8.013,4.238,0.032,0.054,0.005,-12.0,13.2,-12.6,2021.0
1787131283.3425617,-2.782,8.045,4.305,0.026,0.042,-0.004,-12.45,14.85,-11.55,2021.0
1787131283.5474885,-2.66,8.277,4.274,-0.068,-0.041,0.004,-10.2,14.4,-12.3,2011.0
1787131283.5475147,-2.705,8.217,4.266,-0.085,-0.06,0.007,-11.25,13.65,-13.35,2011.0
1787131283.547526,-2.605,8.121,4.322,-0.084,-0.056,0.006,-11.1,14.25,-13.5,2011.0
1787131283.751702,-2.895,7.994,4.3,-0.009,0.009,-0.009,-12.15,13.8,-14.25,2011.0
1787131283.7517266,-2.89,8.052,4.295,-0.013,-0.01,-0.011,-10.95,12.45,-11.55,2011.0
1787131283.751738,-2.863,8.073,4.29,-0.023,-0.022,-0.026,-11.1,13.05,-13.2,2011.0
1787131283.9576857,-2.55,7.908,4.345,0.013,-0.001,-0.025,-12.75,12.45,-12.6,2030.0
1787131283.9577105,-2.648,8.066,4.355,0.03,0.025,-0.01,-12.9,13.5,-12.45,2043.0
1787131284.1606705,-2.636,8.023,4.254,-0.016,0.014,0.006,-12.0,13.2,-13.35,2043.0
1787131284.366359,-2.686,8.011,4.369,-0.014,0.028,0.009,-9.75,12.9,-12.3,2005.0
1787131284.3663857,-2.761,8.09,4.29,-0.024,0.025,0.009,-12.6,12.75,-13.2,2005.0
1787131284.3663971,-2.806,8.1,4.243,-0.037,0.008,0.014,-12.9,14.25,-12.75,2005.0
1787131284.5706804,-2.593,8.061,4.357,-0.002,0.039,0.004,-12.6,13.05,-12.75,2023.0
1787131284.5707042,-2.595,8.068,4.396,-0.012,0.043,0.004,-10.5,12.9,-13.05,2023.0
1787131284.5707157,-2.665,8.068,4.396,-0.02,0.039,-0.002,-11.25,14.1,-13.35,2023.0
1787131284.7760139,-2.72,8.009,4.365,0.002,0.027,-0.024,-12.6,12.75,-12.0,1988.0
1787131284.7761464,-2.82,8.013,4.391,-0.003,0.024,-0.027,-10.8,13.8,-12.45,1988.0
1787131284.7761543,-2.744,7.994,4.298,-0.004,0.012,-0.026,-11.85,13.05,-12.75,1988.0
1787131284.9802098,-2.557,8.04,4.154,0.009,0.013,0.005,-12.0,13.65,-13.35,2003.0
1787131284.9802353,-2.579,8.066,4.173,0.008,0.037,0.019,-11.25,12.9,-14.4,2003.0
1787131284.9802468,-2.559,8.114,4.173,0.002,0.057,0.015,-12.45,12.45,-13.65,2003.0
1787131285.1848774,-2.823,7.898,4.532,0.096,0.122,0.021,-10.8,11.55,-12.75,1991.0
1787131285.1850145,-2.942,7.922,4.556,0.105,0.106,0.016,-10.95,14.4,-13.05,1991.0
1787131285.1850238,-2.978,7.891,4.65,0.065,0.073,0.009,-10.5,14.1,-13.35,1991.0
1787131285.3901281,-2.825,8.456,3.654,0.06,0.115,-0.005,-9.45,15.15,-11.85,1945.0
1787131285.390153,-2.844,8.557,3.658,0.076,0.067,0.018,-9.3,13.5,-11.4,1945.0
1787131285.3901649,-2.665,8.583,3.649,0.086,0.021,0.036,-9.3,13.5,-13.2,1945.0
1787131285.5945237,-2.571,8.291,4.183,-0.075,-0.035,0.003,-9.6,16.2,-12.45,1939.0
1787131285.5945485,-2.492,8.076,4.178,-0.08,-0.045,0.031,-10.05,15.75,-11.7,1939.0
1787131285.5945601,-2.409,7.982,4.183,-0.072,-0.03,0.044,-8.85,15.45,-12.45,1939.0
1787131285.7970738,-2.734,8.09,4.082,-0.021,-0.041,-0.04,-9.75,15.15,-12.3,1966.0
1787131286.0037315,-2.729,8.215,3.934,-0.035,-0.008,-0.011,-10.95,14.4,-12.3,1966.0
1787131286.0038013,-2.816,8.167,3.926,-0.028,0.004,-0.024,-9.45,14.85,-11.55,1966.0
1787131286.003844,-2.799,8.215,3.874,-0.015,0.023,-0.028,-8.55,16.2,-10.95,1966.0
1787131286.208988,-2.825,8.133,3.967,-0.02,0.002,0.0,-9.75,15.6,-11.85,1950.0
1787131286.2090132,-2.739,8.152,3.924,-0.017,0.001,0.001,-10.35,16.2,-12.45,1910.0
1787131286.209025,-2.811,8.15,4.01,-0.018,-0.004,0.0,-10.05,15.0,-12.0,1910.0
1787131286.4133747,-2.787,8.152,3.979,-0.021,0.01,0.005,-11.1,15.45,-11.4,1962.0
1787131286.4133992,-2.775,8.135,4.037,-0.018,0.012,0.003,-10.2,15.15,-10.8,1938.0
1787131286.413411,-2.808,8.145,4.073,-0.017,0.022,0.003,-9.0,15.6,-12.6,1938.0
1787131286.6182294,-2.851,8.188,4.049,-0.004,0.01,0.002,-9.6,13.8,-12.75,1922.0
1787131286.618255,-2.813,8.133,4.041,-0.001,0.014,-0.01,-11.55,14.55,-12.45,1922.0
1787131286.6182663,-2.799,8.116,3.989,-0.007,0.01,-0.015,-12.15,13.5,-12.45,1915.0
1787131286.8235748,-2.772,8.15,3.948,-0.006,0.009,-0.009,-10.8,14.25,-13.2,1976.0
1787131286.8235998,-2.708,8.159,3.982,-0.004,0.015,-0.013,-10.95,14.1,-12.6,1976.0
1787131286.823611,-2.717,8.152,3.919,-0.004,0.014,-0.01,-10.2,14.85,-13.05,1937.0
1787131287.02767,-2.899,8.174,3.931,-0.011,0.02,-0.002,-10.35,15.45,-13.2,1942.0
1787131287.0276942,-2.875,8.195,3.96,-0.01,0.015,-0.006,-9.75,15.9,-13.35,1942.0
1787131287.027706,-2.854,8.162,3.943,-0.019,0.01,0.001,-9.75,15.6,-12.6,1984.0
1787131287.2324553,-2.878,8.195,4.008,-0.019,0.006,0.009,-9.6,15.75,-13.2,1884.0
1787131287.2324805,-2.808,8.133,3.934,-0.023,-0.001,0.003,-10.35,15.75,-13.5,1884.0
1787131287.2324922,-2.772,8.128,3.96,-0.021,0.004,0.001,-10.5,13.2,-11.55,1945.0
1787131287.435098,-2.787,8.186,3.958,-0.021,0.0,-0.003,-9.0,14.85,-11.1,1961.0
1787131287.6420224,-2.761,8.255,4.013,-0.016,-0.003,0.008,-10.05,14.25,-12.75,1905.0
1787131287.642047,-2.804,8.179,3.96,-0.04,-0.01,-0.003,-11.7,13.65,-13.05,1905.0
1787131287.6420586,-2.732,8.138,3.972,-0.03,0.006,0.001,-9.75,15.15,-12.6,1905.0
1787131287.846636,-2.761,8.174,4.073,-0.012,0.023,0.007,-8.7,15.15,-13.35,1965.0
1787131287.8466606,-2.849,8.198,4.077,-0.018,0.0,0.022,-9.6,14.25,-13.2,1965.0
1787131287.8466725,-2.851,8.157,4.005,-0.038,-0.012,0.009,-11.55,14.25,-13.2,1965.0
1787131288.0512483,-2.753,8.109,3.936,-0.007,0.012,0.006,-9.0,15.15,-11.55,1994.0
1787131288.051272,-2.823,8.191,3.974,0.014,0.032,0.016,-10.05,14.25,-12.0,1994.0
1787131288.051283,-2.844,8.162,3.955,0.0,0.035,0.005,-9.6,15.45,-11.4,1994.0
1787131288.2566009,-2.811,8.14,3.974,-0.024,0.005,0.006,-9.3,14.25,-12.45,1979.0
1787131288.2566264,-2.907,8.143,3.926,-0.018,-0.001,0.005,-9.45,14.85,-12.6,1979.0
1787131288.2566383,-2.844,8.128,3.917,-0.023,-0.005,-0.003,-10.5,14.85,-12.6,1979.0
1787131288.4616015,-2.741,8.092,3.888,-0.028,0.027,-0.018,-9.6,14.55,-13.2,1957.0
1787131288.4616277,-2.842,8.171,3.91,-0.016,0.026,-0.017,-10.8,15.0,-12.0,1957.0
1787131288.461639,-2.772,8.09,3.924,-0.009,0.015,-0.009,-10.05,15.45,-12.0,1957.0
1787131288.6657722,-2.82,8.068,4.008,0.0,0.005,-0.005,-10.05,14.25,-12.75,1909.0
1787131288.6657958,-2.818,8.088,4.008,0.002,0.001,-0.004,-10.8,15.0,-13.5,1909.0
1787131288.6658072,-2.758,8.198,3.946,-0.009,0.004,-0.005,-10.05,14.55,-13.2,1909.0
1787131288.8702917,-2.828,8.14,3.919,-0.019,0.013,-0.001,-10.35,16.2,-13.2,1960.0
1787131288.870317,-2.775,8.188,3.91,-0.006,0.023,-0.002,-9.75,14.1,-12.3,1960.0
1787131288.870328,-2.794,8.174,3.936,-0.007,0.023,-0.001,-11.7,14.1,-12.6,1960.0
1787131289.073281,-2.926,8.145,4.02,-0.019,-0.003,-0.01,-9.6,15.45,-11.7,1960.0
1787131289.2804706,-2.813,8.203,3.905,-0.018,0.028,-0.003,-10.95,14.4,-10.8,2050.0
1787131289.2804964,-2.816,8.193,3.922,-0.016,0.014,0.003,-10.2,14.1,-13.35,2050.0
1787131289.2805078,-2.828,8.203,3.97,-0.011,0.019,0.001,-9.3,15.45,-12.45,2050.0
1787131289.485293,-2.835,8.162,4.008,-0.002,0.006,-0.012,-10.05,13.8,-12.75,1965.0
1787131289.4853187,-2.885,8.246,4.07,-0.015,0.001,-0.013,-10.35,15.75,-11.4,1965.0
1787131289.4853299,-2.818,8.157,4.061,-0.026,-0.004,-0.016,-10.8,14.25,-12.45,1965.0
1787131289.690135,-2.811,8.205,4.008,-0.023,-0.018,-0.001,-10.95,15.9,-12.3,1965.0
1787131289.6901603,-2.794,8.121,4.013,-0.021,-0.019,-0.002,-10.2,13.65,-12.3,2017.0
1787131289.6901717,-2.83,8.147,4.017,-0.026,-0.011,-0.001,-9.75,13.2,-11.55,2017.0
1787131289.8949184,-2.849,8.145,3.974,-0.03,0.003,0.001,-10.2,14.4,-11.55,1926.0
1787131289.8949447,-2.777,8.114,4.013,-0.01,0.011,0.001,-10.8,13.5,-12.0,1926.0
1787131289.8949566,-2.737,8.033,3.977,0.001,0.02,0.002,-9.75,14.4,-11.85,1926.0
1787131290.0990915,-2.983,8.267,3.97,-0.006,0.021,-0.011,-9.0,14.85,-12.6,1989.0
1787131290.0991168,-2.907,8.217,3.912,-0.019,-0.003,-0.017,-10.05,15.75,-11.7,1989.0
1787131290.0991282,-2.859,8.133,3.891,-0.013,-0.002,-0.002,-9.75,15.15,-12.6,1989.0
1787131290.3050003,-2.806,8.138,3.847,-0.003,0.032,0.001,-9.75,14.1,-11.85,1949.0
1787131290.3050249,-2.837,8.191,3.95,0.004,0.045,-0.01,-10.2,14.1,-10.8,1949.0
1787131290.3050363,-2.83,8.203,4.001,-0.004,0.044,-0.007,-10.2,13.65,-13.05,1949.0
1787131290.5088136,-2.897,8.088,3.922,-0.013,-0.016,-0.012,-10.8,13.8,-12.45,1977.0
1787131290.508839,-2.832,8.157,3.895,-0.018,-0.01,-0.012,-9.6,15.75,-12.75,1977.0
1787131290.50885,-2.866,8.112,3.958,-0.02,-0.005,-0.015,-10.95,14.1,-11.1,1977.0
1787131290.711287,-2.808,8.097,3.922,-0.026,0.003,-0.003,-10.5,14.1,-14.1,1976.0
1787131290.9180498,-2.758,8.138,3.929,-0.001,0.013,-0.011,-9.75,15.6,-12.6,1994.0
1787131290.9181716,-2.813,8.188,4.027,-0.006,0.003,-0.002,-11.1,14.55,-11.7,1994.0
1787131290.9181807,-2.753,8.171,4.013,-0.023,-0.003,-0.009,-10.35,16.5,-11.7,1989.0
1787131291.1230576,-2.866,8.14,4.017,-0.011,0.013,0.004,-9.45,14.85,-11.85,1989.0
1787131291.123083,-2.83,8.167,4.041,-0.013,0.004,0.008,-9.6,15.45,-12.75,1989.0
1787131291.123094,-2.84,8.131,4.041,-0.012,0.015,0.003,-9.75,15.6,-12.6,2008.0
1787131291.328297,-2.861,8.25,4.015,-0.007,0.008,-0.004,-10.05,13.05,-12.45,1892.0
1787131291.328322,-2.859,8.186,3.979,-0.021,-0.002,-0.003,-10.8,15.0,-12.45,1892.0
1787131291.3283334,-2.746,8.193,3.931,-0.031,0.001,-0.008,-11.7,13.2,-13.35,1977.0
1787131291.532752,-2.859,8.171,3.996,-0.016,0.022,0.003,-10.2,14.4,-10.05,1968.0
1787131291.532778,-2.921,8.064,3.982,-0.029,0.016,-0.005,-9.45,13.65,-13.05,1968.0
1787131291.5327892,-2.988,8.095,4.056,-0.015,-0.001,0.003,-10.2,14.4,-13.05,1946.0
1787131291.7368438,-2.859,8.226,3.982,-0.005,0.017,0.001,-10.5,12.15,-12.6,1935.0
1787131291.7369072,-2.866,8.191,4.013,-0.014,0.005,-0.004,-9.3,15.45,-12.0,1935.0
1787131291.736919,-2.854,8.133,4.01,-0.024,-0.006,-0.002,-10.8,14.55,-11.7,1935.0
1787131291.94775,-2.873,8.152,4.041,-0.004,0.018,0.013,-10.35,15.0,-13.2,1962.0
1787131291.9477746,-2.851,8.174,4.051,-0.015,0.004,0.008,-10.5,12.9,-11.85,1962.0
1787131291.947786,-2.902,8.076,4.07,-0.024,-0.006,0.003,-11.1,14.55,-13.5,1962.0
1787131292.146418,-2.818,8.176,3.965,-0.032,0.002,-0.001,-11.85,14.55,-13.2,1906.0
1787131292.146443,-2.804,8.195,3.998,-0.027,0.001,0.0,-10.8,14.55,-12.75,1906.0
1787131292.1464548,-2.83,8.176,4.001,-0.029,0.0,0.005,-9.75,13.2,-13.05,1906.0
1787131292.3509884,-2.947,8.121,4.125,-0.013,0.012,-0.003,-10.2,14.1,-12.3,2007.0
1787131292.5559914,-2.77,8.147,3.989,-0.008,0.03,0.008,-10.2,14.1,-13.35,1939.0
1787131292.5561817,-2.804,8.188,3.986,-0.014,0.045,0.002,-9.6,12.75,-13.5,1986.0
1787131292.5561912,-2.813,8.205,3.972,-0.019,0.039,-0.001,-11.1,15.45,-14.25,1986.0
1787131292.7608407,-2.734,8.09,3.955,-0.01,0.013,-0.02,-10.05,14.25,-12.75,2003.0
1787131292.7608778,-2.806,8.109,3.996,0.009,0.027,-0.019,-10.2,14.4,-13.05,1984.0
1787131292.760889,-2.828,8.152,4.017,0.009,0.022,-0.012,-12.15,14.55,-12.45,1984.0
1787131292.9690547,-2.78,8.198,3.941,-0.004,0.027,-0.003,-10.5,16.35,-11.55,2004.0
1787131292.9690816,-2.741,8.195,3.955,-0.011,0.032,-0.006,-11.1,13.8,-11.7,1979.0
1787131292.9690928,-2.789,8.198,3.986,-0.006,0.03,-0.001,-9.75,15.15,-13.05,1979.0
1787131293.1699886,-2.837,8.112,3.95,0.007,0.021,-0.014,-9.6,15.45,-13.2,1889.0
1787131293.1700122,-2.808,8.143,4.01,-0.003,0.013,-0.006,-9.6,14.55,-14.25,1979.0
1787131293.1700237,-2.808,8.2,4.046,-0.019,0.002,-0.014,-10.2,15.6,-13.05,1979.0
1787131293.3756957,-2.825,8.147,3.859,-0.02,0.009,0.007,-10.05,13.8,-13.2,1927.0
1787131293.375721,-2.825,8.124,3.919,-0.014,0.023,0.011,-9.6,14.55,-12.75,1927.0
1787131293.3758075,-2.851,8.164,4.013,-0.015,0.023,0.012,-10.2,15.6,-12.3,1927.0
1787131293.5798173,-2.799,8.147,3.941,-0.028,0.004,-0.003,-10.35,16.5,-11.4,1950.0
1787131293.5798416,-2.715,8.164,3.95,-0.01,0.021,-0.006,-9.75,14.1,-12.6,1950.0
1787131293.5798604,-2.801,8.176,3.979,-0.003,0.031,0.002,-9.45,14.85,-12.3,1950.0
1787131293.7851543,-2.768,8.241,3.967,-0.041,0.013,0.01,-10.8,15.75,-12.75,1960.0
1787131293.785192,-2.722,8.279,3.95,-0.045,0.011,0.016,-11.1,14.55,-13.95,1960.0
1787131293.7851987,-2.789,8.164,3.972,-0.045,0.013,0.018,-10.95,13.2,-12.6,1960.0
1787131293.9892476,-2.99,8.162,4.077,0.024,-0.018,-0.045,-10.05,13.8,-13.5,1960.0
1787131293.9892735,-2.772,8.133,4.113,-0.002,-0.035,-0.049,-9.75,14.4,-13.35,1960.0
1787131294.1940951,-2.734,8.157,3.869,-0.016,0.01,-0.012,-10.2,14.1,-13.05,1986.0
1787131294.194128,-2.842,8.212,3.924,-0.006,0.018,-0.012,-10.8,14.55,-11.4,1986.0
1787131294.194135,-2.825,8.095,3.96,-0.014,0.007,-0.007,-11.55,14.55,-12.75,1986.0
1787131294.3988094,-3.038,8.095,4.077,-0.007,0.023,0.001,-11.1,15.45,-13.95,2014.0
1787131294.3988335,-3.024,8.097,4.085,-0.016,0.018,0.005,-10.5,14.1,-11.85,2014.0
1787131294.3988447,-2.981,8.056,4.037,-0.023,0.026,-0.005,-11.55,15.45,-12.75,2014.0
1787131294.6045213,-2.885,8.15,3.996,-0.002,0.01,0.004,-11.25,15.9,-13.65,1981.0
1787131294.6045465,-2.818,8.174,3.958,-0.014,0.007,0.006,-10.8,13.5,-12.45,1981.0
1787131294.604558,-2.808,8.078,3.941,-0.005,0.021,-0.003,-10.35,13.05,-12.0,1981.0
1787131294.8082285,-2.868,8.126,3.924,-0.013,0.023,-0.009,-9.45,15.15,-12.3,1922.0
1787131294.8082519,-2.866,8.126,3.946,-0.01,0.031,-0.007,-9.75,14.85,-11.85,1922.0
1787131294.808263,-2.842,8.138,4.027,-0.006,0.038,-0.011,-10.8,16.2,-11.4,1922.0
1787131295.0131154,-2.94,8.133,3.912,-0.018,0.011,-0.004,-10.05,14.55,-12.75,2029.0
1787131295.0131407,-2.919,8.167,3.926,-0.024,0.012,-0.003,-12.0,14.4,-11.1,2029.0
1787131295.013152,-2.919,8.08,3.912,-0.018,0.002,-0.004,-9.3,17.4,-12.0,2029.0
1787131295.218529,-2.923,8.09,3.953,-0.016,0.008,0.004,-10.95,14.4,-13.05,1917.0
1787131295.2185535,-2.883,8.08,3.986,-0.014,0.013,0.001,-10.05,15.75,-12.75,1917.0
1787131295.218566,-2.84,8.188,3.915,-0.015,0.022,-0.005,-10.35,15.75,-12.0,1934.0
1787131295.4227796,-2.935,8.176,3.917,-0.006,0.031,-0.001,-10.95,13.65,-13.05,1969.0
1787131295.422804,-2.885,8.162,3.931,-0.002,0.029,-0.001,-10.5,15.15,-11.55,1916.0
1787131295.4228158,-2.923,8.152,3.934,-0.003,0.031,0.002,-9.45,15.6,-13.35,1916.0
1787131295.6255116,-2.933,8.104,3.955,-0.007,0.036,0.001,-11.1,14.25,-12.75,1985.0
1787131295.8321593,-2.993,8.104,3.936,-0.025,-0.004,0.004,-11.25,15.15,-12.3,1962.0
1787131295.8321855,-3.0,8.143,3.847,-0.03,-0.013,0.006,-10.2,16.35,-12.3,1962.0
1787131295.8321977,-2.974,8.157,3.895,-0.034,-0.006,-0.005,-9.3,15.0,-12.0,1962.0
1787131296.036702,-2.916,8.056,3.919,-0.016,-0.001,0.001,-9.45,13.2,-13.05,1949.0
1787131296.0367308,-2.947,8.056,3.936,-0.004,0.011,-0.006,-9.3,13.8,-13.5,1949.0
1787131296.0367424,-2.923,8.114,3.886,-0.002,0.02,-0.004,-10.95,15.15,-12.3,1949.0
1787131296.2415028,-2.878,8.162,3.931,-0.018,0.014,-0.001,-10.05,15.0,-12.0,1897.0
1787131296.241528,-2.931,8.162,3.895,-0.015,0.015,-0.006,-10.8,14.25,-11.7,1897.0
1787131296.2415392,-2.895,8.188,3.972,-0.014,0.009,0.003,-10.05,15.45,-12.0,1897.0
1787131296.4461696,-2.911,8.109,3.881,-0.022,0.001,-0.011,-9.0,14.4,-12.6,1954.0
1787131296.4461873,-2.895,8.121,3.958,-0.027,-0.004,-0.006,-11.55,14.55,-13.95,1954.0
1787131296.4461987,-2.907,8.157,3.979,-0.031,0.002,-0.008,-11.55,14.55,-13.95,1954.0
1787131296.6508992,-2.871,8.045,3.962,-0.032,-0.034,-0.005,-10.8,16.95,-12.0,1904.0
1787131296.6509163,-2.868,8.066,3.948,-0.016,-0.013,0.001,-9.6,13.5,-12.45,1904.0
1787131296.6509285,-2.911,8.08,3.9,-0.01,-0.006,0.0,-9.3,15.45,-13.2,1904.0
1787131296.8560827,-2.892,8.14,3.883,0.003,0.028,-0.005,-10.35,15.0,-11.7,1904.0
1787131296.8560987,-2.95,8.107,3.893,-0.011,0.027,-0.004,-9.45,15.6,-13.05,1904.0
1787131296.8561099,-2.921,8.126,3.881,-0.012,0.016,-0.004,-12.15,15.45,-11.7,1904.0
1787131297.060626,-2.885,8.193,4.02,-0.016,0.022,0.007,-10.35,14.25,-12.75,1888.0
1787131297.0606506,-2.928,8.083,3.977,-0.019,0.014,0.013,-9.3,14.55,-13.2,1888.0
1787131297.060662,-3.0,8.128,3.946,-0.02,0.018,0.014,-9.45,14.4,-13.05,1888.0
1787131297.263087,-2.897,8.124,3.953,-0.018,0.0,-0.009,-9.75,13.2,-13.65,1954.0
1787131297.4700358,-2.909,8.124,3.97,-0.016,0.008,0.006,-10.05,16.2,-11.4,1943.0
1787131297.4701421,-2.942,8.128,3.907,-0.022,0.015,0.0,-11.1,15.0,-12.0,1943.0
1787131297.470151,-2.981,8.145,3.883,-0.027,0.014,-0.005,-10.05,14.55,-12.45,1961.0
1787131297.674963,-2.825,8.15,3.924,-0.02,0.001,0.009,-9.75,14.85,-11.85,1961.0
1787131297.6749926,-2.871,8.1,3.989,-0.017,0.011,0.006,-10.2,14.85,-13.05,1961.0
1787131297.675004,-2.909,8.159,3.938,-0.016,0.022,0.006,-10.8,14.55,-13.5,1961.0
1787131297.8801558,-2.88,8.162,3.9,-0.024,0.009,0.002,-9.3,15.0,-12.45,1912.0
1787131297.8801808,-2.885,8.176,3.948,-0.025,-0.004,-0.002,-11.25,15.15,-11.85,1914.0
1787131297.8801923,-2.883,8.121,3.943,-0.027,0.001,0.002,-9.6,14.55,-12.45,1914.0
1787131298.0842752,-2.914,8.205,3.917,-0.023,0.0,0.015,-8.7,15.9,-11.1,1910.0
1787131298.084301,-2.926,8.169,3.922,-0.024,-0.009,0.012,-10.05,14.25,-12.75,1910.0
1787131298.084313,-2.914,8.21,3.898,-0.024,-0.014,0.011,-10.05,14.25,-13.2,1955.0
1787131298.2890801,-2.854,8.191,3.986,-0.034,0.012,0.018,-9.6,13.8,-12.0,1922.0
1787131298.2891068,-2.851,8.215,3.97,-0.035,0.014,0.014,-10.05,14.25,-12.75,1922.0
1787131298.2891183,-2.818,8.061,3.989,-0.034,0.009,0.011,-10.8,14.55,-12.75,1956.0
1787131298.4939253,-2.581,7.997,3.864,-0.012,0.072,-0.018,-10.5,14.1,-13.05,1933.0
1787131298.493951,-2.634,7.961,3.912,0.022,0.112,-0.023,-10.35,14.55,-12.0,1933.0
1787131298.4939623,-2.698,7.894,4.001,0.057,0.147,-0.037,-10.2,14.85,-12.6,1933.0
1787131298.6988862,-3.634,8.509,3.627,-0.077,0.086,-0.187,-9.0,14.4,-11.85,1898.0
1787131298.6989126,-3.63,8.54,3.515,-0.167,-0.05,-0.13,-9.45,14.85,-14.4,1898.0
1787131298.6989238,-3.484,8.413,3.704,-0.175,-0.121,-0.082,-9.45,14.1,-13.05,1898.0
1787131298.9015112,-2.634,7.954,4.614,-0.207,-0.125,0.118,-10.8,12.3,-14.25,2022.0
1787131299.1091907,-2.959,8.143,4.353,-0.014,0.072,-0.043,-11.55,11.55,-14.7,1974.0
1787131299.109216,-2.998,8.162,4.374,-0.048,0.048,-0.037,-11.55,10.8,-13.95,2002.0
1787131299.1092281,-2.926,8.155,4.298,-0.065,0.028,-0.031,-11.55,11.1,-15.45,2002.0
1787131299.3133729,-2.756,7.76,4.436,-0.084,0.023,-0.01,-10.5,10.95,-16.65,2002.0
1787131299.3133974,-2.777,7.642,4.393,-0.097,0.057,-0.031,-11.25,10.5,-15.15,2002.0
1787131299.3134089,-2.763,7.59,4.42,-0.084,0.115,-0.058,-10.5,10.5,-14.4,2002.0
1787131299.524183,-2.887,8.174,4.156,-0.253,0.18,0.012,-9.45,10.2,-15.6,2003.0
1787131299.5242085,-3.055,8.107,4.094,-0.25,0.143,-0.021,-10.35,9.6,-14.7,2003.0
1787131299.5242207,-2.952,7.86,4.326,-0.222,0.085,-0.019,-10.2,9.0,-14.85,2003.0
1787131299.7241726,-3.44,7.372,5.028,0.086,0.039,0.049,-10.8,7.2,-13.95,2003.0
1787131299.7241921,-3.539,7.329,5.045,0.049,0.054,0.014,-8.7,8.7,-14.1,1972.0
1787131299.7241986,-3.843,7.539,4.875,0.015,0.024,-0.003,-9.6,9.6,-15.0,1972.0
1787131299.927101,-2.555,8.217,4.427,0.082,-0.102,-0.082,-11.55,9.15,-14.25,2011.0
1787131299.9271252,-2.363,8.25,4.571,0.054,-0.064,-0.034,-10.8,8.85,-13.2,1996.0
1787131299.9271367,-2.351,8.097,4.621,0.048,-0.008,-0.008,-10.35,9.6,-15.0,1996.0
1787131300.1323302,-3.508,7.8,4.585,0.013,0.012,0.003,-10.2,10.95,-14.85,1998.0
1787131300.1323557,-3.354,7.784,4.563,-0.007,-0.034,-0.003,-10.35,9.6,-15.0,2024.0
1787131300.1323671,-3.247,7.848,4.453,-0.022,-0.049,-0.011,-10.95,10.5,-14.4,2024.0
1787131300.3365524,-2.777,7.898,4.475,0.011,0.0,0.002,-11.85,9.6,-13.5,1985.0
1787131300.336577,-2.782,7.836,4.458,0.019,0.001,0.004,-11.55,10.35,-15.75,1985.0
1787131300.3365886,-2.907,7.906,4.403,0.014,0.016,0.013,-11.1,8.85,-12.75,2007.0
1787131300.5399108,-3.036,7.87,4.427,0.026,0.002,0.016,-9.75,9.75,-14.4,1954.0
1787131300.7466033,-2.998,7.884,4.365,-0.042,0.012,0.027,-11.55,10.05,-14.7,1917.0
1787131300.7466285,-2.959,7.851,4.369,-0.046,0.015,0.018,-10.35,10.35,-13.5,1917.0
1787131300.746697,-2.933,7.898,4.444,-0.042,0.024,0.014,-11.1,10.05,-14.7,1917.0
1787131300.951067,-2.899,7.819,4.489,-0.037,0.032,0.006,-10.8,11.85,-14.25,1917.0
1787131300.9510915,-2.945,7.934,4.46,-0.04,0.026,0.001,-11.25,9.45,-13.65,1917.0
1787131300.9511032,-2.942,7.841,4.489,-0.048,0.032,0.001,-9.6,10.35,-14.25,1917.0
1787131301.15559,-2.931,7.872,4.432,-0.035,0.032,-0.002,-11.1,9.6,-13.95,1997.0
1787131301.1556153,-2.99,7.853,4.468,-0.034,0.034,0.01,-9.75,10.95,-13.35,1997.0
1787131301.1556265,-2.854,7.875,4.554,-0.024,0.031,0.007,-11.7,9.75,-13.65,1997.0
1787131301.3604321,-3.05,7.848,4.568,-0.028,0.015,0.005,-10.8,10.8,-13.2,1997.0
1787131301.3604596,-2.981,7.846,4.508,-0.028,0.012,-0.002,-10.8,9.6,-15.0,1997.0
1787131301.3604708,-2.942,7.836,4.477,-0.03,0.011,-0.005,-9.45,9.0,-13.05,1997.0
1787131301.56512,-2.969,7.793,4.518,-0.018,0.009,-0.012,-10.05,10.05,-14.7,2012.0
1787131301.5651448,-2.897,7.779,4.463,-0.014,0.004,-0.013,-10.35,10.35,-14.25,2012.0
1787131301.5651567,-2.969,7.796,4.52,-0.01,0.0,-0.007,-9.6,11.1,-15.0,2012.0
1787131301.769769,-3.043,7.853,4.489,-0.012,0.003,-0.013,-9.6,10.35,-14.7,2017.0
1787131301.769797,-2.947,7.8,4.508,-0.016,0.004,-0.018,-8.25,10.95,-15.6,2017.0
1787131301.7698083,-2.971,7.829,4.496,-0.013,0.003,-0.02,-9.0,9.75,-14.85,1998.0
1787131301.9760952,-2.921,7.738,4.542,-0.009,-0.009,0.012,-10.05,10.05,-14.25,1992.0
1787131301.9761233,-2.926,7.788,4.511,-0.014,-0.005,0.019,-9.75,10.2,-14.4,1992.0
1787131301.9761353,-2.945,7.822,4.542,-0.013,0.011,0.012,-10.35,10.05,-13.2,1992.0
1787131302.178928,-2.959,7.843,4.539,-0.019,0.002,-0.003,-10.95,9.75,-14.85,1939.0
1787131302.1789517,-2.954,7.877,4.506,-0.024,0.011,0.003,-10.95,9.75,-14.85,1970.0
1787131302.38475,-3.098,7.86,4.499,-0.008,-0.01,0.001,-9.3,9.15,-13.95,2004.0
1787131302.3847752,-2.976,7.774,4.482,-0.013,0.001,-0.007,-10.5,8.7,-14.4,2004.0
1787131302.3847876,-3.0,7.817,4.487,-0.018,0.004,-0.009,-9.6,8.85,-13.95,2004.0
1787131302.5887494,-3.002,7.843,4.501,0.003,0.018,-0.009,-9.75,9.75,-13.35,2028.0
1787131302.5887735,-2.978,7.877,4.448,0.006,0.013,-0.012,-10.2,9.0,-13.05,2028.0
1787131302.5887852,-2.964,7.858,4.439,-0.002,0.01,-0.01,-10.2,10.5,-13.65,2028.0
1787131302.7936783,-2.969,7.803,4.439,0.008,0.027,-0.019,-9.3,8.4,-13.95,1955.0
1787131302.7937026,-3.014,7.891,4.472,0.003,0.026,-0.013,-10.2,10.5,-13.05,1955.0
1787131302.7937143,-3.033,7.91,4.42,-0.005,0.006,-0.012,-10.2,11.7,-14.4,1955.0
1787131302.9990127,-2.947,7.875,4.448,-0.016,0.004,-0.007,-10.2,10.5,-14.85,2009.0
1787131302.9991996,-2.995,7.855,4.427,-0.016,0.013,-0.003,-9.75,9.75,-13.65,2009.0
1787131302.9992082,-2.952,7.819,4.432,-0.013,0.013,-0.001,-9.3,10.05,-13.95,2009.0
1787131303.2032983,-2.942,7.843,4.484,-0.02,0.01,0.007,-10.8,10.8,-14.25,2060.0
1787131303.2033238,-2.954,7.824,4.472,-0.02,0.019,0.004,-9.6,10.05,-12.75,2060.0
1787131303.2033355,-3.014,7.853,4.465,-0.017,0.012,0.005,-10.95,10.5,-13.65,2060.0
1787131303.4081442,-2.947,7.891,4.355,-0.016,0.013,-0.003,-9.3,11.55,-13.5,1980.0
1787131303.4081697,-2.952,7.863,4.422,-0.021,0.016,-0.005,-10.95,10.5,-12.6,1980.0
1787131303.4081812,-2.938,7.898,4.424,-0.016,0.022,-0.006,-9.3,9.15,-15.0,1980.0
1787131303.6128936,-3.036,7.927,4.365,-0.01,0.012,0.005,-10.05,11.1,-14.25,2071.0
1787131303.6129193,-3.014,7.884,4.415,-0.012,0.011,-0.004,-9.3,9.6,-14.25,2071.0
1787131303.612931,-3.014,7.946,4.427,-0.019,0.002,-0.007,-9.6,11.1,-12.75,2071.0
1787131303.815583,-2.974,7.839,4.506,-0.025,-0.007,0.003,-10.2,9.75,-13.05,2020.0
1787131304.0226367,-2.976,7.932,4.322,-0.012,0.022,0.015,-9.45,10.95,-15.6,2021.0
1787131304.2275255,-2.911,7.757,4.52,-0.039,-0.013,-0.033,-10.35,11.1,-13.5,1998.0
1787131304.2275553,-2.921,7.803,4.48,-0.031,0.0,-0.035,-10.95,9.45,-14.1,1998.0
1787131304.227567,-2.89,7.757,4.42,-0.029,0.006,-0.033,-8.7,9.75,-14.4,1955.0
1787131304.4324093,-3.096,7.985,4.35,0.005,0.053,-0.015,-10.95,9.45,-12.3,1938.0
1787131304.4324358,-3.086,7.987,4.357,-0.002,0.038,-0.007,-10.8,9.15,-14.7,1938.0
1787131304.432447,-3.055,7.961,4.283,-0.01,0.026,0.007,-10.35,10.8,-14.25,1971.0
1787131304.636419,-3.014,7.865,4.288,-0.028,0.009,-0.015,-10.05,10.05,-15.45,2027.0
1787131304.6364443,-2.933,7.791,4.271,0.021,0.009,0.009,-10.2,10.5,-13.35,2027.0
1787131304.636456,-2.904,7.829,4.405,0.033,0.032,0.013,-8.85,11.1,-13.95,2004.0
1787131304.841417,-3.079,7.973,4.343,-0.02,0.004,-0.002,-9.6,11.55,-12.0,1979.0
1787131304.841441,-3.096,7.956,4.288,-0.026,-0.003,-0.006,-10.2,11.4,-14.1,1979.0
1787131304.8414526,-3.12,7.956,4.288,-0.032,-0.006,-0.004,-7.95,11.4,-14.85,1939.0
1787131305.0464854,-3.014,7.915,4.295,-0.022,0.009,-0.008,-10.8,10.8,-14.7,1973.0
1787131305.0465112,-2.962,7.882,4.288,-0.019,0.011,-0.005,-9.6,9.15,-14.7,1973.0
1787131305.0465226,-2.971,7.831,4.266,-0.003,0.016,0.002,-9.75,11.4,-13.35,1973.0
1787131305.2520185,-3.139,7.918,4.35,-0.004,0.01,-0.004,-10.05,10.05,-12.75,2009.0
1787131305.2520425,-3.151,7.956,4.238,-0.02,-0.004,-0.019,-10.95,10.2,-14.4,2009.0
1787131305.252054,-3.065,7.87,4.214,-0.022,0.012,-0.027,-11.1,9.15,-15.0,2009.0
1787131305.4534428,-3.057,7.872,4.266,-0.012,0.02,0.014,-9.0,9.75,-14.1,1980.0
1787131305.6603255,-3.021,7.841,4.187,-0.027,0.016,-0.02,-9.45,10.5,-14.85,1939.0
1787131305.6603515,-3.024,7.786,4.223,-0.003,0.026,-0.007,-8.7,11.4,-14.4,1939.0
1787131305.6603627,-2.978,7.843,4.348,0.014,0.034,-0.005,-10.2,10.5,-14.4,1939.0
1787131305.865531,-3.115,7.973,4.348,0.001,0.013,-0.007,-9.0,10.95,-13.65,1935.0
1787131305.8655562,-3.05,8.009,4.386,-0.009,0.015,-0.004,-9.0,12.15,-13.05,1935.0
1787131305.8655677,-3.098,7.956,4.336,-0.009,0.005,-0.014,-10.2,11.7,-13.35,1935.0
1787131306.0695934,-2.928,7.961,4.207,-0.037,0.003,-0.006,-9.75,9.0,-14.85,1976.0
1787131306.0696185,-2.988,7.87,4.113,-0.023,0.026,-0.004,-9.75,10.2,-13.65,1976.0
1787131306.0696297,-3.017,7.889,4.164,-0.011,0.03,0.001,-10.35,10.05,-13.5,1976.0
1787131306.2751148,-3.115,7.803,4.293,-0.003,0.014,-0.006,-8.85,10.35,-13.5,2033.0
1787131306.2751412,-3.151,7.918,4.266,-0.007,0.011,-0.009,-10.2,10.2,-15.15,2033.0
1787131306.2751527,-3.105,7.987,4.298,-0.013,0.003,-0.012,-9.45,9.75,-13.05,2033.0
1787131306.4795918,-3.156,7.946,4.302,0.009,0.018,0.002,-9.0,10.5,-14.1,1983.0
1787131306.4796164,-3.105,7.997,4.334,-0.009,-0.009,0.002,-9.75,10.5,-13.05,1983.0
1787131306.4796295,-3.194,7.985,4.274,-0.04,-0.009,-0.007,-9.75,11.4,-13.35,1983.0
1787131306.6841266,-3.041,7.927,4.3,-0.04,-0.009,-0.01,-10.5,10.95,-14.85,2025.0
1787131306.6841521,-2.971,7.839,4.245,-0.038,0.003,-0.003,-10.05,9.15,-15.0,2010.0
1787131306.6841633,-3.038,7.803,4.178,-0.031,0.013,-0.008,-9.0,11.7,-13.05,2010.0
1787131306.889418,-3.033,8.004,4.324,-0.035,-0.021,-0.022,-9.45,12.15,-14.4,2010.0
1787131306.8894434,-2.954,7.932,4.247,-0.031,-0.008,-0.009,-9.3,11.55,-14.25,2010.0
1787131306.8894546,-3.007,7.855,4.238,-0.007,0.016,0.012,-10.8,10.8,-12.45,2010.0
1787131307.0918217,-3.122,7.918,4.298,-0.003,0.02,0.001,-10.35,10.8,-14.25,1927.0
1787131307.2981012,-3.115,7.75,3.977,-0.021,0.029,-0.021,-10.05,10.8,-14.7,1972.0
1787131307.2981272,-3.048,7.791,4.046,0.01,0.032,-0.018,-10.2,11.7,-14.1,1972.0
1787131307.2981398,-3.096,7.841,4.3,0.026,0.021,-0.003,-9.3,9.6,-13.2,1972.0
1787131307.5031767,-3.163,7.946,4.36,-0.003,0.011,0.001,-9.45,12.15,-14.4,1981.0
1787131307.5032053,-3.151,7.934,4.389,-0.012,0.003,-0.013,-9.3,11.55,-13.95,1981.0
1787131307.503217,-3.103,7.93,4.326,-0.023,-0.01,-0.006,-9.75,10.95,-14.4,1981.0
1787131307.7080665,-3.014,7.841,4.326,-0.005,-0.002,-0.012,-8.85,8.85,-13.5,1997.0
1787131307.7080925,-3.062,7.97,4.372,0.01,-0.009,-0.002,-10.5,11.4,-13.05,1997.0
1787131307.7081034,-2.914,8.023,4.348,-0.006,-0.015,0.007,-10.35,12.75,-14.25,1997.0
1787131307.9132774,-3.014,7.92,4.238,-0.023,0.012,-0.011,-10.95,9.75,-14.85,1938.0
1787131307.913302,-3.089,7.884,4.262,-0.011,0.004,0.002,-10.8,10.8,-13.5,1938.0
1787131307.9133134,-3.146,7.851,4.326,-0.001,0.004,0.003,-10.2,10.95,-12.3,1938.0
1787131308.1177936,-2.976,7.894,4.278,-0.009,0.016,-0.004,-8.1,11.1,-14.25,1973.0
1787131308.1178193,-3.067,8.056,4.451,0.004,0.026,0.003,-10.2,9.45,-13.05,1973.0
1787131308.1178312,-3.084,8.033,4.415,-0.013,0.015,0.007,-8.85,11.55,-13.5,1973.0
1787131308.322218,-3.041,8.114,4.403,-0.042,-0.004,0.001,-10.2,11.4,-13.35,2016.0
1787131308.3223066,-3.057,7.987,4.29,-0.041,-0.015,0.015,-9.45,9.45,-14.4,2016.0
1787131308.3223188,-2.998,7.848,4.245,-0.033,0.005,0.013,-9.3,11.55,-14.25,2016.0
1787131308.5269108,-2.916,7.925,4.398,-0.017,0.0,0.003,-10.35,10.8,-15.75,1969.0
1787131308.5269368,-2.957,7.913,4.271,-0.026,0.011,0.007,-10.05,10.35,-13.95,1969.0
1787131308.5269485,-3.077,7.877,4.19,-0.015,0.034,0.002,-9.45,12.9,-14.1,1969.0
1787131308.7311342,-3.06,7.855,4.185,-0.005,0.035,0.011,-11.25,10.2,-14.4,2015.0
1787131308.7311604,-3.105,7.954,4.298,0.003,0.015,0.013,-9.3,10.35,-12.75,2015.0
1787131308.9418483,-3.007,7.939,4.266,-0.044,-0.011,0.009,-10.35,11.1,-14.7,1997.0
1787131308.9418838,-3.005,7.855,4.24,-0.04,0.0,0.004,-10.8,9.6,-14.25,1997.0
1787131309.142061,-3.012,7.891,4.214,-0.014,0.017,-0.002,-8.85,10.8,-14.25,1998.0
1787131309.1420865,-3.005,7.906,4.238,-0.012,0.031,-0.006,-9.6,10.8,-13.2,1998.0
1787131309.1420982,-3.007,7.884,4.269,0.01,0.033,0.002,-10.8,11.55,-13.95,1998.0
1787131309.3457234,-3.038,7.939,4.329,-0.016,0.016,-0.008,-9.75,10.2,-14.85,2019.0
1787131309.3457491,-3.093,7.954,4.305,-0.027,0.009,-0.011,-9.6,11.1,-13.2,2019.0
1787131309.3457613,-3.005,7.956,4.281,-0.038,0.0,-0.021,-9.45,10.5,-15.6,1977.0
1787131309.5512314,-3.053,7.915,4.254,-0.011,0.0,-0.009,-10.05,10.05,-13.2,2003.0
1787131309.5512571,-3.036,7.951,4.238,-0.023,-0.001,-0.012,-8.55,11.1,-13.5,2003.0
1787131309.551269,-3.05,7.906,4.245,-0.016,0.006,-0.009,-10.8,11.1,-15.0,2003.0
1787131309.7552266,-3.148,7.877,4.278,-0.023,0.005,0.002,-10.5,10.95,-14.4,1936.0
1787131309.755251,-3.117,7.875,4.29,-0.025,0.004,-0.001,-10.05,11.1,-13.95,1936.0
1787131309.7552621,-3.036,7.882,4.254,-0.015,0.006,0.001,-8.55,10.35,-13.5,1936.0
1787131309.96062,-3.067,7.932,4.264,-0.006,0.013,0.002,-10.8,10.05,-15.45,2031.0
1787131309.9606454,-3.055,7.915,4.221,-0.01,0.014,0.004,-10.05,10.05,-13.5,2031.0
1787131309.960657,-3.029,7.951,4.269,-0.011,0.013,0.006,-10.05,10.05,-13.2,2031.0
1787131310.171165,-3.041,7.942,4.324,-0.015,0.007,0.001,-8.7,10.95,-13.35,1953.0
1787131310.1711912,-3.026,7.91,4.278,-0.014,0.004,0.002,-9.0,10.5,-13.05,1953.0
1787131310.1712027,-3.041,7.908,4.331,-0.013,0.01,0.003,-9.75,10.5,-13.65,1953.0
1787131310.3691516,-2.895,7.973,4.204,-0.052,-0.02,-0.009,-9.75,10.95,-13.35,2026.0
1787131310.5744185,-3.019,7.91,4.295,-0.011,0.002,-0.01,-9.0,10.2,-15.15,1970.0
1787131310.5744438,-2.964,7.906,4.276,-0.013,0.008,0.001,-10.2,10.2,-14.4,1970.0
1787131310.5744553,-3.017,7.922,4.312,-0.01,0.009,0.001,-10.8,10.05,-13.95,1970.0
1787131310.7808945,-2.983,7.963,4.314,0.001,0.047,0.013,-10.8,10.05,-15.0,1985.0
1787131310.78092,-3.079,7.961,4.293,-0.003,0.039,0.01,-10.35,11.85,-13.95,1985.0
1787131310.7809324,-3.057,7.973,4.25,-0.019,0.024,0.007,-10.05,9.6,-13.5,1985.0
1787131310.983877,-3.045,7.896,4.223,-0.019,0.018,-0.036,-9.3,11.1,-14.7,1908.0
1787131310.9839013,-3.007,8.009,4.204,-0.016,0.034,-0.041,-10.2,10.2,-15.15,1908.0
1787131310.9839134,-3.093,8.078,4.413,0.005,0.053,-0.035,-9.3,10.35,-13.5,1908.0
1787131311.1885974,-3.065,7.958,4.377,-0.032,-0.013,-0.007,-10.95,9.45,-14.4,1969.0
1787131311.1886213,-3.05,7.982,4.374,-0.034,-0.021,-0.005,-10.8,9.15,-13.5,1996.0
1787131311.1886325,-3.026,7.927,4.367,-0.044,-0.026,-0.01,-10.2,10.2,-14.85,1996.0
1787131311.393577,-3.091,7.86,4.331,0.014,0.003,-0.012,-10.2,9.45,-14.1,1997.0
1787131311.3936028,-3.021,7.889,4.276,0.028,0.018,-0.008,-9.6,12.3,-12.75,1911.0
1787131311.393614,-2.998,7.891,4.266,0.032,0.028,-0.01,-10.95,11.4,-14.1,1911.0
1787131311.5980856,-3.103,7.963,4.204,0.0,0.023,0.002,-9.45,10.2,-13.65,2019.0
1787131311.598112,-3.165,7.922,4.243,-0.008,0.013,0.012,-11.1,11.55,-16.05,2019.0
1787131311.5981357,-3.057,7.932,4.226,-0.008,0.018,0.015,-10.2,10.95,-14.1,2019.0
1787131311.8033288,-2.978,7.98,4.247,-0.024,0.021,0.011,-10.35,11.55,-14.25,1948.0
1787131311.8033533,-2.974,7.858,4.264,-0.028,0.025,0.011,-10.35,11.55,-13.95,1948.0
1787131311.8033645,-3.01,7.834,4.288,0.001,0.051,0.01,-10.05,11.85,-12.45,1972.0
1787131312.0072153,-3.074,7.973,4.228,-0.014,-0.005,-0.013,-10.35,11.55,-12.45,1965.0
1787131312.0072405,-3.017,7.968,4.197,-0.03,-0.022,-0.015,-10.05,10.35,-15.0,1990.0
1787131312.2127304,-3.06,7.951,4.233,-0.021,-0.004,-0.003,-10.2,11.7,-14.1,1937.0
1787131312.212756,-3.091,8.011,4.317,-0.022,-0.014,-0.003,-10.8,10.8,-13.5,1937.0
1787131312.2127678,-3.067,7.958,4.345,-0.018,-0.015,0.002,-9.45,9.75,-13.65,1937.0
1787131312.423659,-2.998,7.942,4.226,-0.015,0.006,0.01,-11.7,10.95,-13.05,1937.0
1787131312.4236848,-3.045,7.961,4.326,-0.021,0.007,0.005,-9.6,11.55,-13.95,1937.0
1787131312.4236963,-3.036,7.939,4.343,-0.025,0.014,0.003,-11.25,9.45,-14.4,1937.0
1787131312.6218033,-3.05,7.973,4.374,-0.025,0.002,-0.004,-10.8,9.15,-13.95,1937.0
1787131312.6218278,-3.057,7.922,4.314,-0.015,0.007,-0.007,-9.45,10.95,-13.35,1937.0
1787131312.6218388,-3.06,7.875,4.286,-0.013,0.004,-0.01,-10.5,12.15,-13.05,1937.0
1787131312.8267593,-3.079,7.851,4.08,-0.031,0.015,-0.009,-9.6,11.85,-12.75,2013.0
1787131312.8267853,-3.029,7.721,4.039,-0.011,0.035,-0.019,-11.25,11.4,-13.65,2013.0
1787131312.8267965,-3.029,7.772,4.08,0.02,0.047,-0.022,-10.95,11.4,-13.05,2013.0
1787131313.03215,-3.16,7.872,4.24,0.008,0.021,0.007,-9.6,10.05,-13.2,1954.0
1787131313.0321841,-3.124,7.954,4.329,0.013,0.02,-0.002,-9.45,11.7,-14.85,1954.0
1787131313.0321918,-3.136,8.064,4.345,-0.011,0.003,-0.013,-10.35,10.8,-13.2,1954.0
1787131313.2361455,-3.069,7.944,4.288,-0.027,0.02,-0.004,-10.05,11.55,-13.95,2034.0
1787131313.2361708,-3.005,7.93,4.293,-0.039,0.003,-0.01,-10.95,10.2,-14.4,2034.0
1787131313.2361822,-3.0,7.898,4.307,-0.039,-0.001,-0.009,-9.75,11.4,-13.65,2034.0
1787131313.4415255,-2.981,7.81,4.336,0.018,0.009,-0.024,-9.6,11.1,-13.5,2017.0
1787131313.4415517,-3.031,7.901,4.362,0.013,0.011,-0.032,-12.0,11.4,-14.85,2017.0
1787131313.441563,-3.117,7.858,4.276,0.023,0.013,-0.03,-12.0,11.4,-14.85,2017.0
1787131313.6457016,-3.069,7.86,4.238,0.027,-0.019,-0.045,-10.5,8.7,-14.4,1929.0
1787131313.6457267,-3.124,7.836,4.202,0.046,-0.008,-0.033,-10.95,10.95,-13.65,1953.0
1787131313.8505168,-3.187,8.009,4.025,0.019,0.054,-0.057,-10.5,11.7,-13.05,1979.0
1787131313.8505423,-3.17,8.004,3.91,0.027,0.064,-0.067,-10.95,12.15,-13.35,1979.0
1787131313.8505538,-3.172,7.946,3.876,0.051,0.072,-0.058,-9.45,14.1,-12.6,1979.0
1787131314.0557122,-3.505,8.262,3.879,0.034,0.069,-0.064,-8.55,15.0,-12.75,1926.0
1787131314.055737,-3.539,8.076,3.965,0.038,-0.033,-0.056,-10.2,13.65,-11.85,1926.0
1787131314.0557485,-3.63,7.985,4.298,0.07,-0.109,-0.023,-8.55,13.05,-12.0,1926.0
1787131314.2599616,-2.523,7.417,3.814,0.311,0.064,-0.161,-11.25,15.6,-13.05,1905.0
1787131314.2600598,-2.727,7.35,3.689,0.354,0.145,-0.168,-11.55,17.4,-13.5,1905.0
1787131314.2600687,-2.981,7.453,3.689,0.369,0.171,-0.146,-12.0,15.6,-14.1,1905.0
1787131314.4653306,-2.425,7.525,3.165,0.387,-0.047,0.093,-15.15,18.45,-13.5,1851.0
1787131314.4653597,-2.478,7.487,2.945,0.38,0.104,0.031,-14.25,17.85,-14.1,1851.0
1787131314.4653714,-2.567,7.386,2.782,0.355,0.231,-0.001,-15.45,18.3,-13.35,1851.0
1787131314.6701035,-3.316,7.575,2.04,0.697,0.006,0.172,-14.1,18.9,-15.0,1393.0
1787131314.6701288,-3.321,7.834,1.906,0.716,-0.035,0.178,-14.85,18.9,-14.7,1393.0
1787131314.6701403,-3.524,8.188,1.69,0.713,-0.047,0.183,-13.65,18.15,-17.25,1393.0
1787131314.8743525,-3.768,11.076,0.757,0.601,0.034,-0.061,-16.5,22.5,-19.2,1164.0
1787131314.8743777,-3.697,11.322,0.749,0.562,0.081,-0.092,-16.65,23.7,-19.95,1164.0
1787131314.8743892,-3.807,11.633,0.888,0.476,0.086,-0.09,-15.45,24.9,-19.2,1164.0
1787131315.0791225,-3.378,11.528,0.687,-0.063,0.274,0.129,-14.7,27.15,-19.2,1080.0
1787131315.0791483,-3.196,11.274,0.393,-0.095,0.258,0.165,-14.1,27.75,-19.8,1080.0
1787131315.0791593,-2.82,11.229,0.043,-0.175,0.391,0.147,-13.35,27.45,-21.3,1080.0
1787131315.281601,-2.282,10.508,-0.541,-0.144,0.178,0.171,-10.5,27.9,-22.5,901.0
1787131315.4891856,-0.833,8.241,0.781,-0.194,-0.241,0.488,-12.0,30.6,-22.95,781.0
1787131315.4892218,-0.742,8.437,0.764,-0.23,-0.061,0.499,-11.85,31.95,-22.8,781.0
1787131315.489229,-0.69,8.483,0.706,-0.286,0.134,0.517,-13.5,34.2,-23.7,520.0
1787131315.6934476,-0.532,7.815,-0.232,-0.546,1.927,0.039,-6.45,28.8,-22.95,975.0
1787131315.6935449,-0.613,7.652,-0.364,-0.528,2.064,-0.082,-3.9,30.3,-24.0,975.0
1787131315.6935575,-1.025,7.903,-0.488,-0.472,1.925,-0.118,-0.15,27.15,-23.7,1003.0
1787131315.897901,-1.125,8.327,0.244,0.087,0.798,0.222,7.5,29.55,-25.2,235.0
1787131315.897926,-1.173,8.272,0.266,0.131,0.918,0.212,8.85,29.25,-27.15,235.0
1787131315.897937,-1.334,8.42,0.369,0.156,0.98,0.222,8.7,27.9,-27.3,257.0
1787131316.1039236,-1.932,8.744,0.553,0.48,0.362,0.458,12.9,34.8,-28.95,232.0
1787131316.103947,-2.155,8.851,0.577,0.526,0.392,0.485,12.45,34.95,-29.55,232.0
1787131316.1039581,-2.313,9.088,0.484,0.57,0.359,0.512,12.15,35.85,-28.2,232.0
1787131316.3080492,-2.392,10.214,0.397,0.334,-0.297,0.362,11.85,43.95,-31.2,232.0
1787131316.3080745,-2.081,10.13,0.393,0.223,-0.284,0.214,11.1,43.65,-30.45,232.0
1787131316.3080857,-1.616,10.07,0.419,0.12,-0.158,0.053,9.75,45.3,-31.35,232.0
1787131316.5129726,-1.053,10.245,0.33,-0.383,0.261,-0.272,12.9,40.95,-31.5,232.0
1787131316.513002,-0.893,10.108,0.285,-0.447,0.229,-0.214,13.2,42.3,-30.6,232.0
1787131316.5130134,-0.745,9.929,0.189,-0.455,0.238,-0.174,12.15,40.95,-32.25,232.0
1787131316.7168412,0.026,9.586,-0.108,-0.354,0.543,0.061,16.65,37.8,-33.45,155.0
1787131316.7168746,0.326,10.297,-0.532,-0.389,0.736,0.179,16.95,35.25,-33.3,155.0
1787131316.7168858,0.381,10.855,-0.709,-0.407,0.914,0.304,17.7,35.25,-32.1,155.0
1787131317.1265268,1.106,9.093,0.596,-0.078,0.742,0.195,24.3,33.0,-40.95,143.0
1787131317.126552,1.188,9.151,0.594,-0.057,0.745,0.226,25.05,35.25,-39.45,143.0
1787131317.1265638,1.204,9.06,0.73,0.003,0.744,0.223,24.0,33.75,-40.65,143.0
1787131317.3314168,0.35,8.789,1.446,0.382,0.675,0.369,28.65,38.25,-45.9,143.0
1787131317.3314419,0.239,8.839,1.417,0.409,0.594,0.411,28.95,38.25,-46.65,143.0
1787131317.331453,0.273,8.945,1.477,0.41,0.518,0.421,28.8,38.4,-47.55,143.0
1787131317.5360825,-0.12,9.234,1.755,0.434,0.187,0.022,28.2,41.25,-49.2,1454.0
1787131317.5361075,-0.136,9.196,1.896,0.438,0.076,-0.016,28.8,42.6,-50.55,1454.0
1787131317.5361192,-0.11,9.16,2.021,0.436,-0.032,-0.054,31.35,43.05,-52.35,1454.0
1787131317.7407296,-0.347,9.232,1.769,0.115,-0.578,-0.243,29.85,42.3,-50.55,1522.0
1787131317.7407544,-0.294,9.143,1.597,0.07,-0.716,-0.329,30.6,40.65,-51.6,1366.0
1787131317.7407658,-0.014,9.349,1.537,0.019,-0.765,-0.417,31.05,39.9,-52.05,1366.0
1787131317.945617,0.512,10.616,0.982,-0.066,-0.676,-0.438,30.15,41.7,-51.0,1366.0
1787131317.9456418,1.52,13.163,0.362,-0.295,-0.383,-0.383,30.3,39.9,-50.1,1366.0
1787131317.945653,1.3,13.317,0.773,-0.436,-0.158,-0.216,28.8,38.85,-49.8,1366.0
1787131318.1504865,-0.412,9.041,-0.898,-0.499,-0.231,-0.714,29.4,27.0,-45.15,88.0
1787131318.1505122,-0.503,8.899,-0.8,-0.359,-0.357,-0.617,28.2,28.95,-45.15,88.0
1787131318.1505234,-0.304,8.887,-0.881,-0.295,-0.432,-0.504,28.8,26.1,-42.75,88.0
1787131318.3551993,-0.081,9.33,-0.929,-0.239,-0.3,0.065,27.15,25.5,-43.65,52.0
1787131318.3552277,-0.153,9.177,-1.044,-0.209,-0.229,0.23,28.2,25.8,-43.65,52.0
1787131318.3552341,-0.678,8.933,-1.197,-0.155,-0.166,0.337,27.45,25.5,-43.65,52.0
1787131318.5591567,-0.481,9.222,-0.472,0.71,0.428,0.337,29.85,27.15,-46.8,71.0
1787131318.5591855,-0.263,9.529,0.256,0.872,0.117,0.532,30.45,30.45,-47.4,83.0
1787131318.7646797,-1.046,10.599,0.031,0.218,1.062,0.76,32.1,42.6,-57.9,1133.0
1787131318.7647047,-0.953,10.91,-0.141,0.126,0.913,0.775,31.05,42.6,-58.2,1133.0
1787131318.7647169,-0.903,11.164,-0.117,0.036,0.835,0.782,31.2,43.95,-59.55,1133.0
1787131318.97023,-0.441,10.247,1.36,-0.427,0.923,-0.641,32.55,44.25,-63.45,1216.0
1787131318.9702551,-0.764,10.695,1.113,-0.805,0.543,-0.526,32.1,43.05,-64.5,1216.0
1787131318.9702663,-0.431,10.178,1.336,-1.092,0.188,-0.367,33.3,43.05,-63.0,1216.0
1787131319.1745348,-0.213,9.404,1.616,-0.129,-0.459,-0.711,34.95,38.25,-62.85,1032.0
1787131319.1745596,-0.484,9.21,1.58,-0.148,-0.941,-0.602,34.95,35.55,-62.55,1032.0
1787131319.1745706,-0.244,8.894,1.482,-0.184,-1.355,-0.462,34.65,34.35,-60.3,1032.0
1787131319.378623,0.206,9.127,1.219,0.146,-1.364,0.191,31.05,34.2,-51.3,191.0
1787131319.3786478,0.144,9.287,1.075,0.113,-1.468,0.167,31.95,35.1,-51.75,191.0
1787131319.3786595,0.093,9.397,0.977,0.051,-1.563,0.096,31.65,33.6,-48.9,191.0
1787131319.5841687,0.824,9.888,0.247,-0.32,-0.803,-0.48,26.25,31.5,-42.0,155.0
1787131319.5841947,0.68,10.333,0.041,-0.299,-0.703,-0.478,26.55,29.85,-40.65,155.0
1787131319.5842059,0.661,10.266,0.072,-0.25,-0.625,-0.45,27.0,30.3,-39.9,155.0
1787131319.7887657,0.654,9.409,-0.036,-0.367,-1.049,-0.267,22.5,25.65,-36.15,139.0
1787131319.7887912,0.63,9.663,-0.136,-0.366,-0.894,-0.122,23.25,25.65,-35.4,120.0
1787131319.7888029,0.469,9.687,-0.053,-0.299,-0.767,0.044,22.65,23.1,-34.5,120.0
1787131319.994211,-0.484,8.935,0.364,0.215,-0.591,0.086,18.0,25.2,-32.1,113.0
1787131319.9942384,-0.366,8.981,0.352,0.158,-0.549,0.073,18.9,24.3,-30.9,171.0
1787131319.9942498,-0.268,9.055,0.371,0.08,-0.483,0.071,16.5,24.9,-29.55,171.0
1787131320.1958072,-0.625,9.977,0.481,0.366,0.098,-0.062,18.6,27.0,-30.9,174.0
1787131320.4023309,0.079,9.579,0.644,0.04,0.061,0.223,17.1,28.2,-28.95,208.0
1787131320.4023554,0.141,9.656,0.541,0.031,0.018,0.231,18.0,27.6,-29.55,208.0
1787131320.4023666,0.074,9.697,0.563,0.016,-0.008,0.227,15.75,27.6,-29.25,208.0
1787131320.6079862,0.299,9.244,0.831,-0.019,-0.395,0.081,14.85,27.45,-28.2,186.0
1787131320.608011,0.35,9.179,0.838,-0.072,-0.363,0.096,15.0,26.85,-28.05,186.0
1787131320.6080222,0.326,9.16,0.745,-0.145,-0.286,0.097,15.75,28.8,-28.8,186.0
1787131320.812017,-0.189,9.237,0.491,-0.013,0.006,-0.089,14.4,26.25,-28.65,175.0
1787131320.8120413,-0.034,9.163,0.469,-0.013,-0.045,-0.119,15.45,26.4,-28.05,175.0
1787131320.8120525,0.16,9.232,0.393,-0.035,-0.027,-0.158,15.45,25.65,-28.05,175.0
1787131321.016767,0.462,9.321,0.278,-0.128,0.544,-0.187,18.15,25.8,-28.2,169.0
1787131321.0167918,0.453,9.321,0.199,-0.144,0.659,-0.201,18.0,24.45,-26.55,169.0
1787131321.016803,0.39,9.385,0.053,-0.134,0.767,-0.19,19.65,25.05,-27.9,169.0
1787131321.2217138,-0.12,10.036,0.357,-0.061,0.86,0.107,23.4,24.3,-30.15,120.0
1787131321.2217395,-0.022,9.874,0.431,-0.093,0.979,0.067,24.0,25.65,-31.35,120.0
1787131321.2217507,0.048,9.946,0.247,-0.141,1.141,0.047,24.45,24.75,-30.45,120.0
1787131321.4260917,-0.163,10.518,0.151,-0.011,1.659,0.313,29.7,24.3,-38.25,111.0
1787131321.42612,-0.041,10.925,-0.043,-0.009,1.703,0.294,31.05,25.2,-40.2,111.0
1787131321.426132,-0.093,10.877,0.089,-0.007,1.753,0.284,31.2,24.75,-41.1,111.0
1787131321.6312637,0.716,8.437,1.166,0.041,0.646,0.356,37.35,29.1,-48.3,113.0
1787131321.6312892,0.752,8.569,0.97,0.039,0.836,0.366,34.95,28.5,-48.45,113.0
1787131321.6313004,0.419,8.705,0.943,0.1,1.023,0.317,33.6,27.6,-50.55,113.0
1787131321.8339689,0.476,9.383,1.427,0.114,0.161,0.085,36.3,31.8,-54.15,76.0
1787131322.0407732,0.852,9.191,1.326,-0.188,0.051,-0.08,36.6,33.0,-55.65,60.0
1787131322.0407984,0.778,9.215,1.168,-0.184,0.04,-0.056,34.65,31.65,-55.05,60.0
1787131322.0408099,0.788,9.189,1.164,-0.167,0.034,-0.035,35.55,30.6,-55.35,46.0
1787131322.2457232,0.946,9.249,0.912,-0.15,-0.314,0.049,36.3,30.6,-53.4,51.0
1787131322.2457488,0.967,9.112,0.807,-0.133,-0.35,0.065,34.65,31.2,-52.2,61.0
1787131322.24576,1.006,9.057,0.792,-0.12,-0.395,0.056,35.7,30.9,-50.7,61.0
1787131322.4506145,1.283,8.65,0.881,-0.039,-0.39,-0.014,35.7,29.7,-51.75,61.0
1787131322.45064,1.245,8.545,0.929,-0.002,-0.377,-0.019,33.9,30.15,-49.65,67.0
1787131322.4506512,1.204,8.521,0.989,0.015,-0.399,-0.01,35.1,30.3,-49.35,67.0
1787131322.6590712,0.74,8.322,0.869,-0.206,-0.691,-0.465,31.35,27.15,-44.25,74.0
1787131322.6590974,0.393,8.224,0.785,-0.223,-0.783,-0.477,30.3,27.9,-42.0,74.0
1787131322.6591089,-0.436,8.674,0.749,-0.25,-1.041,-0.463,30.3,26.85,-40.95,89.0
1787131322.8593912,-0.56,8.188,0.728,-0.617,-0.585,-1.9,23.1,16.2,-30.9,104.0
1787131322.8594158,-1.568,8.466,1.101,-0.509,-0.485,-1.837,23.1,13.5,-29.7,104.0
1787131322.8594272,-1.415,8.112,1.374,-0.503,-0.72,-1.752,22.05,13.2,-29.55,94.0
1787131323.0645719,-2.169,7.786,1.604,-0.408,-0.582,-0.861,17.85,3.45,-24.9,133.0
1787131323.0646694,-2.765,8.04,1.635,-0.339,-0.634,-0.854,15.75,0.9,-24.45,133.0
1787131323.064682,-3.34,8.327,1.63,-0.275,-0.714,-0.816,15.0,0.45,-25.2,133.0
1787131323.2691238,-4.669,8.842,3.836,-0.208,-0.937,-1.072,5.55,-3.0,-17.25,79.0
1787131323.269149,-4.815,8.504,3.991,-0.148,-0.267,-0.807,4.05,-2.7,-15.75,79.0
1787131323.2691603,-6.407,9.031,4.506,-0.155,-0.228,-0.588,4.2,-2.1,-15.15,79.0
1787131323.4718347,-4.453,9.242,5.957,-0.81,-0.392,0.368,-2.7,-2.85,-19.2,147.0
1787131323.6791518,-2.176,4.858,7.372,-0.41,-0.712,0.022,-7.05,-7.65,-25.65,1070.0
1787131323.6791775,-1.755,4.853,7.14,-0.617,-0.312,-0.055,-8.1,-6.9,-26.4,1070.0
1787131323.6791885,-1.827,4.805,7.18,-0.718,0.063,-0.073,-8.1,-6.45,-26.1,1070.0
