timestamp,ax,ay,az,gx,gy,gz,mx,my,mz,dist
1787135105.8665261,-8.741,1.568,4.07,0.017,0.057,-0.029,91.05,-40.65,-95.4,1511.0
1787135105.866541,-8.763,1.542,4.061,0.004,0.027,-0.012,91.05,-42.3,-96.15,1511.0
1787135105.8665473,-8.605,1.58,4.101,-0.119,0.129,0.031,91.35,-41.1,-96.9,1514.0
1787135105.8665547,-8.6,1.528,4.049,-0.119,0.137,0.054,90.9,-42.45,-97.5,1514.0
1787135105.8665602,-8.59,1.432,3.962,-0.124,0.13,0.067,92.7,-42.15,-96.75,1514.0
1787135105.8665657,-9.146,1.542,3.965,-0.202,0.163,-0.076,91.2,-41.7,-98.1,1521.0
1787135105.8665712,-9.254,1.518,4.094,-0.212,0.144,-0.078,91.65,-42.9,-99.3,1521.0
1787135105.86658,-9.218,1.547,4.142,-0.255,0.093,-0.087,92.4,-42.15,-98.85,1521.0
1787135105.866587,-9.012,1.109,3.297,-0.227,0.052,-0.076,91.65,-41.7,-100.8,1521.0
1787135105.866593,-8.825,0.97,3.227,-0.217,0.011,-0.051,91.35,-40.65,-100.5,1521.0
1787135105.8665984,-8.875,0.871,3.292,-0.18,0.002,-0.028,91.2,-40.95,-101.55,1521.0
1787135105.8666039,-9.153,0.795,3.335,0.034,-0.034,0.022,90.15,-42.15,-102.15,1522.0
1787135105.8666089,-9.064,0.924,3.546,0.035,-0.005,-0.02,90.9,-41.7,-101.1,1515.0
1787135105.866614,-9.05,0.967,3.488,0.047,-0.024,-0.015,90.3,-40.65,-102.45,1515.0
1787135105.866619,-8.76,1.099,3.946,-0.009,0.032,0.005,91.2,-42.15,-101.1,1503.0
1787135105.8666244,-8.945,1.099,3.792,-0.002,0.067,0.015,91.35,-40.65,-100.95,1499.0
1787135105.8666294,-9.026,1.087,3.778,0.004,0.055,0.006,89.85,-41.85,-101.7,1499.0
1787135105.8666341,-9.215,1.147,3.414,-0.014,0.043,0.004,90.45,-41.7,-101.85,1487.0
1787135105.8666396,-9.333,1.087,3.371,0.097,0.0,-0.002,90.15,-41.25,-102.15,1498.0
1787135105.866645,-9.369,1.161,3.479,0.102,-0.012,-0.013,91.2,-42.15,-100.8,1498.0
1787135105.8666503,-9.23,1.156,3.5,0.105,-0.016,-0.037,90.9,-40.5,-100.05,1506.0
1787135105.8666556,-8.926,1.247,3.642,0.079,-0.009,-0.078,91.35,-43.05,-99.15,1503.0
1787135105.8666604,-8.708,1.178,3.697,0.086,-0.021,-0.076,89.4,-42.15,-98.1,1503.0
1787135105.8666651,-8.758,1.128,3.821,0.074,-0.019,-0.051,88.65,-40.95,-100.05,1490.0
1787135105.8666704,-9.093,1.223,3.725,0.001,-0.049,-0.015,89.55,-42.3,-97.65,1488.0
1787135105.8666756,-8.959,1.19,4.075,-0.027,-0.087,0.011,90.45,-42.9,-100.35,1488.0
1787135105.8666809,-8.945,1.137,4.178,-0.073,-0.049,0.01,90.9,-42.15,-99.6,1484.0
1787135105.8666859,-9.594,0.979,3.024,-0.269,0.055,-0.016,89.25,-42.3,-101.7,1493.0
1787135105.866691,-9.558,0.898,2.928,-0.25,-0.02,-0.015,91.05,-42.3,-101.7,1493.0
1787135105.8666964,-9.45,0.895,2.899,-0.211,-0.035,-0.018,91.05,-41.1,-101.25,1493.0
1787135105.8667016,-8.923,0.816,4.075,-0.237,-0.031,0.03,90.6,-40.65,-102.45,1491.0
1787135105.8667066,-8.959,0.687,4.068,-0.306,0.048,0.044,87.45,-42.45,-102.9,1491.0
1787135105.8667128,-8.832,0.639,4.013,-0.314,0.097,0.028,89.4,-42.15,-103.65,1491.0
1787135105.866718,-9.459,0.4,3.685,-0.44,0.11,-0.14,89.7,-40.95,-106.65,1503.0
1787135105.8667228,-9.606,0.388,3.508,-0.443,0.238,-0.201,88.65,-40.2,-108.45,1503.0
1787135105.8667278,-9.766,0.338,3.311,-0.459,0.303,-0.254,88.65,-41.7,-107.4,1503.0
1787135105.866733,-9.012,-0.424,1.575,0.229,0.203,-0.248,84.0,-41.1,-114.6,1517.0
1787135105.8667383,-9.184,-0.366,1.834,0.289,0.032,-0.195,86.25,-41.85,-111.6,1517.0
1787135105.8667436,-9.206,-0.196,3.56,0.162,0.082,-0.043,84.15,-43.95,-109.2,1487.0
1787135105.8667483,-9.263,-0.144,3.642,0.109,0.081,-0.044,84.15,-45.6,-111.0,1487.0
1787135105.8667536,-9.196,-0.12,3.654,0.059,0.093,-0.032,84.3,-43.8,-109.05,1487.0
1787135105.866758,-9.603,-0.34,3.01,-0.034,0.071,-0.064,82.05,-44.25,-109.05,1484.0
1787135105.866763,-9.395,-0.4,2.787,-0.053,0.076,-0.06,83.7,-43.65,-108.45,1484.0
1787135105.866768,-9.369,-0.522,2.708,-0.052,0.027,-0.048,83.1,-42.9,-109.95,1484.0
1787135105.866773,-8.918,-0.692,2.31,0.154,0.22,0.086,84.15,-43.2,-108.9,1490.0
1787135105.866778,-9.148,-0.735,2.155,0.214,0.153,0.112,83.4,-44.4,-110.25,1482.0
1787135105.8667827,-9.012,0.034,2.121,0.626,0.576,0.046,84.45,-43.2,-104.4,1487.0
1787135105.8667877,-9.115,0.017,1.872,0.699,0.782,0.072,84.45,-43.2,-104.1,1433.0
1787135105.8667927,-10.017,-0.022,1.994,0.835,0.648,0.128,85.65,-43.2,-102.6,1433.0
1787135105.8667977,-9.505,1.652,2.725,1.296,-0.573,0.493,88.95,-42.15,-92.7,1387.0
1787135105.8668025,-9.347,1.635,3.091,1.25,-0.491,0.446,87.9,-43.2,-91.5,1400.0
1787135105.8668075,-9.048,1.875,3.179,1.153,-0.201,0.357,89.7,-42.15,-88.2,1400.0
1787135105.866813,-9.471,2.126,3.244,-0.2,0.262,-0.209,90.45,-41.7,-83.4,1403.0
1787135105.8668177,-9.462,1.978,2.784,-0.283,0.41,-0.253,89.55,-41.85,-84.3,1390.0
1787135105.866823,-9.673,1.556,2.289,-0.359,-0.175,-0.111,88.5,-41.85,-88.05,1392.0
1787135105.866829,-9.601,1.432,2.421,-0.393,-0.076,-0.15,87.9,-44.4,-87.15,1392.0
1787135105.8668337,-9.44,1.417,2.492,-0.39,0.079,-0.189,88.65,-42.45,-87.15,1387.0
1787135105.8668385,-9.567,0.632,1.535,-0.424,-0.033,-0.114,87.15,-44.85,-95.25,1368.0
1787135105.8668435,-9.409,0.613,1.525,-0.393,-0.016,-0.092,85.95,-43.65,-96.0,1368.0
1787135105.8668597,-9.582,0.601,1.686,-0.377,0.002,-0.105,85.65,-43.95,-95.55,1368.0
1787135105.8668728,-9.373,0.625,1.686,-0.409,0.13,-0.115,85.95,-45.15,-97.8,1368.0
1787135105.866878,-9.467,0.33,1.475,-0.413,0.29,-0.118,87.3,-43.5,-96.9,1384.0
1787135105.866883,-9.704,0.172,1.221,-0.353,0.319,-0.122,86.7,-43.65,-97.8,1384.0
1787135105.8668883,-9.625,0.299,1.882,0.005,0.036,0.021,86.25,-44.25,-100.5,1374.0
1787135105.866894,-9.701,0.357,1.935,-0.011,0.007,0.026,84.75,-44.25,-98.4,1390.0
1787135105.8668993,-9.706,0.417,1.98,-0.048,-0.012,0.021,84.9,-43.65,-99.6,1390.0
1787135105.9248662,-9.56,0.218,1.492,-0.036,0.052,-0.05,84.0,-43.5,-100.2,1390.0
1787135105.9248917,-9.553,0.196,1.568,0.003,0.049,-0.04,84.15,-44.85,-100.05,1390.0
1787135105.924904,-9.675,0.204,1.647,0.027,0.018,-0.021,84.3,-46.2,-100.2,1390.0
1787135106.1305077,-9.778,0.11,1.662,-0.026,0.031,0.072,84.9,-44.4,-99.3,1376.0
1787135106.1305335,-9.914,0.182,1.633,-0.03,-0.008,0.062,84.75,-45.75,-99.9,1376.0
1787135106.3335238,-9.555,0.17,1.611,-0.106,0.054,-0.04,85.2,-44.85,-98.1,1381.0
1787135106.3335495,-9.615,0.093,1.597,-0.107,0.039,-0.011,85.5,-45.3,-99.9,1381.0
1787135106.538476,-9.594,0.242,1.666,0.027,0.005,-0.035,84.9,-43.95,-101.85,1382.0
1787135106.5385022,-9.541,0.263,1.697,0.02,0.021,-0.034,86.7,-43.95,-99.3,1382.0
1787135106.5385137,-9.364,0.196,1.753,0.019,0.04,-0.024,84.75,-45.0,-99.9,1382.0
1787135106.7456956,-9.536,0.271,1.765,0.003,-0.001,0.151,85.8,-45.0,-100.5,1365.0
1787135106.7457218,-9.519,0.417,1.65,-0.005,0.014,0.144,86.55,-44.55,-99.9,1365.0
1787135106.745733,-9.785,0.445,1.721,-0.026,0.004,0.143,87.45,-45.15,-100.05,1365.0
1787135106.9489005,-9.821,0.553,1.448,-0.062,0.073,0.057,85.95,-43.95,-100.05,1365.0
1787135106.948925,-9.852,0.522,1.439,-0.047,0.04,0.051,87.15,-45.6,-101.55,1365.0
1787135107.1561627,-9.79,0.668,1.223,-0.042,0.067,0.069,86.55,-44.25,-101.25,1363.0
1787135107.156189,-9.718,0.716,1.195,-0.042,0.093,0.046,88.8,-43.05,-101.25,1363.0
1787135107.1562002,-9.787,0.709,1.252,-0.032,0.112,0.029,87.45,-42.9,-102.15,1360.0
1787135107.3543735,-9.658,0.543,1.401,-0.02,0.048,0.08,87.3,-42.6,-101.7,1343.0
1787135107.3586762,-9.646,0.627,1.398,-0.048,0.038,0.08,87.9,-44.4,-102.6,1343.0
1787135107.3587015,-9.685,0.551,1.362,-0.052,0.026,0.077,86.55,-43.5,-103.2,1343.0
1787135107.564178,-9.871,0.766,1.015,0.035,0.056,-0.017,87.15,-41.7,-101.85,1355.0
1787135107.7689173,-9.38,1.116,1.336,0.006,0.079,-0.053,87.15,-42.9,-101.55,1341.0
1787135107.768943,-9.383,1.027,1.398,0.018,0.111,-0.038,88.8,-44.55,-102.0,1341.0
1787135107.7689543,-9.438,0.96,1.487,0.022,0.099,-0.014,88.2,-43.95,-102.9,1341.0
1787135107.9724884,-10.113,0.618,1.231,-0.016,-0.061,0.051,88.65,-41.7,-101.55,1355.0
1787135107.9725153,-10.226,0.644,1.238,-0.023,-0.087,0.026,89.4,-43.2,-103.65,1355.0
1787135107.9725268,-10.183,0.747,1.264,-0.041,-0.098,0.004,87.45,-43.95,-101.1,1355.0
1787135108.179449,-9.838,0.702,0.9,-0.148,0.04,-0.078,88.05,-43.5,-103.2,1348.0
1787135108.3788407,-9.591,0.781,1.085,0.007,0.006,-0.032,85.95,-45.15,-104.1,1347.0
1787135108.3788738,-9.407,0.73,1.049,0.002,0.006,-0.008,87.9,-44.4,-102.15,1347.0
1787135108.3842745,-9.364,0.718,1.101,0.007,0.02,0.008,85.65,-43.95,-103.65,1347.0
1787135108.588187,-9.852,0.682,0.965,-0.006,0.062,0.039,87.3,-43.5,-103.95,1355.0
1787135108.588211,-9.816,0.778,0.962,-0.006,0.07,0.021,88.5,-42.6,-103.2,1342.0
1787135108.5882661,-9.776,0.673,0.855,0.008,0.072,0.03,87.0,-43.8,-103.5,1342.0
1787135108.7932158,-9.898,0.788,1.116,0.021,-0.034,0.048,89.7,-43.95,-102.15,1346.0
1787135108.7932425,-9.79,0.924,1.199,0.021,-0.05,0.061,88.2,-42.9,-103.35,1356.0
1787135108.793254,-9.823,0.941,1.204,0.002,-0.052,0.048,88.05,-43.8,-103.2,1356.0
1787135108.9972093,-9.546,0.852,1.142,-0.117,0.226,-0.069,87.15,-43.2,-104.4,1358.0
1787135109.001627,-9.725,0.716,0.979,-0.121,0.119,-0.044,89.4,-43.2,-103.35,1336.0
1787135109.2041206,-10.027,0.601,0.555,-0.124,-0.102,-0.004,89.7,-43.65,-104.1,1361.0
1787135109.2041461,-9.766,0.637,0.472,-0.151,-0.086,0.013,87.75,-43.5,-105.0,1347.0
1787135109.2041583,-9.787,0.826,0.419,-0.15,-0.03,0.009,88.5,-42.3,-106.5,1347.0
1787135109.4084437,-9.656,0.781,0.792,0.081,-0.004,-0.029,87.75,-41.85,-105.3,1356.0
1787135109.408469,-9.752,0.848,0.917,0.094,-0.014,-0.018,87.0,-42.3,-106.8,1356.0
1787135109.4084802,-9.895,0.936,0.989,0.103,-0.064,-0.014,87.9,-42.45,-104.85,1369.0
1787135109.617315,-9.579,0.661,1.336,0.015,-0.073,0.07,87.3,-41.55,-103.95,1380.0
1787135109.617341,-9.601,0.795,1.24,0.001,-0.078,0.073,88.2,-41.25,-103.65,1380.0
1787135109.6173527,-9.615,0.721,1.31,-0.018,-0.069,0.067,87.75,-43.8,-103.95,1381.0
1787135109.8160462,-9.831,0.625,1.226,-0.025,-0.041,0.009,89.25,-40.65,-103.5,1370.0
1787135109.8160715,-9.878,0.646,1.228,-0.018,-0.035,0.006,88.95,-41.7,-103.35,1370.0
1787135109.8160832,-9.799,0.692,1.211,-0.027,-0.011,0.005,87.45,-43.95,-104.85,1374.0
1787135110.0179148,-9.807,0.867,1.238,-0.046,0.03,-0.078,88.8,-43.5,-103.95,1356.0
1787135110.0179403,-9.749,0.828,1.216,-0.043,0.002,-0.077,87.15,-42.9,-103.65,1356.0
1787135110.0272062,-9.795,0.857,1.276,-0.04,-0.034,-0.058,87.75,-43.05,-104.55,1379.0
1787135110.225621,-9.795,0.637,1.616,-0.086,-0.095,-0.062,86.7,-42.15,-104.85,1392.0
1787135110.2256467,-9.821,0.682,1.528,-0.087,-0.088,-0.054,87.0,-42.6,-103.95,1392.0
1787135110.2256584,-9.89,0.702,1.571,-0.126,-0.103,-0.064,87.0,-45.3,-105.3,1392.0
1787135110.4342277,-9.625,0.443,1.882,-0.209,-0.053,-0.129,87.15,-43.2,-105.15,1396.0
1787135110.4342535,-9.675,0.457,1.812,-0.225,-0.037,-0.141,85.65,-42.9,-104.4,1396.0
1787135110.434265,-9.663,0.383,1.757,-0.243,-0.026,-0.153,85.05,-42.3,-105.75,1396.0
1787135110.6354644,-9.742,0.077,1.482,-0.255,0.01,-0.153,84.9,-42.9,-109.2,1389.0
1787135110.63549,-9.653,0.01,1.42,-0.239,-0.043,-0.143,85.5,-42.3,-107.85,1389.0
1787135110.6355016,-9.62,-0.06,1.444,-0.216,-0.067,-0.125,85.05,-45.0,-108.6,1389.0
1787135110.8411465,-9.416,-0.206,1.657,-0.056,0.005,-0.082,85.65,-43.2,-109.2,1403.0
1787135110.8411765,-9.534,-0.187,1.566,-0.04,0.023,-0.072,85.8,-43.05,-109.8,1403.0
1787135111.0434542,-9.795,-0.294,1.784,-0.042,0.022,-0.078,85.5,-42.6,-109.35,1411.0
1787135111.0434809,-9.618,-0.457,1.798,-0.03,0.014,-0.085,82.8,-43.5,-110.1,1411.0
1787135111.250484,-9.962,-0.704,1.516,0.084,-0.063,-0.022,83.25,-44.25,-107.85,1408.0
1787135111.25051,-10.218,-0.778,1.448,0.118,-0.111,-0.03,83.1,-43.65,-108.45,1403.0
1787135111.2505221,-10.092,-0.924,1.113,0.179,-0.125,-0.059,84.0,-44.55,-109.05,1403.0
1787135111.4541655,-10.305,-0.934,-2.55,1.669,0.326,-0.183,85.5,-44.25,-101.25,1401.0
1787135111.4541914,-11.128,-0.654,-3.084,2.235,0.211,-0.251,87.15,-43.65,-99.6,1387.0
1787135111.454203,-11.732,-0.517,-2.914,2.632,-0.24,-0.263,86.25,-42.3,-94.35,1387.0
1787135111.6578283,-7.937,4.413,2.5,3.997,-0.679,-0.253,80.55,-33.45,-60.75,1434.0
1787135111.65786,-8.009,4.657,3.33,3.878,-0.521,-0.212,79.8,-31.5,-56.85,1434.0
1787135111.8639374,-9.309,3.201,3.692,-0.651,0.296,-0.228,78.15,-15.45,-46.35,297.0
1787135111.863963,-9.677,3.156,3.467,-0.779,0.015,-0.131,78.3,-14.85,-45.0,297.0
1787135111.8639743,-9.706,3.189,3.627,-0.944,-0.25,-0.074,77.4,-17.4,-44.85,297.0
1787135112.0693789,-9.673,3.223,4.417,-3.259,0.154,-0.096,74.85,-32.85,-57.0,598.0
1787135112.0694046,-9.924,2.94,4.041,-3.353,-0.046,-0.08,75.0,-34.95,-59.7,598.0
1787135112.0694163,-9.814,2.832,3.761,-3.4,-0.263,-0.055,74.85,-38.25,-63.6,598.0
1787135112.2715497,-8.171,0.476,-0.651,-3.609,-0.333,0.11,75.9,-45.15,-92.25,1411.0
1787135112.2715747,-8.677,-0.153,-1.396,-3.287,0.096,0.119,76.95,-45.0,-94.35,1411.0
1787135112.271587,-8.904,-0.85,-2.14,-2.967,0.233,0.162,77.1,-43.95,-99.6,1411.0
1787135112.4760897,-9.708,-3.445,-1.595,-0.532,0.211,0.232,80.1,-37.5,-117.75,1460.0
1787135112.476114,-9.993,-3.254,-1.314,-0.381,0.07,0.255,80.4,-37.05,-117.0,1460.0
1787135112.4782846,-9.931,-3.359,-0.771,-0.243,-0.031,0.243,80.85,-36.6,-118.05,1460.0
1787135112.6823337,-9.637,-2.646,1.197,0.17,0.234,-0.028,81.15,-38.25,-115.05,1459.0
1787135112.6823595,-9.613,-2.629,1.099,0.203,0.251,-0.035,81.3,-38.4,-116.4,1459.0
1787135112.6823711,-9.855,-2.595,1.12,0.269,0.175,-0.032,81.0,-38.4,-115.65,1459.0
1787135112.887188,-9.902,-2.073,1.14,0.495,-0.032,-0.018,78.3,-40.35,-113.4,1428.0
1787135112.8872142,-9.68,-1.992,1.183,0.523,-0.066,-0.012,79.65,-40.5,-113.25,1428.0
1787135113.0933745,-9.608,-1.86,1.087,0.988,-0.056,0.044,79.65,-43.65,-105.6,1397.0
1787135113.0933988,-9.531,-1.508,0.941,1.032,-0.069,0.055,79.5,-44.25,-103.5,1397.0
1787135113.0934105,-9.282,-1.539,0.675,1.052,-0.021,0.052,80.4,-43.95,-102.15,1397.0
1787135113.2957575,-8.76,-0.294,-0.091,1.978,-0.38,0.153,81.6,-45.15,-88.65,1397.0
1787135113.502419,-10.211,2.679,7.29,-0.273,0.288,-0.413,77.25,-31.05,-56.1,1481.0
1787135113.7065008,-9.754,1.381,3.864,-2.416,0.027,-0.392,76.2,-41.1,-68.25,1481.0
1787135113.9130018,-8.911,-1.173,-0.919,-2.227,-0.208,0.151,73.95,-43.5,-99.45,1408.0
1787135113.9130275,-8.863,-1.82,-1.281,-2.006,-0.26,0.25,76.95,-44.25,-101.7,1408.0
1787135113.9130392,-8.909,-2.176,-1.487,-1.711,-0.246,0.315,77.85,-43.65,-102.6,1385.0
1787135114.1170487,-9.778,-2.899,-0.077,-0.387,0.161,0.155,79.65,-39.0,-112.5,1409.0
1787135114.1170762,-9.984,-2.935,0.089,-0.314,0.14,0.12,79.5,-39.6,-112.35,1409.0
1787135114.1170878,-9.943,-3.038,0.235,-0.249,0.047,0.102,78.9,-40.2,-111.45,1431.0
1787135114.3240564,-10.029,-2.471,1.496,0.068,-0.049,-0.031,79.65,-39.75,-112.95,1428.0
1787135114.3240817,-9.673,-2.344,1.506,0.069,-0.067,-0.031,78.3,-40.65,-112.35,1428.0
1787135114.3240929,-9.347,-2.325,1.434,0.082,0.034,-0.054,77.55,-39.6,-112.65,1428.0
1787135114.523454,-9.596,-2.155,1.154,0.255,0.063,-0.027,78.75,-42.3,-111.6,1413.0
1787135114.5234787,-9.814,-2.061,1.243,0.293,-0.054,-0.004,77.85,-43.2,-110.25,1413.0
1787135114.731436,-9.641,-2.593,-1.432,1.09,-0.017,0.1,78.6,-43.65,-107.4,1403.0
1787135114.7314634,-9.306,-2.389,-1.602,1.306,-0.195,0.162,79.5,-42.6,-107.25,1403.0
1787135114.731475,-9.524,-2.495,-1.448,1.612,-0.401,0.211,80.4,-44.4,-103.65,1403.0
1787135114.9345665,-10.829,0.991,0.022,2.858,0.292,-0.03,80.1,-42.15,-79.35,1429.0
1787135114.9345915,-10.913,1.8,0.148,3.089,0.127,-0.068,79.05,-41.85,-74.85,1429.0
1787135114.934603,-9.474,1.877,0.22,3.282,0.073,-0.157,78.9,-40.5,-71.7,1429.0
1787135115.141487,-9.246,3.737,7.058,0.668,0.147,-0.104,78.3,-17.1,-47.25,288.0
1787135115.141512,-9.414,3.268,6.735,0.256,0.096,-0.075,76.2,-17.85,-46.05,288.0
1787135115.141523,-9.467,3.278,6.574,-0.085,-0.046,-0.033,77.85,-17.7,-46.35,288.0
1787135115.3417618,-9.404,3.768,4.879,-3.149,0.075,-0.006,77.4,-28.5,-53.25,305.0
1787135115.345278,-8.856,3.249,3.862,-3.715,0.194,-0.107,76.65,-34.35,-59.85,305.0
1787135115.550653,-9.081,0.625,-0.381,-3.887,-0.105,0.153,77.85,-45.6,-90.15,1470.0
1787135115.550678,-9.735,0.05,-0.742,-3.762,-0.196,0.204,75.9,-44.85,-92.7,1408.0
1787135115.7534583,-9.651,-3.251,-1.729,-0.418,-0.206,0.21,82.35,-37.8,-116.25,1435.0
1787135115.7534845,-9.467,-3.215,-1.432,-0.194,-0.107,0.21,82.5,-38.85,-117.15,1480.0
1787135115.960136,-9.89,-2.164,1.726,0.306,-0.126,0.015,83.1,-39.3,-113.7,1479.0
1787135115.9601614,-9.5,-2.255,1.736,0.294,-0.029,-0.015,83.1,-41.25,-112.95,1449.0
1787135115.9601738,-9.347,-2.365,1.674,0.375,0.138,-0.034,80.55,-39.6,-112.65,1449.0
1787135116.163905,-9.495,-1.391,-0.225,1.509,-0.193,-0.016,81.75,-43.5,-106.05,1426.0
1787135116.1639311,-9.776,-1.171,-0.067,1.728,-0.189,0.004,82.65,-43.95,-102.6,1390.0
1787135116.1639426,-10.223,-0.876,0.18,1.989,-0.38,0.029,82.8,-45.75,-100.95,1390.0
1787135116.371109,-9.486,1.243,1.956,2.642,-0.428,-0.363,79.5,-44.25,-79.65,1424.0
1787135116.371135,-9.675,1.528,2.33,2.76,-0.473,-0.385,78.9,-42.9,-74.55,1424.0
1787135116.3711462,-8.969,1.757,2.54,2.847,-0.605,-0.437,78.75,-41.55,-71.1,1528.0
1787135116.5732944,-7.91,3.182,6.936,1.59,0.239,-0.607,74.25,-28.35,-51.3,1528.0
1787135116.778849,-9.895,2.258,5.272,-2.117,-0.299,0.217,73.5,-33.45,-56.85,1528.0
1787135116.7788875,-9.785,1.858,5.236,-2.221,-0.411,0.197,74.4,-36.3,-59.85,1528.0
1787135116.7788987,-9.361,1.776,5.255,-2.355,-0.544,0.231,73.2,-37.95,-61.95,1528.0
1787135116.9834704,-6.153,0.199,2.485,-2.91,0.714,0.431,73.65,-46.35,-87.9,1471.0
1787135116.9834955,-6.943,0.309,2.303,-2.939,0.873,0.558,75.75,-46.2,-91.8,1471.0
1787135117.1866498,-10.439,-2.43,-1.882,-0.701,-0.046,0.365,82.8,-38.85,-115.65,1441.0
1787135117.1866755,-10.429,-2.629,-1.432,-0.436,-0.06,0.328,84.3,-39.9,-115.35,1441.0
1787135117.1883833,-10.276,-2.684,-0.91,-0.209,-0.089,0.29,83.7,-37.05,-115.5,1441.0
1787135117.393747,-9.79,-2.21,1.896,0.141,-0.009,-0.037,84.0,-40.65,-114.15,1457.0
1787135117.393773,-9.833,-2.205,1.889,0.143,0.043,-0.057,83.4,-39.3,-113.25,1457.0
1787135117.3937795,-10.108,-2.033,1.666,0.168,0.066,-0.081,84.45,-39.3,-114.75,1457.0
1787135117.5981028,-9.44,-1.937,-0.354,1.038,-0.14,-0.165,84.0,-43.5,-109.05,1424.0
1787135117.5981276,-9.534,-1.968,-0.429,1.28,-0.19,-0.131,82.8,-40.65,-109.05,1424.0
1787135117.803381,-8.885,0.527,1.281,2.595,-0.141,-0.336,81.3,-45.0,-84.0,1450.0
1787135117.8034058,-9.924,0.663,1.755,2.878,-0.2,-0.358,81.0,-43.5,-80.7,1450.0
1787135117.8034177,-10.274,1.329,1.63,3.045,-0.363,-0.375,78.9,-43.65,-76.5,1450.0
1787135118.0041044,-8.382,4.331,7.898,2.085,-0.352,-0.595,75.0,-30.6,-53.4,1564.0
1787135118.0072947,-7.987,4.377,8.894,1.492,-0.21,-0.604,73.65,-30.15,-54.0,1564.0
1787135118.0073204,-7.982,4.276,9.543,0.663,0.109,-0.565,74.1,-28.2,-51.45,1564.0
1787135118.2137206,-9.158,2.176,5.047,-2.384,0.22,0.088,73.95,-36.15,-61.2,1564.0
1787135118.213747,-9.251,1.982,4.559,-2.481,0.275,0.052,72.9,-39.0,-62.1,1564.0
1787135118.415259,-9.716,-0.852,-0.304,-2.4,0.64,0.52,80.4,-45.15,-100.05,1396.0
1787135118.4152832,-10.491,-0.766,-0.869,-2.27,0.386,0.573,80.85,-44.4,-103.65,1396.0
1787135118.6226993,-9.689,-2.931,-1.48,-0.369,0.166,-0.066,82.5,-38.4,-115.65,1415.0
1787135118.6227255,-9.72,-3.105,-1.073,-0.176,0.276,-0.082,83.1,-38.25,-117.0,1415.0
1787135118.6227372,-9.869,-2.926,-0.838,0.115,0.123,-0.018,84.0,-36.9,-117.15,1415.0
1787135118.8266184,-9.895,-1.82,0.792,0.488,0.012,0.022,81.0,-39.9,-112.65,1414.0
1787135118.8266437,-10.046,-1.791,0.675,0.538,-0.04,0.011,81.9,-41.25,-112.95,1414.0
1787135118.8266554,-9.969,-1.669,0.476,0.611,-0.076,0.016,83.1,-41.25,-111.75,1414.0
1787135119.0307982,-10.125,-1.128,0.611,1.394,-0.26,-0.105,82.35,-42.15,-102.6,1390.0
1787135119.0308251,-10.132,-1.039,0.651,1.55,-0.375,-0.125,81.75,-45.0,-100.95,1390.0
1787135119.2364523,-8.88,0.876,3.314,2.087,-0.826,-0.129,79.5,-44.55,-79.2,1448.0
1787135119.2364779,-8.363,1.314,3.275,2.044,-0.689,-0.17,79.05,-43.8,-75.9,1448.0
1787135119.2364893,-8.466,1.341,3.026,1.939,-0.407,-0.199,77.85,-42.9,-73.5,1448.0
1787135119.4420733,-8.135,1.776,5.42,1.418,-0.047,-0.324,74.85,-35.55,-57.75,1539.0
1787135119.4420996,-8.289,2.179,5.866,1.12,0.126,-0.292,73.5,-34.2,-56.1,1539.0
1787135119.646143,-9.175,2.794,7.269,-1.745,0.623,-0.376,72.75,-35.25,-57.45,1539.0
1787135119.6461737,-9.431,2.112,6.285,-2.021,0.405,-0.309,72.15,-37.05,-59.85,1539.0
1787135119.8486884,-8.753,-0.148,2.358,-2.485,-0.046,0.028,71.25,-46.2,-83.7,1451.0
1787135119.8487136,-8.377,-0.347,2.186,-2.457,-0.07,0.054,71.7,-46.2,-88.35,1451.0
1787135119.8511155,-8.174,-0.517,1.915,-2.478,0.007,0.106,72.0,-47.25,-88.8,1451.0
1787135120.0569303,-10.862,-2.614,-2.167,-1.307,0.391,0.413,78.3,-39.15,-118.95,1416.0
1787135120.0569572,-11.495,-2.82,-2.614,-1.024,0.169,0.321,78.3,-35.7,-119.4,1486.0
1787135120.0569687,-11.782,-3.024,-2.78,-0.669,-0.058,0.26,79.35,-36.3,-119.85,1486.0
1787135120.260277,-9.292,-3.019,0.668,0.312,-0.076,-0.081,78.75,-37.65,-118.2,1492.0
1787135120.2603025,-9.131,-2.832,0.539,0.308,0.041,-0.085,79.5,-37.65,-118.65,1491.0
1787135120.466622,-9.855,-2.808,-3.144,1.719,0.229,0.01,81.75,-40.35,-113.4,1465.0
1787135120.4666476,-9.665,-2.602,-3.378,2.067,0.035,0.062,81.3,-41.1,-111.3,1465.0
1787135120.4666593,-9.778,-2.167,-2.935,2.426,-0.209,0.146,80.1,-41.25,-108.15,1394.0
1787135120.670251,-10.353,2.679,1.231,3.649,-0.344,-0.187,79.05,-43.8,-78.15,1394.0
1787135120.6702797,-10.659,2.693,2.356,3.702,-0.456,-0.253,79.5,-41.85,-71.1,1394.0
1787135120.6702912,-10.815,3.318,2.931,3.726,-0.728,-0.297,78.6,-40.95,-69.45,1507.0
1787135120.8761263,-8.109,4.223,6.764,1.502,-0.234,-0.198,72.6,-21.15,-47.1,1507.0
1787135120.8761582,-8.344,4.228,7.379,1.042,-0.292,-0.167,71.85,-20.4,-45.9,1507.0
1787135121.0842986,-10.051,3.462,5.713,-2.5,-0.083,0.204,73.2,-29.55,-52.05,379.0
1787135121.0843241,-9.507,3.1,5.253,-2.818,-0.038,0.149,73.2,-29.55,-52.05,379.0
1787135121.0843353,-9.412,2.837,4.906,-3.048,0.093,0.105,73.65,-33.15,-58.05,379.0
1787135121.2855105,-8.42,0.613,1.63,-3.151,-0.054,0.217,73.35,-45.9,-83.4,1507.0
1787135121.285536,-8.533,0.019,1.302,-3.086,-0.094,0.344,73.65,-45.6,-88.95,1507.0
1787135121.2855473,-8.042,-0.385,1.027,-2.921,-0.048,0.434,74.7,-45.75,-93.15,1414.0
1787135121.4931796,-9.924,-2.018,-2.325,-1.704,-0.118,0.49,79.8,-39.6,-114.15,1417.0
1787135121.693489,-9.773,-2.392,0.941,0.19,0.153,-0.132,82.05,-37.95,-118.95,1481.0
1787135121.693515,-9.898,-2.509,0.651,0.191,0.244,-0.158,82.35,-37.5,-118.35,1481.0
1787135121.8987463,-9.955,-2.057,-0.596,1.537,-0.208,-0.165,81.6,-41.25,-110.7,1414.0
1787135121.8987732,-9.701,-1.805,-0.575,1.677,-0.291,-0.163,79.65,-41.7,-109.2,1414.0
1787135121.8987849,-9.685,-1.86,-0.266,1.931,-0.302,-0.185,81.75,-42.3,-106.8,1414.0
1787135122.1039944,-9.622,0.883,0.438,3.196,-0.098,-0.507,77.55,-45.0,-82.5,1444.0
1787135122.10402,-10.305,1.068,1.24,3.392,-0.2,-0.558,77.4,-42.9,-76.5,1444.0
1787135122.3084679,-9.321,2.796,5.562,2.239,0.092,-0.375,70.95,-24.9,-50.55,1444.0
1787135122.308493,-10.02,2.962,5.825,2.09,-0.417,-0.227,73.5,-23.7,-49.35,1444.0
1787135122.5133429,-8.77,2.497,5.861,-0.073,-0.238,0.213,72.45,-16.35,-43.95,582.0
1787135122.5133724,-8.203,2.504,6.203,-0.316,-0.106,0.218,71.7,-17.1,-45.0,427.0
1787135122.513384,-8.198,2.514,6.448,-0.555,0.115,0.236,72.75,-17.1,-45.0,427.0
1787135122.7180533,-9.498,2.998,4.681,-3.034,0.274,0.26,71.1,-31.95,-54.0,550.0
1787135122.7180793,-9.632,2.739,4.154,-3.195,0.098,0.266,71.1,-32.4,-55.8,550.0
1787135122.7180903,-9.493,2.693,3.713,-3.371,-0.148,0.347,72.75,-36.9,-60.15,550.0
1787135122.9213989,-9.392,0.843,0.345,-3.284,0.113,0.63,75.75,-46.2,-92.85,1498.0
1787135122.9214234,-9.531,-0.316,-0.364,-2.971,-0.204,0.743,78.0,-46.2,-98.7,1415.0
1787135122.9214346,-9.706,-0.634,-0.929,-2.735,-0.251,0.819,77.55,-45.0,-100.95,1415.0
1787135123.1285057,-10.094,-3.199,-0.503,-0.411,0.031,0.123,82.65,-38.55,-116.55,1432.0
1787135123.1285317,-10.096,-3.22,-0.196,-0.185,0.094,0.08,83.55,-38.4,-114.15,1477.0
1787135123.1285434,-10.173,-3.371,0.12,-0.013,0.0,0.062,81.3,-39.6,-115.35,1477.0
1787135123.330786,-9.811,-2.382,-0.182,1.229,-0.143,-0.172,83.25,-41.55,-109.8,1456.0
1787135123.5379481,-9.311,0.019,1.295,2.728,-0.427,-0.303,80.25,-47.25,-87.75,1417.0
1787135123.5381444,-9.062,0.551,1.379,2.896,-0.379,-0.345,80.25,-46.2,-85.8,1417.0
1787135123.7402525,-8.25,3.819,5.629,2.533,-0.184,-0.574,72.15,-31.2,-54.0,1531.0
1787135123.7402766,-8.37,3.912,6.479,2.135,-0.103,-0.545,72.15,-29.25,-52.5,1531.0
1787135123.9479027,-9.342,2.222,5.923,-0.79,0.322,-0.07,72.0,-23.25,-47.55,379.0
1787135123.947928,-9.577,2.128,5.997,-0.973,0.125,-0.006,72.45,-26.1,-48.3,379.0
1787135123.94794,-9.586,2.131,6.251,-1.114,-0.124,0.06,73.2,-26.1,-48.75,379.0
1787135124.151967,-9.052,2.792,4.451,-3.002,-0.104,0.218,71.1,-40.95,-63.6,379.0
1787135124.1519918,-8.464,2.315,4.101,-3.212,-0.004,0.256,72.75,-40.65,-66.0,379.0
1787135124.1520476,-8.437,2.011,3.263,-3.328,0.222,0.263,72.45,-41.1,-71.1,379.0
1787135124.3561265,-9.498,-1.073,-0.474,-2.763,-0.163,0.391,76.65,-43.95,-99.6,1417.0
1787135124.3561592,-10.077,-1.192,-1.094,-2.581,-0.416,0.487,77.1,-44.4,-103.65,1417.0
1787135124.561676,-9.965,-3.479,-0.429,-0.267,-0.08,0.152,83.4,-39.0,-115.8,1523.0
1787135124.5617015,-9.823,-3.44,-0.055,-0.106,0.014,0.086,82.5,-36.45,-116.7,1523.0
1787135124.56176,-9.85,-3.366,0.093,0.002,0.072,0.037,82.35,-37.05,-115.8,1523.0
1787135124.76685,-9.984,-2.591,0.895,0.571,0.029,-0.138,83.1,-39.0,-113.25,1491.0
1787135124.766942,-9.888,-2.521,0.532,0.689,-0.014,-0.135,82.05,-39.6,-113.85,1491.0
1787135124.7669547,-9.998,-2.466,0.28,0.806,-0.026,-0.151,81.15,-40.5,-112.2,1491.0
1787135124.9708114,-9.493,0.821,1.372,2.994,-0.124,-0.371,78.6,-43.95,-84.9,1426.0
1787135124.9708374,-9.428,1.097,1.458,3.118,-0.119,-0.46,79.05,-44.25,-82.95,1426.0
1787135125.176468,-9.036,2.99,5.737,2.632,0.465,-0.766,72.45,-24.9,-50.55,1513.0
1787135125.1764927,-9.364,3.242,5.954,2.354,0.168,-0.595,72.45,-22.2,-48.75,1513.0
1787135125.1765044,-8.428,3.321,5.962,2.075,-0.016,-0.426,73.2,-21.75,-47.55,1513.0
1787135125.3799942,-7.748,3.208,5.626,1.261,0.044,-0.192,73.35,-17.7,-44.85,1513.0
1787135125.3800194,-7.985,2.959,5.629,0.92,0.108,-0.09,72.15,-16.2,-43.35,1513.0
1787135125.3800318,-8.037,2.744,5.657,0.645,0.138,0.036,72.15,-14.55,-44.85,407.0
1787135125.5844908,-9.998,2.856,5.076,-3.017,-0.238,0.204,72.75,-26.1,-52.35,400.0
1787135125.5845168,-9.874,3.045,4.618,-3.266,-0.471,0.213,70.5,-31.8,-53.85,400.0
1787135125.5845284,-9.151,2.435,4.132,-3.427,-0.39,0.217,71.85,-33.15,-57.3,400.0
1787135125.7950406,-8.973,1.525,3.51,-3.275,-0.268,0.274,72.6,-40.95,-66.6,400.0
1787135125.7950637,-8.885,1.717,2.859,-3.458,-0.342,0.284,71.1,-41.7,-69.45,400.0
1787135125.7950752,-8.964,0.318,2.174,-3.405,-0.297,0.4,72.75,-43.05,-74.85,400.0
1787135125.996299,-9.845,-3.388,-0.227,-0.728,0.306,0.165,79.35,-40.5,-107.4,1434.0
1787135125.996324,-9.977,-3.577,-0.031,-0.548,0.345,0.108,78.75,-41.1,-108.3,1434.0
1787135125.996336,-10.092,-3.747,0.352,-0.336,0.187,0.096,80.85,-40.95,-108.15,1434.0
1787135126.1992478,-9.895,-2.844,1.63,0.466,0.02,0.035,78.75,-41.85,-106.5,1455.0
1787135126.1992767,-9.749,-2.868,1.279,0.546,-0.014,0.01,79.35,-43.2,-105.15,1455.0
1787135126.403237,-9.778,-2.054,-0.546,2.201,-0.23,-0.005,79.65,-43.2,-96.75,1404.0
1787135126.4032612,-9.498,-1.525,-0.268,2.44,-0.338,0.003,79.05,-44.55,-94.35,1404.0
1787135126.6134613,-9.816,3.778,4.039,2.73,-0.056,-0.316,76.95,-29.85,-54.6,1448.0
1787135126.6134868,-9.893,3.807,4.092,2.674,-0.045,-0.33,76.95,-27.15,-52.05,1448.0
1787135126.8141437,-7.951,3.575,5.562,0.481,0.01,-0.093,75.6,-11.55,-43.35,294.0
1787135126.8141682,-8.308,3.627,5.71,0.139,0.059,-0.038,73.35,-10.35,-41.1,298.0
1787135126.8141797,-8.789,3.807,5.775,-0.272,-0.032,0.031,75.45,-11.7,-42.45,298.0
1787135127.0185094,-9.574,4.137,5.485,-2.835,-0.069,-0.036,72.15,-22.35,-48.45,312.0
1787135127.0185347,-9.673,3.934,5.009,-3.097,-0.171,-0.078,72.6,-25.05,-49.95,312.0
1787135127.2215986,-7.676,-0.5,0.558,-3.186,-0.153,0.213,72.15,-45.15,-83.85,1594.0
1787135127.221625,-8.301,-1.142,0.153,-2.998,0.07,0.243,72.45,-45.3,-86.25,1436.0
1787135127.223308,-8.899,-1.879,-0.139,-2.731,0.057,0.262,72.45,-45.3,-86.25,1436.0
1787135127.4293625,-9.558,-3.876,-0.141,-0.482,0.148,0.285,79.35,-42.15,-105.6,1418.0
1787135127.4293883,-9.787,-3.912,0.35,-0.282,0.042,0.251,77.55,-40.65,-106.05,1438.0
1787135127.4293997,-9.754,-3.721,0.706,-0.159,-0.042,0.227,79.65,-42.45,-105.9,1438.0
1787135127.631645,-9.522,-3.077,2.631,0.08,0.114,-0.024,77.25,-43.5,-105.3,1432.0
1787135127.6316743,-9.383,-2.971,2.375,0.052,0.132,-0.045,79.35,-42.9,-104.1,1432.0
1787135127.6316862,-9.299,-3.045,1.966,0.092,0.221,-0.058,78.3,-41.85,-106.05,1425.0
1787135127.8389115,-10.027,-2.887,0.007,1.587,0.254,-0.11,76.35,-44.4,-98.55,1422.0
1787135127.838937,-9.771,-2.567,-0.065,1.81,0.084,-0.104,77.4,-42.45,-97.05,1422.0
1787135127.8389492,-9.483,-2.116,-0.096,1.963,-0.027,-0.129,76.95,-43.5,-94.35,1398.0
1787135128.0428078,-9.919,0.517,1.164,2.951,0.322,-0.297,76.35,-39.0,-67.95,1439.0
1787135128.042835,-9.823,0.984,1.231,3.072,0.183,-0.294,73.95,-37.95,-64.8,1439.0
1787135128.0428462,-9.495,1.075,1.63,3.179,0.176,-0.308,75.75,-35.25,-63.45,1439.0
1787135128.248509,-7.841,3.388,6.062,0.929,-0.196,0.064,73.2,-10.5,-42.0,363.0
1787135128.2485344,-7.841,3.127,5.866,0.694,0.239,-0.024,71.7,-12.15,-41.7,363.0
1787135128.4509082,-10.18,3.946,5.952,-1.6,0.037,-0.07,72.6,-13.5,-43.05,391.0
1787135128.4509337,-9.692,3.654,5.763,-2.013,-0.146,-0.082,72.45,-13.65,-43.95,391.0
1787135128.657956,-7.535,1.403,3.268,-3.306,-0.552,0.353,69.3,-37.8,-62.85,391.0
1787135128.6579823,-7.307,1.068,3.038,-3.402,-0.028,0.333,70.05,-37.8,-62.85,391.0
1787135128.657994,-8.341,0.871,2.559,-3.463,0.159,0.336,70.2,-40.35,-71.1,391.0
1787135128.8632057,-8.957,-2.54,-0.567,-2.019,-0.06,0.402,75.15,-43.65,-97.05,1431.0
1787135128.8632364,-9.562,-3.05,-0.642,-1.713,0.157,0.388,77.4,-43.95,-100.35,1431.0
1787135129.0663042,-9.637,-3.591,1.305,-0.03,0.021,0.125,77.1,-42.45,-106.2,1417.0
1787135129.0663304,-9.768,-3.503,1.729,0.086,-0.047,0.102,77.1,-41.25,-106.65,1417.0
1787135129.2729063,-9.426,-2.598,2.605,0.132,0.013,-0.059,77.1,-43.2,-104.1,1422.0
1787135129.2729316,-9.45,-2.6,2.282,0.128,0.055,-0.067,76.95,-43.8,-103.5,1422.0
1787135129.272943,-9.457,-2.722,2.009,0.162,0.057,-0.08,76.2,-43.05,-105.3,1422.0
1787135129.4762797,-9.254,-3.089,-0.74,1.358,-0.053,0.004,77.55,-44.55,-99.45,1393.0
1787135129.4763057,-8.928,-2.998,-0.953,1.659,-0.021,0.009,77.55,-44.55,-97.2,1403.0
1787135129.4763172,-8.724,-2.792,-1.204,1.937,0.115,0.027,77.85,-43.95,-95.55,1403.0
1787135129.6812563,-10.63,0.809,3.093,3.316,-0.606,-0.185,74.85,-39.0,-67.2,1440.0
1787135129.6812823,-10.058,1.511,3.203,3.136,-0.625,-0.339,73.95,-37.95,-65.25,1440.0
1787135129.8864808,-9.637,3.122,4.769,1.699,-0.237,-0.302,72.9,-13.8,-42.3,619.0
1787135129.8865075,-8.914,2.873,5.409,1.331,-0.359,-0.245,72.15,-10.35,-43.05,619.0
1787135129.886519,-8.049,2.758,5.567,1.034,-0.186,-0.209,71.7,-9.45,-41.7,619.0
1787135130.0919187,-8.1,3.369,6.744,-1.517,0.142,0.172,71.1,-11.1,-42.3,547.0
1787135130.0919435,-8.353,3.464,6.457,-1.887,0.341,0.183,69.3,-11.1,-41.55,547.0
1787135130.0919547,-8.736,3.369,6.074,-2.202,0.362,0.209,70.35,-14.55,-42.6,547.0
1787135130.2964087,-9.151,1.243,1.865,-3.472,0.461,0.216,71.85,-33.15,-58.8,954.0
1787135130.2964334,-9.895,0.692,1.046,-3.308,0.112,0.258,73.5,-39.15,-66.3,954.0
1787135130.5014968,-10.654,-1.678,-0.488,-2.026,-0.371,0.288,76.65,-46.65,-90.45,1393.0
1787135130.5015225,-9.167,-2.823,-0.436,-1.889,-0.26,0.276,75.6,-43.2,-92.7,1393.0
1787135130.501534,-9.656,-3.108,-0.424,-1.583,0.249,0.245,75.9,-43.95,-94.2,1393.0
1787135130.706406,-9.893,-3.467,0.419,-0.011,-0.063,-0.019,78.0,-44.25,-101.25,1406.0
1787135130.7064316,-9.807,-3.12,0.601,0.032,-0.122,-0.016,77.55,-44.55,-103.5,1406.0
1787135130.7064445,-9.701,-3.098,0.826,0.115,-0.119,-0.028,77.25,-43.5,-102.0,1406.0
1787135130.9141746,-9.55,-2.835,0.74,0.757,-0.038,-0.102,76.65,-44.85,-96.3,1390.0
1787135130.914206,-9.634,-2.899,0.457,0.883,0.027,-0.112,74.7,-45.0,-96.45,1390.0
1787135130.9142125,-9.912,-2.94,0.321,1.075,0.024,-0.12,77.4,-44.85,-95.25,1390.0
1787135131.1176934,-10.099,-0.795,0.493,2.317,-0.167,-0.327,74.25,-44.25,-76.95,1434.0
1787135131.1177177,-10.46,-0.508,0.946,2.514,-0.3,-0.348,75.15,-43.65,-75.75,1434.0
1787135131.1177294,-10.408,-0.093,1.329,2.739,-0.469,-0.394,74.7,-41.85,-72.9,1434.0
1787135131.323671,-9.074,1.645,4.029,3.033,-0.22,-0.708,67.95,-26.85,-50.1,1540.0
1787135131.323696,-8.236,2.1,4.108,2.99,-0.139,-0.742,68.25,-24.9,-49.35,1540.0
1787135131.323707,-7.412,2.116,4.633,2.814,0.112,-0.799,67.05,-22.35,-45.9,1540.0
1787135131.5243578,-8.873,2.907,7.017,-0.957,-0.038,0.332,67.2,-9.0,-40.2,1064.0
1787135131.5243828,-8.583,2.816,6.879,-1.271,0.078,0.318,66.75,-10.95,-41.25,1089.0
1787135131.524394,-8.392,2.981,6.711,-1.543,0.312,0.292,67.5,-10.95,-42.75,1089.0
1787135131.7397609,-8.179,2.387,4.058,-3.325,0.296,0.512,68.7,-28.8,-49.35,1105.0
1787135131.7397852,-7.98,1.894,3.517,-3.376,0.338,0.485,68.1,-30.45,-52.2,1105.0
1787135131.7397964,-9.086,1.422,3.014,-3.348,0.21,0.584,68.25,-33.0,-55.35,1105.0
1787135131.9358416,-10.52,-0.529,0.237,-2.917,0.15,0.411,74.25,-45.3,-86.55,1490.0
1787135131.9358728,-10.25,-1.049,0.261,-2.835,-0.013,0.438,76.2,-46.5,-91.35,1490.0
1787135131.9358842,-8.78,-1.647,0.031,-2.642,0.217,0.436,76.2,-45.0,-92.85,1390.0
1787135132.1390762,-10.628,-3.551,-1.245,-0.444,0.055,0.244,80.55,-41.85,-106.5,1395.0
1787135132.139102,-10.501,-3.393,-1.046,-0.138,-0.155,0.229,79.65,-42.15,-109.2,1395.0
1787135132.1391592,-10.312,-3.278,-0.453,0.113,-0.366,0.217,81.9,-41.7,-109.65,1406.0
1787135132.343186,-9.881,-2.401,1.832,0.214,-0.019,-0.153,80.85,-43.95,-106.95,1404.0
1787135132.3432677,-9.742,-2.437,1.621,0.245,-0.081,-0.134,81.15,-43.65,-105.15,1404.0
1787135132.5492013,-9.299,-2.461,-1.025,1.946,-0.204,-0.177,78.3,-45.3,-97.2,1414.0
1787135132.5492203,-9.021,-1.93,-0.663,2.157,-0.196,-0.189,79.35,-43.95,-95.55,1414.0
1787135132.5492265,-9.043,-1.669,-0.522,2.369,-0.074,-0.204,79.05,-44.25,-92.4,1414.0
1787135132.7546694,-9.213,0.819,1.82,2.971,0.184,-0.556,75.0,-36.9,-64.5,1481.0
1787135132.7546985,-9.553,0.85,2.035,2.994,0.364,-0.559,75.9,-35.1,-62.85,1481.0
1787135132.75471,-10.678,1.3,2.749,3.067,0.14,-0.556,75.45,-34.2,-59.7,1481.0
1787135132.963318,-8.514,2.071,5.054,1.46,0.255,-0.404,72.15,-17.4,-44.85,716.0
1787135132.963344,-8.65,2.073,5.382,1.243,0.18,-0.319,73.2,-15.6,-44.7,716.0
1787135133.1639726,-10.001,2.009,4.913,-2.313,-0.38,0.292,71.7,-21.45,-48.3,442.0
1787135133.1639981,-10.233,1.942,4.64,-2.556,-0.5,0.288,71.25,-24.15,-49.05,442.0
1787135133.1640098,-9.855,1.705,4.161,-2.729,-0.53,0.271,72.15,-27.0,-50.7,442.0
1787135133.3672888,-8.631,0.005,1.635,-2.851,0.085,0.292,71.1,-42.9,-74.55,1493.0
1787135133.3673115,-9.091,-0.357,1.307,-2.807,0.186,0.25,71.25,-43.8,-76.35,1493.0
1787135133.3673232,-9.048,-0.781,1.07,-2.745,0.098,0.271,70.95,-42.3,-81.0,1493.0
1787135133.5721953,-9.414,-2.65,-0.761,-1.641,0.212,0.464,77.25,-42.6,-100.2,1407.0
1787135133.5722213,-9.694,-3.026,-0.848,-1.313,0.361,0.412,78.15,-42.9,-100.8,1403.0
1787135133.5722327,-10.29,-3.026,-1.039,-1.032,0.358,0.419,77.4,-43.2,-104.1,1403.0
1787135133.7783742,-9.981,-2.916,1.183,0.102,0.037,0.129,77.85,-43.2,-105.6,1404.0
1787135133.7783988,-9.984,-2.835,1.585,0.109,0.062,0.083,78.9,-42.15,-107.4,1400.0
1787135133.77841,-10.125,-2.626,1.765,0.129,0.073,0.016,76.95,-43.05,-104.55,1400.0
1787135133.9832292,-10.013,-2.48,1.132,0.208,0.021,-0.085,78.15,-43.95,-104.85,1386.0
1787135133.9832485,-10.113,-2.476,0.843,0.312,-0.08,-0.076,78.0,-43.8,-104.55,1397.0
1787135133.9832547,-10.154,-2.617,0.551,0.426,-0.133,-0.097,77.4,-43.65,-104.4,1397.0
1787135134.1866863,-9.735,-1.997,0.189,1.849,-0.435,-0.259,77.85,-45.15,-94.2,1393.0
1787135134.1867125,-9.541,-1.645,0.421,2.152,-0.101,-0.387,77.1,-46.65,-88.65,1399.0
1787135134.186724,-9.831,-1.583,0.599,2.333,-0.115,-0.387,75.45,-44.55,-86.55,1399.0
1787135134.390323,-8.928,-0.043,0.917,2.92,0.074,-0.52,72.6,-38.55,-66.15,1484.0
1787135134.3903482,-9.421,-0.05,1.135,3.068,0.077,-0.512,73.5,-36.9,-63.45,1484.0
1787135134.5960684,-8.265,3.426,5.966,2.074,-0.354,0.064,70.5,-14.1,-43.95,1056.0
1787135134.596098,-8.047,3.804,6.73,1.656,-0.369,0.081,68.55,-12.3,-42.3,1056.0
1787135134.5961094,-7.961,3.615,6.821,1.204,-0.147,0.133,69.6,-11.85,-44.1,1090.0
1787135134.802139,-9.189,2.504,4.858,-2.392,0.055,-0.073,70.2,-15.6,-43.2,1084.0
1787135134.802164,-9.155,2.193,4.472,-2.523,-0.022,-0.062,69.6,-18.15,-44.85,1084.0
1787135134.802176,-8.875,1.966,4.278,-2.593,-0.145,-0.021,70.05,-19.65,-46.35,1084.0
1787135135.004472,-8.736,-0.074,2.337,-3.017,-0.204,0.363,67.2,-40.65,-67.05,1521.0
1787135135.0044966,-8.643,-0.208,2.081,-3.079,-0.326,0.452,69.3,-40.2,-72.75,1521.0
1787135135.004508,-8.126,-0.874,1.47,-3.067,-0.22,0.487,69.6,-41.25,-73.95,1521.0
1787135135.2110775,-10.645,-3.412,-0.702,-1.141,-0.258,0.408,75.6,-42.45,-97.05,1407.0
1787135135.2111037,-10.475,-3.634,-0.378,-0.912,-0.165,0.314,74.7,-43.05,-97.65,1407.0
1787135135.2111146,-10.005,-3.682,0.086,-0.717,-0.01,0.229,76.65,-44.4,-100.35,1407.0
1787135135.4167988,-9.436,-3.385,1.061,0.091,0.066,0.023,76.5,-41.85,-99.9,1410.0
1787135135.416824,-9.618,-3.273,1.293,0.173,-0.009,0.002,75.6,-43.95,-101.55,1410.0
1787135135.4168355,-9.354,-2.99,1.65,0.208,-0.002,-0.027,76.65,-42.9,-99.6,1410.0
1787135135.6235015,-9.531,-2.942,1.293,0.485,-0.077,-0.081,75.6,-43.95,-97.8,1406.0
1787135135.6235263,-9.471,-3.017,0.927,0.546,0.031,-0.082,76.5,-43.5,-97.65,1406.0
1787135135.623538,-9.553,-3.093,0.613,0.658,0.134,-0.112,75.15,-43.95,-96.3,1406.0
1787135135.8257277,-9.649,-2.255,0.441,2.238,-0.025,-0.09,74.25,-44.25,-83.25,1433.0
1787135135.8257546,-9.754,-1.767,0.682,2.39,-0.17,-0.087,72.9,-43.2,-81.6,1433.0
1787135135.8257666,-9.122,-1.106,1.01,2.475,-0.079,-0.151,73.35,-42.9,-76.5,1433.0
1787135136.0261247,-9.445,1.774,3.077,2.951,-0.611,-0.333,71.25,-31.5,-53.4,1542.0
1787135136.0298977,-9.493,2.255,3.716,2.802,-0.778,-0.368,71.55,-26.55,-49.2,1542.0
1787135136.0299234,-8.782,2.301,4.243,2.589,-0.764,-0.394,70.2,-26.1,-49.35,1542.0
1787135136.2361584,-9.05,2.452,6.539,0.388,0.5,-0.189,68.7,-12.9,-43.95,1070.0
1787135136.2361958,-9.512,2.763,6.546,0.147,0.208,-0.121,69.3,-12.3,-43.35,1070.0
1787135136.438531,-8.803,1.827,4.269,-2.93,-0.048,0.262,67.8,-28.5,-51.0,1097.0
1787135136.4385564,-8.703,1.475,3.745,-3.113,-0.143,0.292,67.35,-30.9,-54.0,1097.0
1787135136.6451566,-8.973,-1.322,1.358,-2.612,-0.213,0.589,69.45,-45.75,-81.0,1529.0
1787135136.6451817,-8.624,-1.343,1.171,-2.47,-0.054,0.567,71.25,-43.8,-84.3,1529.0
1787135136.645193,-8.717,-1.7,0.713,-2.41,0.08,0.581,70.8,-44.85,-85.65,1529.0
1787135136.8505485,-10.092,-3.936,-0.721,-0.554,0.03,0.309,78.6,-42.9,-103.35,1388.0
1787135136.8505738,-9.847,-3.912,-0.369,-0.296,0.04,0.268,78.0,-42.3,-104.55,1388.0
1787135137.0530756,-10.065,-2.741,2.497,0.19,0.061,-0.098,77.4,-44.85,-102.6,1417.0
1787135137.0531013,-10.046,-2.638,2.523,0.181,0.043,-0.136,77.4,-43.2,-102.9,1417.0
1787135137.2590215,-10.094,-3.199,-0.163,1.392,-0.163,-0.396,76.5,-45.3,-97.65,1402.0
1787135137.259051,-10.125,-3.141,0.177,1.707,-0.301,-0.432,75.15,-44.85,-96.0,1402.0
1787135137.2590628,-9.692,-2.966,0.373,1.908,-0.389,-0.463,74.25,-46.5,-93.15,1402.0
1787135137.4649348,-9.043,-1.159,2.095,2.567,0.02,-0.577,70.5,-41.55,-71.55,1499.0
1787135137.46496,-9.146,-0.984,2.507,2.683,-0.017,-0.553,69.6,-42.15,-70.95,1499.0
1787135137.4649713,-8.918,-0.4,2.44,2.663,-0.036,-0.547,68.7,-41.1,-66.0,1499.0
1787135137.66815,-8.636,2.78,5.61,2.772,0.038,-0.431,65.85,-21.6,-47.7,1499.0
1787135137.6681788,-8.806,2.768,6.112,2.649,-0.125,-0.325,64.35,-18.9,-43.05,1499.0
1787135137.8732371,-8.21,3.191,7.987,-0.908,0.222,0.095,64.05,-9.15,-41.55,1033.0
1787135137.8732638,-8.425,3.017,7.626,-1.27,0.29,0.115,63.6,-10.8,-41.1,1033.0
1787135137.873276,-8.995,3.0,6.948,-1.582,0.262,0.14,65.1,-10.35,-41.55,1033.0
1787135138.0774162,-8.535,0.256,3.208,-2.849,-0.113,0.43,66.0,-34.95,-58.95,1079.0
1787135138.0774412,-7.918,-0.283,2.935,-2.78,-0.111,0.43,65.1,-37.5,-61.8,1079.0
1787135138.0774539,-7.719,-0.668,2.847,-2.779,0.016,0.475,64.2,-39.15,-64.5,1079.0
1787135138.2819118,-9.242,-2.277,0.168,-2.47,0.969,0.783,73.35,-46.35,-90.75,1478.0
1787135138.2819378,-10.654,-2.184,-0.17,-1.986,0.708,0.722,75.45,-44.55,-93.15,1389.0
1787135138.2819498,-10.968,-2.535,-0.673,-1.612,0.393,0.706,75.9,-44.4,-96.0,1389.0
1787135138.4887736,-10.546,-3.529,0.199,0.179,-0.292,0.094,78.6,-43.65,-102.9,1388.0
1787135138.4887996,-10.228,-3.462,0.769,0.272,-0.283,0.018,78.9,-43.95,-102.9,1398.0
1787135138.488811,-10.051,-3.196,1.305,0.302,-0.231,-0.027,78.75,-43.8,-102.0,1398.0
1787135138.6922815,-9.711,-2.658,1.132,0.26,0.11,-0.242,78.75,-45.75,-99.15,1403.0
1787135138.6923065,-9.85,-2.816,0.972,0.357,0.042,-0.23,77.55,-44.25,-99.15,1403.0
1787135138.6923182,-9.871,-2.725,0.694,0.483,-0.092,-0.203,77.25,-44.25,-99.15,1391.0
1787135138.8985322,-9.354,-2.073,0.503,1.755,-0.168,-0.147,74.7,-44.55,-88.05,1396.0
1787135138.8985572,-9.091,-1.76,0.646,1.843,-0.185,-0.153,75.75,-45.0,-87.0,1396.0
1787135139.1010268,-9.78,-0.091,2.674,2.116,0.235,-0.325,72.75,-37.65,-63.75,1519.0
1787135139.1010563,-10.001,0.359,2.533,2.169,0.07,-0.29,73.2,-35.7,-61.95,1519.0
1787135139.3075678,-9.055,2.215,3.838,2.233,0.171,0.02,74.85,-17.4,-44.4,1519.0
1787135139.307593,-9.155,2.373,4.29,2.167,-0.037,0.058,74.85,-16.2,-43.65,1519.0
1787135139.3076048,-9.055,2.531,4.685,1.981,-0.221,0.107,73.65,-13.8,-43.35,400.0
1787135139.5115018,-9.306,3.46,7.343,-0.963,0.284,-0.008,71.7,-11.4,-41.25,383.0
1787135139.5115278,-9.651,3.208,6.891,-1.32,0.176,-0.006,71.1,-11.1,-41.85,383.0
1787135139.5115392,-9.795,3.148,6.445,-1.631,0.005,0.019,70.35,-11.1,-40.35,383.0
1787135139.7155628,-7.968,0.584,2.502,-3.084,-0.066,0.24,67.95,-37.2,-59.7,520.0
1787135139.7156334,-8.042,0.232,2.133,-3.008,0.028,0.279,67.95,-37.65,-62.25,520.0
1787135139.9216847,-10.283,-1.961,0.072,-1.469,0.398,0.511,73.65,-45.9,-89.7,1428.0
1787135139.9217672,-10.116,-2.119,-0.081,-1.333,0.346,0.487,75.45,-46.2,-93.15,1428.0
1787135139.9217796,-10.056,-2.502,-0.194,-1.147,0.394,0.413,76.95,-46.2,-92.4,1428.0
1787135140.1261678,-9.883,-2.799,1.683,0.0,0.142,-0.004,78.75,-45.0,-98.7,1400.0
1787135140.331132,-10.005,-2.535,0.558,0.816,-0.013,-0.038,76.65,-44.4,-93.75,1385.0
1787135140.3311577,-10.228,-2.306,0.57,0.983,-0.14,-0.072,78.6,-46.35,-94.2,1385.0
1787135140.5362225,-9.017,-1.058,2.081,1.431,-0.218,-0.266,75.0,-44.55,-80.7,1411.0
1787135140.5362482,-9.22,-0.919,2.152,1.534,-0.149,-0.258,75.15,-45.15,-77.55,1472.0
1787135140.53626,-9.155,-0.622,1.923,1.58,-0.071,-0.236,76.35,-43.2,-75.0,1472.0
1787135140.7414775,-8.933,1.293,2.732,2.378,-0.13,-0.044,74.4,-35.1,-58.05,1544.0
1787135140.7415035,-8.813,1.432,2.813,2.391,-0.064,-0.053,73.5,-32.25,-57.15,1544.0
1787135140.741515,-8.559,1.516,2.794,2.384,0.021,-0.045,74.7,-30.6,-54.6,1544.0
1787135140.9438205,-9.225,3.431,6.345,1.124,0.046,-0.141,71.55,-15.45,-44.85,307.0
1787135140.9438446,-9.333,3.349,6.596,0.834,0.086,-0.14,72.15,-15.45,-44.1,269.0
1787135140.9438617,-9.256,3.311,6.596,0.469,0.088,-0.161,70.5,-14.1,-43.2,269.0
1787135141.1484933,-9.129,2.677,6.067,-1.63,-0.254,0.013,71.7,-19.5,-45.3,275.0
1787135141.1485198,-8.83,2.878,5.78,-1.903,-0.371,0.074,70.95,-22.2,-45.3,416.0
1787135141.3548644,-8.612,0.646,1.597,-3.089,0.603,0.3,71.7,-45.3,-77.4,1567.0
1787135141.3548903,-9.227,-0.18,0.718,-3.012,0.677,0.205,72.0,-45.0,-79.95,1567.0
1787135141.3549023,-9.457,-0.757,0.472,-2.894,0.683,0.169,73.95,-46.2,-82.2,1567.0
1787135141.561187,-10.388,-3.541,-0.694,-1.138,0.272,0.208,77.1,-42.9,-105.6,1413.0
1787135141.5612106,-10.518,-3.474,-0.831,-0.814,0.008,0.195,78.0,-42.6,-105.75,1413.0
1787135141.7632265,-9.464,-3.17,1.168,0.236,-0.179,0.053,76.95,-44.25,-106.5,1420.0
1787135141.7632518,-9.153,-3.179,1.286,0.251,-0.03,0.005,77.4,-43.95,-106.65,1420.0
1787135141.9670463,-9.869,-2.509,-0.019,1.211,0.128,-0.06,77.4,-44.4,-99.6,1393.0
1787135142.1745014,-8.107,0.007,3.002,2.105,-0.708,-0.187,72.15,-45.15,-74.55,1495.0
1787135142.1745274,-7.975,-0.218,3.139,1.989,-0.491,-0.192,72.9,-44.4,-72.75,1495.0
1787135142.174539,-8.205,0.077,3.069,1.967,-0.199,-0.17,72.45,-42.3,-69.3,1495.0
1787135142.3786771,-8.164,2.574,3.958,3.028,-1.05,-0.113,69.6,-30.15,-51.45,1620.0
1787135142.3787029,-7.039,3.302,4.518,2.77,-0.836,-0.107,69.75,-28.35,-49.35,1620.0
1787135142.5835786,-7.815,4.252,8.94,-0.771,0.548,-0.129,64.35,-19.65,-43.35,965.0
1787135142.5836046,-7.843,4.017,8.241,-1.068,0.765,-0.15,66.45,-19.5,-43.5,965.0
1787135142.583616,-8.059,3.692,7.458,-1.338,0.802,-0.126,66.75,-18.3,-44.25,965.0
1787135142.7893589,-8.43,1.784,4.379,-2.623,0.557,0.015,68.25,-34.2,-53.4,965.0
1787135142.7893836,-8.811,1.554,4.013,-2.661,0.488,0.028,70.05,-35.85,-55.5,965.0
1787135142.7893949,-8.744,1.312,3.673,-2.711,0.334,0.07,68.1,-38.55,-61.05,965.0
1787135142.9913707,-9.357,-1.386,0.496,-1.734,0.416,0.314,73.5,-47.25,-93.9,1446.0
1787135142.9913955,-9.177,-1.528,0.223,-1.677,0.318,0.28,76.2,-46.2,-92.85,1446.0
1787135142.991407,-9.359,-1.662,0.141,-1.581,0.312,0.309,76.2,-46.95,-96.9,1400.0
1787135143.2006257,-9.62,-2.492,-0.045,-0.156,0.175,0.304,79.05,-44.55,-104.25,1379.0
1787135143.2006514,-9.835,-2.612,0.091,-0.065,0.179,0.281,81.0,-43.5,-104.55,1379.0
1787135143.2006638,-10.032,-2.569,0.211,-0.008,0.129,0.272,78.75,-44.55,-102.75,1390.0
1787135143.4031737,-11.066,-1.618,1.535,0.353,0.156,-0.22,80.55,-45.0,-100.5,1393.0
1787135143.4032044,-11.277,-1.817,0.922,0.435,0.061,-0.297,80.55,-45.0,-100.95,1393.0
1787135143.4032114,-11.068,-1.982,0.649,0.628,-0.033,-0.385,78.9,-44.85,-101.85,1388.0
1787135143.6072319,-9.462,-1.48,-0.378,1.951,-0.478,-0.44,76.5,-47.25,-89.55,1402.0
1787135143.6072571,-8.966,-1.058,-0.304,2.053,-0.535,-0.441,76.5,-45.75,-88.05,1402.0
1787135143.6072683,-9.103,-1.219,0.323,2.183,-0.572,-0.456,76.5,-45.0,-87.3,1402.0
1787135143.8110452,-9.199,0.321,2.99,3.102,-0.627,-0.569,71.1,-37.5,-62.1,1570.0
1787135143.8110707,-9.673,0.979,3.596,3.271,-1.147,-0.479,68.85,-35.55,-58.8,1570.0
1787135144.0179136,-8.772,3.021,7.108,0.344,0.509,-0.059,62.4,-19.8,-46.05,1120.0
1787135144.0179396,-9.112,2.892,7.029,0.092,0.326,0.01,62.7,-19.5,-45.0,1120.0
1787135144.0179508,-8.741,2.717,6.869,-0.163,0.216,0.068,63.45,-17.85,-46.5,1120.0
1787135144.2218444,-8.916,2.133,5.605,-2.057,-0.016,0.311,65.55,-27.0,-50.4,1132.0
1787135144.221882,-8.552,1.98,5.337,-2.208,0.144,0.271,66.75,-27.6,-52.05,1132.0
1787135144.2218938,-8.375,1.683,5.155,-2.375,0.329,0.243,65.85,-31.95,-52.2,1132.0
1787135144.4260833,-8.107,-0.443,2.533,-2.736,0.34,0.597,67.8,-45.6,-74.25,1585.0
1787135144.4261086,-8.475,-0.773,2.32,-2.705,0.484,0.67,69.6,-45.6,-77.55,1585.0
1787135144.63291,-8.906,-1.973,-0.366,-0.948,0.122,0.471,81.15,-42.9,-106.65,1387.0
1787135144.6329355,-8.365,-2.15,-0.484,-0.759,0.439,0.503,81.3,-42.3,-107.25,1387.0
1787135144.6329472,-9.112,-1.915,-1.02,-0.624,0.7,0.538,82.8,-42.3,-108.6,1387.0
1787135144.836782,-10.319,-1.923,0.086,0.533,-0.031,0.308,85.65,-42.45,-109.65,1325.0
1787135144.8368075,-10.678,-1.753,0.441,0.627,-0.023,0.241,84.9,-41.25,-108.45,1334.0
1787135144.8368192,-10.714,-1.434,0.512,0.639,-0.059,0.167,84.75,-41.85,-107.25,1334.0
1787135145.0412045,-10.695,-0.472,0.184,1.178,-0.071,-0.203,83.7,-45.15,-98.85,1365.0
1787135145.041227,-10.446,-0.304,0.148,1.322,-0.256,-0.2,84.45,-44.4,-97.5,1368.0
1787135145.246513,-9.653,1.128,1.42,2.785,-0.815,-0.553,81.3,-43.5,-75.15,1401.0
1787135145.2465386,-9.459,1.341,1.53,2.845,-0.856,-0.6,79.5,-41.1,-70.35,1505.0
1787135145.2465503,-9.436,1.226,1.633,2.827,-0.902,-0.637,78.9,-40.2,-67.95,1505.0
1787135145.4520721,-8.859,1.913,3.326,2.971,-2.077,-0.615,73.65,-31.95,-56.55,1505.0
1787135145.4520972,-7.954,2.411,4.087,2.925,-1.919,-0.684,70.35,-29.7,-55.8,1505.0
1787135145.4521203,-7.02,2.528,4.829,2.673,-1.402,-0.749,68.25,-28.35,-51.3,1505.0
1787135145.6550848,-6.634,3.414,7.872,0.17,-0.06,-0.137,65.4,-17.1,-44.25,1153.0
1787135145.6551106,-6.752,3.464,7.834,-0.195,-0.069,0.035,64.35,-18.15,-42.6,1142.0
1787135145.6551223,-6.967,3.491,7.872,-0.451,-0.04,0.186,64.8,-15.45,-42.3,1142.0
1787135145.8614988,-8.483,1.966,5.32,-2.465,-0.33,0.589,69.0,-34.95,-54.9,1110.0
1787135145.861524,-8.241,1.935,5.329,-2.603,-0.097,0.685,67.35,-36.3,-57.0,1110.0
1787135145.8615353,-8.262,1.753,4.858,-2.72,0.135,0.635,68.1,-38.55,-61.05,1110.0
1787135146.0613637,-9.189,-0.797,1.073,-2.52,0.904,0.383,75.6,-47.55,-87.45,1523.0
1787135146.0662403,-9.663,-0.488,0.603,-2.264,0.939,0.412,76.2,-46.5,-89.55,1523.0
1787135146.0662684,-9.606,-1.037,0.678,-1.877,0.634,0.356,77.25,-45.75,-94.35,1415.0
1787135146.2741873,-10.132,-2.32,1.099,0.088,-0.01,0.095,84.15,-43.95,-104.1,1394.0
1787135146.2742193,-10.12,-2.265,1.257,0.12,0.118,0.042,84.0,-42.3,-105.0,1394.0
1787135146.2742257,-10.336,-2.289,1.374,0.133,0.155,-0.005,81.9,-43.65,-104.4,1394.0
1787135146.4735258,-9.948,-1.875,0.335,0.837,-0.084,-0.223,81.75,-44.55,-100.5,1397.0
1787135146.473552,-9.546,-1.963,0.134,0.968,-0.125,-0.226,80.4,-43.65,-98.55,1397.0
1787135146.6803806,-9.618,-0.299,1.348,2.117,-0.378,-0.357,78.15,-45.6,-82.65,1442.0
1787135146.6804059,-9.189,-0.165,1.573,2.158,-0.243,-0.366,78.6,-43.65,-79.35,1442.0
1787135146.680417,-9.867,0.041,2.31,2.261,-0.288,-0.341,78.0,-45.75,-77.7,1442.0
1787135146.8841789,-10.08,1.851,3.955,2.568,-0.834,-0.469,71.85,-32.4,-56.25,1537.0
1787135146.8842044,-9.232,2.078,4.207,2.507,-1.063,-0.461,71.7,-31.8,-55.65,1537.0
1787135146.8842158,-8.124,2.727,4.199,2.298,-0.86,-0.462,69.3,-28.95,-52.2,1537.0
1787135147.0885036,-6.924,2.986,7.784,0.171,-0.275,-0.119,66.3,-18.9,-43.35,1110.0
1787135147.0885296,-6.445,2.775,8.028,-0.193,-0.021,-0.064,64.2,-17.85,-43.95,1110.0
1787135147.2939937,-8.461,2.308,6.014,-2.166,0.243,0.456,67.05,-25.8,-48.9,1086.0
1787135147.2940192,-8.775,2.109,5.59,-2.367,0.293,0.451,66.75,-28.35,-49.05,1086.0
1787135147.294031,-8.736,1.896,5.435,-2.55,0.148,0.494,68.25,-30.6,-53.1,1086.0
1787135147.4990478,-7.59,-0.335,2.433,-2.344,0.571,0.443,74.7,-46.65,-75.75,1524.0
1787135147.4990766,-7.975,-0.141,2.035,-2.318,0.686,0.538,71.25,-46.5,-79.2,1524.0
1787135147.499158,-8.035,-0.165,1.788,-2.401,0.672,0.68,75.9,-45.9,-81.6,1524.0
1787135147.7033613,-8.914,-0.972,0.567,-1.472,0.295,0.705,81.0,-45.75,-99.9,1416.0
1787135147.7034404,-9.153,-0.898,0.141,-1.332,0.546,0.752,81.6,-43.95,-100.8,1387.0
1787135147.9085796,-10.831,-1.623,1.355,0.128,0.116,-0.141,85.8,-41.85,-106.8,1373.0
1787135147.9086049,-10.673,-1.482,1.307,0.192,0.173,-0.191,87.45,-42.15,-106.65,1373.0
1787135147.9086168,-10.752,-1.319,1.144,0.22,0.176,-0.228,86.25,-42.6,-108.6,1373.0
1787135148.1147604,-10.47,-0.919,0.994,0.976,-0.267,-0.484,82.5,-45.3,-101.25,1369.0
1787135148.1147864,-10.439,-0.735,0.96,1.037,-0.325,-0.535,84.15,-45.6,-99.3,1369.0
1787135148.1147976,-10.163,-0.788,1.063,1.074,-0.372,-0.589,82.35,-44.85,-98.55,1369.0
1787135148.3185103,-9.318,-0.881,2.095,1.261,-0.173,-0.622,75.9,-47.55,-86.1,1421.0
1787135148.318535,-9.12,-0.802,2.04,1.358,-0.315,-0.608,74.7,-46.95,-85.8,1421.0
1787135148.5242023,-8.495,-0.144,3.122,2.198,-0.076,-0.36,69.0,-41.1,-67.05,1568.0
1787135148.5242279,-8.092,0.441,2.78,2.24,0.028,-0.332,67.95,-40.65,-64.2,1568.0
1787135148.524239,-8.068,0.218,3.048,2.193,0.176,-0.351,68.55,-39.75,-62.55,1568.0
1787135148.7272794,-7.884,1.666,5.485,1.381,0.051,0.014,67.35,-27.45,-51.45,1568.0
1787135148.7273033,-9.167,2.583,7.008,1.021,-0.107,0.078,66.0,-26.85,-50.55,1568.0
1787135148.7273147,-9.043,2.576,7.602,0.647,-0.302,0.114,65.55,-24.75,-48.9,1568.0
1787135148.9315119,-9.694,2.191,6.134,-1.422,0.042,0.256,66.45,-29.55,-50.1,1568.0
1787135148.9315357,-9.414,1.97,5.921,-1.525,-0.128,0.225,65.7,-30.6,-51.6,1568.0
1787135148.931547,-8.93,1.853,5.653,-1.637,-0.184,0.211,65.85,-31.95,-52.2,1568.0
1787135149.1354165,-7.681,0.462,3.467,-2.504,0.16,0.603,68.1,-44.4,-69.45,1616.0
1787135149.1354399,-7.942,0.678,2.931,-2.488,0.405,0.645,69.45,-45.3,-74.1,1616.0
1787135149.343133,-9.488,-0.639,1.142,-1.56,0.136,0.58,77.1,-48.3,-95.55,1437.0
1787135149.3431785,-9.301,-0.752,1.087,-1.485,0.214,0.549,76.35,-49.8,-95.25,1437.0
1787135149.3431854,-8.945,-1.161,0.936,-1.369,0.397,0.515,77.4,-48.3,-99.3,1437.0
1787135149.546577,-10.827,-1.274,1.202,0.074,0.073,0.233,84.75,-44.25,-105.3,1388.0
1787135149.5466025,-10.975,-1.12,1.338,0.129,0.117,0.134,85.05,-43.8,-106.05,1405.0
1787135149.546615,-11.229,-1.142,1.587,0.163,0.074,0.046,82.65,-45.15,-105.6,1405.0
1787135149.7503717,-10.755,-0.929,1.12,0.532,-0.107,-0.309,83.25,-45.75,-105.0,1394.0
1787135149.7503967,-10.781,-0.871,1.018,0.631,-0.303,-0.342,82.5,-45.0,-103.2,1394.0
1787135149.9558425,-9.754,-0.608,0.79,1.698,-0.455,-0.557,79.5,-46.5,-90.3,1398.0
1787135149.9558742,-9.598,-0.555,0.687,1.837,-0.466,-0.615,77.25,-46.95,-87.75,1398.0
1787135149.9559388,-9.455,-0.536,0.824,2.015,-0.429,-0.642,76.35,-46.35,-83.85,1442.0
1787135150.1619794,-8.875,1.482,2.916,2.677,-0.312,-0.617,71.55,-38.25,-61.35,1595.0
1787135150.162165,-8.641,1.949,3.218,2.612,-0.45,-0.658,70.2,-36.9,-58.65,1595.0
1787135150.1621735,-8.605,2.088,3.713,2.516,-0.538,-0.639,68.85,-34.8,-57.0,1595.0
1787135150.365675,-6.864,3.488,8.825,0.874,-0.559,-0.131,64.05,-20.85,-45.9,1204.0
1787135150.3657007,-6.539,3.486,9.242,0.128,-0.123,0.012,63.6,-20.4,-45.6,1204.0
1787135150.5691493,-8.861,1.731,4.98,-2.381,0.586,0.266,67.5,-30.6,-52.35,1140.0
1787135150.569175,-9.184,1.583,4.7,-2.591,0.546,0.244,68.1,-31.95,-53.25,1140.0
1787135150.7765768,-7.865,-0.457,2.995,-2.421,0.001,0.536,70.8,-48.3,-75.3,1542.0
1787135150.7766023,-7.676,-0.548,2.658,-2.267,0.1,0.745,70.2,-47.7,-78.15,1542.0
1787135150.7766144,-7.863,-0.235,1.985,-2.26,0.145,0.835,72.6,-47.85,-80.55,1542.0
1787135150.9806142,-10.305,0.177,1.123,-1.262,0.142,0.981,81.15,-47.55,-97.8,174.0
1787135150.9806404,-10.209,0.338,0.888,-1.274,0.08,0.948,82.5,-48.0,-100.5,174.0
1787135151.1834328,-10.918,-0.816,1.633,0.157,-0.036,-0.054,87.3,-42.6,-106.5,206.0
1787135151.1834583,-10.846,-0.713,1.686,0.203,-0.057,-0.126,87.45,-43.65,-106.2,206.0
1787135151.390419,-9.761,-0.338,0.606,1.094,-0.351,-0.523,85.2,-45.6,-100.35,209.0
1787135151.390444,-9.677,-0.318,0.886,1.269,-0.395,-0.571,84.0,-46.2,-97.2,209.0
1787135151.3904552,-9.452,-0.433,1.348,1.411,-0.404,-0.637,83.7,-45.6,-97.5,209.0
1787135151.5947874,-10.017,0.196,2.066,1.692,-0.556,-0.677,76.95,-47.25,-81.75,1472.0
1787135151.594813,-9.244,0.038,1.707,1.717,-0.644,-0.665,76.65,-46.65,-79.35,1472.0
1787135151.5948246,-8.88,-0.378,1.721,1.802,-0.457,-0.664,74.4,-45.9,-77.25,1472.0
1787135151.8035402,-8.401,1.068,3.098,2.525,-0.749,-0.13,72.15,-36.6,-62.1,1570.0
1787135151.8035648,-8.368,1.834,3.773,2.468,-1.185,-0.037,71.7,-34.95,-57.45,1570.0
1787135151.8035772,-8.535,2.488,4.355,2.257,-1.527,0.027,71.1,-33.6,-56.25,1570.0
1787135152.0077841,-7.187,3.041,9.397,-0.282,0.264,-0.003,62.1,-25.5,-47.4,1570.0
1787135152.00781,-7.132,3.024,9.045,-0.733,0.176,0.12,62.85,-24.75,-48.9,1146.0
1787135152.0078218,-6.905,2.84,8.662,-1.13,0.208,0.247,62.85,-28.2,-47.1,1146.0
1787135152.217706,-7.961,1.532,5.538,-2.447,0.103,0.336,67.35,-39.3,-59.85,1146.0
1787135152.2177312,-7.609,1.616,4.896,-2.593,0.086,0.374,68.25,-39.15,-60.15,1146.0
1787135152.217743,-7.563,1.422,4.537,-2.729,0.219,0.432,68.25,-43.05,-63.0,1146.0
1787135152.4144294,-9.196,0.16,2.727,-1.485,-0.081,0.604,72.9,-47.85,-85.65,1436.0
1787135152.418817,-8.969,-0.065,2.703,-1.476,0.037,0.594,76.35,-49.05,-87.9,1388.0
1787135152.4188435,-9.084,-0.369,2.71,-1.415,0.109,0.569,75.75,-48.9,-88.35,1388.0
1787135152.6191769,-8.739,-1.396,1.946,-0.963,0.761,0.455,78.3,-45.3,-99.45,1492.0
1787135152.6192029,-9.254,-1.271,1.781,-0.873,0.837,0.481,81.6,-47.55,-102.15,1492.0
1787135152.619215,-9.507,-1.439,1.458,-0.853,0.699,0.45,79.8,-46.95,-102.45,1477.0
1787135152.8243515,-10.139,-1.302,2.394,0.659,-0.267,-0.221,83.1,-45.9,-102.6,1419.0
1787135152.8243773,-10.381,-1.334,2.418,0.635,-0.074,-0.277,83.55,-48.45,-102.0,1419.0
1787135152.824389,-10.226,-1.322,2.212,0.642,0.068,-0.335,83.55,-44.55,-101.7,1419.0
1787135153.0285134,-9.007,-1.044,2.722,1.468,-0.45,-0.603,78.9,-48.3,-90.75,1427.0
1787135153.0285428,-8.626,-0.62,2.729,1.369,-0.16,-0.634,77.85,-49.8,-88.95,1427.0
1787135153.2314308,-8.684,0.113,3.986,1.606,-0.621,-0.623,69.6,-45.15,-73.2,1570.0
1787135153.2351875,-8.454,-0.012,4.415,1.689,-0.574,-0.619,69.3,-44.4,-69.45,1570.0
1787135153.2352238,-8.401,0.429,4.307,1.699,-0.494,-0.6,69.0,-44.55,-71.1,1570.0
1787135153.4379756,-7.728,0.572,4.499,1.521,-0.17,-0.309,65.55,-34.8,-56.55,1570.0
1787135153.438189,-7.582,0.922,4.501,1.41,0.038,-0.234,65.85,-33.9,-55.8,1570.0
1787135153.438202,-7.324,0.517,4.853,1.378,0.23,-0.194,66.0,-32.55,-52.35,1570.0
1787135153.6462693,-8.509,2.354,8.104,-0.338,0.298,0.12,65.4,-26.4,-49.35,1570.0
1787135153.646295,-8.784,2.289,7.973,-0.668,0.303,0.137,64.35,-28.95,-47.7,1570.0
1787135153.6463063,-8.72,2.162,7.894,-0.979,0.289,0.126,65.4,-27.9,-49.8,1570.0
1787135153.8491073,-9.177,1.441,4.97,-2.371,0.391,0.019,68.7,-38.85,-58.2,1570.0
1787135153.8491323,-8.471,1.006,4.29,-2.403,0.314,0.078,68.85,-38.25,-61.35,1570.0
1787135153.8491435,-8.468,0.848,3.912,-2.455,0.25,0.13,68.7,-42.6,-62.25,1570.0
1787135154.052641,-8.957,-0.874,1.207,-2.292,0.399,0.386,73.35,-46.35,-86.1,1395.0
1787135154.0526667,-9.098,-1.264,1.118,-2.1,0.284,0.46,74.4,-47.1,-89.7,1395.0
1787135154.0526783,-8.94,-1.314,1.063,-1.894,0.249,0.458,74.1,-47.1,-91.95,1395.0
1787135154.258523,-9.177,-2.234,0.62,-0.819,0.06,0.531,82.05,-43.8,-105.3,290.0
1787135154.2585485,-9.17,-2.076,0.424,-0.747,0.128,0.514,82.05,-41.55,-106.5,290.0
1787135154.461055,-10.788,-1.7,0.783,0.226,-0.055,0.02,85.5,-40.65,-110.1,1068.0
1787135154.4610803,-10.704,-1.815,1.003,0.335,-0.023,-0.084,87.3,-41.55,-108.3,1068.0
1787135154.6674676,-10.659,-1.403,1.032,1.187,-0.461,-0.456,83.25,-45.0,-103.5,1188.0
1787135154.6674933,-10.283,-1.437,1.063,1.373,-0.858,-0.485,82.05,-44.55,-99.15,1188.0
1787135154.6675048,-9.28,-1.006,0.898,1.463,-0.932,-0.535,81.9,-45.9,-98.85,1374.0
1787135154.872316,-10.044,0.347,1.448,2.407,-0.085,-0.659,77.1,-45.15,-78.0,1432.0
1787135155.0803735,-7.338,1.808,4.561,2.661,0.034,-0.939,66.75,-34.95,-56.85,1541.0
1787135155.0803993,-7.357,1.841,4.724,2.486,0.255,-0.76,67.2,-29.85,-53.4,1541.0
1787135155.080411,-7.774,2.296,5.2,2.39,0.176,-0.624,67.05,-29.7,-52.5,1541.0
1787135155.2829707,-7.578,3.448,8.442,0.31,-0.235,0.062,62.85,-15.45,-43.35,1092.0
1787135155.2831995,-7.412,3.393,8.614,-0.202,-0.019,0.116,64.8,-16.5,-43.35,1092.0
1787135155.2832108,-7.448,3.237,8.399,-0.727,0.205,0.134,62.85,-16.95,-42.6,1092.0
1787135155.4862838,-8.497,1.75,4.472,-2.598,0.469,0.312,67.8,-29.7,-51.0,1088.0
1787135155.4863093,-8.813,1.511,4.295,-2.64,0.371,0.309,67.95,-31.8,-50.85,1088.0
1787135155.4863207,-9.313,1.369,4.154,-2.671,0.101,0.377,67.8,-33.15,-54.0,1088.0
1787135155.6913972,-8.588,0.072,2.516,-2.688,-0.069,0.555,71.55,-45.9,-75.0,1532.0
1787135155.691425,-8.162,-0.206,1.98,-2.69,-0.052,0.614,72.45,-46.5,-79.65,1532.0
1787135155.8955243,-9.73,-1.307,-0.117,-1.353,0.306,0.479,81.9,-45.15,-101.55,1334.0
1787135155.8955503,-9.819,-1.82,0.069,-1.151,0.419,0.456,81.3,-43.8,-104.25,1334.0
1787135156.1002386,-10.329,-1.82,1.123,0.254,0.112,-0.032,84.9,-43.95,-106.2,1174.0
1787135156.100265,-10.752,-1.654,0.84,0.284,0.068,-0.073,85.05,-43.5,-107.25,1169.0
1787135156.1002767,-10.93,-1.551,0.759,0.362,-0.056,-0.117,84.3,-43.5,-106.05,1169.0
1787135156.3057375,-10.209,-1.427,0.862,1.277,-0.484,-0.344,84.75,-46.2,-97.2,1158.0
1787135156.3057623,-9.9,-1.243,0.816,1.377,-0.388,-0.367,82.5,-46.5,-95.85,1254.0
1787135156.3090668,-10.032,-1.154,0.97,1.519,-0.36,-0.359,80.85,-45.15,-94.8,1254.0
1787135156.5085206,-9.519,0.697,1.539,2.019,-0.817,-0.598,75.9,-45.6,-75.3,1401.0
1787135156.508546,-8.928,0.35,1.472,2.074,-0.778,-0.657,75.45,-43.8,-75.15,1528.0
1787135156.7149274,-6.73,2.116,5.021,2.913,-0.348,-0.728,68.1,-27.0,-50.7,1528.0
1787135156.7149506,-6.713,2.643,5.564,2.671,-0.067,-0.699,67.8,-24.3,-48.45,1528.0
1787135156.7149627,-7.01,2.44,6.225,2.465,0.13,-0.63,66.75,-21.45,-48.0,1528.0
1787135156.9236732,-8.411,3.282,7.341,-0.297,0.39,0.0,66.6,-15.0,-43.05,1080.0
1787135156.9236996,-8.631,3.266,7.034,-0.647,0.459,0.006,66.6,-16.2,-43.35,1080.0
1787135156.9237113,-8.789,2.983,6.812,-0.978,0.415,0.053,67.5,-14.1,-43.2,1096.0
1787135157.126205,-7.764,2.435,5.904,-2.614,0.312,0.548,67.95,-26.1,-50.55,1144.0
1787135157.126231,-7.987,2.327,5.392,-2.969,0.289,0.582,68.85,-30.9,-53.25,1144.0
1787135157.1262424,-8.016,2.148,4.92,-3.121,0.271,0.654,68.85,-33.15,-55.5,1144.0
1787135157.3299658,-10.57,0.517,0.673,-3.085,0.417,0.626,74.85,-47.55,-84.6,1535.0
1787135157.32999,-10.532,0.084,0.658,-2.796,0.01,0.574,75.75,-47.25,-87.3,1535.0
1787135157.3300018,-9.524,-0.017,0.187,-2.621,0.017,0.613,76.95,-47.7,-93.6,1416.0
1787135157.5345929,-9.991,-2.193,-1.032,-0.908,0.263,0.521,82.65,-42.45,-108.45,1340.0
1787135157.5346196,-10.218,-2.67,-0.848,-0.581,0.28,0.474,84.0,-43.5,-108.3,1340.0
1787135157.5346315,-10.889,-2.646,-0.524,-0.279,0.071,0.442,84.3,-42.3,-110.55,1340.0
1787135157.7415278,-10.353,-1.999,0.28,0.586,0.078,-0.211,82.05,-43.5,-107.25,1340.0
1787135157.741553,-10.542,-1.918,0.304,0.749,-0.089,-0.224,83.1,-43.65,-107.7,1340.0
1787135157.741565,-10.472,-1.64,0.29,0.859,-0.192,-0.239,83.7,-44.85,-106.65,1340.0
1787135157.9436255,-9.323,-0.687,0.929,1.597,-0.313,-0.506,80.85,-45.9,-94.5,1376.0
1787135157.9436505,-9.474,-1.039,1.271,1.647,-0.087,-0.534,81.15,-46.65,-94.2,1376.0
1787135157.943662,-9.572,-0.986,1.453,1.853,0.061,-0.549,79.35,-46.35,-91.2,1376.0
1787135158.1493986,-8.679,0.163,1.458,2.529,-0.027,-0.509,75.0,-43.05,-70.05,1539.0
1787135158.149427,-9.342,0.385,2.215,2.762,-0.243,-0.447,74.1,-43.2,-67.65,1539.0
1787135158.1494386,-8.796,0.73,2.401,2.959,-0.451,-0.409,73.95,-37.65,-64.5,1539.0
1787135158.3515751,-7.793,2.883,7.058,1.568,-0.345,-0.171,68.1,-23.1,-45.6,1101.0
1787135158.3516004,-8.068,2.993,7.506,1.123,-0.286,-0.125,67.05,-21.9,-45.15,1101.0
1787135158.3516126,-7.898,3.067,7.633,0.641,-0.202,-0.084,68.1,-21.6,-45.6,1101.0
1787135158.5590613,-9.697,1.99,5.286,-1.643,0.179,0.046,68.85,-25.05,-47.7,1091.0
1787135158.5590863,-9.902,1.86,5.397,-1.741,0.043,0.014,67.95,-28.35,-50.1,1091.0
1787135158.559098,-9.943,2.069,5.43,-1.906,-0.193,0.01,69.3,-29.25,-50.7,1091.0
1787135158.7630897,-7.949,0.225,3.821,-2.584,-0.366,0.243,66.6,-41.7,-64.65,1091.0
1787135158.763116,-7.482,-0.192,3.436,-2.728,-0.283,0.434,68.25,-44.25,-68.55,1608.0
1787135158.7631273,-7.254,-0.385,3.182,-2.713,-0.053,0.506,69.0,-42.6,-70.35,1608.0
1787135158.96855,-10.422,-0.527,0.014,-2.551,0.585,1.232,77.25,-45.75,-98.7,1465.0
1787135158.968576,-10.563,-0.192,-0.29,-2.505,0.433,1.05,79.5,-46.2,-100.95,298.0
1787135159.1712055,-10.135,-2.124,-0.886,-0.171,-0.17,0.348,85.95,-39.3,-114.3,95.0
1787135159.171232,-9.979,-2.188,-0.649,-0.008,-0.064,0.308,85.65,-39.75,-114.0,80.0
1787135159.3782167,-10.242,-1.094,-0.065,0.918,-0.202,-0.312,84.45,-43.2,-109.2,76.0
1787135159.378241,-9.972,-1.065,-0.17,1.015,-0.089,-0.358,84.45,-42.15,-108.15,76.0
1787135159.378248,-10.154,-1.295,0.122,1.269,-0.07,-0.38,84.3,-42.6,-106.8,76.0
1787135159.582524,-9.706,0.06,1.501,2.416,-0.774,-0.724,78.15,-45.6,-83.85,139.0
1787135159.7864072,-7.757,1.425,2.624,3.043,-0.348,-0.573,70.5,-33.75,-60.15,439.0
1787135159.7864323,-8.15,1.901,3.005,3.022,-0.395,-0.386,70.5,-33.75,-56.85,439.0
1787135159.9923604,-7.824,3.235,9.328,0.525,0.21,-0.196,63.9,-19.5,-47.25,1134.0
1787135159.992385,-7.851,3.127,9.189,0.112,0.238,-0.135,64.8,-18.9,-47.7,1134.0
1787135159.9923966,-7.92,2.981,8.741,-0.314,0.214,-0.049,64.2,-19.5,-45.3,1134.0
1787135160.1969707,-8.686,2.523,5.131,-2.569,0.062,0.536,68.1,-31.2,-52.5,1114.0
1787135160.1971514,-8.037,1.793,4.623,-2.689,0.115,0.607,67.2,-32.55,-53.85,1114.0
1787135160.1971676,-8.059,1.805,4.379,-2.686,0.358,0.653,69.3,-33.15,-57.3,1114.0
1787135160.4010787,-9.55,0.967,1.444,-2.504,0.654,1.245,75.15,-45.6,-79.35,1114.0
1787135160.4011056,-9.974,0.596,1.216,-2.297,0.573,1.004,77.25,-46.95,-81.45,1114.0
1787135160.6075146,-10.204,-0.412,-0.069,-0.925,0.168,0.267,84.45,-45.15,-100.35,184.0
1787135160.6075408,-10.178,-0.797,0.098,-0.764,0.109,0.223,86.25,-43.8,-102.0,184.0
1787135160.6075525,-10.008,-0.788,0.024,-0.65,0.096,0.192,84.3,-45.0,-103.2,184.0
1787135160.8116615,-10.333,-1.458,0.69,0.018,0.098,-0.001,85.2,-43.2,-105.15,190.0
1787135160.8116884,-10.537,-1.511,0.874,0.126,0.081,-0.028,86.25,-43.8,-106.05,190.0
1787135160.8117006,-10.652,-1.348,0.924,0.246,0.015,-0.106,86.7,-42.9,-105.6,190.0
1787135161.0192142,-9.886,-1.034,0.527,1.057,-0.185,-0.505,82.5,-45.0,-95.85,205.0
1787135161.0192356,-9.658,-1.065,0.524,1.242,-0.185,-0.488,81.75,-48.0,-93.9,205.0
1787135161.019242,-9.649,-0.907,0.74,1.439,-0.208,-0.442,81.6,-47.85,-94.2,325.0
1787135161.2215621,-9.129,0.263,1.808,1.744,-0.392,-0.528,75.45,-45.75,-77.4,325.0
1787135161.2215889,-9.064,0.103,1.7,1.816,-0.138,-0.591,75.6,-43.2,-74.55,325.0
1787135161.2216012,-9.491,0.218,1.609,2.009,0.088,-0.579,74.85,-43.95,-72.0,325.0
1787135161.4208627,-7.544,1.451,3.261,2.761,-0.396,-0.351,70.35,-30.45,-53.25,431.0
1787135161.63104,-7.468,3.196,8.768,-0.474,0.576,-0.023,62.55,-18.15,-44.4,1074.0
1787135161.6310651,-8.088,3.187,8.124,-0.82,0.834,-0.042,64.05,-17.4,-44.85,1074.0
1787135161.835835,-8.818,1.858,4.384,-2.667,0.192,0.22,66.75,-33.0,-53.1,1086.0
1787135161.8358736,-8.598,1.326,4.113,-2.724,0.125,0.221,65.85,-35.85,-54.75,1086.0
1787135161.835886,-8.681,1.135,3.862,-2.666,0.073,0.216,66.6,-36.6,-59.1,1086.0
1787135162.040167,-9.278,-0.998,1.901,-2.492,0.333,0.49,70.35,-45.15,-78.0,1539.0
1787135162.0401955,-9.761,-0.757,1.7,-2.31,0.046,0.521,69.45,-46.2,-78.9,1539.0
1787135162.0402076,-9.443,-0.634,1.559,-2.293,-0.263,0.518,69.6,-47.55,-84.15,1539.0
1787135162.244159,-9.151,-1.604,-0.247,-1.377,0.703,0.647,78.6,-45.9,-103.35,1245.0
1787135162.2441843,-9.922,-1.963,-0.397,-1.088,0.58,0.61,77.4,-45.15,-104.85,1245.0
1787135162.244196,-10.953,-2.246,-0.709,-0.825,0.336,0.624,78.3,-45.3,-105.3,1245.0
1787135162.4493911,-11.279,-2.377,1.041,0.129,-0.155,-0.06,79.8,-43.8,-109.35,698.0
1787135162.653672,-9.878,-1.441,0.302,1.645,-0.397,-0.299,77.4,-47.55,-97.5,614.0
1787135162.6536973,-9.629,-1.221,0.567,1.734,-0.524,-0.338,76.2,-48.0,-94.65,614.0
1787135162.6537094,-9.199,-1.216,0.773,1.827,-0.495,-0.386,76.5,-47.7,-93.15,614.0
1787135162.8593643,-9.187,0.407,2.399,2.195,-0.041,-0.325,71.1,-43.95,-70.95,1460.0
1787135162.85939,-9.39,0.749,2.16,2.221,0.019,-0.294,71.55,-41.7,-70.95,1460.0
1787135162.8594012,-9.397,0.74,2.31,2.289,0.097,-0.35,72.15,-41.7,-66.9,1460.0
1787135163.0635428,-8.27,2.102,3.867,2.848,-0.291,-0.672,70.35,-27.0,-50.4,1460.0
1787135163.0636134,-8.638,2.231,4.592,2.757,-0.119,-0.599,69.3,-25.05,-47.4,1460.0
1787135163.2691555,-8.325,3.5,8.243,-0.567,0.075,0.126,65.1,-12.3,-43.05,1084.0
1787135163.2692273,-8.265,3.464,8.162,-0.979,0.168,0.082,63.6,-13.8,-41.85,1087.0
1787135163.2692342,-8.442,3.34,7.824,-1.331,0.351,0.096,65.55,-14.25,-44.4,1087.0
1787135163.4747493,-8.89,2.253,4.118,-3.169,0.037,0.31,66.3,-32.85,-53.7,1095.0
1787135163.474775,-8.794,2.088,3.531,-3.234,-0.037,0.403,66.75,-34.5,-54.15,1095.0
1787135163.4747868,-8.531,1.573,3.189,-3.18,0.071,0.498,69.0,-37.2,-58.2,1095.0
1787135163.6815045,-9.51,-0.421,0.357,-2.341,0.496,0.666,72.15,-48.3,-83.85,1535.0
1787135163.6815298,-9.711,-0.476,-0.22,-2.209,0.411,0.618,72.9,-45.9,-86.7,1408.0
1787135163.6815412,-9.752,-0.917,-0.431,-2.134,0.326,0.623,74.25,-48.0,-91.05,1408.0
1787135163.8836675,-10.295,-2.753,0.067,-0.767,0.219,0.325,79.65,-46.35,-103.65,1351.0
1787135163.8836935,-10.412,-2.602,0.11,-0.644,0.151,0.291,79.65,-44.4,-105.6,1351.0
1787135163.883705,-10.654,-2.701,0.338,-0.533,0.04,0.187,81.15,-45.9,-106.65,1351.0
1787135164.0877204,-10.408,-2.521,1.125,0.081,0.042,-0.17,80.85,-44.85,-105.9,1345.0
1787135164.0877464,-10.396,-2.476,1.061,0.198,-0.035,-0.203,80.85,-45.15,-106.95,1345.0
1787135164.0877578,-9.941,-2.54,0.819,0.31,-0.136,-0.231,78.3,-45.3,-106.05,1335.0
1787135164.2913826,-9.002,-0.431,1.044,2.062,-0.428,-0.251,76.2,-49.2,-90.6,1383.0
1787135164.2914052,-9.165,-0.445,1.528,2.073,-0.342,-0.288,76.2,-47.25,-89.1,1383.0
1787135164.291417,-9.282,-0.438,1.877,2.195,-0.267,-0.315,74.85,-47.1,-84.9,1383.0
1787135164.499187,-10.297,1.659,1.994,2.895,-0.439,-0.669,73.2,-39.15,-62.25,1487.0
1787135164.4992075,-8.799,1.575,2.368,2.945,-0.319,-0.697,71.7,-36.15,-59.7,1487.0
1787135164.4992135,-8.952,1.978,3.079,2.968,-0.191,-0.605,71.55,-34.35,-57.75,1487.0
1787135164.7024243,-8.033,3.673,6.879,1.825,-0.371,-0.23,65.4,-15.15,-44.25,1082.0
1787135164.7024488,-8.121,3.519,7.479,1.317,-0.279,-0.213,65.55,-13.05,-44.1,1082.0
1787135164.7024605,-8.013,3.701,8.195,0.778,-0.157,-0.197,65.7,-12.45,-42.45,1082.0
1787135164.9063962,-8.61,3.27,6.019,-2.533,0.112,0.255,65.85,-21.15,-44.4,1118.0
1787135164.906422,-8.622,3.108,5.528,-2.778,0.224,0.23,64.95,-22.2,-45.75,1118.0
1787135164.9064338,-8.935,2.588,5.131,-2.91,0.233,0.21,65.1,-25.8,-48.9,1118.0
1787135165.114023,-8.787,0.819,2.665,-3.245,0.168,0.334,64.95,-41.85,-64.8,1580.0
1787135165.1140475,-8.897,0.589,2.207,-3.293,0.262,0.302,67.2,-45.0,-71.1,1580.0
1787135165.1140585,-8.686,0.215,1.59,-3.332,0.284,0.279,67.05,-45.15,-72.0,1580.0
1787135165.3162394,-9.404,-2.761,-1.599,-1.785,0.012,0.669,75.15,-46.35,-99.6,1268.0
1787135165.3162637,-9.718,-3.259,-1.544,-1.469,0.104,0.664,75.45,-45.75,-102.45,1268.0
1787135165.3162751,-10.238,-3.328,-1.446,-1.109,0.113,0.648,77.85,-45.6,-102.9,1268.0
1787135165.5217347,-10.683,-2.971,1.185,0.039,-0.109,0.04,80.25,-42.6,-107.55,468.0
1787135165.521761,-10.642,-2.732,1.386,0.047,-0.194,-0.021,79.65,-43.95,-108.9,468.0
1787135165.521773,-10.166,-2.859,1.463,0.079,-0.142,-0.064,80.55,-44.25,-108.6,468.0
1787135165.7256682,-9.89,-2.648,0.855,0.167,0.119,-0.125,78.15,-44.4,-107.7,468.0
1787135165.7256937,-10.123,-2.698,0.524,0.274,0.063,-0.154,79.65,-43.65,-106.95,792.0
1787135165.9311166,-9.172,0.041,0.486,2.807,0.09,-0.22,77.4,-44.85,-78.3,1365.0
1787135165.9311416,-9.754,0.177,1.027,2.843,0.16,-0.286,76.95,-41.55,-76.35,1458.0
1787135165.9311528,-10.616,0.565,1.585,2.939,-0.02,-0.287,75.0,-42.6,-73.35,1458.0
1787135166.1371377,-8.155,3.072,5.126,2.563,-0.288,-0.222,69.45,-17.1,-45.75,1458.0
1787135166.1371722,-8.224,3.179,5.488,2.219,-0.197,-0.115,67.5,-17.1,-45.3,1458.0
1787135166.1371796,-8.59,3.081,6.024,1.68,-0.375,-0.046,69.75,-13.65,-42.45,1458.0
1787135166.3394604,-8.923,2.947,6.778,-1.01,-0.019,-0.04,68.7,-11.4,-43.5,1017.0
1787135166.339486,-9.143,3.206,6.857,-1.31,0.032,-0.021,67.35,-13.05,-42.3,1017.0
1787135166.3394973,-9.333,3.364,6.62,-1.646,-0.034,-0.014,68.7,-15.15,-43.2,1017.0
1787135166.5465522,-8.6,2.021,3.596,-3.192,-0.054,0.13,68.55,-31.95,-53.25,1051.0
1787135166.546578,-8.262,1.104,2.789,-3.188,0.263,0.143,67.05,-36.3,-58.8,1051.0
1787135166.5465891,-9.232,0.821,2.294,-3.169,0.37,0.154,66.6,-35.85,-57.3,1051.0
1787135166.7466393,-9.91,-0.754,0.481,-3.012,-0.009,0.281,71.25,-47.25,-88.35,1466.0
1787135166.750217,-9.764,-0.869,-0.22,-2.972,-0.277,0.422,70.5,-46.5,-91.8,1466.0
1787135166.7502427,-7.898,-1.978,-0.998,-2.847,0.103,0.428,71.25,-45.75,-95.85,1466.0
1787135166.955889,-9.804,-4.573,-0.713,-0.241,0.055,0.244,76.2,-41.85,-109.35,1384.0
1787135166.9559152,-10.163,-4.185,-0.342,-0.061,-0.042,0.209,75.15,-42.15,-109.65,1384.0
1787135167.158307,-9.225,-3.268,0.591,0.214,-0.012,-0.034,75.9,-43.2,-108.9,1411.0
1787135167.1583323,-9.167,-3.211,0.227,0.389,0.123,-0.015,77.25,-44.25,-107.55,1411.0
1787135167.3652122,-10.264,-2.071,0.117,2.053,-0.146,0.005,74.85,-46.35,-95.55,1379.0
1787135167.3652372,-9.864,-1.678,0.299,2.144,-0.395,-0.029,75.9,-47.1,-94.2,1379.0
1787135167.3652487,-9.457,-1.46,0.611,2.228,-0.505,-0.113,75.0,-45.75,-90.3,1379.0
1787135167.5691953,-8.056,2.131,4.175,3.453,-0.509,-0.265,69.6,-30.9,-54.0,1558.0
1787135167.5692213,-7.712,2.646,3.991,3.434,-0.287,-0.276,66.75,-29.85,-52.35,1558.0
1787135167.7712986,-7.793,4.508,7.918,0.069,-0.077,-0.063,65.55,-11.55,-43.65,1075.0
1787135167.978929,-9.017,2.217,4.032,-3.117,0.361,-0.148,67.35,-28.5,-51.45,1051.0
1787135167.9789543,-9.249,1.733,3.725,-3.167,0.235,-0.107,67.05,-32.4,-54.75,1051.0
1787135167.9789662,-9.316,1.341,3.443,-3.066,-0.002,-0.061,67.2,-31.8,-53.85,1051.0
1787135168.184704,-8.746,-0.352,1.305,-2.833,0.336,0.315,69.0,-46.2,-78.15,1051.0
1787135168.1847296,-9.014,-0.824,1.207,-2.797,0.358,0.334,68.55,-45.6,-80.55,1051.0
1787135168.184741,-9.301,-1.128,1.171,-2.611,0.115,0.353,69.6,-46.65,-83.85,1446.0
1787135168.3881176,-9.651,-3.122,-0.124,-1.554,-0.267,0.656,75.6,-43.95,-103.65,1413.0
1787135168.3881466,-9.51,-2.942,-0.113,-1.419,-0.186,0.594,77.1,-44.4,-107.4,1413.0
1787135168.5940654,-10.511,-2.892,0.819,0.241,0.043,-0.118,79.05,-42.6,-112.65,1389.0
1787135168.594091,-10.226,-2.885,1.018,0.276,-0.027,-0.19,79.35,-42.45,-111.75,1400.0
1787135168.7996943,-9.704,-2.794,-0.005,0.942,-0.004,-0.23,77.4,-44.85,-105.9,1410.0
1787135168.7997203,-9.809,-2.693,-0.189,1.137,-0.084,-0.209,78.6,-44.85,-105.6,1410.0
1787135168.7997315,-9.268,-2.607,-0.536,1.217,-0.064,-0.216,76.35,-43.95,-103.65,1372.0
1787135169.0036337,-9.785,-1.077,0.702,2.584,-0.185,-0.176,73.5,-46.5,-85.8,1409.0
1787135169.003659,-9.538,-0.472,0.802,2.642,-0.301,-0.263,74.85,-46.65,-82.35,1409.0
1787135169.2066374,-8.995,2.33,4.719,2.644,0.111,-0.509,69.6,-23.85,-48.15,1469.0
1787135169.2066627,-8.839,2.567,5.042,2.388,0.076,-0.417,70.95,-23.25,-48.3,1469.0
1787135169.2085726,-9.084,2.449,5.42,2.133,-0.021,-0.305,68.85,-21.9,-46.65,1469.0
1787135169.408958,-8.535,2.444,6.737,-0.573,-0.007,0.084,70.5,-14.85,-43.2,1085.0
1787135169.412294,-8.717,2.526,6.488,-0.917,0.135,0.092,70.05,-13.8,-43.65,1085.0
1787135169.4123065,-9.23,2.37,6.34,-1.255,0.112,0.13,70.2,-16.8,-43.5,1085.0
1787135169.618579,-8.487,1.561,3.689,-3.111,-0.092,0.269,68.25,-33.0,-55.65,1060.0
1787135169.6186042,-8.487,1.252,3.309,-3.256,-0.118,0.31,69.3,-35.55,-57.75,1060.0
1787135169.821077,-9.766,-1.417,-0.103,-2.604,0.449,0.335,72.9,-46.35,-88.95,1383.0
1787135169.8211024,-10.305,-1.453,-0.666,-2.397,-0.045,0.415,73.65,-45.6,-93.75,1383.0
1787135170.0278294,-10.082,-3.33,-0.871,-0.313,-0.195,0.414,80.4,-42.15,-109.95,1186.0
1787135170.0278668,-10.113,-3.371,-0.627,-0.173,-0.143,0.33,81.15,-43.2,-108.9,1186.0
1787135170.027879,-10.18,-3.089,-0.292,-0.115,-0.085,0.247,80.25,-40.35,-109.05,1186.0
1787135170.2321262,-9.924,-2.794,0.766,0.219,0.121,-0.195,80.1,-42.45,-108.9,1168.0
1787135170.232158,-9.778,-2.691,0.448,0.277,0.105,-0.18,79.35,-42.45,-106.65,1177.0
1787135170.2321644,-9.847,-2.808,0.093,0.387,0.072,-0.157,80.4,-42.9,-109.2,1177.0
1787135170.43574,-9.613,-2.143,0.271,1.737,-0.208,-0.203,77.25,-45.75,-98.7,1203.0
1787135170.4357653,-9.215,-1.748,0.256,1.817,-0.291,-0.222,77.1,-46.35,-98.85,1333.0
1787135170.6416078,-9.175,0.034,1.937,2.873,-0.404,-0.269,74.7,-43.05,-69.3,1421.0
1787135170.641634,-8.794,1.051,2.303,2.903,-0.355,-0.272,73.95,-40.35,-65.55,1524.0
1787135170.6417058,-8.6,1.025,2.478,2.931,-0.253,-0.275,73.65,-39.3,-64.35,1524.0
1787135170.8468127,-8.813,3.335,6.46,1.101,-0.303,-0.071,70.8,-13.5,-42.3,949.0
1787135170.8468378,-8.423,3.251,6.919,0.672,-0.212,-0.044,70.8,-13.8,-43.05,949.0
1787135170.8469155,-8.531,3.383,6.967,0.312,-0.04,-0.05,70.35,-11.85,-41.85,949.0
1787135171.050728,-9.448,2.861,5.148,-2.034,-0.053,0.165,70.5,-17.55,-45.3,984.0
1787135171.050754,-9.373,2.65,4.934,-2.195,-0.092,0.16,68.1,-20.4,-45.15,984.0
1787135171.2562857,-8.746,0.903,3.112,-3.15,0.005,0.087,69.75,-38.85,-61.95,984.0
1787135171.2563121,-8.6,0.347,2.969,-3.17,0.035,0.052,68.55,-40.2,-64.35,984.0
1787135171.256323,-8.626,0.129,2.746,-3.087,0.009,0.057,68.55,-43.65,-70.2,984.0
1787135171.4601653,-9.158,-3.0,-0.577,-2.11,0.449,0.337,72.75,-46.5,-94.35,1420.0
1787135171.4602034,-9.977,-3.548,-0.579,-1.792,0.49,0.313,72.9,-46.35,-98.1,1420.0
1787135171.4602153,-10.185,-3.637,-0.749,-1.28,0.173,0.29,73.5,-46.95,-100.2,1420.0
1787135171.6701162,-9.579,-3.428,1.202,0.018,-0.103,0.061,74.85,-45.9,-104.85,1401.0
1787135171.6701417,-9.366,-3.318,1.279,0.027,-0.002,0.035,75.15,-45.9,-106.2,1401.0
1787135171.6701531,-9.335,-3.345,1.255,0.038,0.107,0.009,75.0,-45.0,-105.0,1401.0
1787135171.8678708,-9.792,-2.921,0.718,0.717,-0.027,0.021,75.0,-46.95,-101.25,1399.0
1787135171.8678958,-9.989,-2.895,0.819,0.805,-0.084,0.001,75.15,-45.6,-100.35,1399.0
1787135172.0752232,-10.458,-1.709,-0.043,2.159,-0.388,-0.055,73.95,-46.5,-88.8,1423.0
1787135172.0752494,-9.431,-1.377,0.156,2.229,-0.429,-0.11,74.25,-47.25,-84.75,1423.0
1787135172.0752647,-9.27,-1.391,0.62,2.334,-0.261,-0.168,73.2,-47.25,-84.75,1423.0
1787135172.2789092,-9.088,1.645,2.832,3.325,-0.253,-0.441,71.7,-33.0,-57.15,1516.0
1787135172.2789342,-8.497,2.186,3.079,3.262,-0.172,-0.43,69.6,-31.2,-54.75,1516.0
1787135172.2789454,-8.42,2.236,3.598,3.192,-0.09,-0.344,70.35,-26.55,-53.7,1516.0
1787135172.483091,-8.454,3.067,7.398,-0.681,0.484,-0.047,65.4,-12.45,-42.0,1058.0
1787135172.4831192,-8.875,2.976,6.965,-1.155,0.401,-0.003,66.3,-13.5,-42.6,1058.0
1787135172.6905713,-8.813,1.314,4.324,-2.748,-0.148,0.081,68.7,-30.6,-53.1,1086.0
1787135172.6905968,-8.801,1.274,4.099,-2.86,-0.188,0.144,67.05,-31.65,-53.25,1086.0
1787135172.690608,-8.382,0.584,3.864,-2.872,-0.103,0.202,67.95,-34.2,-54.6,1086.0
1787135172.894024,-8.222,-1.032,1.633,-2.6,0.129,0.585,70.05,-47.55,-81.6,1534.0
1787135172.894048,-8.368,-1.039,0.759,-2.624,0.289,0.598,70.35,-46.65,-84.6,1534.0
1787135172.894059,-9.136,-1.01,0.211,-2.528,0.55,0.611,71.85,-46.65,-88.2,1403.0
1787135173.0985868,-10.393,-3.199,-1.085,-0.555,0.01,0.259,79.5,-44.55,-102.45,1251.0
1787135173.0986135,-10.218,-3.261,-0.594,-0.363,0.008,0.223,78.75,-44.25,-104.25,1251.0
1787135173.3016624,-9.831,-2.571,1.255,0.245,0.012,-0.031,79.8,-45.75,-103.5,1166.0
1787135173.3016884,-9.881,-2.514,1.257,0.29,-0.014,-0.02,79.05,-46.5,-103.5,1166.0
1787135173.3035672,-9.895,-2.308,1.111,0.311,-0.014,-0.068,78.3,-45.3,-101.7,1166.0
1787135173.50941,-9.498,-2.389,0.072,1.186,0.081,-0.333,78.0,-45.75,-97.2,1290.0
1787135173.509435,-9.596,-2.253,0.012,1.386,0.152,-0.332,76.65,-45.6,-94.2,1290.0
1787135173.5094464,-9.79,-2.207,0.077,1.593,0.118,-0.314,75.75,-44.55,-92.85,1290.0
1787135173.7135632,-9.766,0.034,1.535,2.953,-0.698,-0.226,74.4,-42.15,-70.95,1468.0
1787135173.7135875,-8.638,0.323,1.829,2.951,-0.796,-0.32,73.35,-40.2,-65.85,1468.0
1787135173.9185154,-8.763,2.284,4.831,2.629,-0.314,-0.229,70.2,-22.5,-47.25,1468.0
1787135173.9185402,-8.468,2.368,5.301,2.499,-0.524,-0.167,69.3,-20.1,-44.85,1468.0
1787135173.9185522,-7.726,2.449,5.404,2.112,-0.305,-0.08,68.1,-18.45,-47.4,1468.0
1787135174.1223056,-9.424,2.873,5.849,-1.835,0.009,-0.031,69.6,-15.45,-43.05,1058.0
1787135174.1223316,-9.404,2.777,5.765,-2.064,-0.063,-0.024,68.1,-16.5,-43.65,1058.0
1787135174.1223428,-9.05,2.648,4.824,-2.524,-0.024,-0.07,68.7,-21.0,-45.0,1058.0
1787135174.3288183,-8.571,0.218,3.098,-3.148,-0.064,0.024,67.05,-36.6,-61.05,1058.0
1787135174.328843,-8.76,-0.182,2.772,-3.172,-0.187,0.067,66.6,-38.25,-65.4,1058.0
1787135174.5310674,-9.615,-3.735,-0.261,-2.279,0.152,0.771,70.95,-47.25,-93.6,1474.0
1787135174.5310926,-9.826,-3.622,-0.378,-1.887,0.042,0.743,72.15,-45.9,-95.55,1474.0
1787135174.738107,-9.515,-3.457,1.12,0.058,-0.068,0.025,76.2,-45.3,-102.0,236.0
1787135174.738132,-9.266,-3.199,1.233,0.156,-0.064,-0.004,74.85,-45.6,-102.15,365.0
1787135174.7381434,-9.009,-3.072,1.305,0.198,-0.012,-0.033,73.5,-45.0,-102.45,365.0
1787135174.943812,-9.385,-2.978,1.118,0.555,0.044,0.042,74.85,-45.6,-98.85,971.0
1787135174.943837,-9.369,-2.971,0.891,0.645,0.093,0.013,74.85,-47.55,-97.8,1008.0
1787135175.146218,-10.511,-1.554,0.093,2.815,0.416,-0.276,73.5,-45.75,-81.45,1208.0
1787135175.1462412,-11.454,-1.317,0.227,3.254,-0.011,-0.351,73.35,-45.6,-79.05,1461.0
1787135175.3529713,-7.98,2.186,2.859,3.208,-0.462,0.02,69.0,-29.55,-52.8,1461.0
1787135175.3532808,-8.952,2.083,3.986,3.092,-0.413,0.047,68.85,-23.1,-49.2,1461.0
1787135175.3532882,-9.234,2.78,4.666,2.99,-0.508,-0.011,69.75,-21.45,-48.0,1086.0
1787135175.5629263,-8.808,3.199,5.995,0.042,0.154,-0.107,67.5,-9.0,-42.0,1052.0
1787135175.562952,-9.005,3.251,5.804,-0.287,0.032,-0.084,68.7,-7.8,-40.65,1052.0
1787135175.5629637,-8.863,2.998,5.526,-0.564,0.038,-0.061,67.5,-7.8,-42.45,917.0
1787135175.7646933,-8.978,1.786,4.276,-2.746,0.097,0.046,67.35,-25.8,-49.65,1051.0
1787135175.7647183,-8.997,1.544,3.812,-2.908,0.007,0.067,66.6,-29.7,-49.65,1051.0
1787135175.7647297,-8.662,1.355,3.199,-3.085,-0.039,0.078,67.8,-31.95,-53.7,1051.0
1787135175.9667032,-8.672,-1.408,1.46,-2.891,0.136,0.192,68.25,-46.95,-79.95,1500.0
1787135175.9667299,-8.782,-1.712,1.235,-2.871,0.146,0.256,67.8,-47.1,-81.3,1500.0
1787135175.9667416,-9.44,-1.824,1.173,-2.856,0.011,0.331,69.6,-48.3,-87.9,1500.0
1787135176.1674776,-9.452,-3.682,-1.583,-1.173,0.155,0.573,74.7,-43.8,-105.75,1227.0
1787135176.1792974,-10.283,-3.924,-1.329,-0.626,0.118,0.425,77.25,-43.5,-106.05,1227.0
1787135176.1793232,-10.436,-3.452,-1.367,-0.321,0.005,0.318,76.95,-43.05,-107.55,1227.0
1787135176.3759716,-9.527,-3.129,1.451,0.299,-0.001,-0.078,77.1,-44.85,-106.65,1222.0
1787135176.3761578,-9.589,-2.993,1.252,0.236,0.073,-0.08,76.5,-42.6,-106.5,1222.0
1787135176.5785954,-9.96,-2.863,-0.804,1.827,0.179,-0.264,76.5,-45.0,-98.4,1300.0
1787135176.578621,-10.549,-2.909,-0.45,2.114,-0.085,-0.256,74.7,-45.3,-95.85,1300.0
1787135176.7855275,-8.435,-0.354,1.76,3.169,-0.22,-0.637,69.3,-40.95,-69.9,1556.0
1787135176.7855527,-8.475,-0.057,2.085,3.298,-0.12,-0.695,68.1,-37.5,-63.9,1556.0
1787135176.7855642,-8.504,0.237,2.339,3.505,-0.034,-0.67,68.7,-36.9,-62.7,1556.0
1787135176.9910963,-7.989,3.371,6.393,2.159,-0.588,0.139,66.0,-14.4,-44.25,1066.0
1787135176.991122,-7.898,3.716,7.606,1.705,-0.446,0.095,64.8,-12.75,-43.35,1066.0
1787135177.1902423,-8.971,2.835,5.873,-1.58,0.229,-0.061,64.65,-14.4,-43.5,1052.0
1787135177.1913233,-9.081,2.749,5.61,-1.771,0.137,-0.056,64.95,-15.9,-44.7,1082.0
1787135177.1952386,-8.792,2.516,5.353,-1.923,0.129,-0.04,65.55,-17.4,-43.65,1082.0
1787135177.401362,-8.566,-0.39,3.182,-2.912,-0.034,0.537,65.55,-43.2,-68.7,1082.0
1787135177.4013877,-8.753,-0.273,2.902,-2.898,0.002,0.521,66.3,-43.95,-73.2,1082.0
1787135177.4013994,-8.325,-0.294,2.672,-3.009,0.029,0.488,67.5,-46.95,-76.95,1513.0
1787135177.6041787,-10.64,-2.492,-1.884,-2.01,0.225,0.648,75.45,-45.0,-100.2,1406.0
1787135177.604207,-10.898,-2.986,-2.143,-1.518,0.268,0.604,75.15,-45.9,-101.1,1406.0
1787135177.6042187,-11.21,-3.579,-2.133,-1.032,0.211,0.435,77.1,-43.95,-103.35,1406.0
1787135177.8191159,-9.457,-3.431,1.355,0.27,-0.062,-0.054,78.0,-46.2,-105.0,1373.0
1787135177.8191416,-9.44,-3.244,1.36,0.353,0.067,-0.073,78.75,-45.75,-103.95,1373.0
1787135177.819153,-9.809,-2.981,1.202,0.424,0.061,-0.101,77.1,-45.15,-103.35,1373.0
1787135178.0152042,-10.087,-2.471,-0.606,1.618,-0.182,-0.194,77.85,-46.65,-96.0,1379.0
1787135178.0152273,-9.285,-2.114,-0.405,1.77,-0.163,-0.22,75.75,-46.95,-93.15,1379.0
1787135178.0152342,-9.115,-2.042,-0.371,1.954,0.002,-0.239,76.95,-47.7,-93.6,1379.0
1787135178.2195768,-9.4,0.816,1.7,2.946,0.139,-0.183,73.95,-40.65,-67.5,1490.0
1787135178.2196023,-9.855,0.594,2.035,3.148,-0.134,-0.247,73.65,-38.55,-64.65,1490.0
1787135178.2196138,-9.773,1.496,2.071,3.126,-0.249,-0.275,72.15,-35.85,-61.35,1490.0
1787135178.4235928,-8.1,3.029,5.643,2.896,-0.759,-0.266,70.35,-16.5,-44.4,1104.0
1787135178.4236631,-7.491,3.357,6.342,2.45,-0.466,-0.228,67.35,-15.45,-43.05,1104.0
1787135178.6284993,-8.569,3.206,6.134,-1.093,0.242,0.019,67.95,-9.75,-41.25,920.0
1787135178.6285865,-8.667,3.23,6.067,-1.284,0.193,0.046,69.75,-12.15,-42.45,920.0
1787135178.6285987,-8.93,3.443,5.878,-1.598,0.086,0.065,67.5,-12.9,-41.25,920.0
1787135178.8344502,-8.82,1.144,3.527,-3.15,-0.015,0.183,69.6,-31.95,-53.7,1075.0
1787135178.8344758,-8.633,0.903,3.247,-3.024,0.139,0.196,68.85,-32.85,-56.25,1075.0
1787135178.8344874,-8.902,1.049,2.761,-2.993,0.309,0.176,68.85,-35.85,-57.75,1075.0
1787135179.0385382,-8.933,-2.241,0.395,-1.568,0.103,0.309,73.35,-47.55,-90.75,1455.0
1787135179.0385635,-8.997,-2.373,0.256,-1.549,0.136,0.32,73.5,-46.5,-91.05,1389.0
1787135179.2435913,-10.101,-3.359,0.309,0.023,0.096,0.012,75.6,-46.35,-100.8,1323.0
1787135179.2436173,-10.254,-3.259,0.69,0.117,0.005,-0.023,75.0,-45.0,-100.5,1314.0
1787135179.243629,-9.972,-3.175,1.369,0.192,-0.061,-0.068,73.65,-46.35,-100.05,1314.0
1787135179.4481876,-9.843,-2.547,1.384,0.491,0.037,-0.162,75.15,-46.65,-96.3,1346.0
1787135179.4482071,-9.644,-2.576,1.183,0.589,0.044,-0.17,75.0,-46.5,-96.15,1346.0
1787135179.4482136,-9.787,-2.468,0.972,0.683,-0.01,-0.172,75.75,-46.95,-94.65,1360.0
1787135179.6515346,-8.799,-1.772,1.221,1.772,-0.201,-0.261,73.65,-46.35,-82.35,1389.0
1787135179.6515586,-9.052,-1.769,1.413,1.878,0.093,-0.266,73.65,-45.15,-80.55,1389.0
1787135179.65157,-9.146,-1.42,1.346,1.917,0.217,-0.303,73.35,-46.65,-79.05,1452.0
1787135179.8601525,-8.035,0.486,3.029,2.729,-0.402,-0.256,69.6,-36.3,-58.5,1452.0
1787135179.860192,-8.284,0.67,3.314,2.704,-0.172,-0.226,69.75,-31.8,-55.65,1452.0
1787135179.8601983,-8.334,0.606,3.608,2.687,-0.131,-0.118,70.2,-31.5,-55.35,1452.0
1787135180.0624638,-9.074,2.899,6.572,1.056,0.219,-0.006,67.5,-16.35,-44.7,1104.0
1787135180.0624883,-9.747,3.261,6.893,0.649,0.09,-0.032,68.55,-13.8,-43.05,1104.0
1787135180.0625002,-9.744,3.038,7.29,0.234,-0.056,-0.073,67.35,-13.8,-41.85,1046.0
1787135180.2670858,-8.413,2.715,5.772,-2.008,-0.043,0.047,67.5,-19.8,-45.75,1080.0
1787135180.2671118,-8.365,2.128,5.167,-2.221,0.081,0.134,68.1,-25.05,-47.7,1080.0
1787135180.267123,-8.296,1.753,4.985,-2.281,-0.043,0.219,66.6,-26.25,-48.45,1080.0
1787135180.471156,-8.866,0.46,3.467,-2.65,0.297,0.463,67.05,-39.75,-62.55,1080.0
1787135180.4711754,-9.498,0.558,3.206,-2.705,0.056,0.49,67.35,-42.15,-64.65,1080.0
1787135180.6721168,-9.251,-3.259,-0.529,-1.15,0.393,0.294,74.85,-47.1,-96.75,1390.0
1787135180.6721416,-9.816,-3.613,-0.601,-0.807,0.204,0.31,76.5,-45.75,-99.15,1390.0
1787135180.6849523,-10.027,-3.498,-0.517,-0.544,-0.061,0.305,74.25,-46.5,-100.2,1390.0
1787135180.8822381,-10.027,-3.443,-0.204,-0.369,-0.231,0.291,77.25,-46.95,-101.7,1390.0
1787135180.882264,-9.835,-3.685,0.251,-0.229,-0.241,0.271,76.5,-46.5,-99.9,1390.0
1787135180.882276,-9.649,-3.601,0.594,-0.113,-0.122,0.238,77.4,-45.9,-101.85,1392.0
1787135181.0899465,-9.984,-2.768,0.785,0.504,0.009,-0.132,75.45,-45.3,-100.2,1373.0
1787135181.0900595,-9.771,-2.842,0.462,0.628,0.081,-0.175,76.65,-45.9,-98.55,1373.0
1787135181.0900772,-9.685,-2.909,0.309,0.816,0.168,-0.19,76.65,-46.35,-98.1,1337.0
1787135181.291552,-9.301,-1.393,2.224,1.906,-0.341,-0.411,72.9,-46.35,-79.05,1477.0
1787135181.2915778,-9.112,-1.211,2.265,2.01,-0.182,-0.428,70.2,-45.3,-75.9,1477.0
1787135181.2915888,-9.256,-1.015,2.416,2.072,-0.092,-0.443,72.15,-43.95,-74.55,1477.0
1787135181.496931,-9.479,-0.302,2.444,2.079,-0.091,-0.462,69.6,-43.95,-70.65,1477.0
1787135181.4969566,-9.33,-0.318,2.677,2.057,-0.155,-0.475,69.6,-43.2,-70.65,1477.0
1787135181.4969683,-9.321,-0.223,2.768,2.089,-0.231,-0.482,70.2,-40.35,-66.75,1466.0
1787135181.6994228,-7.535,1.128,5.528,1.932,-0.368,-0.137,65.55,-24.75,-50.7,1466.0
1787135181.6994474,-7.875,1.592,6.033,1.813,-0.198,-0.134,63.6,-23.85,-48.45,1466.0
1787135181.6994588,-8.157,2.025,6.546,1.515,-0.07,-0.109,63.3,-23.55,-47.1,1466.0
1787135181.905916,-8.768,1.765,5.787,-2.004,0.035,0.068,67.2,-26.1,-49.05,1080.0
1787135181.9059405,-8.672,1.343,5.653,-2.207,0.159,0.045,66.75,-27.9,-49.8,1080.0
1787135181.9059517,-8.808,1.056,5.397,-2.337,0.19,0.014,65.4,-31.5,-52.05,1080.0
1787135182.1099162,-8.298,0.795,4.673,-2.633,-0.176,0.2,66.0,-33.45,-57.15,1080.0
1787135182.10994,-8.179,0.601,4.154,-2.775,-0.291,0.317,65.4,-36.9,-60.15,1080.0
1787135182.1099513,-7.642,0.196,3.809,-2.789,-0.213,0.391,63.9,-37.95,-60.75,1080.0
1787135182.3145344,-7.561,-0.215,3.78,-2.699,0.004,0.44,65.1,-41.25,-65.1,1080.0
1787135182.3145604,-7.262,-0.496,3.405,-2.551,0.204,0.482,65.1,-42.15,-67.2,1080.0
1787135182.517899,-9.603,-2.121,1.422,0.159,0.102,0.004,80.25,-45.75,-101.25,1403.0
1787135182.5179248,-9.881,-2.119,1.197,0.272,0.126,0.002,80.25,-47.25,-99.9,1403.0
1787135182.725656,-9.799,-1.841,0.254,1.24,-0.004,-0.201,79.65,-45.9,-93.0,1398.0
1787135182.7256823,-10.01,-1.662,0.026,1.407,-0.011,-0.198,79.5,-47.25,-92.1,1398.0
1787135182.725694,-10.051,-1.63,0.074,1.575,-0.099,-0.198,78.15,-47.1,-89.7,1398.0
1787135182.9291928,-8.724,0.299,1.729,2.446,-0.111,-0.454,75.75,-41.1,-69.3,1504.0
1787135182.929217,-9.012,0.311,2.066,2.506,-0.051,-0.482,75.15,-40.2,-66.15,1504.0
1787135182.9292285,-9.091,0.69,2.279,2.546,-0.044,-0.464,75.45,-37.65,-63.0,1504.0
1787135183.133571,-8.595,2.184,5.325,2.072,0.012,-0.238,71.85,-23.55,-48.9,1504.0
1787135183.1335957,-8.686,2.401,5.741,1.859,0.125,-0.201,69.75,-22.2,-46.8,1504.0
1787135183.33905,-9.129,2.734,7.032,-0.743,0.111,-0.032,70.2,-17.55,-45.75,443.0
1787135183.3390758,-9.129,2.61,6.883,-1.065,0.097,0.022,70.35,-16.95,-43.35,443.0
1787135183.3390884,-9.299,2.808,6.548,-1.379,0.02,0.026,70.95,-17.85,-46.5,443.0
1787135183.5441155,-8.693,1.776,3.433,-2.848,-0.168,0.192,70.2,-33.45,-57.15,988.0
1787135183.5441408,-8.284,1.338,3.292,-2.964,-0.114,0.214,68.7,-34.5,-57.9,988.0
1787135183.544152,-8.238,1.077,2.916,-3.069,0.064,0.231,69.0,-36.9,-60.45,988.0
1787135183.7481685,-9.967,-1.563,-0.572,-2.233,-0.045,0.548,73.65,-46.35,-85.35,1240.0
1787135183.7481937,-9.632,-1.554,-1.18,-2.203,-0.096,0.61,73.95,-46.2,-89.1,1240.0
1787135183.9541433,-10.056,-2.638,1.331,0.09,0.0,-0.044,80.55,-44.55,-100.5,242.0
1787135183.9541688,-9.924,-2.641,1.554,0.179,0.082,-0.084,79.65,-45.9,-101.1,242.0
1787135183.9541802,-9.917,-2.617,1.568,0.233,0.137,-0.113,79.05,-45.3,-101.25,311.0
1787135184.1581638,-10.417,-2.265,-0.239,1.0,0.151,-0.055,79.8,-46.95,-98.4,284.0
1787135184.158189,-10.185,-1.927,-0.168,1.175,-0.127,-0.057,77.55,-45.75,-93.6,284.0
1787135184.1582005,-9.816,-1.779,-0.019,1.315,-0.278,-0.08,78.15,-47.55,-93.45,401.0
1787135184.36361,-9.467,-0.517,1.607,2.242,-0.275,-0.292,76.2,-43.5,-76.35,1272.0
1787135184.363636,-9.483,-0.062,1.784,2.339,-0.368,-0.263,73.95,-44.25,-72.3,1272.0
1787135184.5667233,-7.942,1.729,3.44,2.55,-0.145,-0.339,72.0,-26.1,-52.8,1437.0
1787135184.566749,-8.167,1.671,3.893,2.532,0.045,-0.357,71.7,-26.4,-51.6,1437.0
1787135184.568425,-8.382,1.935,4.298,2.521,0.063,-0.308,71.85,-23.1,-47.1,1437.0
1787135184.7730713,-8.839,3.002,8.368,-0.208,0.418,-0.204,68.1,-17.4,-43.65,1066.0
1787135184.7730966,-8.933,3.177,8.066,-0.717,0.304,-0.216,68.7,-16.35,-44.7,1066.0
1787135184.7731078,-8.815,2.885,7.527,-1.179,0.218,-0.123,67.5,-16.35,-46.8,1066.0
1787135184.97708,-7.7,1.832,4.954,-2.42,-0.069,0.233,68.55,-30.45,-53.7,1001.0
1787135184.9771082,-7.958,2.236,4.693,-2.648,0.102,0.203,69.6,-32.85,-54.75,1001.0
1787135184.9771194,-7.738,1.956,4.187,-3.229,0.399,0.206,68.85,-35.55,-57.3,1001.0
1787135185.18376,-9.577,-1.41,-0.512,-2.007,0.269,0.425,73.2,-46.5,-81.75,1429.0
1787135185.1837854,-10.216,-1.235,-0.967,-1.695,0.281,0.5,74.25,-48.0,-85.5,1429.0
1787135185.1837976,-10.606,-1.662,-0.898,-1.493,0.08,0.5,73.5,-49.65,-86.25,1429.0
1787135185.3876128,-9.943,-2.715,0.644,-0.184,-0.134,0.284,77.55,-49.2,-94.65,1387.0
1787135185.387638,-9.919,-2.744,1.051,-0.099,-0.153,0.209,79.05,-48.45,-95.1,1387.0
1787135185.3876495,-9.835,-2.507,1.276,-0.093,-0.113,0.155,77.25,-46.95,-95.1,1387.0
1787135185.5920873,-9.85,-2.061,1.015,0.372,0.057,-0.154,77.25,-46.5,-95.1,1391.0
1787135185.5921125,-9.888,-2.179,0.991,0.518,0.026,-0.164,76.2,-47.25,-92.85,1391.0
1787135185.5921242,-9.826,-2.205,1.135,0.664,0.011,-0.18,76.35,-47.55,-92.7,1404.0
1787135185.7961242,-9.45,-0.962,1.477,1.687,-0.148,-0.176,74.7,-46.5,-79.2,1415.0
1787135185.796195,-9.708,-0.836,1.678,1.853,-0.225,-0.167,75.0,-45.3,-74.85,1470.0
1787135186.0015414,-8.765,0.883,4.137,1.982,-0.2,-0.384,70.35,-35.55,-56.25,1470.0
1787135186.001621,-8.914,0.979,4.597,2.033,-0.293,-0.369,69.6,-33.9,-53.7,1470.0
1787135186.0016336,-8.95,1.216,4.793,1.976,-0.432,-0.348,69.45,-31.8,-54.15,1470.0
1787135186.2065783,-7.961,1.741,6.754,0.093,0.127,-0.086,66.6,-21.15,-47.4,1109.0
1787135186.206604,-8.224,1.609,6.687,-0.12,0.176,-0.012,66.6,-22.8,-47.7,1109.0
1787135186.4093356,-8.456,1.623,5.49,-1.638,0.164,0.247,67.5,-29.55,-50.85,1109.0
1787135186.4093611,-8.882,1.571,5.306,-1.814,0.135,0.253,69.6,-32.4,-50.7,1109.0
1787135186.4093726,-9.21,1.214,5.035,-1.882,0.112,0.241,68.25,-32.25,-53.1,1109.0
1787135186.616088,-8.914,-0.12,3.397,-2.185,0.647,0.128,69.3,-42.9,-66.6,1109.0
1787135186.6161163,-9.299,-0.062,3.036,-2.092,0.524,0.132,67.2,-43.05,-68.25,1109.0
1787135186.6161277,-9.431,-0.22,2.835,-2.07,0.175,0.171,69.45,-45.0,-72.3,1539.0
1787135186.8200588,-9.448,-1.058,1.295,-1.664,0.318,0.744,73.2,-47.25,-91.05,1447.0
1787135186.8200843,-9.392,-1.188,0.941,-1.51,0.404,0.728,73.5,-48.45,-92.4,1447.0
1787135186.8201036,-9.831,-0.867,0.297,-1.468,0.579,0.674,77.4,-47.55,-96.3,1414.0
1787135187.025393,-10.484,-2.641,0.409,-0.099,-0.005,0.171,81.75,-45.0,-104.55,1392.0
1787135187.0254176,-10.479,-2.526,0.757,0.073,0.002,0.068,81.3,-45.75,-105.0,1392.0
1787135187.2282379,-10.348,-1.82,-0.218,0.939,0.178,-0.185,81.0,-46.5,-99.15,1388.0
1787135187.228263,-10.578,-1.59,-0.139,1.175,-0.063,-0.186,80.1,-45.9,-96.75,1388.0
1787135187.435044,-8.818,-0.232,2.368,1.932,-0.023,-0.612,73.2,-46.5,-78.9,1496.0
1787135187.4350684,-10.092,0.029,2.392,2.077,-0.278,-0.643,72.9,-45.9,-75.0,1496.0
1787135187.43508,-9.155,0.292,2.2,2.133,-0.553,-0.638,72.9,-44.4,-73.5,1496.0
1787135187.6410558,-7.369,1.827,4.47,2.471,-0.067,-0.373,68.85,-28.95,-51.45,1612.0
1787135187.641081,-7.479,2.011,4.906,2.308,0.112,-0.345,66.75,-29.1,-51.3,1612.0
1787135187.8438933,-8.119,2.483,7.8,-0.461,0.247,-0.036,64.8,-21.15,-45.6,1130.0
1787135187.8439188,-7.966,2.09,7.372,-0.726,0.198,0.044,65.7,-21.0,-48.0,1130.0
1787135188.0604086,-8.353,1.477,5.325,-2.07,-0.139,0.461,67.05,-33.6,-54.75,1130.0
1787135188.0604343,-8.66,1.42,5.461,-2.123,-0.041,0.465,68.1,-33.6,-55.5,1130.0
1787135188.2538962,-8.914,-0.045,1.149,-2.451,0.396,0.458,71.1,-47.1,-80.1,1432.0
1787135188.2540522,-8.909,-0.68,1.025,-2.308,0.521,0.412,73.2,-49.2,-83.7,1432.0
1787135188.254066,-9.306,-1.128,0.709,-2.064,0.657,0.4,73.65,-47.85,-85.65,1432.0
1787135188.4585793,-10.127,-2.186,0.611,-0.661,0.246,0.319,78.3,-45.75,-97.65,342.0
1787135188.4586053,-10.247,-2.454,0.85,-0.579,0.042,0.261,77.1,-46.65,-100.35,342.0
1787135188.6613133,-9.776,-2.241,0.833,0.137,0.339,-0.005,80.4,-45.9,-101.85,310.0
1787135188.6613393,-10.034,-2.2,0.958,0.254,0.317,-0.025,78.3,-46.5,-102.0,238.0
1787135188.6636643,-10.297,-2.121,0.972,0.301,0.139,-0.032,79.05,-45.75,-101.25,238.0
1787135188.8697586,-9.103,-1.137,1.032,1.329,0.015,-0.256,76.95,-47.7,-90.3,304.0
1787135188.8697836,-9.378,-1.166,0.807,1.434,0.061,-0.218,76.95,-47.7,-90.3,304.0
1787135188.8697948,-10.051,-1.01,0.941,1.608,-0.092,-0.253,76.35,-45.6,-86.4,304.0
1787135189.0738258,-7.743,0.158,2.696,1.952,-0.398,-0.342,72.15,-40.2,-68.4,1522.0
1787135189.0738506,-7.786,0.096,2.897,1.925,-0.125,-0.239,72.45,-41.1,-65.25,1522.0
1787135189.2790816,-7.834,1.7,6.687,0.784,0.177,0.038,69.0,-27.9,-52.8,1522.0
1787135189.2791064,-8.794,2.014,6.634,0.589,0.281,0.067,68.85,-28.95,-50.4,1522.0
1787135189.2791183,-9.167,2.143,6.515,0.372,0.142,0.095,68.85,-28.95,-50.4,1522.0
1787135189.4830492,-9.414,1.97,6.227,-1.174,-0.096,-0.076,69.0,-30.3,-52.05,1522.0
1787135189.4830747,-8.969,1.832,6.134,-1.393,-0.081,-0.075,68.25,-31.05,-53.1,1522.0
1787135189.4830859,-8.638,1.441,5.717,-1.573,0.032,-0.055,68.25,-32.55,-53.85,1522.0
1787135189.6916823,-8.255,-0.211,3.438,-1.902,0.17,0.122,69.75,-43.05,-69.3,1522.0
1787135189.6917074,-8.868,-0.12,3.239,-1.812,0.213,0.161,70.2,-43.8,-70.05,1522.0
1787135189.6917188,-9.29,-0.323,3.156,-1.754,-0.003,0.098,68.7,-45.75,-72.3,1522.0
1787135189.8913662,-8.432,-1.539,1.841,-1.617,0.344,0.19,70.8,-47.55,-85.35,1403.0
1787135189.8913906,-8.636,-1.86,1.729,-1.582,0.161,0.258,72.15,-48.6,-86.7,1403.0
1787135190.0982835,-9.761,-3.182,1.346,-0.372,0.095,0.1,73.5,-46.95,-99.9,1127.0
1787135190.098309,-10.171,-3.117,1.362,-0.291,0.081,0.083,74.1,-47.85,-100.35,1127.0
1787135190.098321,-10.147,-3.079,1.458,-0.209,-0.001,0.068,74.4,-47.85,-99.6,1127.0
1787135190.3031507,-8.93,-3.012,0.919,0.59,-0.022,0.004,75.45,-45.75,-99.45,682.0
1787135190.5060806,-10.142,-0.373,1.616,2.392,0.417,-0.351,73.2,-45.75,-76.35,1341.0
1787135190.506106,-10.671,0.129,1.425,2.492,0.337,-0.364,74.4,-44.85,-72.0,1341.0
1787135190.7130861,-8.622,2.14,5.669,2.32,-0.714,-0.212,68.85,-26.25,-50.7,1514.0
1787135190.713112,-8.349,2.595,6.249,1.725,-0.927,-0.205,66.0,-24.45,-47.55,1120.0
1787135190.7131233,-7.233,2.591,7.192,1.237,-0.686,-0.15,66.0,-24.45,-47.55,1120.0
1787135190.9176338,-8.406,2.076,5.966,-0.972,0.138,0.161,65.55,-21.9,-47.4,1086.0
1787135190.917658,-8.473,2.097,5.796,-1.099,0.14,0.189,68.25,-20.25,-47.55,1119.0
1787135191.1208885,-9.515,1.073,4.458,-2.23,0.337,0.431,68.55,-35.1,-57.0,1119.0
1787135191.1209126,-9.639,0.974,4.156,-2.284,-0.047,0.455,70.05,-35.55,-57.3,1119.0
1787135191.3242197,-9.294,0.244,0.649,-2.421,1.53,0.312,75.9,-45.15,-80.1,1494.0
1787135191.3242452,-9.725,0.405,-0.079,-2.57,1.665,0.426,76.2,-47.7,-81.75,1494.0
1787135191.32612,-10.673,-0.201,-0.905,-2.443,1.481,0.477,80.1,-47.1,-87.15,1047.0
1787135191.531955,-9.534,-2.521,-1.001,-0.301,-0.161,0.258,83.55,-45.3,-99.9,222.0
1787135191.5321548,-9.565,-1.999,-0.56,-0.222,-0.332,0.285,80.4,-44.85,-100.05,222.0
1787135191.5321636,-9.517,-1.958,-0.464,-0.249,-0.383,0.253,81.9,-46.65,-99.6,181.0
1787135191.7361326,-10.195,-1.724,0.678,0.205,-0.283,0.009,82.65,-43.95,-100.35,168.0
1787135191.7361586,-9.979,-1.776,0.785,0.33,-0.156,-0.067,82.35,-45.15,-98.1,168.0
1787135191.9410825,-9.855,-1.113,1.037,0.939,-0.358,-0.196,82.35,-45.15,-93.45,170.0
1787135191.9411063,-9.687,-1.154,1.116,1.049,-0.243,-0.17,80.85,-46.65,-92.7,170.0
1787135191.9411197,-9.661,-1.094,0.96,1.125,-0.167,-0.131,81.0,-46.2,-91.8,170.0
1787135192.1459613,-9.941,0.132,1.755,1.985,-0.121,-0.392,78.15,-40.95,-68.4,200.0
1787135192.1461627,-9.886,0.022,2.38,2.15,-0.435,-0.423,78.75,-41.55,-68.25,200.0
1787135192.1461804,-9.644,0.448,2.49,2.155,-0.76,-0.468,75.9,-40.2,-63.9,200.0
1787135192.3504987,-9.069,2.152,5.827,1.396,-0.01,-0.037,68.25,-29.85,-51.6,200.0
1787135192.3505242,-9.012,2.1,6.079,0.955,-0.302,0.001,70.05,-27.45,-50.4,200.0
1787135192.5536118,-9.455,1.42,5.784,-1.286,0.112,0.037,69.45,-30.3,-52.35,200.0
1787135192.553638,-9.313,1.465,5.337,-1.392,0.051,0.057,70.95,-33.0,-52.8,200.0
1787135192.7603266,-8.423,0.163,3.347,-2.413,0.044,0.352,70.05,-43.65,-70.95,1117.0
1787135192.7603517,-7.894,0.177,2.832,-2.357,0.255,0.4,71.25,-43.05,-73.65,1117.0
1787135192.760363,-7.647,-0.201,2.555,-2.337,0.549,0.464,72.6,-45.6,-77.25,1117.0
1787135192.9641573,-10.06,-0.86,-0.182,-1.306,0.518,0.714,79.5,-46.2,-95.1,202.0
1787135192.9642146,-10.757,-1.03,-0.06,-1.089,0.263,0.684,79.05,-46.95,-95.1,105.0
1787135192.9642217,-10.652,-0.883,0.077,-0.957,-0.01,0.662,80.55,-45.75,-96.9,105.0
1787135193.1694834,-10.709,-1.724,1.42,0.117,-0.338,0.14,84.15,-46.35,-98.85,72.0
1787135193.1695092,-10.429,-1.539,1.525,0.06,-0.31,0.038,84.45,-44.4,-100.35,58.0
1787135193.3741598,-10.032,-1.14,0.9,0.997,-0.017,-0.306,82.8,-45.75,-95.1,56.0
1787135193.3741853,-10.192,-0.917,0.816,1.121,-0.122,-0.333,81.75,-46.5,-92.1,74.0
1787135193.3741972,-10.001,-0.903,1.006,1.244,-0.156,-0.387,81.3,-46.2,-91.35,74.0
1787135193.579633,-8.562,-0.479,2.727,1.629,-0.333,-0.813,74.1,-43.65,-76.05,155.0
1787135193.579658,-8.404,-0.572,2.873,1.652,-0.053,-0.764,74.1,-44.85,-75.3,218.0
1787135193.579669,-8.677,-0.589,2.763,1.713,0.099,-0.683,73.95,-43.5,-73.35,218.0
1787135193.783584,-8.485,1.082,5.725,1.042,-0.109,-0.182,69.45,-32.55,-53.4,227.0
1787135193.7836092,-8.315,1.144,6.304,0.819,0.125,-0.173,70.8,-31.2,-54.45,227.0
1787135193.9886196,-9.258,0.946,5.902,-1.1,0.154,0.202,70.05,-31.65,-54.75,227.0
1787135193.9886446,-9.299,0.792,5.839,-1.189,0.055,0.206,69.45,-32.55,-54.15,227.0
1787135193.988703,-9.402,0.919,5.693,-1.331,-0.095,0.201,70.5,-34.2,-55.35,227.0
1787135194.1945484,-9.294,0.122,2.722,-1.96,-0.126,0.26,71.7,-43.8,-67.8,142.0
1787135194.1945739,-8.835,-0.022,2.212,-2.137,-0.183,0.311,72.75,-44.25,-69.3,142.0
1787135194.1945856,-8.495,-0.632,2.119,-2.135,0.089,0.338,72.45,-43.5,-71.85,142.0
1787135194.3972545,-9.258,-1.437,0.86,-0.952,0.429,0.513,76.35,-45.9,-89.4,147.0
1787135194.3972797,-9.086,-1.216,0.532,-0.954,0.499,0.568,78.0,-47.25,-91.35,147.0
1787135194.6040704,-10.281,-1.614,-0.754,-0.04,0.105,0.461,83.25,-45.3,-95.1,92.0
1787135194.604096,-10.573,-1.518,-0.464,0.097,-0.05,0.406,82.05,-46.95,-94.65,89.0
1787135194.6041074,-10.937,-1.614,0.244,0.219,-0.097,0.322,83.4,-45.15,-96.0,89.0
1787135194.8083303,-10.805,-0.742,1.159,1.162,-0.577,-0.424,81.75,-46.95,-85.8,99.0
1787135194.8083553,-10.223,-0.546,1.12,1.246,-0.647,-0.448,80.4,-44.85,-84.9,99.0
1787135194.8083665,-9.828,-0.39,1.52,1.363,-0.565,-0.419,81.3,-46.5,-82.2,99.0
1787135195.0129952,-8.617,-0.17,2.576,2.006,-0.068,-0.606,73.95,-41.1,-68.25,138.0
1787135195.0130184,-8.368,-0.036,2.533,2.037,-0.144,-0.606,72.9,-41.25,-67.65,138.0
1787135195.2155945,-9.038,1.788,5.578,1.369,0.129,-0.205,70.35,-28.95,-51.75,138.0
1787135195.21562,-8.674,1.571,6.045,1.133,0.002,-0.109,70.95,-27.15,-50.55,138.0
1787135195.422545,-8.018,2.035,4.987,-2.282,-0.12,0.503,70.8,-32.85,-55.05,138.0
1787135195.4225693,-8.349,1.978,4.652,-2.379,-0.032,0.533,69.75,-33.75,-56.1,138.0
1787135195.4225812,-8.425,1.781,4.348,-2.4,0.021,0.559,70.8,-36.6,-58.5,138.0
1787135195.6266255,-9.594,-0.148,0.764,-2.225,0.602,0.455,76.95,-46.5,-84.0,179.0
1787135195.6266499,-9.536,-0.697,0.615,-2.208,0.49,0.462,78.0,-46.5,-85.5,134.0
1787135195.6266613,-9.361,-1.255,0.457,-2.031,0.465,0.466,78.9,-47.1,-88.65,134.0
1787135195.8340805,-8.775,-1.403,0.048,-0.65,0.548,0.633,82.35,-47.1,-100.35,134.0
1787135195.834107,-11.016,-1.063,0.103,-0.451,0.455,0.597,84.0,-43.8,-100.5,134.0
1787135195.8341181,-11.353,-1.065,0.244,-0.348,0.027,0.476,83.7,-45.6,-101.85,88.0
1787135196.0339744,-10.681,-1.099,1.279,0.256,0.102,-0.152,87.15,-44.85,-100.8,84.0
1787135196.0339985,-10.594,-1.03,1.334,0.308,0.004,-0.185,85.05,-45.75,-102.75,84.0
1787135196.241565,-9.752,-0.376,0.84,1.244,-0.204,-0.364,82.05,-46.5,-93.9,117.0
1787135196.2415893,-9.847,-0.362,0.979,1.355,-0.244,-0.406,81.3,-47.25,-92.1,117.0
1787135196.2416008,-9.886,-0.251,1.087,1.467,-0.256,-0.435,81.15,-44.85,-87.9,117.0
1787135196.4459932,-8.789,0.148,2.806,1.832,-0.173,-0.452,77.25,-43.05,-72.3,151.0
1787135196.446019,-8.894,0.433,3.036,1.817,-0.193,-0.419,76.95,-42.3,-72.3,151.0
1787135196.6515853,-8.835,1.355,5.614,0.971,-0.09,-0.052,72.45,-32.25,-58.2,67.0
1787135196.651611,-8.959,1.171,5.904,0.722,-0.103,-0.044,72.75,-34.5,-56.85,67.0
1787135196.651624,-9.246,1.369,6.045,0.506,-0.154,0.005,72.0,-34.2,-57.15,67.0
1787135196.856899,-9.776,0.986,4.331,-0.946,-0.081,0.029,72.15,-34.35,-58.8,70.0
1787135196.8569224,-9.448,0.771,4.271,-0.966,-0.095,0.005,74.1,-35.1,-58.8,70.0
1787135196.8569338,-9.416,0.68,4.389,-0.996,-0.056,-0.001,71.7,-35.7,-59.7,70.0
1787135197.061086,-8.502,-0.29,3.634,-1.401,-0.391,0.1,73.65,-44.85,-72.0,67.0
1787135197.2666054,-8.368,-0.532,3.977,-1.429,-0.089,0.29,71.85,-44.85,-75.3,171.0
1787135197.266631,-8.437,-0.462,4.125,-1.357,0.022,0.36,74.25,-47.25,-75.6,171.0
1787135197.2666423,-8.648,-0.378,4.173,-1.338,0.018,0.458,72.6,-47.1,-78.3,171.0
1787135197.4667165,-9.072,0.069,4.171,-1.424,-0.16,0.502,72.6,-48.3,-78.6,171.0
1787135197.470073,-9.026,0.292,3.515,-1.552,-0.313,0.511,73.95,-48.0,-81.0,171.0
1787135197.4700973,-8.495,-0.002,3.381,-1.572,-0.197,0.537,74.85,-47.55,-82.65,328.0
1787135197.6740859,-10.25,-2.179,0.287,0.134,0.039,-0.001,82.8,-43.05,-111.3,87.0
1787135197.6741111,-10.278,-2.162,0.769,0.303,-0.042,-0.037,82.5,-41.55,-111.9,87.0
1787135197.8816764,-10.4,-2.131,1.403,0.402,-0.194,-0.089,82.35,-41.7,-112.2,106.0
1787135197.8817022,-10.127,-1.863,1.815,0.398,-0.29,-0.122,83.4,-43.95,-109.95,106.0
1787135197.8817136,-9.651,-1.944,2.152,0.339,-0.209,-0.142,83.4,-41.7,-110.25,106.0
1787135198.0852327,-9.254,-1.954,2.203,0.289,-0.002,-0.123,82.8,-43.05,-109.35,106.0
1787135198.0852578,-9.337,-1.925,1.741,0.268,0.199,-0.13,82.8,-43.05,-109.35,106.0
1787135198.0852692,-9.658,-1.932,1.307,0.283,0.354,-0.114,82.65,-43.65,-108.45,146.0
1787135198.2903984,-9.529,1.86,2.897,3.406,-0.268,-0.739,72.45,-35.25,-60.75,249.0
1787135198.290424,-8.775,2.241,3.187,3.267,-0.078,-0.764,73.2,-32.25,-58.2,249.0
1787135198.4930437,-8.65,2.246,5.535,2.922,-0.304,-0.628,71.55,-30.15,-53.7,249.0
1787135198.4930685,-8.018,2.646,6.079,2.544,-0.553,-0.522,70.5,-28.35,-50.85,249.0
1787135198.6990955,-8.756,-0.132,0.376,-2.648,-0.271,0.646,74.7,-49.2,-85.05,1470.0
1787135198.6991205,-8.104,-0.718,0.239,-2.607,0.136,0.628,76.5,-45.75,-88.8,1470.0
1787135198.6991324,-9.057,-0.972,0.17,-2.332,0.743,0.679,77.55,-46.95,-92.1,1470.0
1787135198.9044454,-10.312,-0.766,-0.029,-1.951,0.832,0.644,78.6,-45.6,-95.55,1470.0
1787135198.9044743,-10.716,-0.187,-0.445,-1.758,0.392,0.612,81.15,-46.65,-97.8,1470.0
1787135198.9044857,-10.475,0.132,-0.639,-1.762,-0.121,0.593,79.35,-46.35,-100.8,132.0
1787135199.1071465,-9.993,-0.551,-0.618,-1.666,-0.112,0.523,81.0,-45.0,-101.25,132.0
1787135199.1071725,-9.618,-0.704,-0.663,-1.421,0.021,0.449,80.55,-45.0,-103.95,132.0
1787135199.107184,-9.809,-1.034,-0.855,-1.106,0.233,0.455,84.0,-42.6,-105.75,132.0
1787135199.3144588,-9.718,-1.267,0.864,1.727,-0.432,-0.64,79.35,-47.1,-92.7,139.0
1787135199.3144841,-9.608,-1.013,0.939,1.939,-0.73,-0.64,79.05,-48.0,-92.4,173.0
1787135199.3144956,-9.436,-0.613,1.336,2.099,-0.985,-0.652,78.9,-46.65,-89.4,173.0
1787135199.5181396,-8.741,-0.326,1.611,2.166,-1.103,-0.703,76.65,-46.65,-87.45,173.0
1787135199.5181656,-8.408,-0.182,1.942,2.166,-1.072,-0.729,73.95,-45.3,-82.5,173.0
1787135199.518177,-7.511,-0.285,2.337,2.181,-0.833,-0.656,74.7,-46.2,-81.75,173.0
1787135199.723627,-7.331,0.072,2.545,2.17,-0.547,-0.568,73.65,-44.4,-73.95,216.0
1787135199.7236524,-7.714,0.505,3.16,2.247,-0.293,-0.475,71.1,-42.9,-70.95,216.0
1787135199.9285538,-7.946,1.324,6.354,-1.893,0.285,0.122,67.35,-37.05,-59.55,266.0
1787135199.9285786,-7.606,1.161,5.945,-2.042,0.61,0.138,68.1,-36.6,-58.5,266.0
1787135199.9285898,-8.219,0.998,5.602,-2.122,0.728,0.142,70.8,-37.8,-61.8,266.0
1787135200.1302092,-8.689,0.977,5.198,-2.255,0.537,0.123,69.75,-39.6,-64.2,266.0
1787135200.3379884,-7.496,0.244,3.314,-2.919,0.071,0.275,71.55,-45.15,-72.75,324.0
1787135200.3381684,-7.254,-0.132,2.765,-2.866,0.541,0.329,70.95,-45.3,-75.9,324.0
1787135200.5406635,-10.628,-1.707,1.341,0.167,0.098,-0.065,84.15,-42.9,-103.65,90.0
1787135200.5406897,-10.594,-1.664,1.626,0.218,-0.023,-0.153,84.9,-43.95,-104.1,90.0
1787135200.7480829,-9.843,-1.475,1.693,0.205,-0.085,-0.202,83.7,-43.95,-102.6,90.0
1787135200.74811,-9.644,-1.496,1.645,0.189,0.035,-0.206,83.1,-45.15,-102.6,104.0
1787135200.7481215,-9.57,-1.405,1.635,0.2,0.12,-0.197,83.55,-44.55,-101.25,104.0
1787135200.9521642,-9.632,-1.393,1.623,0.247,0.106,-0.2,82.8,-45.3,-101.7,104.0
1787135200.9521923,-9.548,-1.338,1.587,0.278,-0.017,-0.193,83.25,-45.75,-101.7,104.0
1787135200.9521987,-9.313,-1.329,1.559,0.289,-0.158,-0.15,83.25,-46.5,-100.95,104.0
1787135201.1591265,-10.159,0.024,1.314,2.559,-0.617,-0.524,79.8,-42.3,-76.95,189.0
1787135201.1591527,-9.184,0.177,1.913,2.712,-0.792,-0.583,78.9,-41.25,-70.2,189.0
1787135201.3616962,-9.139,0.354,2.334,2.812,-0.661,-0.68,77.55,-37.65,-66.0,189.0
1787135201.3617218,-8.734,0.491,2.569,2.904,-0.504,-0.735,77.55,-37.65,-66.0,189.0
1787135201.3617332,-8.432,0.747,3.05,2.94,-0.35,-0.756,75.45,-35.25,-61.5,189.0
1787135201.567645,-8.411,0.864,3.373,2.891,-0.227,-0.768,75.45,-35.25,-61.5,189.0
1787135201.567671,-8.286,0.936,3.824,2.761,-0.253,-0.653,73.35,-30.15,-55.8,189.0
1787135201.5676818,-8.437,1.405,4.647,2.668,-0.445,-0.594,73.35,-30.15,-55.8,189.0
1787135201.7706847,-9.258,0.594,2.619,-2.642,0.232,0.233,75.0,-43.8,-72.6,120.0
1787135201.77071,-8.904,0.297,2.569,-2.504,-0.122,0.236,75.15,-46.35,-75.75,120.0
1787135201.9765294,-8.078,0.39,2.085,-2.534,-0.225,0.467,75.15,-45.6,-76.8,120.0
1787135201.9765556,-7.288,0.503,1.295,-2.642,0.198,0.6,75.15,-45.15,-80.85,120.0
1787135201.9766152,-7.424,0.326,0.529,-2.685,0.696,0.551,77.1,-45.9,-84.6,207.0
1787135202.18006,-10.235,-0.649,0.493,-2.495,0.619,0.521,78.0,-46.5,-84.75,207.0
1787135202.1800857,-10.721,-0.795,-0.129,-2.126,0.152,0.534,79.65,-47.85,-89.4,207.0
1787135202.1800976,-9.646,-0.651,-0.448,-1.804,-0.149,0.616,78.0,-46.5,-91.35,207.0
1787135202.3886921,-10.417,-1.48,0.491,0.602,-0.299,-0.293,82.65,-44.4,-99.6,109.0
1787135202.3887172,-10.027,-1.671,0.39,0.723,-0.419,-0.321,82.05,-45.75,-96.9,109.0
1787135202.3887286,-9.629,-1.676,0.357,0.867,-0.395,-0.345,82.8,-45.0,-97.95,118.0
1787135202.588278,-9.833,-1.815,0.596,1.111,-0.311,-0.347,81.6,-45.15,-95.55,118.0
1787135202.5883038,-10.429,-1.475,0.702,1.33,-0.461,-0.376,80.85,-46.35,-94.2,118.0
1787135202.7952147,-6.819,1.709,6.543,1.327,0.567,-0.193,65.4,-29.55,-50.85,1090.0
1787135202.795253,-7.937,1.63,6.694,1.092,0.731,-0.143,67.05,-28.5,-50.4,1090.0
1787135202.795264,-8.715,1.937,6.946,0.906,0.698,-0.054,66.0,-26.4,-49.8,1090.0
1787135203.000517,-9.23,1.879,6.795,-1.222,0.363,-0.006,68.25,-28.35,-49.8,1090.0
1787135203.0005412,-9.098,1.791,6.426,-1.48,0.228,0.037,67.8,-28.2,-49.95,1090.0
1787135203.2036252,-8.586,0.141,3.876,-2.252,-0.157,0.261,67.8,-40.95,-65.4,141.0
1787135203.2036505,-8.308,0.259,3.417,-2.394,-0.372,0.283,68.1,-40.5,-67.65,141.0
1787135203.4101036,-9.787,-2.033,1.211,-1.602,0.774,0.569,73.95,-48.0,-92.85,129.0
1787135203.4101386,-10.12,-1.805,0.735,-1.593,0.357,0.55,74.1,-48.6,-94.5,129.0
1787135203.4101455,-9.637,-2.483,0.658,-1.552,0.104,0.529,75.0,-47.7,-97.65,129.0
1787135203.6144793,-10.252,-2.397,1.173,0.239,0.181,0.055,79.8,-45.0,-102.45,139.0
1787135203.614505,-10.283,-2.433,1.111,0.337,0.208,-0.008,78.9,-45.9,-101.55,139.0
1787135203.614516,-10.642,-2.31,1.085,0.436,0.114,-0.071,80.55,-45.75,-100.95,139.0
1787135203.8182347,-10.372,-1.674,0.457,1.536,-0.17,-0.35,77.4,-47.85,-92.7,133.0
1787135203.8182602,-10.276,-1.549,0.498,1.675,-0.267,-0.42,77.55,-47.7,-92.4,133.0
1787135204.0234084,-8.727,1.063,2.409,2.751,-0.215,-0.639,73.2,-38.85,-64.2,134.0
1787135204.2294927,-7.685,2.789,7.223,1.412,-0.01,-0.23,65.85,-18.9,-45.9,1118.0
1787135204.229519,-8.021,2.753,7.894,1.013,-0.001,-0.156,66.75,-18.3,-45.0,1118.0
1787135204.2295306,-8.289,3.045,8.124,0.523,-0.096,-0.075,66.6,-17.7,-45.6,1118.0
1787135204.4336123,-9.479,1.762,4.942,-1.69,0.122,0.153,68.25,-21.45,-46.8,1088.0
1787135204.4336383,-9.294,1.717,4.549,-1.826,-0.1,0.2,69.3,-23.1,-49.95,1088.0
1787135204.6388602,-7.989,0.692,4.056,-2.455,-0.172,0.569,69.3,-39.75,-63.9,115.0
1787135204.6388867,-8.145,0.611,3.496,-2.567,0.169,0.594,69.3,-39.75,-65.4,94.0
1787135204.6389103,-8.617,0.254,3.084,-2.569,0.401,0.579,70.2,-41.85,-68.55,94.0
1787135204.843249,-10.683,-2.813,-1.609,-1.373,0.162,0.52,77.1,-45.6,-91.2,197.0
1787135204.843275,-10.376,-3.129,-1.642,-0.98,0.063,0.412,77.25,-45.75,-91.8,133.0
1787135204.8432865,-10.369,-3.069,-1.403,-0.425,0.152,0.225,78.6,-45.6,-93.45,133.0
1787135205.046639,-9.44,-1.659,4.29,0.171,0.114,-0.072,78.3,-46.5,-89.1,139.0
1787135205.046665,-9.766,-1.326,4.729,-0.029,0.014,-0.084,76.5,-46.5,-88.05,164.0
1787135205.0466766,-9.546,-1.061,5.112,-0.222,-0.102,-0.077,77.55,-48.0,-89.55,164.0
1787135205.2540793,-8.562,-0.558,6.407,-2.182,-0.437,0.181,74.25,-48.0,-101.7,81.0
1787135205.2541049,-8.454,-0.972,5.629,-2.329,-0.078,0.315,76.5,-44.55,-105.3,81.0
1787135205.254116,-8.921,-0.807,4.966,-2.377,0.068,0.428,77.55,-45.75,-107.25,81.0
1787135205.4581463,-8.811,0.294,2.09,-2.981,0.197,0.616,82.65,-31.65,-125.4,46.0
1787135205.4581769,-9.258,0.962,1.417,-3.1,0.072,0.684,83.4,-27.75,-127.2,46.0
1787135205.458183,-8.861,0.893,0.522,-3.102,0.153,0.844,85.65,-25.05,-131.25,46.0
1787135205.6636257,-9.22,-1.887,-2.571,-1.738,-0.248,0.425,90.9,-3.0,-136.05,46.0
1787135205.663651,-10.07,-1.949,-2.679,-1.385,0.138,0.393,91.8,-2.85,-136.2,46.0
1787135205.86609,-10.499,-2.653,-3.122,0.968,0.046,-0.187,95.4,-0.75,-138.3,43.0
1787135205.8661158,-10.415,-2.246,-2.938,1.203,0.125,-0.273,93.15,-0.75,-136.5,43.0
1787135206.072687,-9.555,-0.134,-0.697,2.57,-0.097,-0.603,91.65,-17.7,-129.45,41.0
1787135206.0727124,-9.299,-0.034,-0.512,2.562,0.019,-0.619,88.8,-20.25,-130.35,41.0
1787135206.0727243,-10.297,-0.828,0.505,2.739,-0.018,-0.566,90.3,-23.7,-127.5,41.0
1787135206.2764037,-8.42,0.869,3.457,3.203,0.024,-0.565,81.3,-42.6,-105.0,47.0
1787135206.27643,-7.997,1.302,3.357,3.0,0.294,-0.543,81.75,-43.05,-105.75,47.0
1787135206.2764416,-8.32,1.12,3.95,2.988,0.321,-0.504,80.4,-44.4,-99.6,47.0
1787135206.4806707,-8.248,1.97,6.687,1.546,-0.211,-0.249,75.0,-45.75,-75.9,107.0
1787135206.4806967,-7.937,1.513,6.883,1.122,0.039,-0.193,76.2,-43.05,-74.1,107.0
1787135206.6866028,-9.852,0.694,5.751,-0.777,0.073,0.04,77.25,-44.25,-74.1,73.0
1787135206.686629,-9.498,0.749,5.76,-1.001,-0.235,0.048,77.4,-44.85,-74.55,73.0
1787135206.6866405,-9.275,0.804,5.78,-1.195,-0.314,0.068,76.2,-43.8,-75.6,73.0
1787135206.8919587,-9.428,1.389,3.486,-2.769,-0.375,0.476,79.65,-45.6,-101.85,57.0
1787135206.891984,-9.194,1.082,3.443,-2.882,-0.592,0.599,80.4,-42.9,-105.15,57.0
1787135206.891995,-8.131,0.709,3.316,-2.861,-0.314,0.719,82.8,-40.65,-108.6,58.0
1787135207.0987551,-10.029,-0.16,0.012,-2.914,0.471,0.635,88.8,-22.95,-127.8,49.0
1787135207.0987804,-10.678,-0.639,-0.287,-2.786,0.345,0.543,92.1,-18.75,-129.3,49.0
1787135207.098792,-10.635,-1.176,-0.512,-2.587,-0.014,0.468,90.6,-15.9,-129.6,33.0
1787135207.3019156,-9.764,-2.392,-2.109,-0.747,-0.141,0.335,95.7,-1.8,-132.45,18.0
1787135207.3019419,-10.317,-3.029,-1.712,-0.525,-0.05,0.326,94.95,-0.75,-131.25,18.0
1787135207.3019543,-10.58,-3.055,-1.599,-0.285,-0.063,0.227,95.4,0.3,-133.5,34.0
1787135207.5056648,-10.309,-2.468,-1.211,0.578,0.304,-0.135,94.8,-0.45,-133.65,31.0
1787135207.5056908,-10.329,-2.526,-1.262,0.77,0.316,-0.181,95.1,-2.85,-134.85,31.0
1787135207.5057027,-10.439,-2.222,-1.262,0.974,0.297,-0.223,96.3,-2.1,-133.65,31.0
1787135207.7137997,-9.84,-0.512,-0.038,2.176,-0.193,-0.493,93.9,-16.2,-129.45,21.0
1787135207.713825,-9.498,-0.67,0.318,2.256,-0.165,-0.524,92.4,-17.4,-127.65,21.0
1787135207.7138362,-9.51,-0.745,0.68,2.435,-0.094,-0.513,91.8,-20.55,-127.8,21.0
1787135207.913619,-9.512,0.716,3.089,2.98,-0.282,-0.627,85.05,-39.6,-108.6,28.0
1787135207.9136443,-8.894,0.781,3.247,2.881,-0.296,-0.631,84.3,-41.1,-106.5,28.0
1787135208.1205156,-7.652,1.341,7.161,1.568,0.063,-0.632,76.2,-46.5,-82.95,68.0
1787135208.1205423,-8.14,0.761,8.234,1.332,0.383,-0.507,76.35,-45.9,-82.35,68.0
1787135208.1205537,-8.511,0.809,8.543,1.044,0.437,-0.441,75.9,-46.35,-80.55,68.0
1787135208.3241522,-9.06,0.795,7.441,-1.76,0.134,0.509,75.45,-45.3,-84.0,59.0
1787135208.3241768,-9.127,0.63,6.929,-1.981,-0.087,0.506,77.25,-46.2,-87.0,59.0
1787135208.3241882,-8.777,0.788,6.347,-2.161,-0.074,0.588,77.25,-47.25,-89.1,59.0
1787135208.536137,-9.517,0.204,1.015,-2.832,0.067,0.018,86.55,-31.8,-122.25,48.0
1787135208.5361633,-8.54,-0.352,0.57,-2.791,0.215,0.189,85.65,-30.15,-121.65,35.0
1787135208.7351394,-9.785,-0.539,-0.711,-2.089,-0.444,0.331,91.65,-6.9,-131.25,28.0
1787135208.735164,-10.01,-0.812,-1.283,-2.053,-0.713,0.378,92.1,-5.1,-132.15,44.0
1787135208.7351751,-8.863,-0.725,-1.882,-1.799,-0.381,0.679,93.15,-1.5,-132.45,44.0
1787135208.9395688,-10.932,-2.394,-1.372,0.125,0.049,-0.058,96.3,4.05,-134.4,38.0
1787135208.939594,-10.606,-2.265,-1.211,0.1,-0.07,-0.132,93.6,3.6,-134.4,38.0
1787135209.1430817,-10.082,-1.528,-1.329,1.179,0.079,-0.288,95.55,-2.1,-132.6,32.0
1787135209.1431043,-10.376,-1.547,-1.049,1.457,-0.027,-0.359,93.9,-2.25,-133.2,40.0
1787135209.3467216,-9.522,-0.326,0.194,2.361,-0.26,-0.457,93.15,-18.15,-127.65,43.0
1787135209.3467476,-9.45,-0.275,0.553,2.394,-0.372,-0.556,91.95,-20.85,-126.15,43.0
1787135209.348589,-9.167,-0.539,1.35,2.576,-0.343,-0.519,92.4,-22.8,-125.7,38.0
1787135209.5549326,-9.014,0.692,3.232,3.182,-0.198,-0.44,84.3,-42.6,-99.9,42.0
1787135209.5549583,-8.794,0.778,3.421,3.201,-0.285,-0.486,83.55,-41.1,-100.2,42.0
1787135209.5549698,-8.133,1.255,3.237,3.014,-0.074,-0.415,83.1,-43.65,-93.75,48.0
1787135209.758618,-8.547,1.946,6.218,2.206,-0.22,-0.344,78.15,-45.15,-76.5,41.0
1787135209.758643,-8.638,1.69,6.735,1.938,-0.183,-0.268,79.35,-43.95,-73.5,41.0
1787135209.9641445,-9.426,1.894,6.371,-1.92,0.439,0.237,77.1,-45.15,-73.95,60.0
1787135209.9642274,-9.639,1.98,5.995,-2.161,0.216,0.228,79.35,-43.2,-76.05,60.0
1787135209.9642394,-9.464,1.7,5.672,-2.394,-0.006,0.194,79.05,-43.8,-78.45,53.0
1787135210.1680684,-8.624,0.237,2.531,-3.004,-0.243,0.601,83.7,-38.25,-112.2,26.0
1787135210.1680946,-7.788,0.026,2.224,-2.953,0.352,0.798,86.4,-34.35,-116.55,26.0
1787135210.1681063,-8.507,-0.06,2.016,-2.84,0.798,0.871,86.25,-33.45,-117.15,26.0
1787135210.371338,-9.201,-0.187,-0.563,-2.296,-0.184,0.564,91.35,-9.75,-130.05,8.0
1787135210.3713646,-8.504,-0.318,-0.843,-2.238,-0.191,0.821,93.9,-9.15,-130.2,8.0
1787135210.371377,-9.064,-1.164,-1.202,-1.938,0.062,1.054,94.2,-5.4,-131.7,8.0
1787135210.576167,-11.159,-0.613,-1.504,-0.486,0.112,0.332,96.3,5.55,-132.9,12.0
1787135210.5761936,-11.669,-0.678,-1.298,-0.435,-0.026,0.202,97.35,5.1,-131.4,12.0
1787135210.7827725,-11.073,-0.472,-1.132,0.769,-0.125,-0.438,97.8,4.8,-132.15,27.0
1787135210.7827985,-10.786,-0.548,-1.07,0.976,-0.012,-0.483,97.35,2.4,-132.15,27.0
1787135210.7828104,-10.884,-0.347,-1.089,1.153,0.113,-0.548,96.45,1.05,-132.45,27.0
1787135210.986877,-9.416,-0.704,0.259,2.303,-0.051,-0.893,94.65,-14.55,-127.95,13.0
1787135210.986904,-9.471,0.048,0.266,2.41,-0.065,-0.832,92.1,-16.35,-127.8,13.0
1787135210.9869106,-9.064,-0.352,0.479,2.508,-0.127,-0.922,93.6,-19.05,-124.5,13.0
1787135211.194096,-7.987,0.29,2.631,3.422,-0.112,-0.495,87.0,-37.2,-106.5,31.0
1787135211.194122,-7.934,0.704,2.875,3.511,-0.009,-0.424,85.5,-39.9,-102.0,31.0
1787135211.1941335,-8.507,1.341,3.232,3.522,0.003,-0.42,84.45,-42.15,-100.05,31.0
1787135211.3964107,-8.978,1.717,6.888,1.471,0.144,-0.428,78.15,-42.9,-77.25,32.0
1787135211.3964355,-8.732,1.214,7.077,1.265,0.415,-0.409,79.35,-43.2,-75.0,41.0
1787135211.3964467,-9.153,1.08,7.295,1.1,0.416,-0.404,78.75,-42.6,-72.6,41.0
1787135211.6015365,-8.993,0.345,4.506,-0.505,0.063,0.052,78.0,-43.8,-74.1,29.0
1787135211.601562,-9.136,0.342,4.396,-0.585,-0.136,0.06,78.75,-42.3,-72.6,46.0
1787135211.6015737,-9.026,0.206,4.513,-0.664,-0.236,0.084,78.6,-43.65,-73.5,46.0
1787135211.8058975,-9.78,0.663,5.073,-2.709,-0.51,0.119,78.9,-45.6,-95.25,72.0
1787135211.805923,-8.607,0.627,4.733,-2.847,-0.392,0.238,79.8,-44.55,-97.95,72.0
1787135212.0110114,-9.953,-0.213,1.444,-3.177,-0.722,0.291,83.7,-27.75,-123.15,30.0
1787135212.0110352,-9.093,-0.036,1.302,-3.315,-0.991,0.351,87.3,-23.7,-126.3,30.0
1787135212.0110464,-8.332,-0.611,1.125,-3.174,-0.621,0.525,87.3,-23.7,-128.55,30.0
1787135212.2168102,-10.862,-1.044,-1.726,-1.892,0.117,0.606,95.4,2.7,-133.2,21.0
1787135212.2168357,-10.738,-0.555,-2.284,-1.794,-0.327,0.478,95.4,5.7,-130.2,21.0
1787135212.2168472,-10.116,-1.733,-2.284,-1.463,-0.325,0.359,95.55,6.75,-131.85,21.0
1787135212.4204595,-10.544,-2.83,-2.593,0.048,-0.044,-0.132,97.8,11.7,-130.35,25.0
1787135212.420486,-9.969,-2.938,-2.212,0.192,0.083,-0.127,98.25,12.75,-131.25,25.0
1787135212.626081,-9.771,-1.901,-1.408,1.359,0.2,-0.16,97.05,7.05,-131.4,23.0
1787135212.626105,-9.68,-1.549,-1.314,1.545,0.14,-0.2,94.65,3.75,-130.95,23.0
1787135212.6261165,-10.001,-1.573,-1.027,1.725,-0.004,-0.252,95.7,2.7,-132.0,23.0
1787135212.8305843,-9.349,-0.611,1.31,2.541,0.049,-0.314,91.05,-17.1,-127.05,25.0
1787135212.830609,-9.668,-0.706,1.496,2.634,0.051,-0.316,92.1,-21.0,-125.25,25.0
1787135212.8306208,-9.591,-0.508,1.769,2.673,-0.021,-0.358,91.35,-22.2,-124.8,25.0
1787135213.0346243,-9.069,-0.39,3.203,2.42,-0.189,-0.144,87.0,-40.35,-107.25,37.0
1787135213.0346496,-8.478,0.304,3.132,2.482,-0.162,-0.159,85.65,-41.7,-104.85,37.0
1787135213.034661,-8.464,0.443,3.223,2.455,0.012,-0.218,86.7,-40.95,-102.6,37.0
1787135213.2415576,-9.596,1.199,5.899,1.416,-0.02,-0.222,82.05,-43.8,-83.7,34.0
1787135213.2415822,-9.685,0.967,6.024,1.122,-0.132,-0.212,82.65,-44.4,-80.85,34.0
1787135213.2415938,-9.39,0.91,6.096,0.842,-0.129,-0.22,80.55,-45.75,-79.65,34.0
1787135213.4456084,-8.55,0.989,5.933,-0.971,-0.243,-0.047,79.5,-43.5,-79.95,43.0
1787135213.4456344,-8.495,0.939,5.95,-1.201,-0.116,0.053,79.65,-45.6,-80.85,36.0
1787135213.4456458,-8.99,1.12,6.184,-1.409,-0.052,0.072,79.35,-45.9,-81.6,36.0
1787135213.6612241,-8.167,1.137,5.21,-3.095,0.561,0.462,81.9,-43.65,-103.35,20.0
1787135213.6612499,-9.701,0.977,4.745,-3.049,0.203,0.24,82.35,-42.45,-103.65,20.0
1787135213.6612618,-9.622,0.821,3.618,-3.247,-0.348,0.138,80.55,-40.65,-107.85,26.0
1787135213.8536134,-8.758,0.117,0.587,-3.686,0.265,0.966,89.85,-17.1,-128.85,29.0
1787135213.853639,-9.359,0.057,-0.256,-3.461,0.466,1.006,92.1,-14.4,-130.35,29.0
1787135214.05915,-10.276,-2.045,-3.172,-1.032,-0.076,0.338,96.45,8.85,-132.0,15.0
1787135214.0591745,-10.228,-2.145,-3.053,-0.691,-0.014,0.286,96.45,11.1,-132.0,15.0
1787135214.0591862,-10.542,-1.508,-3.072,-0.475,0.048,0.194,96.45,11.85,-132.45,23.0
1787135214.2646544,-10.123,-2.152,-2.04,0.599,-0.016,-0.111,94.35,10.95,-132.15,18.0
1787135214.2646832,-9.972,-1.839,-1.872,0.876,0.077,-0.137,95.55,9.0,-132.15,25.0
1787135214.4683354,-9.464,-1.374,-0.745,1.82,-0.002,-0.354,94.8,-0.45,-131.4,18.0
1787135214.4683602,-9.505,-1.271,-0.381,1.938,0.044,-0.293,94.05,-4.8,-131.1,18.0
1787135214.6768,-9.464,0.053,1.671,2.505,-0.284,-0.32,91.05,-25.65,-121.2,25.0
1787135214.6768255,-9.598,-0.144,2.081,2.555,-0.36,-0.367,90.15,-26.25,-119.85,25.0
1787135214.6768374,-9.373,0.074,2.267,2.609,-0.338,-0.402,90.45,-29.25,-116.55,25.0
1787135214.8746412,-8.926,0.819,5.708,2.133,-0.417,-0.453,85.65,-43.2,-97.5,12.0
1787135214.8787382,-8.619,1.001,6.007,1.86,-0.222,-0.391,84.75,-44.55,-95.1,12.0
1787135214.8787632,-8.586,0.283,6.668,1.655,0.014,-0.332,83.7,-43.65,-92.25,12.0
1787135215.0846982,-8.456,0.122,6.586,-0.957,0.182,0.279,82.35,-43.65,-90.15,22.0
1787135215.0847244,-8.677,0.488,6.335,-1.169,0.112,0.275,82.8,-45.75,-91.8,22.0
1787135215.2918453,-7.937,0.132,3.338,-2.405,0.344,0.496,87.45,-36.6,-110.7,25.0
1787135215.2918813,-8.459,0.043,3.093,-2.371,0.588,0.586,86.4,-35.1,-112.95,25.0
1787135215.2918928,-9.182,-0.048,2.851,-2.409,0.46,0.537,87.45,-34.8,-115.05,25.0
1787135215.4942517,-8.768,-1.087,1.717,-2.254,-0.4,0.716,93.3,-18.75,-126.75,13.0
1787135215.4942772,-8.76,-0.548,1.223,-2.17,-0.238,0.916,93.3,-13.65,-128.85,13.0
1787135215.4942887,-9.117,0.045,0.596,-2.16,-0.028,1.1,94.05,-12.15,-127.05,13.0
1787135215.698621,-10.57,-0.764,-1.135,-0.905,0.236,0.622,100.35,6.3,-130.35,20.0
1787135215.6986482,-11.011,-0.639,-1.233,-0.693,0.015,0.415,99.75,4.5,-129.45,12.0
1787135215.9048116,-10.3,-1.35,-0.103,0.246,0.19,-0.115,98.85,6.75,-129.3,18.0
1787135215.904837,-10.369,-1.271,-0.134,0.399,0.179,-0.135,99.6,7.05,-129.6,14.0
1787135215.9048483,-10.276,-1.087,-0.146,0.545,0.028,-0.208,99.45,5.7,-129.15,14.0
1787135216.1075847,-10.539,-0.299,-0.084,1.138,0.01,-0.38,96.3,2.1,-131.4,26.0
1787135216.1076107,-10.403,-0.218,-0.134,1.248,-0.048,-0.493,99.3,0.15,-131.1,26.0
1787135216.107622,-10.209,-0.371,-0.007,1.411,-0.029,-0.586,96.75,-0.75,-130.95,26.0
1787135216.3120775,-9.481,0.302,1.542,2.744,-0.228,-0.717,93.45,-24.75,-119.55,16.0
1787135216.3121035,-9.282,-0.141,1.642,2.851,-0.11,-0.67,90.9,-28.2,-118.05,21.0
1787135216.312115,-9.527,0.065,1.903,2.932,-0.048,-0.652,89.85,-31.05,-116.7,21.0
1787135216.5161438,-8.631,1.075,2.945,3.102,-0.08,-0.383,85.65,-42.45,-94.5,28.0
1787135216.5161686,-8.887,0.622,3.235,3.251,-0.197,-0.389,87.15,-44.4,-93.45,28.0
1787135216.7233753,-8.291,1.853,7.626,-0.733,0.42,0.023,79.65,-41.25,-71.7,29.0
1787135216.7234004,-8.873,1.803,7.355,-1.066,0.358,0.065,80.4,-43.95,-71.7,29.0
1787135216.723412,-9.122,1.834,6.436,-1.339,0.218,0.1,79.35,-43.2,-73.2,29.0
1787135216.92649,-8.784,1.082,4.082,-2.343,0.049,0.284,83.25,-45.75,-91.8,39.0
1787135216.9265153,-9.172,0.864,4.082,-2.408,0.077,0.257,81.75,-44.25,-93.6,39.0
1787135216.926527,-9.697,0.778,4.063,-2.474,-0.113,0.227,84.0,-46.2,-99.15,39.0
1787135217.1311278,-9.237,-0.158,1.987,-2.978,-0.399,0.349,87.45,-32.4,-119.55,29.0
1787135217.1311536,-8.399,-0.215,2.121,-2.94,-0.495,0.424,88.8,-29.1,-121.5,29.0
1787135217.3366318,-10.621,0.113,0.292,-2.427,-0.015,0.542,95.4,-5.4,-130.2,18.0
1787135217.3366587,-10.647,-0.371,0.043,-2.26,0.134,0.462,95.55,0.45,-130.8,18.0
1787135217.33667,-10.57,-0.594,-0.476,-1.999,0.308,0.342,95.7,0.3,-131.7,18.0
1787135217.542442,-9.766,-2.516,-1.958,-0.302,-0.121,-0.034,96.0,13.05,-129.75,21.0
1787135217.5424669,-9.859,-2.734,-1.731,-0.129,-0.149,-0.034,98.25,12.75,-130.5,21.0
1787135217.744419,-9.957,-1.978,-1.183,0.581,0.1,-0.132,96.3,11.4,-130.05,18.0
1787135217.744445,-9.946,-1.939,-1.068,0.672,0.073,-0.122,97.95,9.15,-130.95,18.0
1787135217.7444568,-9.701,-1.592,-1.037,0.727,0.101,-0.151,97.05,9.45,-131.85,18.0
1787135217.9510157,-9.577,-1.8,-0.105,1.971,0.212,-0.215,95.85,-0.9,-130.05,12.0
1787135217.951041,-9.452,-1.472,0.017,2.124,0.094,-0.177,95.85,-4.05,-128.85,12.0
1787135217.9510522,-9.713,-1.276,0.132,2.213,-0.047,-0.264,94.95,-7.65,-129.15,12.0
1787135218.1550536,-9.699,-0.287,1.274,2.921,-0.335,-0.541,91.2,-26.55,-120.3,14.0
1787135218.1550765,-8.677,0.148,1.326,2.896,-0.25,-0.586,92.55,-26.55,-120.3,14.0
1787135218.1550882,-8.66,-0.17,1.63,2.944,-0.004,-0.479,90.45,-31.2,-116.25,14.0
1787135218.3591886,-8.073,1.528,7.587,1.463,-0.242,-0.323,82.05,-45.3,-82.5,42.0
1787135218.359212,-7.872,1.365,7.697,1.06,0.16,-0.221,81.15,-45.9,-79.35,34.0
1787135218.5636067,-8.825,0.857,5.782,-0.83,0.136,0.1,81.0,-45.3,-80.4,37.0
1787135218.563632,-9.055,0.991,5.811,-1.051,0.122,0.168,82.8,-45.3,-81.0,37.0
1787135218.7716193,-9.072,0.457,5.32,-2.674,0.079,0.228,82.35,-42.15,-99.6,62.0
1787135218.7716434,-9.201,0.613,5.033,-2.857,-0.049,0.3,84.3,-43.8,-100.5,62.0
1787135218.7716553,-8.61,0.757,3.982,-3.067,-0.068,0.335,83.7,-41.25,-105.15,62.0
1787135218.974837,-8.612,-0.089,1.401,-3.275,0.951,0.969,88.95,-20.85,-125.7,29.0
1787135218.9748714,-10.281,0.45,0.934,-3.098,0.471,0.739,88.8,-17.1,-126.75,29.0
1787135218.974883,-11.54,0.754,0.632,-3.113,-0.244,0.529,90.45,-15.75,-130.2,29.0
1787135219.1786158,-10.048,-1.25,-1.666,-1.538,-0.234,0.48,96.75,6.9,-132.75,24.0
1787135219.1786423,-10.163,-1.228,-1.815,-1.282,-0.122,0.471,97.8,9.0,-131.85,24.0
1787135219.3812401,-9.869,-1.937,-2.128,0.167,-0.117,-0.027,98.1,14.85,-130.8,11.0
1787135219.3812637,-9.694,-1.798,-1.935,0.394,0.022,0.002,98.25,14.55,-130.5,11.0
1787135219.3835557,-9.931,-1.681,-1.844,0.565,0.122,0.053,97.35,13.65,-131.1,11.0
1787135219.5890498,-10.489,-0.95,-0.342,1.492,-0.057,-0.267,97.5,4.5,-130.5,23.0
1787135219.5890756,-10.118,-1.022,-0.06,1.61,-0.063,-0.284,97.5,3.45,-130.95,23.0
1787135219.5890872,-10.192,-0.661,-0.005,1.78,-0.02,-0.342,96.6,2.4,-131.1,23.0
1787135219.7920582,-9.333,0.175,1.621,2.455,-0.254,-0.664,94.35,-16.35,-127.5,18.0
1787135219.792084,-9.009,0.318,1.599,2.424,-0.059,-0.612,93.45,-20.85,-124.35,18.0
1787135219.7920952,-8.947,-0.01,1.923,2.497,0.063,-0.583,93.45,-20.85,-124.35,18.0
1787135219.9991913,-8.712,0.752,4.233,2.542,0.079,-0.313,87.15,-44.4,-97.8,31.0
1787135219.9992168,-8.588,0.958,4.293,2.508,0.169,-0.277,85.5,-43.8,-95.1,45.0
1787135219.9992282,-9.22,1.367,4.537,2.348,0.018,-0.293,86.4,-43.2,-91.95,45.0
1787135220.204384,-9.196,0.929,5.727,0.571,-0.135,-0.066,83.25,-43.8,-78.45,31.0
1787135220.2044098,-9.05,1.018,5.605,0.397,-0.055,0.003,82.8,-42.3,-76.95,36.0
1787135220.204422,-8.914,0.991,5.459,0.258,0.127,0.023,82.05,-41.55,-77.7,36.0
1787135220.4086792,-9.673,0.948,4.657,-0.985,0.022,0.007,82.65,-43.65,-82.05,54.0
1787135220.408705,-9.998,0.644,4.982,-1.11,-0.09,-0.007,82.65,-44.4,-81.6,42.0
1787135220.611154,-8.459,0.055,4.243,-2.421,-0.221,0.13,80.55,-45.3,-100.2,34.0
1787135220.6111798,-8.449,0.309,4.202,-2.53,-0.218,0.153,81.9,-43.95,-104.4,28.0
1787135220.8181937,-9.431,0.218,3.196,-2.641,0.355,0.685,85.65,-33.9,-117.75,59.0
1787135220.8182137,-9.629,0.103,2.952,-2.629,0.146,0.632,85.2,-31.2,-122.1,59.0
1787135220.8182204,-9.778,-0.012,2.698,-2.56,-0.122,0.611,87.15,-30.15,-123.15,59.0
1787135221.023626,-10.285,-0.215,-0.594,-1.846,0.001,0.93,97.2,-1.5,-131.25,15.0
1787135221.0236514,-10.903,-0.005,-0.9,-1.636,-0.123,0.72,97.95,0.75,-130.2,15.0
1787135221.226141,-10.712,-1.635,-1.027,-0.438,-0.15,0.148,99.45,9.6,-132.0,14.0
1787135221.2261672,-10.554,-1.662,-1.039,-0.297,-0.067,0.119,100.95,11.85,-132.45,14.0
1787135221.4329743,-10.783,-0.208,-0.788,1.172,-0.126,-0.215,97.8,7.5,-131.85,26.0
1787135221.433169,-10.453,-0.215,-0.575,1.256,-0.272,-0.304,98.7,5.4,-130.5,26.0
1787135221.4331772,-10.104,-0.266,-0.445,1.366,-0.234,-0.344,99.3,4.35,-130.8,28.0
1787135221.6363332,-8.375,-0.201,2.598,2.319,-0.012,-0.831,95.7,-20.85,-124.35,22.0
1787135221.6363597,-8.976,-0.163,2.617,2.272,0.449,-0.633,93.45,-23.85,-122.85,22.0
1787135221.636371,-9.498,-0.251,2.682,2.319,0.33,-0.598,95.1,-26.4,-118.95,22.0
1787135221.8409686,-8.978,1.166,3.014,2.363,0.166,-0.451,89.4,-38.55,-103.65,33.0
1787135221.841158,-8.545,1.415,2.849,2.273,0.446,-0.403,90.3,-39.15,-102.75,33.0
1787135222.0466065,-9.498,1.413,5.818,1.819,-0.37,-0.397,83.4,-42.15,-82.05,54.0
1787135222.0466316,-9.122,1.856,6.213,1.28,-0.438,-0.419,82.8,-44.25,-80.4,54.0
1787135222.046643,-9.041,1.03,6.905,0.94,-0.399,-0.355,82.35,-43.65,-77.25,54.0
1787135222.252109,-9.096,0.982,5.186,-0.684,-0.094,0.018,83.1,-42.9,-79.05,51.0
1787135222.2521343,-9.349,0.986,5.346,-0.802,0.051,0.04,83.1,-43.65,-80.1,51.0
1787135222.252146,-9.22,0.953,5.327,-0.947,0.136,0.035,83.55,-43.5,-80.7,51.0
1787135222.4540858,-8.028,1.628,5.425,-2.703,0.132,0.353,81.75,-45.3,-95.1,33.0
1787135222.4541094,-8.461,1.31,5.066,-3.046,0.226,0.51,82.8,-43.8,-97.65,33.0
1787135222.454122,-8.952,1.475,4.724,-3.213,0.364,0.614,84.45,-42.45,-102.6,33.0
1787135222.6611516,-10.616,1.528,1.053,-3.109,0.233,1.092,91.2,-21.9,-125.1,32.0
1787135222.6611805,-13.012,1.568,0.783,-2.622,-0.985,0.367,92.55,-14.1,-128.1,32.0
1787135222.867754,-9.776,-0.481,0.05,-2.363,-0.094,-0.05,97.05,1.65,-130.8,17.0
1787135222.8677793,-8.832,-0.984,-0.069,-2.267,-0.035,0.008,98.25,2.7,-130.5,27.0
1787135222.8677914,-8.368,-1.331,-0.555,-2.081,0.209,0.165,99.3,4.05,-130.35,27.0
1787135223.0690765,-10.678,-2.538,-2.682,-0.319,-0.402,0.023,99.75,16.95,-129.75,19.0
1787135223.069102,-10.221,-2.727,-2.433,-0.135,-0.388,-0.023,98.25,15.0,-131.25,18.0
1787135223.0691135,-10.07,-2.823,-2.205,0.026,-0.188,0.03,99.6,16.35,-129.6,18.0
1787135223.2767053,-10.197,-1.427,-1.444,1.707,-0.086,-0.371,99.45,6.45,-128.7,16.0
1787135223.2767303,-9.72,-1.623,-1.211,1.988,-0.047,-0.386,100.35,7.5,-131.4,16.0
1787135223.276742,-9.91,-1.197,-0.991,2.21,0.013,-0.35,99.0,3.0,-130.2,16.0
1787135223.4806652,-9.22,0.239,1.846,3.132,0.16,-0.536,95.1,-19.5,-123.75,23.0
1787135223.4806907,-9.213,0.797,2.057,3.2,0.202,-0.454,93.9,-22.8,-123.15,23.0
1787135223.480702,-8.978,0.888,2.413,3.273,0.228,-0.457,93.6,-24.9,-118.95,23.0
1787135223.6873791,-8.811,1.559,5.231,2.516,0.612,-0.432,87.3,-41.85,-99.45,30.0
1787135223.9011219,-9.84,1.046,6.139,0.627,0.034,-0.175,83.25,-43.5,-81.45,68.0
1787135223.901174,-9.313,1.061,5.878,0.372,-0.004,-0.147,83.25,-45.0,-80.7,68.0
1787135224.0968285,-9.574,0.67,4.918,-1.114,-0.095,0.007,82.65,-44.4,-85.35,27.0
1787135224.096863,-9.536,0.496,5.186,-1.308,-0.032,-0.03,81.75,-45.0,-87.0,27.0
1787135224.0968747,-9.668,0.362,5.382,-1.463,-0.07,-0.065,83.1,-45.15,-87.45,27.0
1787135224.300496,-9.167,0.484,4.164,-2.825,-0.527,0.142,83.7,-40.5,-108.9,43.0
1787135224.300522,-8.76,0.201,4.08,-2.997,-0.549,0.22,84.75,-37.95,-110.55,43.0
1787135224.5042722,-9.0,-0.005,1.319,-2.8,-0.31,0.691,92.7,-17.4,-126.9,23.0
1787135224.5042987,-9.512,0.876,0.536,-2.97,-0.15,0.636,92.7,-14.25,-127.95,23.0
1787135224.7087343,-9.998,-1.592,-1.453,-1.51,-0.038,0.521,98.85,5.55,-130.35,40.0
1787135224.70876,-9.57,-1.25,-1.863,-1.343,-0.338,0.449,99.3,8.7,-130.35,40.0
1787135224.7087715,-9.148,-1.039,-2.073,-1.334,-0.142,0.465,100.05,9.0,-129.6,40.0
1787135224.9141767,-10.259,-2.392,-0.86,0.353,-0.055,-0.095,100.95,13.5,-129.75,30.0
1787135224.914214,-10.051,-2.124,-0.876,0.507,-0.009,-0.114,97.95,13.8,-129.45,30.0
1787135224.9142208,-10.065,-2.112,-0.809,0.635,0.089,-0.072,100.95,11.1,-130.2,30.0
1787135225.1225326,-10.072,-1.307,0.091,1.697,-0.198,-0.452,97.8,4.8,-130.8,38.0
1787135225.122558,-9.677,-0.96,0.311,1.783,-0.101,-0.445,97.5,1.05,-130.5,38.0
1787135225.12257,-9.397,-1.142,0.462,1.885,0.09,-0.428,97.8,1.35,-129.6,33.0
1787135225.3241012,-9.347,-0.285,1.867,2.377,0.12,-0.444,93.6,-17.85,-126.0,25.0
1787135225.3241827,-9.658,-0.304,2.09,2.398,0.098,-0.442,93.9,-20.85,-124.35,25.0
1787135225.3241951,-9.737,-0.445,2.236,2.535,0.004,-0.444,93.3,-22.2,-123.75,27.0
1787135225.5238185,-9.359,0.443,4.302,2.565,0.206,-0.695,85.65,-40.2,-105.6,22.0
1787135225.527539,-9.141,0.165,4.99,2.479,0.076,-0.687,85.8,-41.55,-105.0,22.0
1787135225.527564,-8.432,0.654,5.176,2.275,0.193,-0.672,83.55,-42.3,-101.25,81.0
1787135225.7324495,-8.475,-0.56,5.777,1.589,0.566,-0.347,81.15,-43.95,-96.3,81.0
1787135225.732474,-8.732,-0.311,5.665,1.5,0.479,-0.241,81.3,-44.55,-93.9,81.0
1787135225.9361496,-9.117,-0.18,5.732,-0.591,-0.101,0.069,80.55,-43.8,-87.0,33.0
1787135225.9361742,-9.345,0.175,5.906,-0.821,-0.187,0.069,81.6,-45.6,-88.65,33.0
1787135226.1430109,-8.667,0.5,5.492,-2.696,0.014,0.448,83.25,-41.85,-106.05,35.0
1787135226.1430392,-8.997,0.469,5.138,-2.861,-0.04,0.406,83.4,-41.25,-106.65,35.0
1787135226.1430507,-9.371,0.833,4.604,-3.163,-0.353,0.346,84.9,-39.0,-111.75,35.0
1787135226.3463707,-9.361,0.472,4.389,-3.336,-0.607,0.397,84.45,-36.6,-115.05,48.0
1787135226.346396,-8.76,0.031,4.051,-3.29,-0.549,0.555,87.0,-33.75,-115.65,48.0
1787135226.3464074,-8.14,0.115,3.055,-3.222,-0.272,0.841,87.45,-30.45,-119.1,48.0
1787135226.5513344,-9.62,-2.011,-2.112,-0.566,0.018,0.321,100.35,12.45,-129.3,11.0
1787135226.5513594,-9.972,-2.229,-2.006,-0.382,0.12,0.278,102.0,15.0,-130.2,11.0
1787135226.7560947,-10.889,-1.877,-0.515,0.916,0.027,-0.234,99.45,11.55,-130.2,21.0
1787135226.756118,-10.709,-1.82,-0.448,1.02,0.07,-0.302,99.6,9.75,-130.8,21.0
1787135226.7561297,-10.585,-1.688,-0.306,1.128,0.116,-0.355,100.2,10.05,-128.7,21.0
1787135226.96217,-9.318,-1.211,1.396,1.624,0.172,-0.544,96.75,-3.75,-129.75,29.0
1787135226.9621952,-9.448,-1.125,1.302,1.641,0.273,-0.513,94.95,-3.75,-129.15,29.0
1787135226.962207,-9.586,-1.03,1.386,1.651,0.327,-0.495,94.95,-7.65,-129.15,29.0
1787135227.1654506,-9.574,-1.458,1.968,2.21,0.331,-0.494,92.7,-21.6,-125.4,24.0
1787135227.165476,-9.345,-1.154,2.088,2.302,0.288,-0.515,91.8,-23.25,-123.0,24.0
1787135227.3711493,-9.017,0.438,2.753,2.614,-0.147,-0.135,85.95,-39.75,-110.25,26.0
1787135227.371173,-8.586,0.721,3.065,2.473,0.037,-0.14,83.7,-40.95,-105.6,25.0
1787135227.371184,-8.672,0.28,3.426,2.369,0.364,-0.036,84.0,-40.65,-104.25,25.0
1787135227.5769324,-9.61,0.709,6.045,1.212,-0.255,-0.118,81.0,-44.55,-84.0,59.0
1787135227.5769577,-9.594,0.347,6.043,0.887,-0.203,-0.119,81.3,-45.75,-84.0,32.0
1787135227.576969,-9.352,-0.024,6.031,0.714,-0.088,-0.045,82.35,-45.9,-82.65,32.0
1787135227.781135,-9.088,-0.249,4.221,-0.453,-0.071,-0.023,83.1,-44.85,-81.6,39.0
1787135227.7811604,-8.985,-0.328,4.276,-0.475,-0.073,-0.001,82.5,-45.0,-82.5,35.0
1787135227.986738,-9.306,0.86,5.341,-1.882,0.07,0.0,81.3,-43.5,-91.8,26.0
1787135227.9867635,-9.414,0.666,5.243,-1.97,-0.047,0.007,82.5,-45.0,-94.35,26.0
1787135227.9867759,-9.347,0.436,5.198,-2.035,-0.16,0.006,82.05,-43.5,-97.95,31.0
1787135228.1863427,-9.534,0.17,1.822,-3.001,-0.353,0.556,87.9,-27.75,-123.15,51.0
1787135228.1901672,-9.313,-0.788,1.815,-2.762,-0.397,0.551,89.4,-22.8,-126.45,51.0
1787135228.1901925,-9.325,-0.711,1.659,-2.672,-0.451,0.586,89.4,-22.8,-126.45,51.0
1787135228.3960855,-10.666,0.326,-1.08,-2.295,-0.533,0.446,95.7,1.05,-131.7,29.0
1787135228.3961117,-9.51,0.057,-1.48,-2.139,-0.277,0.479,97.5,2.7,-133.2,29.0
1787135228.5986862,-10.707,-2.152,-1.25,0.034,0.149,0.061,99.75,13.05,-130.2,26.0
1787135228.598712,-10.695,-2.054,-1.046,0.093,0.168,-0.005,97.35,12.9,-131.85,26.0
1787135228.8052344,-10.151,-1.077,-0.795,1.014,-0.027,-0.282,97.95,9.6,-133.2,36.0
1787135228.8052602,-10.183,-0.927,-0.807,1.126,-0.028,-0.324,98.1,7.8,-131.1,36.0
1787135228.8052716,-10.015,-0.819,-0.883,1.253,-0.045,-0.323,97.95,5.7,-131.25,36.0
1787135229.01115,-9.708,-0.239,0.673,2.3,0.084,-0.494,96.0,-8.85,-129.75,22.0
1787135229.0111754,-9.732,-0.431,0.989,2.349,0.106,-0.551,95.55,-12.45,-128.1,22.0
1787135229.2131495,-9.388,0.043,2.009,2.914,-0.199,-0.697,90.6,-31.8,-117.15,29.0
1787135229.2131753,-8.42,0.117,2.222,2.916,-0.07,-0.606,89.55,-33.45,-115.65,29.0
1787135229.420531,-8.681,1.374,5.708,2.449,-0.047,-0.271,81.6,-45.6,-86.7,27.0
1787135229.4205563,-8.741,1.156,6.467,2.008,-0.024,-0.206,81.9,-45.15,-84.9,27.0
1787135229.4205678,-8.794,0.998,7.101,1.714,0.007,-0.18,81.9,-43.65,-82.35,27.0
1787135229.624485,-9.735,1.585,6.551,-1.171,0.317,0.02,82.5,-45.0,-78.15,68.0
1787135229.6245098,-9.656,1.147,6.196,-1.46,0.246,0.091,80.85,-45.6,-79.35,68.0
1787135229.6245215,-9.627,1.049,5.928,-1.584,0.281,0.139,81.3,-46.2,-82.5,68.0
1787135229.8286572,-7.827,0.785,2.775,-3.03,0.239,0.843,85.95,-39.0,-112.5,40.0
1787135229.8286822,-8.614,0.431,2.342,-2.993,0.292,0.731,87.0,-36.15,-77.25,40.0
1787135230.033715,-9.531,0.299,0.591,-2.577,-0.217,0.789,95.1,-13.65,-128.55,19.0
1787135230.0337403,-9.529,-0.448,0.596,-2.371,0.068,0.828,97.8,-8.7,-130.35,19.0
1787135230.0337517,-9.96,-0.299,0.433,-1.984,0.136,0.687,95.7,-6.45,-129.75,19.0
1787135230.2404587,-10.388,-0.515,-0.175,-1.081,-0.2,0.459,98.7,5.4,-130.95,19.0
1787135230.2404842,-10.211,-0.146,-0.376,-1.144,-0.221,0.359,99.75,6.9,-130.95,19.0
1787135230.240496,-9.78,-0.52,-0.515,-1.142,-0.113,0.361,99.6,7.8,-130.35,19.0
1787135230.4421191,-10.338,-1.106,-0.816,0.257,0.135,-0.073,100.8,12.9,-129.3,17.0
1787135230.4421453,-10.417,-0.979,-0.821,0.417,0.228,-0.087,98.7,12.75,-130.2,17.0
1787135230.4421568,-10.285,-1.087,-0.845,0.505,0.231,-0.096,100.2,10.8,-130.95,17.0
1787135230.6467423,-10.479,-0.311,-0.187,1.58,0.066,-0.438,98.1,5.1,-129.6,19.0
1787135230.6467671,-10.369,-0.124,-0.06,1.651,-0.007,-0.527,97.95,3.0,-131.25,19.0
1787135230.6486287,-10.238,-0.062,0.113,1.708,-0.057,-0.608,97.5,1.05,-132.0,19.0
1787135230.8534665,-9.349,-0.424,1.815,2.354,0.328,-0.654,92.55,-22.95,-124.05,22.0
1787135230.853492,-9.574,-0.074,1.621,2.42,0.213,-0.702,91.05,-24.15,-121.95,22.0
1787135231.0586317,-9.498,-0.005,2.942,2.772,0.179,-0.181,85.95,-39.75,-106.2,18.0
1787135231.0586572,-9.577,0.622,3.165,2.797,-0.135,-0.16,86.4,-41.7,-101.85,18.0
1787135231.2611837,-8.377,1.188,6.943,0.983,0.211,-0.057,83.55,-43.8,-82.95,57.0
1787135231.2612095,-8.796,1.659,6.653,0.52,0.51,-0.102,81.6,-43.95,-80.55,57.0
1787135231.4680696,-9.237,0.594,5.495,-1.609,-0.12,0.099,82.5,-44.55,-88.05,69.0
1787135231.4680963,-8.89,0.893,5.332,-1.818,-0.19,0.104,82.8,-44.25,-88.8,50.0
1787135231.4681077,-8.65,1.073,5.085,-2.1,-0.197,0.147,82.65,-45.6,-92.25,50.0
1787135231.67179,-8.724,0.426,3.043,-2.736,-0.006,0.662,88.95,-35.85,-114.0,50.0
1787135231.6718156,-9.256,0.864,2.71,-2.811,-0.068,0.7,89.25,-33.75,-115.65,24.0
1787135231.6718273,-9.337,0.474,2.394,-2.862,-0.192,0.654,89.25,-33.0,-116.4,24.0
1787135231.8791883,-8.346,-0.127,2.004,-2.439,-0.163,0.723,95.85,-12.45,-128.1,36.0
1787135231.8792136,-9.218,0.01,1.678,-2.277,0.308,0.943,97.8,-9.45,-128.85,12.0
1787135231.8792253,-9.725,-0.606,1.391,-2.013,0.361,0.805,98.1,-9.0,-130.05,12.0
1787135232.0811903,-10.144,-0.579,-0.486,-0.95,0.934,0.765,99.3,6.3,-128.55,18.0
1787135232.0812154,-11.076,-0.45,-0.527,-0.877,0.504,0.506,98.7,7.65,-130.95,18.0
1787135232.0812273,-10.659,-1.092,-0.587,-0.916,0.024,0.248,99.6,7.8,-131.1,13.0
1787135232.2871642,-10.475,-1.458,-1.094,0.033,0.329,-0.082,98.1,12.9,-131.1,22.0
1787135232.2871885,-10.556,-1.796,-1.18,0.189,0.325,-0.098,97.5,13.5,-130.5,12.0
1787135232.4911437,-9.732,-0.809,-1.209,1.46,0.188,-0.342,97.35,6.3,-131.4,11.0
1787135232.491169,-9.821,-0.558,-1.013,1.576,0.037,-0.383,96.3,3.15,-132.6,11.0
1787135232.6967506,-9.625,-1.008,2.229,2.156,0.079,-0.419,94.35,-15.9,-125.55,15.0
1787135232.6967752,-9.641,-1.02,2.483,2.182,-0.136,-0.526,93.6,-17.1,-127.5,15.0
1787135232.6967869,-9.412,-0.496,2.557,2.1,-0.273,-0.516,93.9,-20.4,-125.1,14.0
1787135232.901531,-9.673,-0.036,3.237,2.153,-0.325,-0.441,88.5,-34.5,-112.65,12.0
1787135232.901556,-8.351,0.443,3.069,2.002,-0.3,-0.466,88.2,-37.05,-111.45,12.0
1787135232.9015675,-7.537,0.412,2.962,1.796,0.088,-0.367,88.5,-37.2,-108.6,26.0
1787135233.1061225,-9.378,0.057,5.586,1.225,-0.44,-0.234,83.7,-44.25,-89.55,30.0
1787135233.106148,-8.782,-0.01,5.746,1.143,-0.267,-0.253,83.7,-43.65,-89.4,30.0
1787135233.311018,-9.275,0.539,4.719,-0.31,-0.146,-0.002,83.25,-45.3,-85.05,46.0
1787135233.3110478,-8.815,0.113,4.896,-0.46,-0.088,0.04,82.05,-45.0,-84.75,46.0
1787135233.3110626,-8.686,0.084,4.877,-0.562,0.045,0.076,82.8,-44.25,-86.55,46.0
1787135233.515515,-9.105,0.924,5.294,-1.709,0.031,0.105,84.15,-44.4,-95.25,39.0
1787135233.515541,-8.954,0.864,5.193,-1.982,0.113,0.159,83.55,-42.3,-97.2,39.0
1787135233.5155518,-8.538,0.893,4.803,-2.139,0.376,0.253,83.7,-42.15,-101.1,39.0
1787135233.7200952,-9.888,0.634,2.217,-2.57,-0.345,0.499,90.3,-29.1,-121.2,26.0
1787135233.7201214,-9.373,-0.055,2.315,-2.625,-0.461,0.531,90.9,-27.0,-122.1,26.0
1787135233.922951,-9.716,0.101,-0.187,-2.556,0.74,0.905,94.65,-2.7,-130.95,38.0
1787135233.9229739,-10.142,0.177,-0.421,-2.334,0.394,0.723,96.0,-0.3,-131.7,38.0
1787135234.1376505,-11.147,-0.175,-2.121,-0.54,-0.394,0.185,98.1,17.55,-130.05,23.0
1787135234.1376746,-10.862,-0.618,-1.872,-0.066,-0.037,0.059,99.75,18.9,-130.5,23.0
1787135234.1376863,-11.104,-0.469,-1.726,0.128,0.128,-0.005,99.45,19.65,-130.95,23.0
1787135234.3346105,-10.592,-0.314,-1.379,0.858,0.118,-0.261,97.2,15.45,-130.5,22.0
1787135234.3346367,-10.633,-0.093,-1.264,0.944,-0.056,-0.307,97.05,13.65,-131.1,5.0
1787135234.3346481,-10.345,-0.249,-1.161,1.043,-0.145,-0.384,97.2,14.25,-130.95,5.0
1787135234.5380545,-10.053,0.263,0.546,2.11,-0.491,-0.853,95.4,-1.8,-130.5,11.0
1787135234.5380797,-9.687,0.012,0.955,2.118,-0.504,-0.968,96.3,-5.55,-128.55,29.0
1787135234.744129,-9.036,-0.419,2.885,2.254,-0.448,-0.735,90.6,-30.3,-115.95,11.0
1787135234.7441547,-8.672,-0.608,3.014,2.385,-0.245,-0.737,91.05,-33.75,-113.4,11.0
1787135234.7441661,-8.677,-0.316,3.045,2.42,0.055,-0.733,87.0,-36.9,-111.3,11.0
1787135234.949222,-8.145,0.165,4.424,2.363,-0.128,-0.526,82.05,-44.55,-91.35,29.0
1787135234.9492486,-8.248,0.213,4.786,2.349,-0.048,-0.426,81.75,-43.8,-88.05,29.0
1787135234.94926,-8.473,-0.022,5.162,2.346,-0.127,-0.407,80.1,-43.65,-86.4,29.0
1787135235.1515377,-7.958,1.386,7.386,0.046,0.155,0.007,74.4,-44.4,-73.2,32.0
1787135235.151562,-8.078,1.025,7.257,-0.259,0.322,0.084,76.2,-43.8,-72.6,32.0
1787135235.1515734,-8.49,1.097,7.065,-0.474,0.37,0.154,77.85,-43.95,-72.75,32.0
1787135235.3587549,-9.591,0.733,5.318,-1.928,0.262,0.231,79.05,-46.5,-82.5,13.0
1787135235.3587809,-9.507,0.716,5.26,-2.106,-0.104,0.196,79.05,-45.75,-84.75,13.0
1787135235.3587925,-8.693,0.785,4.822,-2.288,-0.066,0.267,79.5,-45.0,-88.35,13.0
1787135235.5595858,-7.645,-0.144,3.28,-3.095,0.713,0.255,81.15,-39.75,-110.25,60.0
1787135235.7670128,-8.985,-0.79,2.181,-2.397,-0.498,0.769,90.3,-18.3,-129.6,14.0
1787135235.7670379,-9.184,-0.429,1.805,-2.433,-0.463,0.892,90.45,-14.25,-131.25,14.0
1787135235.7670503,-9.203,-0.917,1.607,-2.355,-0.4,0.996,90.9,-13.5,-131.25,14.0
1787135235.9742208,-9.924,-0.259,-0.577,-1.865,0.154,0.41,96.75,8.1,-129.15,16.0
1787135235.974246,-10.276,-0.996,-0.747,-1.752,0.279,0.437,97.95,9.6,-132.45,16.0
1787135235.9742577,-10.183,-0.816,-1.094,-1.589,0.38,0.484,97.8,11.7,-131.1,16.0
1787135236.1777701,-10.302,-1.53,-2.641,-0.173,0.094,0.011,98.7,20.1,-129.75,15.0
1787135236.1777954,-10.463,-1.539,-2.703,-0.024,0.018,-0.046,97.35,19.5,-130.35,15.0
1787135236.177807,-10.487,-1.882,-2.315,0.295,-0.05,-0.074,97.5,19.2,-130.5,15.0
1787135236.3823755,-9.493,-0.998,-0.709,1.879,0.101,-0.452,96.3,5.55,-131.4,20.0
1787135236.3824015,-9.943,-0.488,-0.376,2.059,0.044,-0.429,97.05,5.55,-133.35,20.0
1787135236.3824131,-9.986,-0.484,-0.105,2.136,-0.092,-0.501,96.3,1.65,-131.85,22.0
1787135236.585912,-9.744,-0.187,1.539,2.923,0.091,-0.546,92.7,-21.6,-125.1,27.0
1787135236.5859375,-9.878,0.189,1.566,2.926,-0.022,-0.531,92.1,-22.5,-124.05,27.0
1787135236.7931285,-9.634,-0.201,4.02,2.757,0.435,-0.452,85.05,-42.3,-103.2,33.0
1787135236.7931538,-9.517,0.426,4.341,2.742,0.162,-0.444,83.7,-41.7,-101.1,33.0
1787135236.793165,-8.813,0.754,4.623,2.356,-0.062,-0.556,82.65,-45.15,-98.85,25.0
1787135236.9970694,-9.682,0.469,5.131,0.702,0.36,0.089,81.3,-45.0,-85.05,47.0
1787135236.9971068,-9.888,0.608,4.958,0.601,0.153,0.052,80.85,-45.15,-84.15,47.0
1787135236.9971182,-9.534,0.637,4.8,0.428,0.067,0.055,81.9,-45.15,-84.6,47.0
1787135237.201186,-9.627,0.429,6.436,-0.959,-0.369,-0.103,80.85,-45.15,-84.6,33.0
1787135237.2012112,-9.27,0.826,6.802,-1.25,-0.358,-0.082,78.75,-45.0,-86.25,33.0
1787135237.4066124,-8.961,1.176,4.271,-3.197,0.129,0.263,82.8,-41.1,-107.55,35.0
1787135237.4066389,-9.438,1.018,3.979,-3.235,0.09,0.267,82.5,-39.15,-111.3,35.0
1787135237.4066503,-9.548,1.427,3.472,-3.444,-0.093,0.256,82.5,-37.65,-114.6,35.0
1787135237.612195,-9.369,0.771,-1.008,-3.382,-0.022,0.908,91.95,-4.5,-131.25,25.0
1787135237.6122208,-10.405,1.147,-1.779,-3.151,-0.342,0.811,93.6,-2.1,-131.1,25.0
1787135237.6122324,-10.302,0.493,-2.052,-2.753,-0.524,0.785,94.65,-0.75,-132.45,25.0
1787135237.8161695,-11.226,-0.881,-3.27,-0.827,-0.01,0.4,98.25,18.45,-129.15,31.0
1787135237.8161955,-11.293,-1.065,-3.098,-0.622,-0.071,0.243,100.5,19.2,-130.95,31.0
1787135238.021357,-10.108,-0.917,-1.219,1.167,-0.052,-0.279,98.1,15.15,-131.1,13.0
1787135238.0213828,-10.137,-0.85,-1.128,1.339,-0.023,-0.283,97.8,13.65,-131.85,13.0
1787135238.021394,-10.25,-0.749,-0.838,1.487,-0.066,-0.305,98.1,11.7,-130.8,13.0
1787135238.2205033,-9.843,0.383,0.263,2.193,-0.179,-0.518,97.05,-2.1,-129.6,32.0
1787135238.4292994,-8.76,0.646,1.547,2.869,0.13,-0.461,94.05,-26.4,-120.0,16.0
1787135238.4293249,-8.669,0.862,1.738,2.991,0.307,-0.427,91.65,-28.5,-117.0,22.0
1787135238.4293363,-8.945,0.804,2.126,3.055,0.307,-0.5,91.05,-31.8,-115.95,22.0
1787135238.6360843,-9.464,1.702,5.447,2.211,-0.079,-0.252,84.15,-45.9,-91.95,49.0
1787135238.6361077,-9.158,1.712,5.844,1.887,-0.115,-0.215,84.9,-44.85,-90.15,43.0
1787135238.6361191,-9.337,0.903,6.246,1.728,-0.085,-0.179,83.25,-44.55,-86.55,43.0
1787135238.840661,-9.606,1.08,4.417,-0.034,-0.021,0.01,82.5,-44.25,-80.7,45.0
1787135238.8406863,-9.668,0.752,4.398,-0.203,-0.009,-0.004,84.0,-43.05,-82.2,50.0
1787135238.840698,-9.639,0.505,4.374,-0.261,-0.004,-0.034,83.25,-44.55,-81.75,50.0
1787135239.0442314,-8.535,1.314,5.847,-1.861,-0.08,0.041,83.4,-44.4,-91.5,37.0
1787135239.0442567,-8.574,1.147,5.593,-2.13,0.008,0.142,83.25,-45.3,-91.05,25.0
1787135239.0442686,-8.624,1.068,5.595,-2.323,-0.007,0.223,82.8,-45.0,-93.9,25.0
1787135239.2486942,-9.898,1.166,2.974,-3.466,-0.493,0.387,86.7,-34.35,-116.55,59.0
1787135239.2487204,-8.72,0.22,2.942,-3.356,-0.478,0.4,88.05,-28.8,-120.75,27.0
1787135239.455648,-9.742,1.542,-0.352,-2.872,-0.374,0.473,95.7,-5.4,-131.25,23.0
1787135239.4556735,-9.438,1.046,-0.807,-2.839,-0.259,0.4,96.0,-0.3,-131.7,23.0
1787135239.4556851,-9.56,0.601,-1.188,-2.757,-0.236,0.383,97.2,0.3,-130.2,22.0
1787135239.6597097,-10.391,-2.215,-2.772,-0.341,0.35,0.115,99.0,18.9,-130.2,23.0
1787135239.659736,-10.556,-2.404,-2.83,-0.027,0.104,0.018,99.3,18.3,-130.05,23.0
1787135239.6597471,-10.403,-2.253,-2.818,0.183,-0.103,-0.04,97.95,19.2,-129.45,23.0
1787135239.863646,-9.948,-1.719,-0.754,1.162,0.018,-0.209,98.25,14.25,-130.5,26.0
1787135239.863672,-10.139,-1.329,-0.661,1.272,0.115,-0.283,97.95,13.5,-128.7,26.0
1787135240.0691793,-9.823,-0.778,0.862,2.228,-0.044,-0.455,96.75,-2.7,-130.5,23.0
1787135240.0692048,-10.159,-0.749,0.96,2.421,-0.117,-0.446,97.35,-6.75,-129.6,23.0
1787135240.0692163,-10.192,-0.567,1.477,2.543,-0.237,-0.484,96.45,-10.35,-129.75,23.0
1787135240.2744088,-9.565,0.323,2.253,2.74,0.027,-0.796,89.4,-30.9,-118.8,34.0
1787135240.274434,-8.715,0.373,1.973,2.662,0.235,-0.705,89.25,-31.5,-115.95,34.0
1787135240.274446,-8.882,-0.591,2.567,2.74,0.45,-0.546,88.5,-33.45,-115.95,34.0
1787135240.6842442,-10.008,1.077,5.602,0.111,0.152,0.024,80.85,-42.9,-80.85,43.0
1787135240.68427,-10.017,0.764,5.703,-0.093,0.047,-0.008,81.15,-43.95,-80.1,43.0
1787135240.6842809,-9.773,0.874,5.59,-0.292,0.063,0.014,82.05,-44.25,-81.0,43.0
1787135240.8842888,-9.27,1.58,5.509,-1.894,-0.284,0.057,83.55,-45.0,-91.8,44.0
1787135240.8878105,-8.571,1.652,5.301,-2.156,-0.191,0.12,81.15,-44.85,-91.5,44.0
1787135240.887837,-8.665,1.243,5.179,-2.341,-0.018,0.179,81.3,-45.0,-97.2,44.0
1787135241.0935702,-9.665,1.31,1.915,-3.265,-0.06,0.596,88.2,-31.2,-118.35,15.0
1787135241.093669,-9.505,1.049,1.595,-3.201,-0.088,0.633,89.7,-29.7,-120.3,15.0
1787135241.2995646,-9.495,-0.946,-0.893,-1.711,-0.002,0.422,98.55,2.85,-131.85,23.0
1787135241.29959,-9.725,-0.517,-1.185,-1.619,0.305,0.499,98.25,2.25,-130.95,23.0
1787135241.299602,-10.094,-0.742,-1.259,-1.608,0.433,0.436,98.85,5.1,-129.6,31.0
1787135241.5030818,-10.63,-1.848,-2.279,0.015,0.109,0.067,98.7,13.05,-130.95,23.0
1787135241.5031078,-10.539,-1.422,-2.052,0.303,-0.028,0.027,99.0,13.05,-132.75,23.0
1787135241.5031195,-10.336,-1.082,-1.856,0.467,-0.095,-0.042,98.85,12.15,-131.1,25.0
1787135241.7068834,-10.216,-0.881,-0.852,1.412,0.0,-0.338,98.7,3.75,-132.0,25.0
1787135241.7069113,-10.25,-0.826,-0.831,1.555,-0.003,-0.383,97.5,3.45,-132.0,25.0
1787135241.7069232,-10.364,-0.785,-0.663,1.7,-0.059,-0.426,97.8,2.4,-131.1,25.0
1787135241.9113631,-10.08,0.034,1.413,2.706,-0.184,-0.7,95.4,-16.95,-126.45,26.0
1787135241.9113896,-10.333,0.4,1.561,2.765,-0.335,-0.78,93.15,-20.85,-125.4,26.0
1787135242.116135,-9.0,0.769,3.309,2.609,0.135,-0.53,85.05,-37.2,-106.8,42.0
1787135242.1161578,-8.325,0.524,3.278,2.481,0.19,-0.482,84.75,-39.6,-103.5,42.0
1787135242.1161697,-8.143,0.512,3.472,2.349,0.306,-0.369,84.9,-42.45,-102.15,42.0
1787135242.321552,-9.244,1.03,5.528,1.201,-0.019,-0.063,81.9,-44.4,-84.6,56.0
1787135242.321577,-9.23,0.795,5.756,0.93,0.06,-0.006,80.85,-45.15,-83.85,56.0
1787135242.3215888,-9.426,0.922,5.66,0.693,0.156,0.017,81.6,-44.4,-82.35,56.0
1787135242.5255175,-9.359,0.524,5.2,-0.539,0.037,0.006,81.0,-44.55,-80.4,52.0
1787135242.5255415,-9.663,0.709,5.124,-0.718,-0.028,0.016,81.9,-45.15,-82.35,52.0
1787135242.7316773,-9.05,0.69,4.334,-1.995,-0.221,0.078,82.05,-43.8,-95.4,46.0
1787135242.7317028,-8.875,0.412,4.003,-2.077,0.018,0.111,81.15,-42.9,-97.8,46.0
1787135242.7317145,-9.158,0.242,3.886,-2.136,0.112,0.144,84.3,-43.8,-100.5,46.0
1787135242.9367683,-8.66,-0.56,1.334,-2.198,-0.187,0.362,90.6,-29.55,-124.05,36.0
1787135242.9367929,-9.072,-1.69,1.559,-1.842,-0.008,0.482,90.45,-23.55,-125.7,15.0
1787135242.9368043,-9.187,-1.489,1.389,-1.78,-0.068,0.501,89.55,-22.2,-127.05,15.0
1787135243.1406655,-10.405,-1.583,-1.065,-1.479,0.079,0.436,92.85,-10.5,-130.8,19.0
1787135243.1406915,-10.783,-2.157,-1.037,-1.25,0.167,0.392,93.6,-5.85,-131.4,24.0
1787135243.3466578,-10.104,-2.291,-0.735,-0.158,-0.044,0.01,94.8,-4.05,-134.1,64.0
1787135243.346683,-10.139,-2.107,-0.986,0.015,-0.156,0.023,94.2,-1.8,-134.55,44.0
1787135243.3466952,-10.02,-1.98,-0.965,0.212,-0.253,-0.002,95.4,-1.8,-132.75,44.0
1787135243.5467045,-10.47,-0.912,-1.358,1.577,-0.173,-0.31,94.65,-9.15,-132.45,43.0
1787135243.5501819,-10.108,-1.295,-0.953,1.776,-0.157,-0.386,94.35,-11.4,-130.05,26.0
1787135243.550208,-9.814,-1.178,-0.781,2.109,0.005,-0.412,94.2,-13.5,-130.5,26.0
1787135243.7565286,-9.62,-0.01,0.989,2.987,-0.014,-0.615,91.8,-30.6,-117.15,28.0
1787135243.756554,-9.697,-0.055,1.338,3.149,-0.056,-0.618,88.95,-31.95,-118.35,28.0
1787135243.95871,-8.394,1.176,4.243,2.547,0.158,-0.507,83.55,-43.5,-89.85,36.0
1787135243.958735,-8.784,1.092,4.602,2.437,0.202,-0.391,82.05,-43.5,-85.8,36.0
1787135244.1654305,-9.345,1.75,5.842,0.765,0.22,-0.155,78.15,-42.45,-72.45,56.0
1787135244.165456,-9.515,1.468,5.737,0.391,0.142,-0.189,78.15,-40.95,-72.45,56.0
1787135244.1654677,-9.474,0.802,5.813,0.17,0.12,-0.108,79.05,-41.55,-72.6,56.0
1787135244.3692243,-9.031,1.501,6.4,-1.882,-0.24,0.028,77.55,-43.8,-79.2,34.0
1787135244.3692493,-9.179,1.173,6.314,-2.134,-0.222,0.125,77.85,-44.4,-80.1,34.0
1787135244.369261,-9.131,0.919,6.603,-2.246,-0.323,0.212,78.15,-45.9,-83.4,39.0
1787135244.5734675,-10.309,1.391,1.47,-3.817,-0.08,0.822,85.95,-31.95,-118.8,28.0
1787135244.5734935,-10.135,0.809,1.247,-3.877,-0.354,0.694,87.45,-27.0,-122.1,28.0
1787135244.7791553,-9.28,-0.948,-1.271,-2.576,-0.54,0.637,97.8,0.45,-130.35,20.0
1787135244.7791808,-9.78,-0.575,-1.317,-2.047,-0.015,0.703,99.3,2.85,-130.35,20.0
1787135244.779192,-10.238,-0.371,-1.774,-1.843,0.129,0.631,98.85,5.1,-130.05,20.0
1787135244.9846137,-9.898,-2.636,-2.231,-0.069,0.124,0.09,100.35,13.2,-128.85,22.0
1787135244.984638,-9.946,-2.873,-2.176,0.221,0.245,0.078,100.8,15.6,-128.55,22.0
1787135244.9846497,-10.4,-2.619,-2.121,0.461,0.271,0.07,100.8,15.6,-129.6,22.0
1787135245.1865895,-10.257,-1.803,-0.783,1.477,0.299,-0.319,98.85,6.3,-130.05,26.0
1787135245.1866152,-10.068,-1.63,-0.706,1.671,0.35,-0.335,97.95,5.7,-132.45,26.0
1787135245.186627,-10.228,-1.642,-0.596,1.884,0.321,-0.405,98.1,2.4,-132.15,26.0
1787135245.3936694,-9.33,-0.242,1.53,3.038,0.042,-0.76,91.2,-16.5,-126.15,23.0
1787135245.3936956,-9.117,0.014,1.686,3.139,0.006,-0.789,92.1,-18.75,-125.25,23.0
1787135245.3937068,-9.086,0.086,1.906,3.186,-0.007,-0.7,91.05,-25.65,-123.45,23.0
1787135245.5995002,-7.8,0.62,3.045,3.02,0.534,-0.16,86.25,-38.4,-109.05,46.0
1787135245.599526,-8.717,0.177,3.508,3.085,0.441,-0.086,86.4,-40.5,-106.2,46.0
1787135245.5995371,-9.232,0.508,3.804,3.124,0.159,-0.061,85.5,-41.1,-103.5,31.0
1787135245.804154,-10.056,1.089,6.529,1.513,0.281,-0.019,84.0,-44.25,-85.5,36.0
1787135245.804179,-10.139,1.676,6.426,1.194,0.057,-0.091,82.8,-43.8,-84.3,36.0
1787135246.0091531,-10.039,0.45,4.226,-0.588,-0.061,-0.137,83.25,-43.05,-84.0,45.0
1787135246.0091784,-10.051,0.242,4.413,-0.649,-0.148,-0.189,81.6,-43.95,-83.4,50.0
1787135246.0091908,-9.558,0.522,4.484,-0.792,-0.124,-0.181,82.35,-44.85,-84.9,50.0
1787135246.2131267,-9.136,0.713,4.111,-1.438,-0.121,-0.16,82.5,-44.25,-89.55,38.0
1787135246.2131517,-9.244,0.622,3.886,-1.611,-0.089,-0.161,83.1,-43.95,-91.2,38.0
1787135246.2131627,-9.378,0.041,3.831,-1.705,-0.101,-0.121,83.25,-43.8,-92.85,38.0
1787135246.4171605,-9.294,-1.484,2.713,-2.473,-0.327,0.382,86.25,-31.5,-118.95,24.0
1787135246.417189,-9.244,-1.812,2.655,-2.384,-0.427,0.421,87.75,-27.6,-121.95,24.0
1787135246.417195,-8.619,-1.211,2.128,-2.362,-0.391,0.494,87.75,-26.4,-122.25,24.0
1787135246.6209078,-9.85,-1.614,-1.051,-1.841,-0.319,0.537,94.05,-3.6,-131.1,33.0
1787135246.8285704,-10.058,-2.059,-1.688,-0.384,-0.103,0.366,98.1,7.8,-129.6,27.0
1787135246.828596,-10.566,-2.449,-1.142,-0.103,-0.02,0.276,99.45,9.15,-129.15,27.0
1787135246.828608,-10.566,-2.502,-1.03,0.155,-0.021,0.171,98.85,8.25,-130.05,27.0
1787135247.0321565,-10.329,-1.844,-0.235,1.151,-0.07,-0.256,98.25,4.2,-132.0,18.0
1787135247.0321825,-10.125,-1.463,-0.156,1.233,-0.023,-0.254,98.1,2.1,-131.1,18.0
1787135247.0321944,-10.068,-1.702,-0.014,1.336,0.071,-0.282,97.5,0.0,-128.7,18.0
1787135247.2361994,-9.632,-0.675,1.025,2.042,0.168,-0.5,94.65,-14.25,-127.95,16.0
1787135247.2362254,-9.665,-0.891,1.132,2.122,0.159,-0.521,94.8,-14.85,-127.05,16.0
1787135247.4415252,-9.222,0.333,2.452,2.508,0.091,-0.436,87.45,-36.3,-113.7,58.0
1787135247.4415512,-9.79,0.433,3.033,2.452,-0.03,-0.457,87.3,-37.2,-110.85,58.0
1787135247.4415624,-8.921,0.077,3.364,2.411,-0.171,-0.472,86.55,-37.65,-107.25,58.0
1787135247.6470697,-9.105,-0.158,4.166,1.972,0.409,-0.209,82.5,-45.3,-92.4,33.0
1787135247.6470954,-9.067,0.249,4.087,1.96,0.288,-0.163,82.05,-45.0,-92.85,33.0
1787135247.6471066,-9.251,0.512,4.403,1.792,0.156,-0.086,82.05,-45.3,-88.8,33.0
1787135247.84978,-9.934,0.632,4.664,-0.456,0.02,-0.055,82.35,-43.65,-81.6,42.0
1787135247.849805,-9.912,0.443,4.968,-0.54,0.085,-0.061,82.5,-44.55,-82.5,47.0
1787135248.056301,-8.679,1.144,5.351,-1.958,0.164,0.201,82.35,-44.85,-92.7,51.0
1787135248.0563269,-8.768,1.535,5.076,-2.342,0.164,0.23,82.5,-45.3,-93.9,51.0
1787135248.056338,-8.698,1.647,5.121,-2.622,0.108,0.281,80.85,-45.15,-98.1,33.0
1787135248.261679,-10.57,2.057,2.119,-3.289,-0.39,0.698,86.7,-29.7,-120.6,28.0
1787135248.2617056,-10.252,1.875,1.755,-3.494,-0.559,0.633,89.25,-27.9,-121.2,28.0
1787135248.2617178,-9.653,1.149,1.42,-3.537,-0.505,0.616,89.55,-23.7,-123.75,46.0
1787135248.4652297,-10.18,-0.685,-0.996,-1.957,0.042,0.245,95.85,0.45,-131.4,24.0
1787135248.465256,-10.329,-1.185,-0.943,-1.835,-0.267,0.138,98.1,3.15,-131.4,34.0
1787135248.6680992,-10.101,-1.836,-2.102,-0.402,0.136,0.047,99.6,10.5,-132.6,33.0
1787135248.6681242,-10.166,-1.69,-2.181,-0.289,0.214,-0.03,99.6,10.2,-130.8,33.0
1787135248.875249,-10.036,-1.621,-1.379,1.194,0.051,-0.332,98.7,6.9,-131.7,28.0
1787135248.8753474,-9.912,-1.525,-1.286,1.343,0.048,-0.356,97.8,5.85,-131.4,28.0
1787135249.0802057,-9.311,-0.788,0.587,2.874,-0.052,-0.481,94.05,-14.1,-127.8,25.0
1787135249.0802305,-9.12,-0.34,0.769,2.954,-0.02,-0.5,94.2,-16.5,-127.2,25.0
1787135249.0802422,-9.129,-0.261,1.243,3.006,-0.044,-0.474,92.1,-19.8,-124.5,25.0
1787135249.2866542,-9.203,1.839,3.606,3.047,0.028,-0.213,87.15,-39.0,-107.7,26.0
1787135249.2866797,-8.993,1.884,3.931,2.843,-0.087,-0.254,88.2,-39.75,-105.9,26.0
1787135249.2866914,-9.251,1.36,4.585,2.718,-0.292,-0.233,86.4,-41.7,-101.55,26.0
1787135249.491901,-9.792,1.544,6.155,0.462,0.347,0.016,84.0,-44.55,-82.2,40.0
1787135249.491926,-10.116,1.652,5.717,0.23,0.385,-0.027,85.2,-42.45,-80.85,40.0
1787135249.4919374,-10.324,1.307,5.545,0.031,0.287,-0.068,85.8,-43.05,-81.45,40.0
1787135249.6941373,-9.246,1.384,5.025,-1.139,-0.216,-0.225,83.55,-43.5,-84.75,55.0
1787135249.6941626,-8.734,1.109,5.114,-1.323,0.01,-0.209,83.4,-43.95,-84.6,55.0
1787135249.6941743,-9.131,0.713,5.155,-1.41,0.216,-0.225,83.4,-43.95,-88.2,55.0
1787135249.8980782,-8.253,0.534,4.41,-2.035,0.098,-0.08,82.5,-46.2,-100.5,30.0
1787135249.898102,-8.143,0.457,4.269,-2.132,0.186,-0.053,83.55,-41.1,-104.55,27.0
1787135250.1015613,-6.776,0.036,2.356,-2.98,0.302,0.506,87.15,-28.95,-122.85,20.0
1787135250.1015863,-7.906,-0.172,2.195,-3.055,0.53,0.608,89.4,-24.3,-124.65,58.0
1787135250.1037652,-8.624,-0.565,1.839,-3.048,0.39,0.759,89.25,-22.2,-126.3,58.0
1787135250.3090713,-10.728,-0.838,-1.01,-2.247,-0.278,0.804,95.55,2.85,-131.85,23.0
1787135250.309096,-10.803,-0.134,-1.283,-1.933,-0.476,0.732,95.7,4.95,-132.0,30.0
1787135250.3091078,-10.613,-0.213,-1.513,-1.653,-0.634,0.495,96.0,5.7,-131.25,30.0
1787135250.5135348,-10.206,-1.844,-1.76,0.189,-0.251,0.064,99.75,13.05,-128.4,22.0
1787135250.5135608,-10.405,-1.815,-1.504,0.438,-0.073,0.086,100.35,14.1,-129.6,23.0
1787135250.7187898,-10.343,-0.962,0.687,0.883,-0.127,-0.079,97.35,8.7,-130.8,16.0
1787135250.718815,-10.429,-0.512,1.144,0.9,-0.247,-0.17,98.85,6.3,-130.05,16.0
1787135250.718827,-10.178,-0.69,1.219,0.967,-0.251,-0.252,99.3,5.55,-130.8,18.0
1787135250.9225392,-9.886,-0.283,1.405,1.585,0.057,-0.487,97.8,-5.1,-128.85,20.0
1787135250.9225633,-10.259,-0.146,1.408,1.615,-0.088,-0.577,97.05,-7.8,-129.3,20.0
1787135250.9225748,-10.027,-0.309,1.528,1.6,-0.284,-0.661,97.2,-10.05,-129.45,33.0
1787135251.128743,-10.01,-0.373,2.837,2.068,-0.602,-0.751,92.85,-29.55,-117.15,24.0
1787135251.1287687,-8.954,0.069,2.851,1.848,-0.453,-0.788,91.95,-32.4,-117.0,24.0
1787135251.330734,-8.428,0.345,3.962,1.963,-0.481,-0.515,85.65,-43.2,-99.3,40.0
1787135251.3307602,-7.657,0.321,4.022,1.796,-0.253,-0.467,84.3,-44.25,-97.2,40.0
1787135251.537625,-8.868,0.838,5.018,0.91,0.267,0.018,81.15,-44.85,-83.1,39.0
1787135251.5376496,-9.091,0.886,5.2,0.865,0.171,-0.029,80.55,-45.75,-83.7,39.0
1787135251.5376618,-9.227,0.967,5.499,0.807,0.077,-0.044,79.35,-44.85,-80.85,39.0
1787135251.7436965,-8.746,1.767,6.608,-0.974,0.37,0.17,80.85,-47.55,-80.55,31.0
1787135251.7437224,-8.6,1.891,6.206,-1.199,0.329,0.207,81.15,-47.55,-81.3,31.0
1787135251.9457624,-8.854,1.267,4.281,-2.323,-0.336,0.397,86.25,-42.3,-100.2,25.0
1787135251.945788,-8.265,0.838,4.427,-2.44,-0.181,0.49,83.55,-43.5,-102.0,25.0
1787135252.1547983,-8.037,0.893,3.048,-2.411,0.393,1.134,92.7,-26.55,-119.85,31.0
1787135252.1548247,-9.361,1.482,2.547,-2.443,0.529,1.015,94.95,-26.55,-120.3,31.0
1787135252.1548362,-10.716,0.984,2.531,-2.38,0.184,0.809,94.05,-22.95,-123.0,31.0
1787135252.3566473,-8.945,0.639,0.68,-2.035,0.756,0.921,98.25,-5.7,-130.5,27.0
1787135252.3566723,-9.213,0.426,0.318,-1.942,0.714,0.913,96.75,-1.05,-129.15,27.0
1787135252.3566837,-9.613,0.256,0.117,-1.813,0.544,0.754,97.5,-0.3,-129.45,27.0
1787135252.5611875,-10.633,-0.946,-1.001,-0.475,0.239,0.138,98.7,9.15,-131.7,20.0
1787135252.5612137,-10.618,-0.922,-1.051,-0.278,0.115,0.101,99.75,10.35,-129.75,20.0
1787135252.7661564,-10.534,-0.108,0.256,1.615,0.203,-0.442,98.1,0.9,-131.85,36.0
1787135252.7661827,-10.707,0.218,0.304,1.709,-0.004,-0.549,96.3,-0.9,-129.6,36.0
1787135252.766194,-10.398,0.299,0.51,1.766,-0.205,-0.68,96.3,-3.15,-130.35,23.0
1787135252.9719129,-8.868,0.481,2.188,2.289,-0.547,-1.02,94.35,-19.5,-124.8,27.0
1787135252.971938,-8.863,-0.026,2.547,2.495,-0.388,-0.964,94.2,-22.8,-123.6,27.0
1787135252.9719496,-8.49,0.376,2.574,2.733,-0.217,-0.922,92.85,-24.15,-123.0,27.0
1787135253.1744668,-8.756,0.357,3.934,2.674,-0.231,-0.837,86.4,-41.7,-104.4,27.0
1787135253.1744924,-8.224,0.622,4.391,2.565,-0.163,-0.747,85.5,-40.65,-104.55,27.0
1787135253.174504,-8.832,1.118,5.849,2.314,-0.353,-0.51,83.1,-43.5,-97.95,38.0
1787135253.387366,-8.693,1.269,6.196,0.576,-0.02,-0.192,78.6,-45.6,-83.85,30.0
1787135253.387392,-8.033,0.69,6.098,0.329,0.179,-0.145,78.9,-45.6,-85.35,30.0
1787135253.387403,-8.028,0.326,5.777,0.265,0.399,-0.033,78.75,-45.3,-85.05,30.0
1787135253.5856864,-9.163,0.285,4.635,-0.366,0.159,0.092,81.6,-46.65,-84.9,61.0
1787135253.585712,-9.438,0.223,4.994,-0.4,0.185,0.102,80.25,-46.2,-84.3,61.0
1787135253.789546,-8.918,1.049,5.423,-2.406,0.151,0.45,82.5,-45.3,-97.2,34.0
1787135253.7895718,-9.256,0.491,5.471,-2.57,-0.065,0.444,82.35,-44.4,-100.35,34.0
1787135253.7895842,-8.71,-0.06,5.669,-2.488,-0.121,0.455,82.5,-44.55,-103.5,34.0
1787135253.9996943,-10.35,2.246,3.029,-3.079,0.024,0.866,89.85,-27.15,-121.95,31.0
1787135253.9997199,-10.324,1.956,2.734,-3.264,-0.345,0.662,90.3,-25.2,-125.25,31.0
1787135254.2011256,-9.424,0.558,0.373,-2.498,0.452,0.907,97.05,0.45,-129.6,23.0
1787135254.2011511,-9.785,0.912,-0.23,-2.316,0.322,0.783,96.75,5.4,-131.25,23.0
1787135254.2011623,-9.438,1.276,-0.663,-2.228,0.112,0.612,97.2,6.9,-129.75,23.0
1787135254.4044893,-10.427,-0.737,-2.555,0.308,0.103,0.346,100.05,22.5,-128.85,19.0
1787135254.4045153,-10.951,-0.661,-2.375,0.446,-0.111,0.253,97.8,22.2,-129.3,19.0
1787135254.4045267,-11.08,-0.634,-1.98,0.533,-0.32,0.113,98.1,21.45,-128.55,19.0
1787135254.6117735,-11.265,0.239,0.146,1.39,-0.134,-0.492,97.2,13.05,-129.45,29.0
1787135254.6117997,-10.884,0.108,0.493,1.532,-0.136,-0.572,98.1,11.7,-131.1,24.0
1787135254.6118116,-10.894,0.505,0.622,1.662,-0.117,-0.661,97.35,9.0,-130.05,24.0
1787135254.8156087,-9.5,0.345,2.509,1.851,-0.007,-0.915,96.6,-8.7,-130.05,16.0
1787135254.8156362,-9.488,0.065,2.624,1.89,-0.046,-0.91,97.2,-9.6,-126.45,20.0
1787135254.8156478,-9.392,-0.038,2.66,2.01,-0.17,-0.962,96.3,-14.4,-127.65,20.0
1787135255.0196166,-8.327,-0.259,3.812,2.086,0.127,-0.724,90.3,-30.3,-120.0,24.0
1787135255.0196412,-8.945,0.055,3.78,1.972,0.106,-0.793,89.7,-31.65,-119.55,24.0
1787135255.0196526,-8.94,-0.074,3.857,1.83,-0.042,-0.735,88.65,-33.15,-119.55,26.0
1787135255.223684,-9.048,-0.057,3.29,2.093,0.063,-0.308,86.7,-43.65,-103.35,23.0
1787135255.2237093,-8.624,0.254,3.074,2.208,0.196,-0.253,85.65,-40.95,-103.35,23.0
1787135255.4288335,-9.093,1.037,5.624,1.279,-0.091,-0.13,81.9,-45.15,-82.05,37.0
1787135255.4288714,-8.938,1.233,5.552,0.931,-0.089,-0.139,81.15,-44.4,-79.8,37.0
1787135255.4288828,-8.861,1.437,5.466,0.596,-0.029,-0.101,81.3,-45.0,-78.9,53.0
1787135255.634402,-8.964,1.049,5.188,-0.608,0.019,0.121,82.05,-43.8,-78.9,52.0
1787135255.6344302,-9.378,1.288,5.207,-0.772,-0.058,0.156,81.6,-43.2,-80.1,52.0
1787135255.6344411,-9.493,1.334,5.179,-0.963,-0.183,0.144,81.75,-43.05,-78.9,33.0
1787135256.044179,-9.019,1.537,4.027,-2.818,-0.213,0.755,92.55,-24.9,-124.5,43.0
1787135256.0442047,-9.677,1.516,3.591,-3.022,0.287,0.868,93.3,-22.5,-124.05,43.0
1787135256.0442164,-10.487,0.903,3.026,-2.957,0.536,0.857,93.15,-18.45,-126.9,43.0
1787135256.2443488,-9.773,-0.316,0.29,-1.803,0.239,0.25,97.5,1.8,-129.75,25.0
1787135256.2476315,-9.527,-0.646,0.232,-1.753,-0.073,0.22,96.0,2.7,-129.75,25.0
1787135256.2476554,-9.234,-1.101,0.029,-1.685,-0.287,0.183,97.05,4.05,-131.85,25.0
1787135256.453539,-10.594,-1.389,-1.405,-0.216,0.166,0.253,99.6,15.15,-129.6,28.0
1787135256.4535642,-10.621,-1.781,-1.286,-0.09,0.135,0.193,100.8,15.15,-128.85,28.0
1787135256.6591418,-10.573,-1.422,0.134,1.1,0.069,-0.346,100.2,8.4,-130.95,17.0
1787135256.6591675,-10.376,-1.611,0.283,1.233,0.085,-0.4,96.6,7.8,-131.4,17.0
1787135256.6592522,-10.18,-1.346,0.508,1.371,0.171,-0.444,99.3,5.85,-132.15,17.0
1787135256.8626466,-8.973,-0.347,1.082,1.896,0.205,-0.589,96.3,-7.5,-130.35,16.0
1787135256.8626711,-9.014,-0.783,1.149,1.967,0.313,-0.492,96.0,-8.1,-129.15,16.0
1787135256.8626826,-9.249,-0.915,1.041,2.16,0.378,-0.402,93.9,-11.1,-129.45,16.0
1787135257.067167,-8.945,0.304,2.112,2.826,0.045,-0.562,91.65,-29.7,-122.1,30.0
1787135257.0671923,-8.82,0.414,2.102,2.828,0.449,-0.407,88.2,-35.1,-116.25,21.0
1787135257.273768,-8.787,1.487,5.545,2.599,-0.095,-0.431,83.55,-45.75,-92.85,46.0
1787135257.273794,-8.6,1.733,5.705,2.304,0.108,-0.388,83.7,-46.65,-90.75,59.0
1787135257.2738059,-9.048,1.767,6.009,1.963,0.169,-0.313,82.35,-45.9,-86.4,59.0
1787135257.4766731,-9.421,1.645,5.842,0.274,0.004,-0.102,80.1,-44.4,-78.0,38.0
1787135257.4766984,-9.136,1.341,5.657,0.142,-0.022,-0.119,78.6,-43.95,-76.5,49.0
1787135257.4767098,-8.665,1.314,5.519,0.004,0.109,-0.052,79.8,-44.25,-76.35,49.0
1787135257.6813605,-9.076,1.468,4.803,-1.969,0.158,-0.032,80.4,-46.35,-90.15,40.0
1787135257.6813881,-8.298,1.544,4.494,-2.211,0.222,0.081,79.35,-45.15,-91.5,40.0
1787135257.6813996,-8.102,1.398,4.386,-2.426,0.619,0.27,80.55,-45.3,-95.1,40.0
1787135257.892621,-9.316,1.322,2.306,-3.031,-0.2,0.757,86.7,-33.15,-118.8,38.0
1787135257.892646,-9.747,1.551,2.227,-3.184,-0.176,0.725,87.15,-31.2,-119.85,38.0
1787135257.8926575,-10.041,1.358,2.222,-3.369,-0.197,0.707,87.75,-27.15,-122.7,38.0
1787135258.0924783,-10.417,0.515,0.005,-2.096,-0.301,0.324,94.65,-4.5,-131.25,15.0
1787135258.0925024,-10.259,0.383,-0.352,-2.09,-0.136,0.377,96.45,-3.0,-130.5,15.0
1787135258.092514,-9.941,-0.273,-0.704,-2.024,0.123,0.372,98.1,0.15,-129.6,15.0
1787135258.3031003,-10.125,-1.705,-2.466,-0.572,0.246,0.006,97.2,9.15,-131.7,18.0
1787135258.3031259,-10.295,-1.578,-2.476,-0.467,-0.1,-0.098,97.35,10.5,-130.8,18.0
1787135258.3031373,-9.996,-2.028,-2.193,-0.33,-0.268,-0.084,98.25,10.8,-130.2,18.0
1787135258.5008154,-10.005,-1.858,-0.062,0.889,0.103,-0.258,97.8,5.85,-131.1,24.0
1787135258.5008416,-10.283,-1.686,0.014,1.006,0.208,-0.284,96.75,4.2,-130.95,24.0
1787135258.7060797,-8.643,-1.322,0.898,1.864,-0.445,-0.702,94.65,-10.05,-129.15,27.0
1787135258.7061038,-8.332,-1.456,0.996,1.982,-0.357,-0.583,94.65,-11.55,-127.95,27.0
1787135258.7061155,-8.504,-1.192,1.164,2.218,-0.102,-0.413,95.4,-14.55,-127.95,27.0
1787135258.906448,-9.524,0.496,2.813,2.815,0.151,-0.582,91.95,-31.95,-116.55,25.0
1787135258.910185,-9.064,0.819,2.911,2.788,0.073,-0.664,90.15,-32.85,-113.25,25.0
1787135258.9102092,-8.483,0.972,3.105,2.684,0.095,-0.732,89.85,-36.45,-112.65,25.0
1787135259.1141012,-9.098,1.365,6.275,2.33,0.21,-0.455,83.7,-43.2,-92.7,51.0
1787135259.114127,-9.455,1.346,6.8,1.925,-0.125,-0.493,82.8,-44.55,-90.3,51.0
1787135259.1141386,-9.29,1.427,7.408,1.506,-0.246,-0.488,81.3,-46.5,-88.05,51.0
1787135259.3192036,-9.529,0.254,5.686,-0.473,-0.115,-0.202,80.4,-47.1,-83.85,40.0
1787135259.319238,-9.285,0.362,5.789,-0.652,-0.026,-0.129,81.75,-45.0,-85.8,40.0
1787135259.5256326,-7.985,0.271,5.327,-2.026,-0.224,0.119,79.35,-45.15,-97.8,37.0
1787135259.5256586,-7.367,0.146,5.085,-2.289,0.02,0.263,81.3,-45.3,-100.2,37.0
1787135259.52567,-7.513,-0.11,4.882,-2.449,0.259,0.422,80.85,-42.9,-102.6,40.0
1787135259.7295783,-7.987,-0.376,2.629,-2.711,-0.044,1.254,88.2,-30.45,-122.1,32.0
1787135259.729604,-8.523,0.35,2.15,-2.872,-0.028,1.471,88.8,-27.6,-122.7,32.0
1787135259.7296157,-9.048,-0.309,2.071,-2.697,0.16,1.77,90.3,-23.25,-124.05,25.0
1787135259.9334347,-10.649,1.741,0.972,-1.705,-0.11,0.579,99.0,-2.7,-126.45,15.0
1787135259.9334595,-10.781,0.819,0.874,-1.867,-0.189,0.177,99.75,-1.5,-127.65,15.0
1787135260.1385813,-9.239,-1.245,-1.458,-0.624,0.567,0.187,99.3,10.95,-129.3,25.0
1787135260.138605,-10.175,-1.597,-1.235,-0.43,0.456,0.166,98.55,10.5,-130.35,25.0
1787135260.138617,-10.336,-1.863,-0.919,-0.204,0.333,0.139,97.35,12.15,-131.4,25.0
1787135260.3438003,-10.702,-1.214,-0.237,0.715,0.043,-0.214,96.3,8.25,-131.1,11.0
1787135260.3438263,-10.58,-1.199,-0.309,0.839,0.031,-0.252,95.85,9.0,-131.1,11.0
1787135260.5473309,-9.881,-0.711,0.299,2.241,-0.469,-0.95,95.7,-5.7,-131.25,20.0
1787135260.547356,-9.361,-0.749,0.553,2.409,-0.401,-0.948,95.4,-10.35,-129.45,20.0
1787135260.547367,-9.103,-0.781,0.898,2.473,-0.265,-0.914,95.4,-12.3,-127.65,20.0
1787135260.751136,-8.995,-0.675,2.981,2.573,0.205,-0.732,89.4,-31.95,-117.75,30.0
1787135260.7511637,-9.036,-0.429,3.244,2.508,0.149,-0.706,88.5,-33.75,-114.15,30.0
1787135260.7534351,-8.598,-0.769,3.46,2.441,0.04,-0.687,87.75,-34.5,-112.65,30.0
1787135260.9585445,-9.34,0.883,5.171,1.982,0.347,0.007,81.3,-44.55,-89.1,37.0
1787135260.9585702,-9.852,1.3,5.521,1.844,0.171,0.019,80.55,-46.2,-87.3,37.0
1787135260.9585814,-9.929,1.887,5.717,1.543,0.004,-0.078,81.15,-45.9,-84.9,37.0
1787135261.164161,-9.431,1.753,6.333,-0.818,0.218,-0.105,79.65,-45.6,-80.55,53.0
1787135261.1641953,-9.541,1.456,6.436,-1.17,0.225,-0.114,77.55,-46.5,-82.2,53.0
1787135261.369183,-9.182,0.019,5.011,-2.802,-0.243,-0.037,79.05,-46.5,-97.65,33.0
1787135261.369208,-8.578,0.333,4.602,-3.017,-0.177,0.095,78.3,-45.0,-103.2,27.0
1787135261.3692193,-8.104,0.388,4.147,-3.294,0.176,0.186,79.05,-44.55,-105.3,27.0
1787135261.5736504,-9.874,-0.766,1.75,-2.808,-0.037,0.513,83.55,-22.5,-128.55,21.0
1787135261.5736778,-10.096,0.778,1.31,-2.898,-0.242,0.463,84.45,-20.85,-129.75,22.0
1787135261.5736895,-9.864,-0.053,1.097,-2.915,-0.317,0.409,86.55,-16.8,-131.1,22.0
1787135261.778266,-9.799,0.014,-0.883,-1.954,-0.717,0.434,93.45,4.2,-133.2,23.0
1787135261.7782912,-9.606,-0.081,-0.962,-1.867,-0.84,0.43,95.4,8.1,-132.0,17.0
1787135261.9812324,-10.408,-1.856,-2.44,-0.279,0.137,0.079,97.05,16.8,-130.8,19.0
1787135261.981258,-10.731,-1.712,-2.521,-0.117,0.088,0.045,97.8,17.85,-130.35,7.0
1787135262.1880953,-10.338,-1.281,-1.623,1.307,0.146,-0.39,96.45,13.05,-132.75,15.0
1787135262.1881204,-10.324,-1.149,-1.607,1.448,0.126,-0.425,96.75,10.05,-132.0,15.0
1787135262.1881318,-10.087,-1.219,-1.247,1.628,0.072,-0.475,97.05,9.0,-131.85,28.0
1787135262.3921533,-9.883,-0.421,0.601,2.443,0.155,-0.598,94.65,-7.65,-131.25,16.0
1787135262.3921928,-9.862,-0.443,0.761,2.483,0.089,-0.632,92.4,-11.85,-129.45,16.0
1787135262.3921995,-9.639,-0.754,1.037,2.555,0.039,-0.668,90.6,-12.45,-130.05,16.0
1787135262.5962384,-9.017,0.563,3.524,3.093,0.173,-0.287,83.4,-41.25,-109.65,20.0
1787135262.5962644,-8.911,0.651,3.8,3.12,0.188,-0.232,82.05,-43.8,-105.3,20.0
1787135262.7987516,-9.392,1.482,6.275,1.055,-0.003,-0.076,80.1,-45.6,-83.85,29.0
1787135262.7987761,-9.246,1.276,6.237,0.786,0.051,-0.043,79.05,-46.2,-81.0,29.0
1787135262.8010361,-9.366,1.097,6.393,0.535,0.037,-0.022,78.15,-45.9,-82.05,29.0
1787135263.0065684,-9.369,1.219,5.669,-1.333,-0.141,0.009,81.0,-46.5,-82.95,48.0
1787135263.0065932,-9.373,0.857,5.775,-1.545,-0.046,-0.006,79.8,-46.5,-83.7,48.0
1787135263.0066051,-9.495,0.577,5.844,-1.635,0.028,0.013,81.6,-47.1,-85.65,48.0
1787135263.2107356,-9.0,0.816,4.156,-3.008,0.677,0.28,79.5,-43.05,-102.75,36.0
1787135263.2107618,-9.574,0.369,3.9,-3.114,0.555,0.19,81.3,-41.55,-108.3,36.0
1787135263.413884,-9.608,-0.247,0.934,-3.14,-0.32,0.397,88.2,-16.95,-130.2,26.0
1787135263.4139094,-9.143,-0.876,0.855,-3.019,-0.513,0.41,85.95,-15.45,-131.7,26.0
1787135263.4161966,-8.906,-0.697,0.551,-2.922,-0.444,0.672,88.65,-12.3,-132.45,26.0
1787135263.6218655,-9.912,-0.589,-2.325,-1.245,-0.204,0.417,93.45,10.35,-131.7,20.0
1787135263.6218925,-10.19,-1.106,-2.363,-0.931,-0.312,0.268,96.0,9.6,-133.5,20.0
1787135263.621904,-10.242,-0.994,-2.421,-0.744,-0.422,0.146,94.95,10.05,-131.7,20.0
1787135263.8258862,-10.57,-1.772,-1.803,0.427,-0.076,-0.076,96.45,11.55,-132.45,13.0
1787135263.8259115,-10.355,-1.743,-1.674,0.548,-0.058,-0.135,96.75,11.1,-131.7,13.0
1787135264.0289986,-10.228,-0.903,0.113,1.496,-0.121,-0.467,95.85,4.8,-130.05,22.0
1787135264.0290244,-10.015,-1.044,0.261,1.586,-0.071,-0.485,94.35,1.65,-132.6,18.0
1787135264.2356706,-9.352,-0.421,2.227,2.463,0.004,-0.631,88.95,-27.0,-122.4,21.0
1787135264.2356954,-9.828,-0.376,2.758,2.501,-0.16,-0.625,87.75,-29.85,-123.45,21.0
1787135264.235707,-9.349,-0.546,2.952,2.579,-0.294,-0.685,87.15,-31.65,-119.55,17.0
1787135264.4412181,-8.377,-0.354,3.663,2.357,-0.101,-0.291,82.5,-42.6,-104.55,39.0
1787135264.4412434,-7.93,0.206,3.768,2.209,-0.028,-0.214,81.75,-43.8,-102.0,39.0
1787135264.6441057,-9.431,0.883,7.331,0.948,-0.337,-0.198,79.65,-45.9,-83.4,34.0
1787135264.6441317,-9.361,1.513,7.446,0.408,-0.357,-0.25,76.95,-46.2,-80.7,34.0
1787135264.851883,-8.559,0.62,5.574,-1.437,0.385,0.087,78.6,-45.9,-87.9,47.0
1787135264.851909,-9.081,0.711,5.581,-1.589,0.351,0.078,79.65,-46.35,-90.15,47.0
1787135264.8519204,-9.278,0.824,5.32,-1.816,0.072,0.022,78.6,-47.85,-92.25,47.0
1787135265.054779,-7.726,0.204,3.661,-2.845,0.092,0.571,83.25,-39.6,-113.1,32.0
1787135265.054805,-8.552,-0.017,3.608,-2.876,0.374,0.652,83.7,-37.5,-114.75,32.0
1787135265.0548167,-8.985,0.084,3.366,-2.882,0.287,0.635,82.65,-35.55,-116.55,32.0
1787135265.2583287,-8.72,1.053,0.991,-2.798,-0.283,1.005,90.6,-14.1,-131.4,16.0
1787135265.2583566,-8.519,1.01,0.642,-2.819,0.171,1.242,90.9,-13.05,-130.2,16.0
1787135265.4614022,-10.767,-0.474,-1.841,-1.144,0.101,0.531,97.8,10.2,-132.9,16.0
1787135265.4614305,-10.563,-0.357,-2.002,-0.909,0.024,0.363,96.0,10.05,-129.75,16.0
1787135265.4636993,-10.374,-0.311,-2.155,-0.776,0.014,0.241,98.1,11.4,-131.4,16.0
1787135265.6690109,-10.685,-0.733,-1.13,0.682,0.007,-0.1,96.6,13.2,-130.8,16.0
1787135265.6690352,-10.896,-0.713,-0.867,0.793,0.018,-0.184,97.5,14.25,-131.25,16.0
1787135265.669047,-10.898,-0.551,-0.596,0.898,0.002,-0.251,95.85,11.4,-131.85,16.0
1787135265.8739378,-10.568,-0.323,0.491,1.371,0.008,-0.492,96.0,4.2,-131.25,24.0
1787135265.8739643,-10.647,-0.304,0.632,1.439,-0.019,-0.575,95.4,2.7,-131.25,24.0
1787135266.0793548,-8.882,0.084,1.614,2.455,-0.06,-0.608,89.25,-28.8,-120.75,21.0
1787135266.0793808,-8.612,0.204,1.607,2.559,0.036,-0.577,88.95,-31.2,-119.85,23.0
1787135266.0793922,-8.868,0.333,1.733,2.64,0.107,-0.555,88.8,-34.5,-118.65,23.0
1787135266.28309,-8.509,1.403,4.278,2.664,-0.191,-0.326,81.3,-47.25,-95.1,26.0
1787135266.2831132,-8.399,1.767,4.741,2.437,-0.108,-0.241,81.6,-47.1,-90.75,24.0
1787135266.283125,-8.483,1.441,5.092,2.241,-0.016,-0.214,81.15,-47.1,-90.15,24.0
1787135266.487157,-8.509,1.264,7.08,0.538,0.256,-0.065,77.55,-45.3,-77.4,41.0
1787135266.4871829,-8.887,1.937,6.814,0.187,0.25,-0.019,76.65,-45.9,-75.0,41.0
1787135266.4871948,-9.184,1.693,6.503,-0.102,0.194,-0.021,77.55,-46.2,-74.85,30.0
1787135266.690675,-9.321,1.015,4.755,-1.153,0.103,0.267,79.35,-46.65,-80.55,34.0
1787135266.6907005,-9.16,1.058,4.518,-1.248,0.011,0.266,80.1,-46.35,-82.65,34.0
1787135266.8979094,-9.385,0.407,4.211,-1.628,-0.651,0.511,84.3,-44.25,-99.15,74.0
1787135266.8979356,-9.493,0.766,4.781,-1.712,-0.57,0.525,84.75,-42.6,-100.2,74.0
1787135266.8979475,-9.134,1.432,5.104,-1.955,-0.331,0.478,85.95,-43.65,-101.85,33.0
1787135267.1041124,-9.325,0.316,3.184,-3.131,0.369,0.644,90.45,-30.15,-122.1,22.0
1787135267.1041462,-9.189,0.381,2.749,-3.103,0.079,0.78,90.6,-25.65,-124.05,22.0
1787135267.3087568,-10.084,1.099,0.036,-2.072,0.191,0.806,95.55,-1.35,-131.4,24.0
1787135267.3087835,-10.41,1.432,-0.524,-1.965,0.264,0.741,97.8,3.6,-131.85,24.0
1787135267.3087957,-10.989,1.13,-0.852,-1.617,0.071,0.436,96.6,6.3,-131.85,17.0
1787135267.5117779,-10.312,-1.159,-1.168,0.388,0.103,-0.392,97.8,10.2,-132.15,29.0
1787135267.5118036,-10.12,-0.8,-1.207,0.461,0.12,-0.406,97.05,9.0,-133.35,29.0
1787135267.5118158,-10.113,-0.807,-1.226,0.538,0.203,-0.379,96.6,8.7,-131.85,29.0
1787135267.71661,-9.898,-0.713,-0.352,1.816,-0.023,-0.676,94.8,-0.45,-131.85,28.0
1787135267.7166357,-9.95,-0.534,-0.172,1.94,0.043,-0.621,94.65,-2.25,-131.25,28.0
1787135267.7166474,-10.008,-0.371,-0.06,2.046,0.039,-0.62,93.3,-5.55,-131.85,28.0
1787135267.9206898,-8.792,-0.17,1.741,2.705,-0.062,-0.764,90.9,-23.85,-122.4,18.0
1787135267.9207153,-8.815,-0.326,2.172,2.797,-0.003,-0.705,88.2,-30.15,-121.05,18.0
1787135268.1262999,-8.332,0.543,3.761,2.358,-0.13,-0.351,82.05,-45.3,-100.5,31.0
1787135268.126326,-8.313,0.275,3.977,2.456,-0.07,-0.23,81.9,-45.9,-97.8,31.0
1787135268.1263368,-8.317,0.625,4.221,2.523,-0.049,-0.137,81.15,-45.6,-95.55,31.0
1787135268.332136,-9.242,1.496,6.4,0.882,-0.229,-0.287,78.3,-46.5,-80.7,32.0
1787135268.332168,-8.641,1.089,6.515,0.542,-0.111,-0.242,79.35,-45.6,-77.55,38.0
1787135268.3321753,-8.612,0.97,6.553,0.338,0.106,-0.128,79.35,-45.6,-77.55,38.0
1787135268.5362113,-9.103,1.281,5.818,-1.171,0.185,0.188,78.75,-45.0,-81.45,71.0
1787135268.5362365,-9.428,1.068,5.571,-1.303,0.294,0.218,78.75,-45.0,-81.0,57.0
1787135268.741705,-9.694,-0.105,2.911,-2.372,0.293,0.247,78.3,-44.25,-104.25,27.0
1787135268.7417302,-9.883,-0.46,2.71,-2.102,0.172,0.272,82.35,-43.95,-104.85,11.0
1787135268.7417424,-9.917,-0.065,2.521,-1.88,0.076,0.29,82.5,-41.55,-110.85,11.0
1787135268.9455388,-9.117,-1.36,2.246,-2.179,-0.212,0.316,84.9,-30.45,-121.65,28.0
1787135268.9455633,-9.105,-1.099,2.16,-2.115,-0.361,0.386,85.8,-28.8,-123.45,26.0
1787135268.9455748,-8.789,-0.922,2.078,-2.144,-0.467,0.434,87.3,-28.8,-123.75,26.0
1787135269.153574,-11.698,2.028,-0.448,-1.744,0.359,1.032,96.6,3.15,-130.05,13.0
1787135269.1535966,-12.076,2.954,-1.063,-1.946,-0.203,0.663,96.3,4.8,-130.8,13.0
1787135269.1536078,-11.159,1.915,-1.199,-1.908,-0.32,0.531,99.45,7.2,-130.5,13.0
1787135269.353722,-10.963,-0.967,-1.355,0.405,-0.034,-0.186,97.5,11.55,-131.7,16.0
1787135269.3537486,-11.047,-0.886,-1.106,0.619,-0.015,-0.211,98.7,10.35,-131.7,16.0
1787135269.5606737,-10.503,-0.359,0.014,1.805,-0.216,-0.891,96.75,-1.5,-131.25,21.0
1787135269.5607,-10.137,0.057,0.225,1.898,-0.179,-0.918,95.85,-2.85,-131.4,21.0
1787135269.5607111,-9.946,-0.199,0.431,1.979,-0.146,-0.949,95.1,-6.75,-130.05,21.0
1787135269.7642417,-8.938,-0.314,2.107,2.601,0.126,-0.906,90.6,-25.2,-123.0,24.0
1787135269.7642677,-8.641,0.022,2.071,2.627,0.112,-0.907,89.25,-29.55,-121.2,24.0
1787135269.7642796,-8.796,-0.323,2.473,2.667,0.08,-0.825,89.4,-31.2,-121.35,24.0
1787135269.9687288,-7.542,0.151,4.35,2.062,-0.003,-0.631,82.05,-44.25,-100.5,49.0
1787135269.9687543,-7.319,-0.357,4.487,2.087,0.179,-0.484,81.3,-45.75,-98.4,49.0
1787135270.1736546,-9.809,1.537,6.627,0.709,0.081,-0.068,79.35,-46.65,-79.8,61.0
1787135270.1736789,-9.505,1.322,6.891,0.416,-0.047,-0.057,79.05,-47.25,-81.45,61.0
1787135270.1736903,-9.148,1.197,6.972,0.246,0.048,-0.055,81.15,-45.9,-80.1,61.0
1787135270.3795557,-9.098,0.728,6.139,-0.94,0.016,-0.027,78.9,-45.6,-82.35,51.0
1787135270.3795815,-8.696,0.955,5.777,-1.079,0.13,0.015,79.65,-45.6,-83.1,51.0
1787135270.3795922,-8.638,0.804,5.655,-1.285,0.291,0.064,80.1,-45.9,-86.1,51.0
1787135270.583715,-8.492,0.548,4.307,-2.155,-0.125,0.623,82.5,-45.3,-102.45,28.0
1787135270.5837407,-9.108,0.797,4.29,-2.317,-0.586,0.64,82.5,-42.3,-105.0,28.0
1787135270.7893794,-10.044,0.661,1.197,-2.263,-0.361,0.515,94.95,-14.25,-127.2,26.0
1787135270.7894063,-9.663,0.127,1.243,-2.053,-0.261,0.643,93.45,-12.75,-128.4,26.0
1787135270.789418,-9.984,0.57,0.685,-1.908,-0.047,0.644,95.85,-11.4,-128.85,19.0
1787135270.9952157,-10.005,-0.862,-0.692,-1.252,0.123,0.294,98.25,3.75,-129.75,16.0
1787135270.9952412,-9.783,-1.128,-0.898,-1.076,0.038,0.203,98.1,5.85,-131.4,16.0
1787135270.9952524,-9.577,-0.948,-1.149,-0.954,-0.005,0.177,99.3,7.05,-130.8,10.0
1787135271.198276,-10.489,-1.044,-0.984,0.66,-0.052,-0.126,99.75,8.4,-130.2,25.0
1787135271.198301,-10.451,-0.51,-0.941,0.826,0.06,-0.103,97.5,6.15,-131.25,25.0
1787135271.4042318,-10.558,0.093,0.589,1.797,-0.067,-0.629,96.6,-2.85,-131.4,10.0
1787135271.4042563,-10.324,-0.101,0.857,1.808,-0.125,-0.705,96.3,-7.05,-130.05,10.0
1787135271.4042683,-10.216,-0.223,1.034,1.857,-0.117,-0.758,95.7,-7.65,-129.45,10.0
1787135271.603744,-8.839,0.304,1.762,2.265,0.139,-0.647,91.8,-23.25,-125.55,26.0
1787135271.60771,-9.153,0.335,1.824,2.346,0.131,-0.595,91.05,-25.65,-123.45,26.0
1787135271.6077352,-9.392,0.503,2.018,2.374,0.051,-0.626,89.4,-29.25,-121.35,26.0
1787135271.814056,-8.6,1.24,3.682,2.29,0.113,-0.277,84.15,-43.65,-100.8,24.0
1787135271.8140843,-8.717,0.989,4.008,2.212,0.021,-0.22,83.7,-44.4,-99.6,24.0
1787135272.016193,-8.894,1.398,4.961,1.924,0.002,-0.191,81.75,-47.25,-93.9,30.0
1787135272.0162127,-9.155,1.298,5.083,1.697,0.067,-0.179,81.3,-46.95,-90.3,30.0
1787135272.2293193,-8.897,1.458,5.737,-1.404,0.318,0.077,81.15,-47.55,-86.7,35.0
1787135272.229345,-9.163,1.671,5.854,-1.651,0.143,-0.01,81.9,-46.35,-86.4,35.0
1787135272.2293565,-9.28,1.877,5.772,-1.991,-0.156,-0.069,80.25,-47.7,-89.85,35.0
1787135272.4272838,-7.547,0.503,3.275,-3.518,0.015,0.532,80.4,-40.5,-114.3,30.0
1787135272.4273088,-8.253,0.158,3.127,-3.4,0.203,0.721,85.05,-37.2,-118.2,30.0
1787135272.4273202,-8.633,0.259,2.691,-3.221,0.062,0.694,84.15,-36.3,-120.3,30.0
1787135272.6351516,-10.13,1.063,0.486,-2.5,-0.101,0.606,91.35,-10.95,-133.35,22.0
1787135272.8360999,-10.503,-1.077,-2.207,-0.472,-0.097,0.392,96.0,6.9,-133.2,23.0
1787135272.8361259,-10.398,-1.006,-1.877,-0.319,-0.037,0.293,96.3,8.7,-133.65,35.0
1787135272.8361378,-10.293,-1.032,-1.755,-0.213,0.04,0.181,96.45,10.35,-132.45,35.0
1787135273.0416484,-10.446,-1.307,-0.448,0.555,0.06,0.008,95.7,8.4,-133.2,18.0
1787135273.0416722,-10.625,-0.893,-0.35,0.656,-0.026,-0.014,95.4,6.15,-134.55,15.0
1787135273.0416837,-10.625,-0.814,-0.184,0.76,-0.142,-0.086,94.2,6.45,-132.45,15.0
1787135273.2492743,-10.846,0.091,0.668,1.807,-0.411,-0.569,93.9,-3.75,-133.2,18.0
1787135273.2493005,-10.295,0.144,0.891,1.893,-0.419,-0.657,94.05,-6.75,-131.4,25.0
1787135273.2493117,-10.027,0.57,0.991,1.898,-0.342,-0.678,94.05,-6.75,-131.4,25.0
1787135273.451111,-9.835,-0.101,1.884,2.535,-0.312,-0.765,91.05,-24.9,-126.75,7.0
1787135273.4511366,-9.562,0.795,1.98,2.642,-0.476,-0.891,90.3,-29.1,-124.5,7.0
1787135273.451148,-9.342,0.323,2.351,2.656,-0.548,-0.956,90.45,-28.5,-122.1,29.0
1787135273.656619,-9.017,-0.199,3.043,1.967,0.697,-0.524,82.5,-44.25,-105.0,49.0
1787135273.6566432,-8.643,0.213,2.777,2.027,0.529,-0.356,81.9,-45.6,-102.9,49.0
1787135273.6566544,-7.999,0.218,2.617,2.01,0.54,-0.221,81.0,-45.75,-100.5,26.0
1787135273.8592134,-9.859,1.448,4.415,1.691,0.005,0.02,80.85,-47.85,-81.3,38.0
1787135274.071434,-9.766,2.193,5.248,-1.627,0.846,0.304,82.5,-46.2,-80.4,42.0
1787135274.0714574,-9.524,2.557,4.841,-1.951,0.864,0.305,82.5,-46.95,-82.2,42.0
1787135274.0714695,-9.163,2.246,4.204,-2.253,0.998,0.355,83.25,-45.3,-87.0,42.0
1787135274.2702014,-9.704,2.543,1.882,-3.052,-0.123,0.126,85.2,-40.5,-114.0,40.0
1787135274.2702272,-9.244,3.098,1.525,-3.181,-0.204,0.303,85.95,-39.0,-115.05,40.0
1787135274.2702386,-8.478,3.747,1.075,-3.439,0.223,0.505,86.55,-34.95,-118.65,40.0
1787135274.474127,-9.807,1.281,-1.101,-2.698,0.056,0.334,91.05,-13.65,-132.15,31.0
1787135274.4741526,-9.967,1.041,-0.833,-2.432,-0.078,0.27,90.3,-11.7,-134.1,31.0
1787135274.4741638,-10.199,0.907,-0.534,-2.255,-0.771,0.032,92.85,-9.75,-134.4,31.0
1787135274.681693,-10.305,1.575,-1.25,-1.36,-0.397,0.245,93.6,5.85,-134.4,34.0
1787135274.6817193,-10.108,0.986,-1.259,-1.226,-0.187,0.177,95.1,8.25,-132.9,34.0
1787135274.6817312,-9.876,0.249,-1.525,-0.958,0.175,0.174,95.85,8.7,-132.15,34.0
1787135274.8851478,-10.321,-0.634,-0.917,0.502,0.143,-0.405,94.35,8.7,-132.6,29.0
1787135274.8851714,-10.266,-0.431,-0.824,0.563,0.207,-0.417,95.55,8.25,-132.9,29.0
1787135274.8851829,-10.779,-0.694,-0.472,0.7,0.214,-0.454,95.1,7.8,-134.85,29.0
1787135275.0914097,-10.226,-0.536,0.651,1.352,-0.34,-0.828,94.05,-2.1,-133.35,28.0
1787135275.0914354,-9.766,-0.062,0.694,1.314,-0.425,-0.859,93.9,-4.95,-133.8,28.0
1787135275.296673,-10.111,-0.45,0.373,2.612,-0.061,-0.714,89.7,-22.8,-127.95,30.0
1787135275.2966983,-9.732,0.065,0.254,2.705,-0.235,-0.78,89.25,-24.15,-128.85,30.0
1787135275.2967103,-8.689,0.455,0.342,2.631,-0.145,-0.856,87.75,-27.6,-126.75,30.0
1787135275.4991856,-8.531,0.263,2.863,2.802,0.49,-0.675,80.55,-43.8,-106.8,27.0
1787135275.499212,-8.729,0.388,3.086,2.86,0.631,-0.487,81.15,-44.85,-104.4,44.0
1787135275.4992232,-9.519,0.287,3.541,3.065,0.528,-0.335,80.55,-45.75,-100.5,44.0
1787135275.705115,-9.448,1.674,5.356,0.699,0.145,-0.024,76.2,-45.3,-76.95,50.0
1787135275.7051408,-9.402,1.381,5.119,0.418,0.311,-0.064,77.1,-46.35,-73.95,50.0
1787135275.705152,-9.804,0.874,5.126,0.238,0.316,-0.054,76.5,-42.6,-75.6,50.0
1787135275.9072638,-9.538,1.051,5.473,-1.163,-0.286,0.135,77.55,-46.5,-78.15,38.0
1787135275.9072893,-9.711,1.286,5.65,-1.455,-0.495,0.096,75.6,-46.35,-78.6,38.0
1787135276.1141434,-7.511,0.067,4.599,-3.137,0.222,0.801,78.6,-45.9,-104.1,25.0
1787135276.1141698,-8.14,0.323,4.365,-3.079,0.144,0.662,79.8,-45.0,-106.8,25.0
1787135276.1141815,-9.222,1.666,3.915,-3.32,-0.25,0.625,82.35,-43.65,-110.7,25.0
1787135276.3196144,-9.905,0.998,1.7,-2.944,-0.718,0.568,90.45,-20.4,-130.5,21.0
1787135276.31964,-8.887,0.682,1.666,-2.731,-0.297,0.661,92.1,-16.8,-131.4,21.0
1787135276.3196516,-9.548,1.322,1.369,-2.636,-0.04,0.712,90.9,-13.5,-130.2,21.0
1787135276.5232892,-9.768,0.378,-1.358,-1.78,-0.003,0.156,96.0,5.7,-132.75,18.0
1787135276.5233142,-9.546,-0.05,-1.477,-1.668,0.057,0.138,95.7,6.45,-132.75,18.0
1787135276.7292058,-10.025,-1.846,-2.421,-0.233,0.111,0.2,96.45,15.45,-133.2,21.0
1787135276.7292306,-10.264,-1.894,-2.258,-0.026,0.121,0.172,94.95,15.75,-132.45,21.0
1787135276.729242,-10.362,-1.731,-2.107,0.152,0.1,0.152,96.3,16.35,-133.65,21.0
1787135276.9329743,-10.381,-1.101,-0.749,0.946,0.045,-0.092,94.65,12.3,-133.5,23.0
1787135276.9331589,-10.408,-0.929,-0.496,1.059,0.031,-0.129,94.8,11.7,-134.1,23.0
1787135276.9331667,-10.434,-0.771,-0.299,1.153,0.028,-0.177,94.05,9.75,-135.15,23.0
1787135277.1390688,-10.025,-0.441,0.443,1.516,0.214,-0.363,91.8,-1.65,-135.15,17.0
1787135277.139095,-9.912,-0.175,0.244,1.502,0.262,-0.357,91.95,-3.75,-135.0,17.0
1787135277.3415806,-9.706,1.001,1.01,3.245,-0.334,-0.385,85.95,-30.9,-122.4,28.0
1787135277.3416052,-9.371,1.331,0.998,3.253,-0.294,-0.397,85.05,-33.75,-120.0,27.0
1787135277.5481064,-8.741,0.788,5.404,3.095,-0.653,-0.44,80.4,-49.05,-92.25,23.0
1787135277.5481322,-8.255,1.197,5.622,2.744,-0.794,-0.569,78.3,-48.45,-88.8,23.0
1787135277.5481434,-7.764,1.733,6.134,2.257,-0.745,-0.505,78.6,-49.5,-87.45,43.0
1787135277.7517207,-9.615,1.791,5.969,-0.243,0.465,0.214,77.1,-46.65,-78.3,48.0
1787135277.7517455,-9.967,1.954,5.624,-0.405,0.443,0.177,77.55,-47.7,-77.7,48.0
1787135277.7517564,-9.895,1.731,5.346,-0.584,0.321,0.15,78.75,-47.7,-78.15,38.0
1787135277.9560091,-8.981,1.477,5.205,-1.721,0.235,0.241,80.1,-47.55,-87.15,35.0
1787135277.956034,-8.624,1.429,4.891,-1.816,0.306,0.31,79.5,-47.7,-91.35,35.0
1787135278.1627336,-9.737,0.73,3.393,-2.926,0.167,0.482,84.75,-38.85,-115.65,46.0
1787135278.162759,-10.527,0.781,3.515,-2.95,-0.391,0.388,85.95,-36.3,-119.1,46.0
1787135278.1627705,-8.296,1.396,2.784,-3.052,-0.411,0.553,85.2,-36.3,-119.55,22.0
1787135278.3673654,-7.786,0.661,-0.196,-3.06,0.379,1.353,93.9,-10.35,-132.45,33.0
1787135278.3673923,-8.246,1.233,-0.462,-2.799,0.501,1.439,94.2,-4.2,-133.8,33.0
1787135278.3674033,-9.21,1.817,-0.704,-2.64,0.382,1.398,94.2,-0.75,-133.5,30.0
1787135278.5714967,-12.977,1.58,-0.886,-0.752,-0.277,0.35,95.85,14.1,-130.8,21.0
1787135278.5715222,-12.175,1.403,-0.946,-0.613,-0.332,0.132,95.7,14.55,-131.7,21.0
1787135278.7767217,-10.704,0.508,-0.785,0.663,-0.287,-0.567,97.35,14.85,-131.4,19.0
1787135278.776747,-10.618,0.378,-0.57,0.842,-0.169,-0.61,95.4,13.05,-131.7,19.0
1787135278.7767584,-10.46,0.505,-0.57,1.006,-0.062,-0.633,97.35,11.7,-130.8,19.0
1787135278.9801745,-9.598,0.852,1.137,2.335,-0.213,-1.075,93.6,-13.2,-130.35,26.0
1787135278.9801996,-9.232,0.56,1.19,2.39,-0.054,-1.013,94.65,-15.45,-129.75,26.0
1787135278.9802113,-9.22,0.038,1.374,2.523,0.063,-0.996,93.15,-19.2,-127.65,26.0
1787135279.1862226,-7.994,1.159,2.883,2.767,-0.9,-1.124,87.3,-37.65,-115.35,25.0
1787135279.186247,-7.898,0.634,3.261,2.739,-0.585,-1.057,84.9,-41.25,-112.2,25.0
1787135279.393231,-8.973,1.243,4.764,2.444,0.122,-0.508,78.0,-46.95,-84.3,32.0
1787135279.3932557,-9.045,1.566,5.25,2.321,-0.114,-0.538,77.55,-46.95,-81.0,32.0
1787135279.3932672,-8.78,1.951,5.708,2.047,-0.222,-0.556,76.95,-46.5,-79.2,32.0
1787135279.5956738,-7.999,1.089,7.276,-0.256,0.124,0.073,74.1,-43.2,-72.45,44.0
1787135279.5956995,-8.267,1.219,7.068,-0.503,0.179,0.165,74.25,-43.05,-72.3,35.0
1787135279.595711,-8.294,1.425,6.8,-0.753,0.272,0.238,74.1,-44.85,-70.2,35.0
1787135279.8033133,-8.633,0.941,5.14,-2.379,-0.358,0.174,77.85,-49.05,-84.15,31.0
1787135279.803409,-8.334,1.087,5.262,-2.461,-0.277,0.285,77.55,-46.95,-90.3,23.0
1787135279.8034215,-8.317,1.53,5.085,-2.511,-0.05,0.35,78.6,-47.55,-93.45,23.0
1787135280.006285,-10.642,0.175,2.907,-3.167,0.146,0.878,83.25,-36.9,-119.7,41.0
1787135280.0063105,-9.9,1.369,2.375,-3.267,-0.46,0.839,84.45,-35.55,-122.1,28.0
1787135280.0063221,-9.395,1.793,2.234,-3.69,-0.59,0.982,85.65,-31.65,-123.6,28.0
1787135280.2102523,-10.07,1.073,0.692,-2.81,-0.012,0.911,93.3,-2.4,-133.35,16.0
1787135280.2102773,-10.977,0.632,0.867,-2.508,-0.508,0.535,93.15,-1.5,-131.7,16.0
1787135280.2102892,-10.142,1.046,0.618,-2.389,-0.73,0.426,94.2,0.3,-131.25,12.0
1787135280.4143503,-9.553,0.105,-1.626,-0.995,-0.038,0.426,98.1,19.8,-128.85,83.0
1787135280.4143758,-9.452,0.213,-1.889,-0.788,0.179,0.484,97.2,21.9,-127.95,90.0
1787135280.414387,-9.831,0.421,-2.152,-0.633,0.309,0.464,96.6,22.5,-129.6,90.0
1787135280.6174757,-10.463,0.141,-0.596,1.273,-0.058,-0.448,96.6,19.5,-130.35,106.0
1787135280.824546,-10.211,0.388,0.891,2.308,-0.161,-0.655,96.6,-0.15,-131.4,17.0
1787135280.8245697,-9.943,1.02,1.015,2.421,-0.165,-0.715,94.95,-2.7,-130.95,17.0
1787135280.824581,-9.737,1.358,1.034,2.409,-0.1,-0.755,94.8,-4.35,-131.4,17.0
1787135281.0295045,-9.294,0.496,2.521,3.15,-0.485,-0.858,91.05,-27.6,-125.25,29.0
1787135281.0295305,-8.871,0.905,2.693,3.241,-0.672,-0.971,90.3,-31.5,-120.0,29.0
1787135281.0295424,-8.818,1.425,2.844,3.111,-0.738,-1.022,88.2,-34.35,-117.75,29.0
1787135281.2314315,-7.606,1.997,5.344,2.39,-0.535,-0.506,83.1,-45.6,-93.75,31.0
1787135281.2314568,-8.447,1.695,6.407,2.187,-0.355,-0.518,81.6,-46.35,-91.5,31.0
1787135281.2314682,-8.535,1.441,6.869,2.012,-0.32,-0.449,82.05,-46.2,-89.1,31.0
1787135281.44322,-7.547,1.281,6.182,0.55,0.507,0.052,78.75,-44.55,-77.4,37.0
1787135281.4432456,-8.296,1.542,5.971,0.502,0.793,0.095,79.8,-45.0,-77.4,37.0
1787135281.4432566,-9.323,1.829,5.906,0.153,0.442,-0.036,79.5,-44.55,-76.95,37.0
1787135281.6426198,-8.686,1.745,6.989,-1.296,0.038,0.1,81.0,-46.95,-81.45,32.0
1787135281.6426458,-8.377,1.657,6.871,-1.513,0.072,0.158,80.85,-46.35,-81.6,32.0
1787135281.8525834,-10.757,0.91,4.365,-3.015,-0.23,0.0,83.1,-43.2,-110.7,28.0
1787135281.8526077,-9.56,0.79,4.159,-3.118,-0.772,0.105,84.0,-42.3,-111.9,28.0
1787135281.8526192,-8.638,0.922,4.101,-3.151,-0.31,0.367,84.45,-40.2,-115.5,28.0
1787135282.0512393,-9.823,1.097,0.527,-2.81,0.385,0.39,88.2,-16.2,-132.45,14.0
1787135282.051265,-9.586,0.484,0.285,-2.78,0.172,0.238,90.3,-12.9,-132.6,14.0
1787135282.258218,-10.523,-0.431,-3.287,-0.959,0.029,0.608,93.45,14.55,-133.5,20.0
1787135282.2582438,-10.712,-0.39,-3.318,-0.768,-0.022,0.526,93.9,16.2,-133.8,20.0
1787135282.2582557,-10.891,-0.737,-3.395,-0.506,-0.029,0.463,94.2,16.5,-133.5,19.0
1787135282.4637218,-10.932,-0.943,-2.547,0.939,-0.101,-0.204,93.9,13.5,-134.55,15.0
1787135282.463747,-10.609,-0.955,-2.339,1.109,-0.071,-0.256,95.7,13.8,-132.75,15.0
1787135282.6687267,-10.113,0.0,-0.211,2.093,-0.275,-0.654,93.45,-2.25,-135.0,13.0
1787135282.6687508,-9.558,-0.043,-0.024,2.136,-0.286,-0.677,91.95,-3.75,-133.5,13.0
1787135282.6687658,-9.084,-0.132,0.103,2.206,-0.097,-0.579,92.4,-5.7,-133.8,13.0
1787135282.8732107,-8.976,0.831,1.47,3.19,-0.261,-0.698,87.15,-29.7,-123.9,17.0
1787135282.8732357,-8.875,0.989,1.81,3.308,-0.106,-0.637,87.75,-30.6,-122.7,17.0
1787135282.8732474,-8.739,1.523,1.709,3.36,-0.003,-0.569,85.2,-34.35,-120.6,17.0
1787135283.0765936,-7.956,2.303,6.076,3.303,-0.403,-0.428,78.9,-47.55,-88.65,15.0
1787135283.0766196,-8.363,2.547,7.029,2.848,-0.434,-0.454,77.25,-48.45,-83.7,15.0
1787135283.076631,-8.365,2.263,7.709,2.348,-0.471,-0.478,76.65,-47.1,-80.55,15.0
1787135283.2795143,-9.491,0.994,6.869,-0.431,0.145,0.088,76.95,-46.2,-75.9,43.0
1787135283.4843063,-8.169,1.432,6.268,-2.571,-0.13,0.3,78.3,-48.0,-91.8,32.0
1787135283.4843316,-7.872,1.499,5.952,-2.737,0.086,0.415,79.5,-47.25,-94.65,32.0
1787135283.4862165,-8.066,1.879,5.425,-3.032,0.252,0.502,79.65,-47.1,-99.3,32.0
1787135283.6921113,-8.961,1.441,2.533,-3.649,0.238,0.788,85.5,-32.55,-121.5,29.0
1787135283.6921372,-8.82,1.604,2.124,-3.676,0.144,0.726,85.95,-31.65,-122.85,29.0
1787135283.6921487,-8.715,1.611,2.107,-3.725,0.013,0.66,86.7,-27.0,-127.95,29.0
1787135283.894469,-11.121,-0.29,-1.776,-2.137,-0.412,0.509,95.7,12.3,-133.2,21.0
1787135283.8944952,-10.738,-0.352,-1.803,-1.808,-0.294,0.378,95.85,12.9,-134.1,4.0
1787135283.8945065,-10.195,0.165,-2.263,-1.562,0.078,0.387,94.95,16.5,-131.7,4.0
1787135284.1017575,-10.441,-1.274,-2.679,0.115,0.214,0.086,97.5,21.6,-130.5,12.0
1787135284.1017835,-10.465,-1.305,-2.488,0.274,0.014,-0.012,95.85,20.25,-130.35,89.0
1787135284.1017954,-10.178,-1.046,-2.387,0.408,-0.114,-0.097,98.7,19.65,-130.5,89.0
1787135284.3057024,-10.422,-0.254,-0.508,1.556,-0.003,-0.353,96.6,12.9,-131.4,11.0
1787135284.3057277,-10.501,-0.045,-0.448,1.701,0.053,-0.335,96.75,11.55,-133.8,18.0
1787135284.3057394,-10.625,-0.129,-0.292,1.865,0.079,-0.393,97.35,9.45,-132.15,18.0
1787135284.5095065,-9.615,0.127,0.996,2.736,0.062,-0.766,94.95,-9.15,-132.45,18.0
1787135284.5095325,-9.859,0.491,1.319,3.053,-0.073,-0.872,92.55,-14.1,-130.05,17.0
1787135284.5095437,-9.864,0.558,1.465,3.108,-0.099,-0.966,91.35,-16.35,-128.85,17.0
1787135284.7143342,-8.27,0.766,4.159,3.3,0.245,-0.77,84.45,-39.3,-111.0,23.0
1787135284.7206066,-8.665,0.543,4.259,3.349,0.284,-0.792,83.4,-41.25,-108.9,23.0
1787135284.7206314,-8.842,0.874,4.314,3.297,0.056,-0.843,83.1,-42.45,-105.6,27.0
1787135284.9226701,-8.061,1.144,6.582,1.865,0.273,-0.325,78.0,-48.0,-87.0,43.0
1787135284.9226944,-8.526,1.204,6.876,1.56,0.163,-0.277,77.1,-48.6,-83.1,43.0
1787135285.1263456,-9.594,1.058,5.741,-0.872,0.148,0.211,79.35,-47.55,-82.35,35.0
1787135285.126371,-9.876,1.271,5.784,-1.082,-0.028,0.179,78.9,-45.6,-83.1,35.0
1787135285.1370866,-9.572,1.204,5.746,-1.318,-0.182,0.137,78.3,-47.25,-85.8,33.0
1787135285.538213,-8.629,-0.639,0.663,-2.81,-0.357,0.868,89.55,-14.4,-130.8,22.0
1787135285.538239,-8.911,-1.197,0.634,-2.385,-0.402,0.851,92.7,-11.55,-130.95,22.0
1787135285.7391534,-10.487,-0.306,-0.905,-1.479,0.347,0.758,98.1,9.45,-131.1,3.0
1787135285.7391796,-10.618,-0.555,-1.226,-1.239,0.393,0.715,97.8,10.95,-130.05,3.0
1787135285.9437118,-10.764,-1.362,-1.161,0.145,0.125,0.103,96.6,15.6,-131.1,12.0
1787135285.9437397,-10.968,-1.326,-0.998,0.202,0.035,0.003,96.75,14.55,-130.2,6.0
1787135286.1493363,-10.953,-1.219,-0.781,0.411,0.031,-0.189,95.85,15.15,-130.05,6.0
1787135286.1493618,-10.75,-1.298,-0.781,0.619,0.142,-0.198,95.85,15.9,-130.35,6.0
1787135286.1493728,-10.906,-1.113,-0.814,0.763,0.211,-0.229,96.45,13.05,-131.25,6.0
1787135286.354384,-9.189,-0.639,-0.524,2.027,0.044,-0.805,94.35,0.45,-132.9,85.0
1787135286.3544092,-9.282,-0.792,-0.342,2.359,0.128,-0.798,94.05,-0.9,-132.9,85.0
1787135286.3544204,-9.184,-0.644,-0.366,2.56,0.132,-0.735,93.15,-3.75,-132.45,13.0
1787135286.5585265,-9.005,0.333,4.171,2.609,0.517,-0.19,80.85,-43.95,-103.65,23.0
1787135286.5585523,-9.318,0.5,4.398,2.47,0.279,-0.188,80.4,-46.35,-101.55,23.0
1787135286.764094,-10.022,0.565,5.962,0.917,-0.021,0.079,78.3,-47.7,-85.05,46.0
1787135286.7641206,-9.732,0.783,6.129,0.725,-0.159,-0.006,78.6,-47.1,-83.1,54.0
1787135286.7641323,-9.962,1.063,6.316,0.379,-0.205,-0.089,78.9,-46.65,-84.15,54.0
1787135286.9637427,-9.021,0.278,6.088,-1.705,0.02,-0.005,78.75,-47.25,-90.6,56.0
1787135286.9674668,-9.141,0.247,5.667,-1.849,0.165,0.012,78.6,-46.65,-90.45,50.0
1787135286.9674833,-9.189,0.445,5.42,-2.076,0.088,-0.016,78.9,-47.85,-93.0,50.0
1787135287.173225,-9.73,0.977,3.031,-3.071,-0.231,0.74,85.5,-29.55,-124.5,24.0
1787135287.1732492,-10.058,0.816,2.567,-3.169,-0.313,0.606,85.8,-27.9,-125.25,24.0
1787135287.3758252,-9.088,0.342,-0.965,-2.835,0.211,0.847,93.3,3.6,-134.1,20.0
1787135287.3758507,-10.123,0.936,-1.456,-2.653,0.077,0.623,95.1,5.1,-133.65,20.0
1787135287.5828664,-10.867,-0.948,-3.235,-0.067,-0.27,0.255,97.35,21.0,-130.05,16.0
1787135287.5828922,-11.076,-1.238,-3.17,0.242,-0.12,0.238,98.25,21.15,-129.15,16.0
1787135287.5829039,-11.669,-1.006,-2.962,0.524,-0.076,0.154,97.95,19.65,-129.75,16.0
1787135287.7865334,-11.72,-0.548,-0.929,1.843,-0.067,-0.92,99.6,9.45,-131.1,23.0
1787135287.7866237,-12.447,-0.388,-0.51,1.926,-0.087,-1.067,98.1,7.05,-131.1,23.0
1787135287.7866366,-12.869,-0.745,0.101,2.077,-0.269,-1.354,97.5,4.5,-130.5,23.0
1787135287.990681,-11.873,-1.362,5.155,1.754,-0.653,-2.936,94.2,-16.95,-125.7,17.0
1787135287.9907055,-11.566,-1.688,5.741,1.627,-0.921,-3.236,94.35,-17.1,-125.55,17.0
1787135288.1967123,-0.802,-4.958,7.939,-0.672,-1.774,-3.579,75.45,-35.7,-116.7,33.0
1787135288.1967375,-0.733,-4.932,7.429,-0.785,-1.608,-3.391,72.15,-35.55,-116.55,33.0
1787135288.196749,0.108,-4.767,6.742,-1.051,-1.696,-3.186,72.6,-33.9,-115.05,33.0
1787135288.4021316,5.064,-6.955,2.464,-1.307,-1.042,-1.013,67.8,-24.3,-124.35,26.0
1787135288.4021697,4.781,-7.226,1.528,-1.08,-0.65,-0.746,68.55,-21.15,-126.45,26.0
1787135288.4021766,4.293,-7.032,0.994,-0.836,-0.488,-0.571,70.2,-23.25,-126.0,26.0
1787135288.6064403,4.173,-8.657,0.259,-0.201,-0.623,-0.218,71.55,-18.9,-128.7,28.0
1787135288.6064656,4.53,-8.547,0.189,-0.165,-0.537,-0.181,73.2,-16.8,-127.8,28.0
1787135288.8111334,4.355,-8.705,-1.638,0.661,0.701,0.303,73.65,-16.95,-127.95,30.0
1787135288.8111565,3.97,-8.978,-1.872,0.81,0.687,0.362,74.1,-18.45,-127.2,21.0
1787135288.8111677,3.711,-8.988,-1.604,1.09,0.642,0.401,75.0,-19.8,-128.1,21.0
1787135289.0168948,2.004,-6.519,1.255,2.586,1.853,0.344,68.85,-28.95,-121.05,42.0
1787135289.0169196,1.128,-6.201,1.903,2.801,1.721,0.279,68.7,-29.85,-118.2,42.0
1787135289.016931,0.766,-5.471,2.48,2.832,1.352,0.212,68.85,-33.6,-117.3,39.0
1787135289.2206633,-0.735,-1.166,8.464,3.953,1.211,-0.025,63.3,-43.95,-97.8,32.0
1787135289.2206876,-1.001,-0.522,8.935,4.627,1.278,0.146,62.1,-45.15,-91.5,32.0
1787135289.4282174,0.534,4.879,14.533,1.1,0.236,-0.159,57.3,-39.75,-57.75,64.0
1787135289.428243,0.263,5.519,14.545,1.099,0.464,-0.114,58.65,-38.4,-56.4,64.0
1787135289.428254,-0.122,6.026,14.423,0.827,0.571,-0.104,57.75,-36.3,-54.45,81.0
1787135289.6264389,-0.606,3.321,10.805,-0.735,0.15,0.171,60.15,-38.4,-56.85,74.0
1787135289.6302857,-0.587,3.227,10.472,-0.688,0.003,0.153,61.95,-37.95,-56.4,74.0
1787135289.6303122,-0.663,3.349,10.376,-0.78,-0.092,0.169,60.9,-38.85,-57.75,71.0
1787135289.8343134,-0.625,2.761,13.024,-2.0,-0.072,0.331,63.15,-44.55,-68.85,53.0
1787135289.8343382,-0.788,2.801,13.647,-2.291,-0.304,0.466,64.65,-45.75,-70.8,53.0
1787135289.83435,-0.153,2.6,14.238,-2.677,-0.423,0.542,64.65,-45.75,-74.85,53.0
1787135290.0416312,-1.702,-2.181,7.726,-4.219,-1.587,-0.047,71.25,-43.05,-104.25,52.0
1787135290.0416594,-0.63,-2.708,7.168,-4.141,-1.471,-0.021,72.75,-41.1,-109.05,52.0
1787135290.0416708,-0.812,-3.275,6.536,-4.052,-1.319,0.066,73.2,-38.85,-111.9,52.0
1787135290.2411916,0.424,-7.216,-2.174,-2.31,-1.208,-0.148,81.3,-19.5,-128.1,26.0
1787135290.2452984,0.563,-7.211,-2.911,-2.117,-1.134,-0.051,81.6,-18.45,-129.45,26.0
1787135290.2453246,0.886,-7.954,-3.369,-2.038,-0.96,-0.104,83.4,-18.15,-130.2,26.0
1787135290.4571927,2.193,-10.408,-0.802,0.528,0.121,-0.14,84.9,-12.75,-129.45,45.0
1787135290.4572184,2.342,-10.362,-0.239,0.649,0.279,-0.138,85.5,-13.65,-130.35,45.0
1787135290.4572299,2.145,-10.139,0.132,0.698,0.432,-0.09,84.0,-13.2,-128.55,45.0
1787135290.6537757,1.611,-9.163,0.172,0.907,0.593,0.018,80.85,-17.7,-126.15,34.0
1787135290.6538014,1.183,-8.906,-0.29,1.132,0.666,-0.076,81.3,-21.0,-127.8,34.0
1787135290.85946,0.694,-6.443,2.761,2.761,1.124,-0.388,74.85,-31.65,-118.35,31.0
1787135290.8594866,0.158,-6.108,3.469,3.074,1.14,-0.469,74.4,-32.4,-117.0,31.0
1787135290.859498,0.52,-5.461,4.063,3.321,1.236,-0.442,72.0,-35.25,-113.85,31.0
1787135291.0645308,-1.185,0.165,10.381,3.621,0.799,-0.424,63.9,-44.25,-91.8,32.0
1787135291.0645561,-0.96,0.761,10.805,3.218,0.281,-0.531,62.7,-46.95,-89.1,41.0
1787135291.0645673,0.11,1.492,11.487,2.786,0.206,-0.518,60.9,-45.3,-84.75,41.0
1787135291.268695,-0.089,2.844,13.578,1.067,-0.181,-0.018,56.25,-45.9,-67.95,26.0
1787135291.2687201,0.242,3.388,13.02,0.841,-0.133,0.046,55.5,-44.85,-66.9,72.0
1787135291.4742405,-0.187,1.958,11.009,-0.26,-0.183,0.152,56.4,-44.55,-64.8,56.0
1787135291.4742665,0.213,1.982,10.506,-0.213,0.026,0.148,57.0,-43.95,-64.35,56.0
1787135291.474278,-0.148,2.131,10.59,-0.286,0.198,0.204,58.5,-43.65,-64.35,53.0
1787135291.6777883,-1.968,1.92,11.832,-1.083,-0.243,-0.027,61.05,-46.65,-70.65,54.0
1787135291.6778142,-1.887,1.705,12.222,-1.261,-0.432,-0.013,60.45,-46.95,-71.85,53.0
1787135291.6778266,-0.239,1.209,12.665,-1.464,-0.393,0.03,60.6,-45.9,-74.55,53.0
1787135291.8832417,-0.565,0.079,11.255,-3.001,-0.591,0.26,63.3,-47.1,-89.4,33.0
1787135291.8832676,-0.407,-0.673,10.539,-3.222,-0.506,0.225,64.65,-47.25,-92.85,33.0
1787135292.0902987,0.934,-6.752,1.707,-3.112,-1.103,0.225,73.65,-26.25,-128.4,31.0
1787135292.090324,0.563,-6.692,0.096,-3.006,-0.842,0.37,76.35,-25.05,-128.7,31.0
1787135292.0903354,0.443,-7.106,-0.816,-2.833,-0.782,0.368,79.05,-21.0,-130.35,31.0
1787135292.2893722,1.458,-9.972,-3.881,-0.46,-0.1,0.129,85.65,-11.1,-131.7,37.0
1787135292.292767,1.176,-9.45,-4.065,-0.154,-0.046,0.161,86.25,-11.4,-134.4,37.0
1787135292.292793,0.953,-9.39,-3.989,-0.055,-0.147,0.22,86.7,-10.8,-133.2,37.0
1787135292.4985068,0.747,-9.996,-1.465,0.731,0.333,-0.007,85.5,-14.4,-131.1,37.0
1787135292.4985325,1.132,-10.111,-1.472,0.899,0.39,-0.043,84.45,-13.05,-130.95,37.0
1787135292.7010465,1.243,-8.384,0.725,2.189,0.955,0.096,82.05,-25.2,-125.55,33.0
1787135292.701072,0.096,-7.956,2.133,2.261,0.989,0.085,81.75,-26.4,-126.0,33.0
1787135292.9048107,-0.792,-5.502,6.551,2.924,0.779,-0.497,75.6,-39.75,-112.2,25.0
1787135293.1141703,-0.237,0.883,10.841,3.229,0.289,-0.734,65.1,-47.55,-84.15,35.0
1787135293.114211,-0.299,1.709,11.334,2.961,0.201,-0.487,63.3,-47.55,-83.4,35.0
1787135293.3157618,1.171,2.035,12.096,0.325,0.327,0.01,57.9,-46.5,-67.05,87.0
1787135293.315787,0.687,1.99,11.856,0.233,0.511,0.065,58.5,-46.65,-65.4,87.0
1787135293.5217128,0.342,1.544,10.685,-0.434,0.01,0.001,57.9,-45.75,-68.25,71.0
1787135293.5217385,0.362,1.391,10.537,-0.52,0.031,0.062,58.5,-45.6,-67.95,71.0
1787135293.52175,0.316,1.173,10.455,-0.584,0.049,0.142,57.75,-46.65,-67.95,71.0
1787135293.7267535,-0.352,-0.247,12.443,-1.78,-0.448,0.156,61.35,-49.5,-82.05,77.0
1787135293.726779,-0.031,-0.194,12.622,-1.923,-0.469,0.241,63.6,-49.5,-84.6,77.0
1787135293.7267902,0.0,-0.283,12.699,-2.238,-0.419,0.336,62.55,-48.6,-84.6,48.0
1787135293.9307346,-0.132,-3.089,9.328,-3.442,-0.462,0.426,67.35,-44.4,-105.15,31.0
1787135293.93076,-0.359,-3.881,8.636,-3.391,-0.567,0.408,68.85,-42.15,-109.2,31.0
1787135294.1367464,-0.888,-6.807,1.99,-2.649,-0.947,-0.213,74.25,-29.1,-125.55,60.0
1787135294.1367724,-0.725,-6.941,1.47,-2.561,-0.948,-0.297,75.6,-26.25,-127.95,60.0
1787135294.1367836,-0.053,-7.087,0.788,-2.532,-0.932,-0.407,76.95,-23.25,-128.85,60.0
1787135294.3403666,1.319,-9.258,-4.027,-0.244,-0.244,-0.007,83.55,-14.1,-132.9,32.0
1787135294.3403916,1.377,-9.661,-3.737,-0.07,-0.185,-0.007,83.55,-13.65,-132.6,32.0
1787135294.3404033,1.329,-9.74,-3.402,0.077,-0.068,-0.03,82.65,-11.85,-133.5,32.0
1787135294.5461578,1.312,-10.015,-0.316,0.845,0.455,0.206,81.0,-16.8,-131.85,17.0
1787135294.546183,1.18,-9.799,-0.311,1.003,0.665,0.227,81.15,-16.95,-129.45,17.0
1787135294.7513607,-0.014,-7.784,1.279,2.167,0.569,-0.427,77.25,-27.6,-125.25,42.0
1787135294.7513862,-0.141,-7.424,2.727,2.314,0.468,-0.403,75.6,-30.15,-123.9,42.0
1787135294.7513976,-0.007,-6.989,3.17,2.491,0.491,-0.343,75.9,-29.25,-123.15,42.0
1787135294.955646,0.74,-4.843,8.131,2.591,0.784,-0.359,69.3,-42.15,-105.9,25.0
1787135294.9556715,0.493,-4.372,8.61,2.573,0.929,-0.356,68.55,-43.2,-104.4,25.0
1787135294.9556823,0.141,-4.008,9.251,2.613,1.039,-0.342,66.3,-44.85,-100.8,25.0
1787135295.1595197,1.618,-0.838,10.697,1.475,-0.51,-0.55,57.75,-45.6,-90.15,27.0
1787135295.1595452,1.434,-1.156,11.212,1.545,-0.165,-0.615,58.95,-48.0,-84.75,27.0
1787135295.1595564,1.422,-0.881,11.095,1.78,0.199,-0.544,58.65,-47.7,-84.75,27.0
1787135295.3641622,-0.129,1.221,11.497,0.314,0.422,0.24,55.8,-48.3,-69.9,45.0
1787135295.3642015,-0.407,1.173,11.334,0.272,0.28,0.234,56.55,-47.85,-69.15,40.0
1787135295.5714083,-0.318,1.413,12.974,-0.646,-0.014,0.095,55.2,-48.9,-68.55,45.0
1787135295.571434,-0.108,1.051,13.178,-0.938,-0.019,0.164,57.15,-47.7,-69.6,51.0
1787135295.5715055,0.172,1.003,13.331,-1.046,0.072,0.197,55.95,-48.9,-68.85,51.0
1787135295.7745812,-0.259,-0.002,12.273,-2.784,-0.526,0.18,60.15,-49.2,-87.3,30.0
1787135295.7746058,-0.232,-0.57,11.554,-2.982,-0.5,0.237,59.85,-48.6,-89.4,23.0
1787135295.7746172,-0.596,-0.86,11.018,-3.067,-0.51,0.251,61.8,-47.85,-93.45,23.0
1787135295.978618,-0.141,-3.675,6.773,-3.374,-1.245,0.099,67.05,-40.2,-113.7,21.0
1787135295.9786432,0.409,-4.149,5.964,-3.541,-1.22,0.169,68.7,-37.65,-115.65,21.0
1787135296.1813848,0.165,-7.321,-2.143,-2.41,-1.093,0.034,78.3,-17.85,-132.6,49.0
1787135296.1814098,0.359,-7.537,-2.921,-2.248,-1.167,0.051,79.8,-15.6,-132.9,49.0
1787135296.1837585,0.716,-7.748,-3.761,-2.085,-1.109,0.08,81.3,-11.7,-133.65,38.0
1787135296.3896608,1.602,-9.771,-5.581,0.376,0.177,0.117,87.45,-4.5,-134.55,21.0
1787135296.3896863,1.542,-9.893,-5.121,0.731,0.334,0.065,87.3,-5.1,-133.8,21.0
1787135296.389698,1.358,-9.799,-4.46,0.94,0.402,-0.005,87.0,-6.3,-132.9,22.0
1787135296.5915244,1.025,-8.837,-0.673,1.636,0.757,0.134,81.15,-14.25,-129.75,41.0
1787135296.5915532,0.907,-9.045,-0.28,1.7,0.84,0.176,81.75,-17.1,-130.05,41.0
1787135296.5915651,0.737,-8.734,0.031,1.933,0.768,0.078,82.35,-17.7,-129.75,25.0
1787135296.7987127,0.385,-8.485,2.418,2.864,1.021,0.252,78.9,-27.45,-125.4,35.0
1787135296.798738,0.156,-7.415,3.208,2.922,0.64,0.079,76.2,-30.6,-122.7,35.0
1787135296.7987492,0.12,-6.402,4.326,2.781,0.333,-0.01,76.35,-30.9,-119.85,35.0
1787135297.0025694,-0.848,-3.091,9.448,2.374,0.691,-0.228,68.55,-46.35,-96.3,30.0
1787135297.002594,-1.561,-1.669,9.732,2.249,0.648,-0.147,68.7,-49.2,-93.9,30.0
1787135297.002605,-1.451,-1.245,9.711,2.027,0.519,-0.16,68.1,-48.3,-92.7,30.0
1787135297.2087765,-0.752,0.28,11.732,1.323,-0.051,-0.376,62.85,-49.8,-77.55,33.0
1787135297.2088027,-0.464,0.218,11.945,1.3,0.034,-0.382,62.7,-49.95,-75.9,33.0
1787135297.4108472,-0.972,1.508,12.34,-0.242,-0.01,-0.232,59.25,-49.5,-68.7,15.0
1787135297.410882,-0.644,1.092,12.416,-0.334,-0.031,-0.238,57.75,-49.05,-67.95,15.0
1787135297.6177554,-1.338,0.206,10.683,-1.448,0.145,0.25,59.4,-51.9,-79.2,68.0
1787135297.61778,-1.686,-0.077,10.781,-1.476,-0.076,0.236,60.6,-51.75,-80.85,68.0
1787135297.6177912,-1.422,-0.551,10.664,-1.464,-0.186,0.262,60.3,-50.55,-81.6,68.0
1787135297.8242075,-0.124,-2.385,11.691,-1.775,-1.098,-0.156,63.9,-49.65,-95.85,20.0
1787135297.8242333,0.51,-2.27,12.213,-2.038,-1.202,-0.079,62.85,-49.5,-97.8,20.0
1787135298.0262887,-1.295,-6.072,5.394,-3.361,-0.457,0.26,70.8,-38.55,-116.55,43.0
1787135298.026314,-1.207,-6.565,4.635,-3.075,-0.498,-0.003,72.0,-34.95,-120.0,13.0
1787135298.2331762,0.85,-8.988,-2.251,-1.986,-0.908,-0.384,84.75,-12.9,-130.35,41.0
1787135298.2332025,1.288,-8.724,-3.349,-1.626,-0.819,-0.2,84.45,-10.8,-129.45,6.0
1787135298.2332144,1.662,-8.82,-3.802,-1.31,-0.718,-0.142,85.8,-8.25,-129.3,6.0
1787135298.437309,1.551,-9.967,-3.165,0.996,0.034,0.145,88.8,-10.2,-131.4,23.0
1787135298.437334,1.645,-9.89,-2.638,1.156,0.221,0.154,87.75,-10.5,-129.3,33.0
1787135298.4373455,1.41,-10.005,-1.86,1.233,0.379,0.13,87.45,-11.55,-127.65,33.0
1787135298.6413283,-0.419,-7.07,1.295,2.239,0.364,0.259,82.65,-24.3,-124.35,24.0
1787135298.6413531,-0.266,-7.022,1.499,2.267,0.349,0.187,82.35,-28.2,-122.85,24.0
1787135298.8466406,-1.456,-2.243,8.219,3.236,0.095,-0.406,76.65,-43.2,-101.55,21.0
1787135298.8466663,-1.274,-2.296,9.309,2.978,0.077,-0.567,74.25,-43.8,-100.95,21.0
1787135298.846678,-1.144,-2.31,9.969,2.852,0.016,-0.589,75.45,-45.75,-97.65,21.0
1787135299.0517163,0.713,0.328,12.562,1.792,0.303,-0.24,66.3,-49.5,-76.8,29.0
1787135299.0517423,0.539,1.113,12.778,1.394,0.513,-0.166,65.85,-48.3,-76.05,29.0
1787135299.0517545,0.254,0.802,12.96,1.049,0.748,-0.105,65.7,-49.65,-72.6,29.0
1787135299.2546303,-0.646,1.053,11.183,0.3,0.137,-0.055,65.55,-47.55,-67.95,33.0
1787135299.2546563,-0.709,1.307,11.437,0.382,0.089,-0.094,66.3,-47.55,-69.15,33.0
1787135299.2546675,-0.342,1.796,11.581,-0.001,-0.141,-0.075,66.0,-48.0,-67.5,33.0
1787135299.4627044,-1.006,0.713,11.195,-0.635,-0.017,0.089,65.85,-49.05,-70.2,27.0
1787135299.4627295,-1.116,0.484,11.557,-0.707,-0.123,0.092,66.0,-48.45,-70.8,27.0
1787135299.4627407,-0.922,0.706,11.882,-0.765,-0.076,0.114,64.95,-48.0,-71.1,27.0
1787135299.665671,-1.022,-0.883,12.177,-2.391,-0.051,0.033,67.95,-48.9,-85.8,30.0
1787135299.665697,-1.712,-1.223,11.937,-2.315,0.043,0.021,68.25,-47.7,-88.35,30.0
1787135299.6657085,-3.642,-1.496,11.801,-2.368,-0.439,-0.126,67.35,-47.85,-91.5,30.0
1787135299.8696518,0.512,-4.616,6.139,-2.654,-0.674,-0.159,67.2,-40.65,-111.3,16.0
1787135299.869677,1.128,-4.824,5.851,-2.781,-0.851,-0.156,69.75,-40.35,-112.35,16.0
1787135299.869689,1.125,-4.894,5.722,-2.773,-0.722,-0.068,68.85,-39.75,-114.75,16.0
1787135300.074066,0.407,-7.13,1.669,-2.165,-0.763,-0.017,71.85,-27.45,-126.9,27.0
1787135300.0740926,0.527,-7.441,1.058,-2.034,-0.822,0.04,75.15,-26.55,-128.4,27.0
1787135300.2807863,1.633,-10.376,-2.016,0.41,0.072,0.032,79.65,-15.45,-132.0,26.0
1787135300.2808125,1.654,-10.331,-1.719,0.521,0.092,0.069,79.5,-15.6,-131.1,26.0
1787135300.2808244,1.709,-9.984,-1.003,0.55,0.161,0.082,79.35,-16.5,-130.95,27.0
1787135300.4842632,1.279,-9.301,-0.299,1.425,0.681,0.283,79.05,-20.25,-129.3,58.0
1787135300.4842896,0.864,-8.99,-0.165,1.542,0.745,0.328,77.25,-23.25,-130.05,58.0
1787135300.4843018,0.634,-8.703,-0.089,1.654,0.711,0.308,77.25,-23.25,-128.1,25.0
1787135300.6987622,-0.481,-6.041,5.488,2.87,0.974,0.068,74.7,-36.15,-116.7,39.0
1787135300.698787,-0.84,-5.559,6.067,2.84,0.997,0.06,74.25,-37.95,-114.15,39.0
1787135300.6987987,-0.903,-5.394,6.239,2.84,1.009,0.033,72.45,-39.15,-113.4,28.0
1787135300.8942475,-0.136,-1.183,9.615,2.682,0.348,-0.25,67.2,-48.0,-93.9,26.0
1787135300.8942733,-0.239,-0.783,9.768,2.479,0.429,-0.114,68.25,-48.0,-93.15,26.0
1787135300.894285,-0.666,-0.443,9.96,2.271,0.454,-0.193,66.75,-47.55,-88.2,47.0
1787135301.0989895,-0.247,1.597,13.192,1.245,0.025,-0.114,63.6,-47.1,-71.7,59.0
1787135301.0991635,-0.35,1.987,13.372,0.972,0.13,-0.071,63.45,-47.7,-71.55,59.0
1787135301.0991774,-0.373,1.805,13.276,0.711,0.195,-0.089,61.65,-48.9,-67.8,59.0
1787135301.3037465,-0.788,1.439,10.47,-0.233,0.057,0.026,61.05,-48.3,-67.65,30.0
1787135301.303773,-0.749,1.144,10.185,-0.237,0.086,0.024,61.95,-47.25,-68.55,30.0
1787135301.5092697,-0.752,1.317,13.992,-1.298,0.17,0.071,64.05,-49.05,-74.25,34.0
1787135301.509296,-0.795,0.95,14.394,-1.612,0.008,0.076,64.8,-49.5,-75.3,34.0
1787135301.5093071,-0.826,0.898,14.375,-1.888,-0.158,0.142,62.4,-49.2,-74.85,34.0
1787135301.7147026,-1.973,-1.865,10.422,-3.857,-0.64,0.047,66.45,-48.45,-98.4,33.0
1787135301.7147274,-1.822,-2.217,9.366,-3.997,-0.595,-0.023,68.55,-45.15,-105.15,33.0
1787135301.7147388,-2.095,-2.926,8.334,-4.025,-0.59,-0.064,69.45,-43.05,-107.25,33.0
1787135301.918183,0.469,-7.298,-0.584,-2.454,-1.054,-0.697,75.75,-19.8,-130.35,46.0
1787135301.918209,0.79,-7.867,-1.14,-2.272,-1.159,-0.629,76.35,-18.15,-131.7,46.0
1787135302.1242487,2.411,-9.361,-5.059,0.486,0.089,0.092,82.5,-9.0,-132.9,33.0
1787135302.1242747,2.184,-9.359,-4.518,0.816,0.313,0.141,81.9,-8.4,-132.0,33.0
1787135302.1242857,1.808,-9.328,-3.907,1.057,0.433,0.132,83.1,-9.15,-132.0,33.0
1787135302.3283093,1.386,-9.22,-0.373,2.014,0.944,0.344,78.6,-20.4,-128.7,37.0
1787135302.3283334,1.176,-8.902,-0.074,2.121,1.026,0.38,76.5,-21.0,-127.05,46.0
1787135302.3283448,0.541,-8.344,0.816,2.248,1.005,0.383,76.65,-22.8,-126.15,46.0
1787135302.5322502,-1.255,-5.006,6.421,2.656,0.593,0.418,72.15,-37.8,-114.75,55.0
1787135302.5322754,-1.279,-4.863,7.405,2.45,0.321,0.175,71.1,-40.2,-113.25,33.0
1787135302.5322871,-1.683,-4.8,7.894,2.288,0.016,0.028,70.5,-41.1,-110.55,33.0
1787135302.738768,-0.888,-3.072,9.84,2.066,0.361,0.193,69.45,-47.7,-99.9,40.0
1787135302.7387931,-1.168,-2.861,9.713,1.919,0.351,0.038,68.1,-46.65,-96.3,40.0
1787135302.738805,-1.322,-2.6,9.78,1.849,0.329,-0.079,69.0,-47.7,-96.15,28.0
1787135302.9427376,-0.958,0.306,11.423,1.656,0.104,-0.11,63.9,-48.45,-77.4,38.0
1787135302.9427633,-0.962,0.764,11.729,1.495,0.094,-0.16,64.2,-50.4,-75.15,71.0
1787135302.9427745,-1.006,1.001,11.724,1.26,-0.029,-0.192,65.1,-50.25,-73.5,71.0
1787135303.1487617,-0.201,1.709,12.965,-0.178,0.35,0.123,60.9,-47.7,-68.85,81.0
1787135303.1487873,-0.67,1.879,12.991,-0.326,0.347,0.126,61.2,-47.7,-68.25,81.0
1787135303.3508396,-2.272,1.07,12.55,-2.842,0.58,0.199,65.4,-50.85,-82.95,32.0
1787135303.3508737,-2.974,0.481,11.815,-2.985,0.309,0.073,65.7,-51.15,-85.05,32.0
1787135303.5563798,-1.358,-5.006,5.38,-3.535,-0.947,-0.273,71.55,-35.55,-120.3,34.0
1787135303.5564055,-0.862,-5.339,4.559,-3.628,-0.831,-0.392,71.7,-32.55,-121.2,34.0
1787135303.5564167,-1.075,-5.392,3.735,-3.581,-0.746,-0.318,73.2,-30.3,-123.0,34.0
1787135303.761903,1.135,-8.056,-4.137,-2.163,-0.806,-0.637,78.75,-14.1,-134.1,36.0
1787135303.7619278,1.563,-8.904,-4.741,-1.813,-0.42,-0.377,79.65,-10.05,-134.25,36.0
1787135303.9659646,1.755,-9.589,-2.952,1.043,0.417,0.077,80.1,-6.9,-133.5,46.0
1787135303.9659889,1.647,-9.55,-2.392,0.96,0.49,0.145,80.1,-9.6,-132.75,46.0
1787135304.1734362,0.062,-7.738,-1.19,2.399,0.725,0.339,76.5,-21.45,-128.55,29.0
1787135304.1734624,-0.285,-7.518,-0.642,2.612,0.804,0.287,74.4,-22.35,-129.75,29.0
1787135304.1734736,-0.558,-6.924,-0.041,2.778,0.72,0.161,73.95,-26.4,-127.05,29.0
1787135304.5857384,-1.362,1.556,13.97,2.632,0.036,0.128,64.05,-50.25,-76.8,33.0
1787135304.7909064,0.017,1.599,12.562,0.167,0.416,0.114,61.2,-47.7,-65.25,52.0
1787135304.7909317,-0.642,1.867,12.127,0.019,0.408,0.163,62.7,-47.7,-65.25,52.0
1787135304.991864,-1.209,2.014,14.37,-1.356,0.081,0.246,64.8,-49.8,-70.65,29.0
1787135304.9919028,-1.372,2.27,14.303,-1.734,0.108,0.236,64.95,-49.2,-72.3,29.0
1787135304.9919147,-1.396,2.145,14.121,-2.165,0.076,0.162,64.65,-50.4,-76.65,29.0
1787135305.196234,-1.942,-2.993,5.533,-3.994,-0.724,-0.2,70.35,-40.5,-114.0,4.0
1787135305.1962621,-1.525,-3.565,4.365,-4.07,-0.938,-0.2,70.05,-37.8,-115.8,4.0
1787135305.3987663,1.037,-7.585,-1.049,-2.348,-0.506,-0.398,78.0,-18.75,-128.85,29.0
1787135305.3987913,0.385,-7.997,-2.519,-2.134,-0.544,-0.257,77.85,-17.4,-130.95,29.0
1787135305.6067843,1.341,-9.905,-4.839,0.633,0.266,0.032,82.05,-9.0,-132.9,43.0
1787135305.6068106,1.049,-10.001,-4.343,1.02,0.333,0.047,82.05,-9.45,-133.35,43.0
1787135305.6068225,1.068,-9.665,-3.994,1.258,0.386,0.04,81.0,-8.7,-132.15,43.0
1787135305.8116434,1.082,-8.289,0.007,2.585,1.095,0.216,76.65,-21.9,-126.45,41.0
1787135305.811668,0.646,-7.76,0.476,2.699,1.039,0.241,75.75,-25.2,-124.8,41.0
1787135306.0137632,-0.067,-7.187,2.057,3.022,0.769,0.222,74.7,-28.8,-121.95,35.0
1787135306.0137887,-0.321,-6.704,3.196,3.266,0.517,0.248,75.45,-30.3,-120.45,35.0
1787135306.2189054,0.218,0.462,11.791,2.233,-0.304,-0.032,68.55,-48.6,-81.6,31.0
1787135306.2189312,-0.213,1.381,11.54,2.281,-0.155,-0.044,65.4,-48.9,-78.9,31.0
1787135306.218943,-0.381,2.193,11.959,1.987,0.077,-0.129,66.3,-47.1,-78.3,31.0
1787135306.424577,0.596,1.887,13.147,-0.087,0.393,0.069,62.7,-47.25,-66.3,61.0
1787135306.4246023,0.031,1.946,13.032,-0.296,0.321,0.084,62.55,-47.85,-66.6,61.0
1787135306.424614,-0.01,1.918,12.943,-0.49,0.194,0.078,64.65,-47.25,-67.05,61.0
1787135306.6282115,-1.166,1.441,12.378,-2.198,0.162,0.105,67.05,-49.8,-79.35,53.0
1787135306.628237,-1.104,0.941,11.813,-2.401,0.171,0.076,66.45,-49.65,-81.45,53.0
1787135306.834295,0.084,-5.346,6.167,-3.219,-0.709,0.096,70.35,-39.3,-115.8,74.0
1787135306.83432,0.309,-5.452,5.329,-3.16,-0.57,0.184,71.85,-37.5,-118.35,30.0
1787135306.834332,0.656,-5.983,4.717,-3.143,-0.477,0.118,71.1,-35.85,-121.35,30.0
1787135307.0487943,-0.69,-8.531,-1.597,-2.057,-0.523,-0.135,78.15,-18.15,-130.95,44.0
1787135307.0488205,-0.412,-8.588,-2.169,-1.763,-0.425,-0.201,78.15,-16.95,-132.0,30.0
1787135307.2422228,1.209,-10.331,-3.689,0.381,0.155,-0.062,81.9,-9.6,-132.45,24.0
1787135307.242249,1.07,-10.185,-3.445,0.542,0.233,-0.029,82.8,-10.2,-132.15,24.0
1787135307.24226,0.931,-10.075,-3.244,0.706,0.288,-0.016,81.9,-11.1,-132.75,28.0
1787135307.4487188,0.369,-8.782,-1.037,2.36,0.624,-0.014,77.4,-21.15,-126.9,30.0
1787135307.4487436,0.273,-8.303,0.206,2.572,0.665,-0.024,76.5,-22.2,-126.75,30.0
1787135307.4487555,0.165,-7.853,0.821,2.736,0.661,-0.024,75.75,-25.2,-126.0,19.0
1787135307.652834,-1.736,-3.476,6.656,3.106,0.092,-0.341,72.0,-40.35,-110.1,39.0
1787135307.6528716,-1.437,-3.531,8.217,3.195,-0.191,-0.382,70.05,-41.25,-105.6,39.0
1787135307.6528833,-0.824,-3.323,8.952,3.216,-0.097,-0.461,68.85,-43.65,-102.6,34.0
1787135307.8587935,-0.833,0.551,11.732,2.18,0.303,-0.212,62.7,-48.45,-83.25,46.0
1787135307.8588188,-0.716,0.555,12.129,2.159,0.227,-0.242,63.45,-47.7,-78.9,46.0
1787135308.061598,0.053,2.387,13.171,0.217,0.223,-0.028,59.55,-48.3,-67.2,42.0
1787135308.0616233,-0.065,2.193,13.065,-0.046,0.234,-0.013,60.6,-47.1,-65.4,42.0
1787135308.2682168,-0.493,1.156,11.983,-1.773,0.192,0.293,62.85,-47.1,-73.2,64.0
1787135308.2682426,-0.852,0.625,11.741,-2.003,0.418,0.305,62.4,-49.2,-76.95,64.0
1787135308.268254,-1.539,0.412,11.55,-2.003,0.407,0.281,63.3,-49.5,-79.05,64.0
1787135308.4720805,-1.549,-4.657,6.201,-3.643,-0.227,-0.248,67.5,-39.9,-110.55,9.0
1787135308.472106,-1.427,-4.755,5.318,-3.485,-0.482,-0.295,68.1,-38.25,-114.0,9.0
1787135308.472117,-1.101,-5.054,4.645,-3.385,-0.834,-0.415,68.7,-37.65,-116.4,9.0
1787135308.6761343,-0.182,-7.192,0.685,-2.561,-0.537,-0.048,73.2,-22.95,-127.5,32.0
1787135308.6761625,-0.464,-8.15,-0.347,-2.381,-0.58,-0.184,75.75,-19.8,-128.85,32.0
1787135308.8817492,1.247,-9.857,-5.48,-0.209,-0.015,-0.144,81.3,-5.1,-132.15,36.0
1787135308.8817751,1.257,-9.878,-5.442,0.23,0.054,-0.106,82.65,-3.75,-132.45,36.0
1787135308.8817868,1.468,-9.649,-5.179,0.452,0.085,-0.056,81.3,-4.05,-132.15,36.0
1787135309.0868692,0.694,-9.333,-1.25,1.638,0.416,0.151,77.25,-14.85,-130.35,25.0
1787135309.086896,0.625,-9.273,-0.984,1.735,0.303,0.21,78.15,-16.2,-129.45,25.0
1787135309.0869071,0.795,-9.146,-0.553,1.819,0.276,0.285,78.15,-17.7,-128.7,25.0
1787135309.2896354,-0.192,-7.35,3.962,2.577,0.888,0.187,74.1,-29.7,-121.65,33.0
1787135309.2896602,-1.279,-6.539,4.456,2.746,0.669,0.279,75.0,-31.05,-119.4,43.0
1787135309.2896714,-1.367,-6.081,5.152,2.764,0.313,0.209,73.2,-34.95,-118.2,43.0
1787135309.494451,-0.11,-3.776,7.982,2.552,-0.165,-0.343,70.05,-42.45,-101.1,45.0
1787135309.4944763,0.551,-3.0,8.454,2.517,0.26,-0.246,68.7,-45.3,-99.9,39.0
1787135309.4962485,0.122,-2.614,8.947,2.498,0.724,-0.193,69.75,-46.95,-95.1,39.0
1787135309.7003732,-0.608,0.807,12.254,2.102,0.192,-0.114,63.45,-50.85,-77.4,42.0
1787135309.7003987,-0.819,2.03,12.218,1.581,-0.169,-0.208,62.85,-49.05,-73.95,59.0
1787135309.70041,-0.599,1.501,12.823,1.291,-0.378,-0.19,62.1,-48.6,-73.5,59.0
1787135309.9053793,0.022,2.109,12.596,-0.659,0.344,0.124,61.8,-48.3,-68.7,79.0
1787135309.9054055,-0.39,1.927,12.44,-0.77,0.341,0.104,62.1,-49.05,-69.9,79.0
1787135310.108338,-0.838,-1.123,11.741,-2.308,-0.483,-0.135,65.4,-49.2,-88.05,28.0
1787135310.108363,-0.261,-1.705,11.734,-2.467,-0.434,-0.085,64.05,-47.85,-90.15,28.0
1787135310.3157003,-0.515,-5.42,5.239,-1.778,-0.98,-0.193,70.05,-40.95,-109.2,38.0
1787135310.3157256,0.031,-5.997,5.784,-1.715,-0.891,-0.156,69.0,-39.9,-110.85,38.0
1787135310.3157372,0.33,-6.663,6.141,-1.536,-0.776,-0.146,70.2,-39.6,-110.55,38.0
1787135310.5212932,0.273,-7.288,5.155,-2.139,-0.275,0.164,72.0,-33.75,-119.7,16.0
1787135310.5213184,-0.283,-7.386,4.427,-2.158,-0.173,0.216,73.65,-31.65,-120.6,16.0
1787135310.723228,1.269,-9.16,-1.223,-1.746,-0.572,-0.18,79.35,-15.75,-129.75,34.0
1787135310.7232533,2.04,-9.816,-2.634,-1.546,-0.46,-0.086,79.5,-14.85,-131.4,34.0
1787135310.9301138,1.525,-9.974,-3.201,1.14,0.159,0.195,81.15,-13.8,-131.7,37.0
1787135310.9301374,1.358,-9.524,-2.727,1.436,0.323,0.181,81.9,-13.05,-131.25,37.0
1787135310.9301493,1.053,-9.433,-2.394,1.539,0.312,0.197,78.9,-14.25,-130.5,37.0
1787135311.1350815,0.385,-8.349,2.291,2.395,0.583,0.251,77.85,-27.45,-122.4,23.0
1787135311.1351075,-0.426,-7.697,2.871,2.409,0.393,0.336,77.85,-28.95,-121.35,23.0
1787135311.3382106,0.057,-5.167,6.481,2.976,0.413,-0.139,77.1,-40.95,-108.9,26.0
1787135311.3382347,-0.18,-4.628,6.718,3.254,0.387,-0.202,77.55,-41.1,-107.85,26.0
1787135311.5437212,-2.974,3.074,11.521,2.747,-0.437,-0.409,70.35,-49.05,-78.0,51.0
1787135311.5437446,-2.222,2.703,12.115,2.426,-0.987,-0.451,67.5,-49.65,-74.1,51.0
1787135311.5438166,-1.233,2.727,12.38,2.21,-1.42,-0.538,66.0,-49.95,-71.85,51.0
1787135311.7504325,-0.148,4.293,13.314,-0.698,0.237,0.094,59.4,-48.0,-61.5,105.0
1787135311.7504566,-0.01,3.452,12.893,-0.968,0.317,0.106,60.3,-48.6,-62.1,105.0
1787135311.7504683,-0.129,3.146,12.412,-1.144,0.407,0.123,59.7,-48.45,-63.45,76.0
1787135311.9545286,0.091,0.769,10.697,-1.76,0.1,0.065,64.65,-51.15,-76.95,44.0
1787135312.1615427,-0.496,-2.837,9.4,-3.342,-0.16,-0.079,67.05,-45.9,-98.85,40.0
1787135312.1615672,-0.867,-2.83,8.823,-3.561,-0.205,-0.146,65.85,-45.15,-104.85,40.0
1787135312.1615787,-1.429,-3.053,8.04,-3.72,-0.371,-0.235,68.55,-44.85,-109.2,29.0
1787135312.3645406,0.603,-6.213,1.82,-3.455,-0.495,-0.284,72.6,-29.7,-125.7,36.0
1787135312.364565,0.479,-6.744,0.754,-3.369,-0.411,-0.378,73.2,-24.15,-127.8,36.0
1787135312.3645759,0.534,-7.049,-0.546,-3.243,-0.42,-0.45,72.6,-21.15,-127.2,36.0
1787135312.5691655,2.811,-9.057,-5.878,0.167,0.1,-0.069,81.0,-6.75,-131.4,15.0
1787135312.5691934,2.076,-8.511,-5.643,0.542,0.125,-0.021,81.0,-7.05,-131.1,15.0
1787135312.7707615,1.484,-8.916,-0.031,2.364,0.436,0.256,78.15,-17.4,-127.2,29.0
1787135312.7707858,1.482,-8.765,0.421,2.52,0.377,0.216,77.4,-20.1,-126.9,29.0
1787135312.98084,0.168,-4.465,6.256,3.061,1.041,0.281,71.7,-39.15,-108.3,34.0
1787135312.9808736,-1.238,-3.994,7.448,3.09,0.733,0.15,72.45,-41.55,-106.8,34.0
1787135313.1831844,-0.395,0.771,10.616,2.211,0.084,-0.527,64.95,-49.2,-86.55,42.0
1787135313.1832135,0.148,0.668,10.716,1.956,0.271,-0.545,64.65,-49.65,-82.5,42.0
1787135313.3857622,0.931,2.835,12.965,-0.064,0.428,0.123,58.05,-48.3,-67.2,91.0
1787135313.3857865,0.644,2.945,12.802,-0.275,0.388,0.193,57.9,-48.9,-67.05,91.0
1787135313.5930467,-0.373,1.817,12.385,-1.928,-0.034,0.506,61.95,-51.6,-76.35,70.0
1787135313.5930705,-0.496,1.168,11.973,-2.091,0.379,0.44,61.65,-51.6,-77.7,89.0
1787135313.593082,-0.977,0.819,11.502,-2.166,0.403,0.317,62.55,-51.0,-81.3,89.0
1787135313.79718,-1.063,-2.073,8.6,-3.276,-0.542,-0.148,66.6,-47.85,-103.35,53.0
1787135313.7972052,-1.18,-3.847,7.846,-3.369,-0.696,-0.195,67.2,-46.2,-105.75,71.0
1787135313.7972164,-0.702,-5.076,7.238,-3.226,-0.808,-0.266,68.1,-46.35,-108.9,71.0
1787135314.0012858,0.898,-7.135,2.794,-2.085,-0.628,-0.293,73.2,-31.5,-123.75,36.0
1787135314.001312,1.039,-7.128,2.337,-2.11,-0.723,-0.271,73.35,-30.45,-124.35,39.0
1787135314.4257677,1.599,-9.718,-0.213,0.216,0.309,-0.046,79.5,-20.25,-129.6,45.0
1787135314.4257932,1.748,-9.919,-0.18,0.383,0.469,-0.013,78.3,-18.3,-129.3,45.0
1787135314.4258049,1.609,-9.85,-0.338,0.599,0.546,0.022,77.55,-20.55,-129.3,43.0
1787135314.6149688,1.386,-8.825,1.314,1.899,0.827,-0.019,76.65,-28.2,-126.15,30.0
1787135314.6151822,0.97,-8.454,1.657,2.228,0.958,-0.076,75.45,-27.9,-125.25,30.0
1787135314.6151907,0.886,-8.116,2.222,2.483,1.003,0.183,74.4,-29.7,-123.15,36.0
1787135314.822763,0.438,-4.199,7.233,2.723,0.375,-0.201,68.7,-42.6,-106.05,40.0
1787135315.0256493,-1.109,1.844,13.819,1.15,-0.147,-0.208,62.1,-51.3,-78.0,71.0
1787135315.0256753,-0.223,1.389,14.049,1.025,0.008,-0.18,60.45,-52.35,-76.65,71.0
1787135315.0256867,-0.017,1.812,13.949,0.902,0.111,-0.129,61.35,-51.0,-72.75,71.0
1787135315.230906,0.565,0.551,11.358,-0.858,0.523,0.364,62.1,-49.8,-74.55,52.0
1787135315.2309325,0.385,0.089,11.009,-0.873,0.687,0.371,63.6,-50.25,-75.0,52.0
1787135315.4368215,-1.286,-0.984,11.566,-1.545,0.114,0.321,67.8,-50.25,-87.15,48.0
1787135315.4368474,-1.398,-1.087,11.667,-1.701,0.079,0.229,69.0,-49.2,-88.8,48.0
1787135315.43687,-1.757,-1.343,12.043,-1.925,-0.172,0.107,68.7,-49.95,-90.6,48.0
1787135315.6408067,-1.982,-3.357,9.052,-3.708,-0.436,0.093,70.5,-42.6,-108.6,37.0
1787135315.6408327,-1.477,-3.838,8.413,-3.851,-0.409,-0.067,73.2,-40.35,-110.1,37.0
1787135315.6408443,-1.626,-4.518,7.396,-3.895,-0.38,-0.114,73.35,-40.2,-112.2,37.0
1787135315.8447316,-1.168,-6.45,-2.315,-3.247,-0.671,-0.127,79.5,-17.1,-129.3,22.0
1787135315.8447568,-0.591,-7.69,-3.309,-3.05,-0.745,-0.3,83.1,-13.05,-131.25,22.0
1787135315.8447683,-0.421,-8.349,-3.512,-2.705,-0.72,-0.297,81.0,-9.45,-132.6,22.0
1787135316.0482197,0.113,-9.117,-6.206,0.003,-0.035,-0.058,87.9,0.75,-132.75,20.0
1787135316.0482488,0.187,-8.878,-6.469,0.332,0.052,-0.136,86.7,0.75,-132.45,20.0
1787135316.254273,0.421,-8.65,-3.235,2.284,0.839,-0.043,84.3,-9.0,-131.1,22.0
1787135316.2542992,0.328,-8.315,-2.871,2.39,0.874,0.033,84.45,-11.55,-130.95,30.0
1787135316.2543108,0.275,-8.262,-2.253,2.528,0.857,0.037,81.75,-13.65,-130.35,30.0
1787135316.4600842,-0.575,-3.598,6.634,3.862,0.636,-0.129,72.45,-37.65,-112.35,28.0
1787135316.4601097,-0.79,-3.069,7.721,3.485,0.656,-0.172,72.0,-39.9,-110.1,28.0
1787135316.6636176,-1.561,-0.675,11.171,1.612,0.834,0.153,65.1,-49.8,-86.4,15.0
1787135316.6636417,-1.757,-0.553,11.382,1.722,0.608,0.093,66.3,-51.0,-84.15,15.0
1787135316.8700953,-1.041,1.018,12.371,0.114,0.125,0.1,64.35,-49.8,-75.0,45.0
1787135316.87012,-1.281,0.955,12.115,-0.088,0.123,0.105,64.05,-52.2,-73.95,45.0
1787135316.8701313,-1.188,0.74,11.641,-0.258,0.08,0.103,64.8,-51.0,-73.5,45.0
1787135317.074679,-1.255,-0.273,9.649,-0.488,0.147,0.06,66.6,-51.75,-78.6,47.0
1787135317.0747042,-1.372,-0.527,9.189,-0.437,0.169,0.078,66.6,-51.0,-78.0,47.0
1787135317.0747151,-1.554,-0.718,8.72,-0.354,0.118,0.085,66.75,-51.6,-79.95,47.0
1787135317.282714,-1.616,-0.373,10.755,0.203,-0.317,-0.036,66.3,-50.25,-79.05,41.0
1787135317.2827392,-1.353,-0.644,11.849,0.038,-0.104,0.059,67.05,-51.3,-77.25,41.0
1787135317.282751,-1.255,-0.527,12.783,-0.145,0.061,-0.014,68.1,-50.55,-78.3,41.0
1787135317.4842832,-1.539,0.057,13.376,-2.263,-0.101,-0.111,67.35,-51.75,-87.9,47.0
1787135317.4843085,-1.348,-0.524,13.099,-2.358,-0.103,-0.141,67.35,-51.3,-88.65,47.0
1787135317.4843194,-1.247,-0.697,12.553,-2.534,-0.22,-0.16,67.5,-49.65,-92.85,47.0
1787135317.6882439,-0.972,-3.876,6.912,-3.692,-1.006,-0.115,69.6,-40.2,-114.75,14.0
1787135317.6882694,-0.553,-4.717,6.282,-3.595,-0.929,-0.139,70.95,-39.15,-117.45,14.0
1787135317.6882806,-0.644,-4.654,4.879,-3.516,-0.801,-0.049,72.6,-37.8,-117.75,14.0
1787135317.8920739,0.23,-7.779,-2.145,-2.073,-0.988,-0.322,79.8,-17.85,-130.35,17.0
1787135317.8921025,0.589,-8.768,-2.859,-1.787,-0.8,-0.231,81.6,-15.45,-131.25,17.0
1787135317.892114,0.634,-8.871,-3.263,-1.468,-0.666,-0.089,83.1,-13.8,-131.7,17.0
1787135318.0987828,0.318,-10.135,-3.701,0.769,0.3,0.113,86.55,-10.95,-130.8,20.0
1787135318.0988088,0.364,-9.953,-3.486,1.013,0.413,0.085,85.05,-13.2,-130.8,20.0
1787135318.0988197,0.208,-9.622,-3.196,1.119,0.431,0.051,86.25,-14.1,-129.3,20.0
1787135318.3026576,-0.189,-7.408,2.636,2.571,0.88,0.066,78.15,-30.45,-121.65,23.0
1787135318.3026817,-0.019,-6.761,2.899,2.679,1.174,0.125,78.15,-30.9,-121.05,35.0
1787135318.3026934,0.347,-6.689,3.508,2.887,1.564,0.171,76.65,-33.6,-117.75,35.0
1787135318.5066326,-0.625,-3.364,9.428,3.012,0.361,-0.087,72.45,-44.25,-104.25,40.0
1787135318.5066576,-1.312,-2.744,9.742,2.859,0.519,-0.035,71.1,-45.6,-100.35,40.0
1787135318.5066693,-2.195,-2.215,9.886,2.647,0.31,-0.084,70.95,-46.5,-98.7,55.0
1787135318.7112854,-0.546,0.874,12.16,1.852,-0.425,-0.128,64.95,-49.65,-78.15,40.0
1787135318.7113106,-0.069,1.111,12.443,1.555,-0.18,-0.086,64.35,-50.25,-76.5,40.0
1787135318.9162593,-0.254,1.693,13.74,-0.489,0.068,0.078,63.6,-49.5,-69.45,36.0
1787135318.9162958,-0.156,1.573,13.532,-0.707,0.165,0.125,63.15,-50.4,-70.05,36.0
1787135318.9163072,-0.577,1.58,13.171,-0.944,0.105,0.128,64.35,-50.25,-72.45,36.0
1787135319.126258,-1.128,-0.97,10.554,-1.971,-0.078,0.237,69.3,-50.55,-88.95,32.0
1787135319.1262834,-1.597,-1.02,10.197,-2.006,0.036,0.175,68.25,-49.95,-91.05,32.0
1787135319.1262953,-2.169,-1.338,10.034,-2.135,-0.047,0.087,70.35,-50.25,-90.75,39.0
1787135319.3262837,-1.29,-4.726,5.677,-3.014,-0.341,-0.027,71.1,-39.3,-115.8,37.0
1787135319.5294294,-1.183,-7.707,1.336,-2.062,-0.444,-0.309,73.35,-28.2,-126.45,55.0
1787135319.529454,-0.101,-8.674,1.125,-1.816,-0.428,-0.357,73.95,-26.85,-128.55,55.0
1787135319.7371836,1.654,-9.852,-0.797,-0.237,-0.463,-0.409,76.5,-21.45,-129.3,42.0
1787135319.7372093,1.925,-10.233,-0.766,-0.071,-0.289,-0.341,77.85,-21.15,-130.5,42.0
1787135319.737221,1.867,-10.475,-0.745,0.198,-0.15,-0.246,77.25,-21.75,-130.8,42.0
1787135319.9409742,0.524,-8.947,0.682,1.244,0.34,0.129,74.4,-27.45,-126.45,30.0
1787135319.9411738,0.486,-8.796,0.814,1.507,0.393,0.126,76.2,-27.6,-125.55,30.0
1787135320.1471431,-0.934,-2.528,5.657,3.473,-0.303,-0.483,69.75,-41.55,-112.65,29.0
1787135320.1471777,-1.044,-2.749,6.084,3.241,-0.323,-0.629,68.55,-46.35,-108.45,29.0
1787135320.1471841,-0.148,-2.595,6.685,2.973,-0.265,-0.491,69.0,-44.25,-107.85,29.0
1787135320.3481443,1.48,0.967,12.163,3.275,0.486,-0.269,60.6,-51.75,-79.8,104.0
1787135320.5565634,0.457,4.19,14.636,-0.435,0.074,0.055,55.65,-47.7,-60.45,92.0
1787135320.556589,0.67,3.74,14.155,-0.523,0.354,0.11,57.9,-46.5,-62.7,100.0
1787135320.7610774,-0.781,2.222,12.021,-2.259,0.023,0.371,60.6,-51.75,-76.5,65.0
1787135320.7611015,-0.95,1.925,11.811,-2.492,-0.142,0.318,61.8,-52.95,-79.35,65.0
1787135320.7611132,-0.857,1.585,11.578,-2.716,-0.212,0.271,61.2,-52.35,-81.45,40.0
1787135320.9657836,-2.131,-2.873,6.448,-3.549,-0.419,0.243,68.55,-45.15,-110.25,14.0
1787135320.9658093,-2.195,-2.832,5.665,-3.634,-0.692,0.034,69.0,-44.25,-112.35,31.0
1787135320.965821,-1.64,-4.051,5.16,-3.661,-0.794,-0.153,70.35,-40.95,-117.3,31.0
1787135321.1752799,1.41,-7.958,0.479,-3.211,-0.859,0.135,78.3,-22.2,-130.35,23.0
1787135321.1753037,0.8,-7.987,-1.425,-3.113,-0.822,0.266,77.85,-20.1,-131.25,51.0
1787135321.175315,0.967,-8.131,-2.523,-3.072,-0.809,0.423,79.8,-17.85,-131.85,51.0
1787135321.3738484,-0.869,-8.823,-7.362,0.297,0.19,0.044,89.7,-1.05,-132.45,20.0
1787135321.373886,-0.615,-8.741,-7.049,0.744,0.373,-0.06,89.25,-0.9,-133.65,16.0
1787135321.5792081,0.541,-7.575,0.766,3.407,0.598,0.096,79.35,-24.3,-126.45,36.0
1787135321.5792341,0.184,-7.063,1.458,3.56,0.566,-0.117,78.3,-27.15,-124.5,36.0
1787135321.5792453,-0.196,-5.871,2.401,3.607,0.444,-0.154,77.55,-28.8,-122.7,36.0
1787135321.784145,-0.678,-0.929,7.302,4.206,0.46,-0.438,72.9,-44.85,-101.85,25.0
1787135321.7841687,-0.915,-0.385,8.025,4.094,0.474,-0.585,70.35,-46.65,-98.55,25.0
1787135321.78418,-1.092,0.074,8.679,4.003,0.465,-0.445,71.7,-46.95,-93.9,25.0
1787135321.9882498,-0.345,5.322,13.276,2.18,0.089,-0.275,62.1,-45.9,-62.55,62.0
1787135321.9882755,-0.247,5.31,14.028,1.857,-0.299,-0.434,60.9,-45.0,-58.65,62.0
1787135322.1943145,-0.024,4.487,13.228,-1.192,0.449,0.358,60.15,-43.5,-57.9,87.0
1787135322.194341,0.18,4.355,12.993,-1.44,0.13,0.375,61.2,-45.3,-59.7,87.0
1787135322.1943524,0.575,4.195,12.936,-1.699,0.059,0.415,62.4,-44.25,-59.4,87.0
1787135322.3981698,-1.326,1.269,11.27,-3.415,-0.309,0.292,67.95,-49.65,-85.05,64.0
1787135322.3981957,-1.391,0.745,10.882,-3.53,-0.365,0.276,68.55,-51.0,-88.95,64.0
1787135322.398207,-0.781,0.134,10.511,-3.736,-0.189,0.277,69.0,-50.4,-91.8,64.0
1787135322.6023536,-0.247,-4.836,6.134,-3.976,-1.189,-0.236,72.9,-40.95,-114.0,34.0
1787135322.6023796,0.053,-5.217,5.411,-3.969,-1.111,-0.088,73.65,-36.6,-116.25,34.0
1787135322.6023917,0.359,-5.909,4.946,-3.936,-1.048,0.091,73.35,-33.6,-119.1,34.0
1787135322.8103611,-0.735,-7.87,-4.86,-1.578,-0.504,-0.079,82.8,-14.4,-131.1,37.0
1787135322.8103864,-0.227,-7.664,-5.555,-1.221,-0.634,-0.21,84.9,-10.35,-132.45,37.0
1787135322.8103976,0.098,-7.977,-5.66,-0.915,-0.496,-0.186,84.9,-10.05,-133.2,37.0
1787135323.0128958,0.74,-9.268,-2.574,1.928,0.573,0.022,84.0,-13.2,-129.3,26.0
1787135323.0129213,0.778,-9.115,-1.961,2.1,0.717,0.015,84.3,-15.15,-129.6,26.0
1787135323.0129328,0.417,-9.131,-1.147,2.255,0.706,-0.027,82.8,-17.85,-127.8,26.0
1787135323.2181463,-0.982,-3.345,6.943,3.945,0.556,-0.117,77.85,-40.5,-111.75,29.0
1787135323.2181752,-1.389,-1.796,6.764,3.766,0.8,-0.036,74.1,-42.45,-107.4,29.0
1787135323.4210036,0.072,2.291,12.105,2.82,-0.313,-0.548,67.35,-50.55,-74.25,36.0
1787135323.4210284,-0.113,3.278,12.129,2.394,-0.073,-0.445,65.7,-48.45,-71.55,36.0
1787135323.625033,0.206,3.989,14.097,0.054,0.442,0.078,63.3,-44.85,-60.3,61.0
1787135323.8322842,-1.015,2.282,13.058,-2.314,0.048,0.262,68.7,-51.9,-75.6,51.0
1787135323.8323088,-1.207,2.049,12.816,-2.455,0.107,0.259,68.55,-50.25,-77.55,51.0
1787135323.83232,-1.549,2.066,12.603,-2.708,0.054,0.256,69.0,-50.85,-82.95,51.0
1787135324.0363166,-1.697,-1.75,6.136,-4.18,-0.241,0.1,73.95,-43.8,-107.85,27.0
1787135324.036342,-1.865,-2.401,4.657,-4.178,-0.316,0.056,74.25,-38.85,-111.6,27.0
1787135324.2391891,0.826,-7.649,-1.24,-2.835,-0.63,-0.048,78.75,-21.0,-128.55,26.0
1787135324.2392156,0.031,-7.69,-2.497,-2.665,-0.504,0.048,82.35,-19.2,-127.65,26.0
1787135324.2412434,0.204,-8.408,-3.285,-2.474,-0.478,0.183,81.15,-17.7,-130.5,26.0
1787135324.447233,0.393,-10.329,-5.042,0.83,0.373,-0.062,85.8,-7.8,-131.4,27.0
1787135324.4472585,0.529,-9.814,-4.585,1.039,0.286,-0.062,84.9,-10.35,-130.2,27.0
1787135324.4472702,0.496,-9.622,-4.039,1.173,0.276,-0.002,84.3,-10.95,-129.6,27.0
1787135324.6497796,0.247,-8.267,-0.105,2.509,0.403,0.086,79.35,-21.9,-126.45,47.0
1787135324.6498048,0.563,-8.083,0.524,2.63,0.155,0.092,79.5,-25.2,-125.25,47.0
1787135324.6498165,1.283,-7.58,1.183,2.819,0.393,0.174,79.8,-27.15,-124.5,47.0
1787135324.8569117,-2.641,0.426,8.811,3.606,-0.22,-0.127,73.5,-46.5,-96.15,37.0
1787135324.8569372,-2.138,0.247,9.512,3.522,-0.366,-0.653,73.5,-48.0,-94.35,26.0
1787135324.8569484,-2.078,0.39,9.366,3.577,-0.347,-0.854,72.9,-48.3,-88.65,26.0
1787135325.0602672,1.199,5.373,12.89,2.222,-0.426,-0.357,62.55,-43.95,-60.6,49.0
1787135325.0602934,1.575,5.148,13.18,1.774,-0.152,-0.265,61.8,-43.65,-57.75,78.0
1787135325.0603046,1.592,4.681,13.958,1.637,0.139,-0.336,61.2,-43.05,-56.4,78.0
1787135325.2687469,-0.007,5.107,12.579,-1.074,0.479,0.3,62.4,-40.65,-54.15,44.0
1787135325.2687714,-0.194,4.468,12.759,-1.37,0.418,0.34,62.55,-42.15,-55.8,55.0
1787135325.2687824,-0.362,4.152,12.914,-1.376,0.216,0.345,64.05,-43.65,-56.25,55.0
1787135325.4687848,-1.92,3.254,11.921,-3.179,-0.326,0.192,70.05,-50.25,-78.3,33.0
1787135325.468811,-1.025,1.523,11.969,-3.436,-0.429,0.165,68.7,-50.85,-79.65,45.0
1787135325.6752255,-2.727,-2.686,5.962,-3.685,-0.682,-0.259,73.35,-41.25,-111.45,31.0
1787135325.6752508,-2.296,-3.12,6.043,-3.781,-1.066,-0.377,74.1,-40.2,-112.5,31.0
1787135325.6752617,-1.329,-3.603,5.813,-4.046,-1.236,-0.36,76.35,-37.8,-114.0,32.0
1787135325.88088,1.235,-7.829,-1.899,-2.094,0.362,0.394,81.75,-17.1,-129.6,17.0
1787135325.8809333,-0.448,-7.025,-3.007,-1.817,0.342,0.155,82.35,-14.55,-129.15,17.0
1787135326.084055,-0.122,-8.566,-5.16,-1.249,-0.732,-0.25,85.05,-10.95,-131.1,23.0
1787135326.0840805,0.223,-9.373,-5.411,-0.63,-0.537,-0.253,85.95,-9.15,-130.2,23.0
1787135326.298277,0.206,-8.916,-5.804,0.392,-0.108,-0.212,85.8,-8.25,-130.05,32.0
1787135326.2983024,0.412,-9.242,-4.97,0.626,-0.095,-0.281,86.25,-9.0,-130.05,32.0
1787135326.2983136,0.759,-9.603,-4.468,0.883,-0.038,-0.333,85.05,-9.0,-130.35,32.0
1787135326.5006454,-1.741,-0.939,9.105,3.045,0.695,0.279,72.45,-48.45,-91.8,20.0
1787135326.5006716,-1.841,0.342,9.177,3.103,0.272,-0.011,72.45,-49.95,-90.6,20.0
1787135326.500683,-1.946,0.833,9.27,2.968,0.022,-0.314,71.25,-49.65,-87.75,20.0
1787135326.698817,0.673,2.734,13.68,1.623,0.086,0.205,66.75,-48.45,-66.0,91.0
1787135326.6988428,0.848,2.887,13.309,1.406,0.246,0.144,66.0,-48.0,-64.2,91.0
1787135326.9038,-0.931,2.849,12.148,-1.297,0.297,0.095,69.3,-47.55,-63.15,51.0
1787135326.9038258,-0.8,2.267,12.115,-1.294,0.197,0.112,68.85,-48.3,-66.9,51.0
1787135326.903837,-0.986,1.808,12.06,-1.222,-0.002,0.061,67.8,-49.8,-66.9,51.0
1787135327.109778,-1.429,0.565,11.296,-2.588,0.31,0.038,70.5,-52.65,-86.25,36.0
1787135327.1098032,-1.444,-0.124,11.305,-2.594,0.208,0.059,71.85,-50.55,-87.45,36.0
1787135327.109815,-1.408,-0.474,10.625,-2.694,0.067,-0.045,70.35,-50.55,-91.5,36.0
1787135327.3138292,-1.554,-5.054,6.615,-2.949,-0.074,-0.602,73.35,-40.95,-112.2,30.0
1787135327.3138647,-1.623,-5.581,6.134,-2.951,-0.09,-0.585,73.5,-38.4,-115.65,30.0
1787135327.518739,0.596,-7.867,0.943,-2.427,-0.468,-0.674,74.7,-24.15,-126.0,27.0
1787135327.5187614,0.56,-8.301,0.11,-2.175,-0.656,-0.713,75.75,-21.45,-127.5,21.0
1787135327.5187683,1.516,-8.854,-1.238,-1.797,-0.861,-0.808,74.85,-20.4,-128.4,21.0
1787135327.7227523,1.702,-9.562,-2.993,1.049,0.17,0.288,79.35,-15.75,-129.45,24.0
1787135327.7227783,1.358,-9.464,-2.464,1.183,0.134,0.401,78.9,-18.15,-127.65,25.0
1787135327.7228677,1.484,-9.869,-1.729,1.353,0.112,0.353,78.15,-18.9,-128.4,25.0
1787135327.928326,-0.642,-7.958,2.878,2.713,0.127,0.314,76.65,-31.65,-119.55,31.0
1787135327.9283502,-0.405,-7.128,3.314,3.013,0.238,0.256,77.1,-32.85,-119.1,32.0
1787135328.1342945,-1.276,0.247,9.941,2.968,0.256,-0.115,69.3,-50.55,-87.45,38.0
1787135328.1343198,-1.176,1.137,10.142,2.813,0.366,-0.178,68.25,-51.6,-86.25,38.0
1787135328.1343315,-2.073,1.654,10.621,2.594,0.22,-0.511,67.05,-52.95,-82.05,38.0
1787135328.3378189,-0.438,4.049,14.444,0.788,0.054,0.134,62.85,-49.8,-62.1,45.0
1787135328.3378432,-0.613,4.47,14.339,0.475,0.089,0.154,62.85,-49.8,-62.1,45.0
1787135328.3378623,-0.687,4.707,13.963,0.024,0.103,0.129,62.7,-49.65,-62.7,45.0
1787135328.5423164,-1.034,2.806,12.802,-1.935,0.064,0.363,65.85,-51.3,-73.2,44.0
1787135328.5423417,-1.018,2.018,13.091,-2.072,0.097,0.269,66.6,-51.0,-74.25,44.0
1787135328.542353,-0.907,1.76,13.163,-2.28,0.14,0.258,67.5,-52.65,-75.15,44.0
1787135328.745633,-3.455,-1.049,9.304,-3.672,-0.03,-0.065,72.45,-48.45,-100.95,30.0
1787135328.7456574,-3.852,-1.657,8.89,-3.673,-0.388,-0.256,71.85,-47.55,-102.15,30.0
1787135328.9533138,-0.127,-6.649,1.221,-3.723,-0.776,-0.847,76.2,-25.65,-125.55,28.0
1787135328.9533389,0.421,-6.917,0.441,-3.586,-0.682,-0.908,75.9,-24.3,-127.65,28.0
1787135328.9533503,0.474,-7.192,-0.486,-3.475,-0.606,-0.905,77.85,-21.6,-129.45,28.0
1787135329.1564538,1.877,-8.473,-6.165,-0.535,-0.182,0.064,85.2,-3.45,-129.45,56.0
1787135329.1564786,1.46,-8.437,-6.369,-0.061,-0.128,0.04,87.0,-2.85,-128.55,56.0
1787135329.15649,1.504,-8.756,-6.266,0.353,-0.107,0.076,86.4,-1.05,-129.45,56.0
1787135329.361143,0.656,-8.808,-1.875,2.291,0.607,0.51,81.6,-12.75,-128.7,6.0
1787135329.3611686,0.582,-8.796,-1.152,2.479,0.605,0.506,82.5,-15.6,-127.8,6.0
1787135329.5668895,-0.931,-4.403,3.445,4.386,0.205,0.205,76.95,-37.95,-114.9,46.0
1787135329.5669155,-0.151,-3.771,4.051,4.433,0.279,-0.066,73.5,-41.1,-110.85,46.0
1787135329.5669274,-0.814,-3.575,5.121,4.619,0.219,-0.111,73.2,-43.05,-109.35,46.0
1787135329.7718313,-0.493,4.769,14.078,1.653,0.374,-0.018,64.2,-48.0,-62.25,84.0
1787135329.7718647,-0.826,5.26,13.386,1.426,0.248,-0.087,64.8,-47.1,-60.3,104.0
1787135329.7718818,-0.493,5.016,13.048,1.116,0.12,-0.168,64.95,-47.7,-59.4,104.0
1787135329.9763398,0.441,4.458,13.673,-1.262,0.216,0.203,65.7,-46.2,-57.45,98.0
1787135329.9763653,0.199,4.183,13.412,-1.499,0.336,0.33,64.35,-46.35,-59.1,98.0
1787135330.1818054,-0.718,1.137,12.143,-3.449,0.167,-0.069,70.8,-52.5,-86.7,39.0
1787135330.1818306,-0.441,0.728,11.949,-3.87,-0.001,-0.11,69.75,-51.9,-88.05,39.0
1787135330.1818423,-0.069,0.63,11.092,-4.477,-0.139,-0.156,70.8,-50.25,-93.75,37.0
1787135330.3857358,-2.061,-5.59,3.934,-4.094,-0.776,-0.34,75.0,-32.25,-123.75,40.0
1787135330.3857613,-2.562,-5.713,3.27,-3.864,-0.854,-0.332,76.35,-28.2,-125.4,40.0
1787135330.3857725,-2.133,-6.225,2.571,-3.613,-0.834,-0.416,77.85,-26.55,-126.45,23.0
1787135330.5894942,0.254,-7.786,-3.922,-1.525,-1.022,-0.722,85.65,-8.1,-130.95,23.0
1787135330.5895202,0.74,-7.831,-4.626,-1.216,-0.856,-0.788,84.75,-7.05,-130.05,23.0
1787135330.5895314,0.879,-7.702,-5.207,-0.949,-0.706,-0.796,85.95,-5.7,-130.95,83.0
1787135330.7962701,1.444,-9.347,-5.167,0.624,0.165,0.154,88.65,-6.15,-131.25,19.0
1787135330.796296,1.24,-9.464,-4.645,0.739,0.214,0.259,88.05,-7.5,-130.05,19.0
1787135330.7963076,1.176,-9.538,-4.42,0.881,0.292,0.35,87.45,-8.1,-130.95,19.0
1787135331.000735,-0.165,-9.282,-1.257,2.147,0.567,0.207,83.55,-18.3,-127.8,17.0
1787135331.000761,-0.045,-8.892,-0.634,2.29,0.418,0.19,81.9,-18.45,-126.15,17.0
1787135331.0007727,0.026,-8.777,0.0,2.719,0.434,0.183,80.4,-20.85,-127.2,17.0
1787135331.2047539,0.089,-3.124,5.502,4.333,0.691,-0.874,78.3,-40.65,-111.9,54.0
1787135331.2047791,-0.486,-1.832,6.005,4.128,0.84,-0.476,75.75,-44.25,-105.0,54.0
1787135331.204791,-0.007,-1.386,7.039,3.883,0.966,-0.085,75.15,-44.85,-103.35,54.0
1787135331.4113717,-0.931,4.975,13.063,2.19,-0.116,-0.055,65.1,-50.25,-64.65,68.0
1787135331.411397,-0.776,4.93,13.436,1.783,-0.127,-0.072,63.6,-47.85,-62.55,68.0
1787135331.4114087,-0.505,4.896,13.769,1.572,-0.089,-0.051,63.45,-46.2,-59.7,68.0
1787135331.6109328,0.204,4.604,12.692,-1.082,-0.043,0.144,63.9,-45.3,-56.1,72.0
1787135331.6174679,0.165,4.228,12.33,-1.368,-0.059,0.19,64.65,-46.5,-57.45,72.0
1787135331.6174946,-0.419,3.766,12.261,-1.612,-0.087,0.202,64.65,-46.5,-57.45,72.0
1787135331.8211381,0.323,1.559,12.759,-2.827,-0.242,0.121,66.0,-51.9,-74.1,50.0
1787135331.8211641,0.757,1.712,12.392,-3.118,0.021,0.31,67.35,-51.3,-79.05,34.0
1787135332.023358,-0.764,-4.295,6.421,-3.647,-0.825,-0.329,72.9,-42.9,-110.7,37.0
1787135332.0233839,-0.263,-3.692,5.341,-3.696,-0.739,-0.374,72.45,-41.55,-111.6,35.0
1787135332.232256,2.296,-8.552,-0.263,-1.92,-0.764,-0.017,80.85,-20.1,-124.65,20.0
1787135332.2322817,2.176,-8.231,-0.845,-1.702,-0.594,0.079,80.55,-19.05,-124.5,27.0
1787135332.2322931,1.894,-8.373,-0.982,-1.617,-0.477,0.178,82.05,-17.55,-126.0,27.0
1787135332.4346244,1.262,-9.72,-3.069,-0.171,-0.044,0.123,84.9,-11.85,-129.15,94.0
1787135332.4346504,1.295,-10.036,-3.168,0.072,0.113,0.163,86.25,-11.4,-127.8,0.0
1787135332.4346623,1.216,-9.924,-3.247,0.329,0.245,0.215,86.7,-11.85,-126.9,0.0
1787135332.6367557,0.895,-9.471,-1.856,2.016,0.741,0.272,84.0,-16.35,-126.75,18.0
1787135332.6367824,0.582,-9.0,-1.441,2.402,0.841,0.268,82.05,-19.8,-125.55,18.0
1787135332.6367939,0.29,-8.425,-1.101,2.671,0.917,0.201,81.9,-21.9,-125.4,18.0
1787135332.844261,-0.781,-4.76,4.278,3.981,1.012,-0.003,74.25,-38.85,-114.6,33.0
1787135332.8442864,-1.118,-4.252,5.358,4.058,0.897,-0.239,74.7,-40.35,-111.9,33.0
1787135332.844298,-2.164,-3.287,6.416,4.041,0.561,-0.46,71.55,-44.85,-109.65,24.0
1787135333.0440717,-0.943,4.049,12.196,2.587,0.633,-0.237,63.15,-50.85,-71.55,71.0
1787135333.047898,-0.864,3.843,12.723,2.446,0.334,-0.173,61.35,-52.2,-69.9,71.0
1787135333.047923,-0.587,4.7,12.785,2.075,0.148,0.037,60.45,-49.65,-67.05,71.0
1787135333.2524636,-0.412,4.568,14.152,-0.901,0.261,0.481,64.05,-48.0,-59.7,47.0
1787135333.2524893,-0.737,4.173,14.032,-1.108,0.221,0.501,64.05,-46.35,-60.6,47.0
1787135333.2525003,-1.073,4.085,13.657,-1.244,0.165,0.466,65.7,-48.0,-62.7,47.0
1787135333.4553847,-1.111,1.489,11.428,-3.019,-0.169,0.145,69.0,-51.9,-80.7,43.0
1787135333.4554114,-1.281,1.25,11.061,-3.245,-0.06,0.103,68.85,-51.0,-85.35,43.0
1787135333.6632683,-0.905,-5.083,5.42,-3.649,-0.421,-0.004,74.7,-40.35,-114.6,23.0
1787135333.6632946,-1.08,-5.418,4.621,-3.456,-0.346,-0.064,75.0,-37.95,-118.2,23.0
1787135333.6633058,-1.243,-5.674,3.326,-3.431,-0.439,-0.189,74.85,-37.5,-118.35,23.0
1787135333.8672507,0.163,-7.966,-0.271,-2.516,-0.969,-0.462,79.35,-22.35,-129.75,45.0
1787135333.8672771,0.618,-8.04,-0.84,-2.347,-0.867,-0.292,81.15,-19.65,-128.4,45.0
1787135333.8672886,0.606,-8.076,-2.533,-2.077,-0.596,-0.198,81.6,-18.45,-129.75,45.0
1787135334.0713441,1.46,-9.613,-5.001,0.377,0.178,-0.092,85.65,-10.35,-132.0,21.0
1787135334.0713692,1.578,-9.895,-4.673,0.667,0.263,-0.057,83.7,-11.1,-129.45,21.0
1787135334.2768764,0.733,-9.007,-0.534,2.087,0.654,0.449,81.6,-21.6,-127.95,21.0
1787135334.2769024,0.498,-8.746,-0.225,2.355,0.696,0.432,79.5,-21.75,-126.3,21.0
1787135334.2769136,0.22,-8.65,0.211,2.667,0.656,0.375,79.5,-25.65,-126.3,21.0
1787135334.482326,-2.435,-2.212,5.832,3.879,-0.184,0.011,74.85,-42.15,-108.9,23.0
1787135334.4823515,-1.618,-2.097,6.632,3.889,-0.499,-0.208,74.25,-43.5,-107.25,23.0
1787135334.482363,-1.025,-1.417,7.257,3.939,-0.364,-0.403,75.45,-45.0,-103.2,23.0
1787135334.6863294,0.599,4.803,13.115,2.727,-0.047,-0.353,64.65,-48.0,-63.45,25.0
1787135334.6863546,0.469,5.679,13.204,2.52,-0.029,-0.434,64.65,-45.75,-61.2,25.0
1787135334.8914196,2.078,6.148,12.842,-0.95,0.629,0.251,59.55,-42.45,-52.2,99.0
1787135334.891445,0.929,5.634,12.888,-1.117,0.697,0.279,61.95,-41.55,-52.8,99.0
1787135334.8914564,0.546,5.528,12.735,-1.259,0.611,0.262,62.1,-44.85,-56.25,66.0
1787135335.0972617,0.12,3.706,11.878,-3.387,0.392,0.56,66.45,-51.6,-74.85,59.0
1787135335.097287,-0.488,2.914,11.511,-3.475,0.319,0.516,69.0,-50.4,-78.15,59.0
1787135335.097298,-1.176,2.444,11.152,-3.541,0.106,0.483,68.85,-50.55,-82.65,59.0
1787135335.3000321,-0.199,-2.849,5.835,-4.503,0.081,0.422,74.7,-41.1,-109.35,41.0
1787135335.3000576,-0.891,-3.809,4.858,-4.41,0.125,0.416,75.45,-40.65,-110.85,41.0
1787135335.30007,-1.223,-4.583,4.264,-4.108,-0.088,0.212,77.4,-37.05,-115.8,41.0
1787135335.5068178,0.543,-7.968,-1.781,-2.237,-0.827,-0.449,84.15,-16.95,-127.2,32.0
1787135335.5068424,1.346,-8.444,-1.985,-2.025,-0.397,-0.234,85.05,-16.8,-127.05,32.0
1787135335.5068626,1.338,-9.536,-2.552,-1.511,0.27,-0.107,83.7,-13.05,-127.95,32.0
1787135335.7106872,1.128,-9.464,-3.426,0.503,0.294,0.013,84.3,-9.0,-128.1,31.0
1787135335.7107134,1.803,-9.857,-3.093,0.668,0.179,-0.004,82.5,-10.5,-127.5,31.0
1787135335.9157307,0.433,-8.787,-0.62,2.536,0.523,0.153,80.85,-21.15,-123.6,30.0
1787135335.9157574,0.172,-8.365,-0.242,2.922,0.592,0.149,78.75,-22.2,-123.45,30.0
1787135336.1184618,-0.498,-4.547,8.097,3.861,0.641,0.303,72.15,-41.7,-104.4,27.0
1787135336.1184862,-0.481,-3.108,8.021,3.849,0.72,0.604,72.45,-44.25,-102.45,27.0
1787135336.3261755,-1.966,3.757,12.732,1.699,-0.138,-0.35,67.2,-49.65,-67.5,47.0
1787135336.3261938,-1.568,3.666,13.24,1.26,-0.648,-0.284,66.75,-47.7,-67.05,33.0
1787135336.3262002,0.223,3.335,13.111,1.057,-0.364,-0.16,66.45,-46.95,-63.75,33.0
1787135336.5307996,-0.11,3.268,12.328,-0.688,0.289,0.238,65.85,-45.9,-61.35,36.0
1787135336.5308247,-0.417,3.139,12.263,-0.87,0.392,0.262,67.2,-46.5,-63.45,39.0
1787135336.736607,-2.682,1.542,12.158,-2.754,0.686,0.176,71.25,-49.2,-81.75,51.0
1787135336.7366323,-3.227,1.149,11.856,-2.881,0.213,0.094,70.95,-49.2,-86.25,38.0
1787135336.7366438,-2.569,0.831,11.36,-3.033,-0.194,-0.042,71.25,-51.15,-88.35,38.0
1787135336.938785,-3.156,-3.299,7.053,-3.44,-0.581,-0.418,75.75,-41.85,-108.3,31.0
1787135336.9388094,-2.521,-4.334,5.641,-3.472,-0.862,-0.399,74.85,-40.2,-109.95,31.0
1787135336.9388206,-2.085,-4.664,4.946,-3.355,-0.982,-0.422,75.9,-39.3,-112.2,32.0
1787135337.144338,0.8,-7.815,1.135,-2.212,-0.711,-0.31,78.3,-26.1,-123.75,17.0
1787135337.144362,1.044,-6.586,-0.287,-2.4,-0.713,-0.058,79.05,-21.75,-124.5,17.0
1787135337.1443734,1.518,-7.482,-1.389,-2.325,-0.418,-0.014,80.4,-19.65,-126.15,43.0
1787135337.346596,0.342,-9.946,-4.865,0.236,0.451,-0.004,85.8,-10.5,-128.1,48.0
1787135337.3466215,0.029,-10.116,-4.47,0.446,0.281,-0.011,84.3,-9.75,-127.05,48.0
1787135337.3466334,0.194,-10.036,-3.845,0.855,0.074,0.006,84.3,-9.0,-126.75,49.0
1787135337.554331,-0.134,-9.033,1.152,1.878,0.642,0.093,80.4,-20.4,-122.4,46.0
1787135337.5543568,-0.371,-8.645,1.614,1.855,0.44,0.063,80.55,-21.0,-122.25,46.0
1787135337.5543683,0.098,-8.614,2.255,1.839,0.224,-0.003,78.6,-24.3,-121.35,59.0
1787135337.7585595,-1.252,-5.816,4.803,2.88,-0.21,0.026,75.0,-34.95,-114.15,36.0
1787135337.7585857,-0.464,-5.114,5.246,3.073,0.236,0.205,75.75,-37.2,-112.35,36.0
1787135337.7585971,-1.573,-4.408,6.072,3.227,0.586,0.11,74.4,-38.25,-109.65,36.0
1787135337.9625237,-0.553,2.907,11.813,3.114,0.518,-0.695,64.2,-49.65,-73.95,43.0
1787135337.962549,0.177,3.134,12.318,2.972,0.227,-0.721,64.2,-49.65,-72.6,43.0
1787135337.96256,0.967,3.78,12.435,2.559,0.106,-0.176,63.3,-47.1,-66.6,43.0
1787135338.1693246,0.939,5.054,14.128,0.032,0.621,0.095,60.9,-42.3,-53.85,54.0
1787135338.1693504,0.584,4.841,14.128,-0.169,0.722,0.111,61.95,-43.5,-54.9,54.0
1787135338.1693618,0.168,4.671,13.829,-0.38,0.709,0.141,63.6,-43.65,-54.75,54.0
1787135338.3729324,-1.65,3.158,12.112,-2.232,-0.222,0.122,65.55,-47.85,-69.9,47.0
1787135338.3729575,-1.597,2.66,12.194,-2.312,-0.38,0.095,65.4,-48.9,-68.85,47.0
1787135338.3729684,-1.298,2.504,11.935,-2.461,-0.417,0.064,65.1,-48.3,-73.95,47.0
1787135338.577256,-0.139,-1.511,8.612,-3.441,-0.819,0.312,69.6,-46.35,-98.55,38.0
1787135338.5772812,-0.424,-2.119,7.86,-3.442,-0.624,0.54,71.7,-45.0,-99.9,38.0
1787135338.7874243,0.584,-5.851,2.919,-3.542,-0.523,0.597,76.2,-32.55,-119.4,32.0
1787135338.7874496,0.108,-6.412,2.045,-3.64,-0.427,0.674,78.75,-28.35,-122.7,32.0
1787135338.7874608,-0.259,-7.14,1.018,-3.549,-0.351,0.599,78.75,-27.9,-124.05,32.0
1787135338.9877625,-0.323,-9.603,-5.837,-0.798,-0.255,-0.094,87.45,-7.65,-129.75,37.0
1787135338.987788,-0.462,-9.807,-6.445,-0.215,-0.407,-0.355,87.75,-7.8,-129.6,34.0
1787135338.9877996,0.314,-9.261,-6.701,0.079,-0.558,-0.309,87.3,-7.5,-128.85,34.0
1787135339.1921282,1.142,-9.572,-1.683,1.721,1.053,0.328,85.05,-18.3,-126.75,25.0
1787135339.192155,0.915,-9.787,-1.19,2.006,1.206,0.349,82.65,-16.5,-127.2,30.0
1787135339.1921613,0.168,-9.263,-0.888,2.276,1.213,0.348,83.1,-18.9,-125.4,30.0
1787135339.3961594,-0.175,-5.906,3.302,2.502,-0.32,-0.38,77.4,-32.85,-117.0,48.0
1787135339.3961985,-0.148,-6.582,4.645,2.983,-0.168,-0.158,78.3,-34.2,-115.35,15.0
1787135339.6017911,-1.389,0.903,9.826,3.966,0.415,-0.01,69.75,-50.4,-81.0,50.0
1787135339.6018174,-1.322,2.904,9.716,3.911,-0.097,-0.48,68.25,-50.4,-77.4,50.0
1787135339.6018288,-1.405,3.833,10.072,3.56,-0.424,-0.831,67.2,-49.95,-75.15,50.0
1787135339.8071494,0.833,5.82,12.831,0.777,0.172,0.022,61.8,-42.15,-52.95,66.0
1787135339.8071742,0.922,5.428,12.972,0.553,0.29,0.015,61.95,-41.55,-52.8,66.0
1787135339.8071852,0.704,5.531,12.969,0.39,0.42,0.071,62.7,-39.6,-51.3,66.0
1787135340.0093083,-0.175,4.669,12.503,-1.907,-0.269,0.184,63.6,-43.95,-56.55,164.0
1787135340.0093336,-0.395,4.106,12.711,-2.077,-0.13,0.163,64.05,-46.35,-58.8,164.0
1787135340.0093458,-0.443,4.106,12.948,-2.064,-0.014,0.16,65.4,-46.95,-63.0,164.0
1787135340.2167828,-2.595,2.073,9.397,-3.973,0.27,0.037,69.75,-51.15,-83.25,25.0
1787135340.2168093,-3.021,1.429,8.878,-4.151,-0.302,-0.251,70.5,-49.2,-88.35,25.0
1787135340.216821,-3.191,0.637,8.741,-4.131,-1.013,-0.422,70.5,-49.65,-91.05,25.0
1787135340.4207373,-0.215,-4.7,4.475,-3.835,-0.96,0.579,75.0,-34.95,-115.95,32.0
1787135340.4207625,-0.417,-4.987,3.148,-3.829,-0.78,0.645,76.2,-33.75,-118.65,32.0
1787135340.4207745,-0.069,-5.358,1.623,-3.644,-0.424,0.549,76.95,-30.3,-120.0,32.0
1787135340.6263325,0.989,-9.972,-4.298,-0.904,-0.284,0.268,87.9,-12.3,-125.7,26.0
1787135340.6263587,0.22,-9.742,-4.578,-0.409,-0.001,0.309,88.2,-9.6,-126.15,26.0
1787135340.828616,-0.093,-9.649,-0.711,1.329,0.372,-0.095,87.0,-13.2,-123.0,19.0
1787135340.828642,0.117,-9.503,-0.211,1.544,0.496,-0.099,85.65,-15.0,-122.4,19.0
1787135341.0351393,-0.915,-7.192,2.564,2.531,0.88,-0.344,78.9,-29.25,-117.3,30.0
1787135341.0351646,-0.9,-7.034,3.44,2.655,0.898,-0.429,77.25,-29.85,-117.9,31.0
1787135341.0351763,-0.673,-6.977,4.029,2.87,0.857,-0.517,76.35,-32.85,-115.5,31.0
1787135341.2405148,-1.908,3.895,11.248,3.536,0.388,-0.296,64.8,-47.55,-77.55,48.0
1787135341.2405405,-1.137,3.579,11.875,3.086,-0.098,-0.162,63.45,-46.2,-72.6,39.0
1787135341.4435778,0.807,4.788,13.455,0.974,0.372,0.059,62.4,-41.1,-56.1,94.0
1787135341.443603,0.754,5.423,13.18,0.482,0.256,0.011,62.4,-40.65,-53.85,94.0
1787135341.6469648,-0.522,3.182,12.246,-1.535,0.294,0.218,64.8,-44.4,-62.55,48.0
1787135341.651294,-0.948,3.603,12.103,-1.684,0.411,0.251,64.2,-45.3,-65.25,48.0
1787135341.651313,-1.535,3.551,12.119,-2.109,0.223,0.221,65.85,-46.35,-67.2,64.0
1787135341.8530245,-0.532,0.242,10.125,-3.235,-0.271,0.09,68.7,-45.75,-89.1,51.0
1787135341.853222,-0.816,-0.096,10.027,-3.429,-0.454,0.143,69.3,-46.65,-92.25,51.0
1787135341.8562996,-0.678,-0.498,9.649,-3.742,-0.78,0.16,68.7,-46.2,-92.4,36.0
1787135342.0665185,0.299,-5.547,5.95,-3.792,-1.044,0.344,72.9,-33.15,-116.25,35.0
1787135342.0665443,-0.476,-5.239,5.114,-3.64,-0.748,0.359,74.7,-33.45,-116.7,35.0
1787135342.0665557,-0.761,-5.14,3.67,-3.71,-0.708,0.301,74.7,-28.8,-119.7,35.0
1787135342.2671692,0.031,-8.258,-5.665,-1.981,-0.618,-0.077,86.7,-5.7,-127.95,35.0
1787135342.2671943,-0.189,-8.679,-6.56,-1.581,-0.555,0.011,87.3,-5.1,-128.55,35.0
1787135342.2672055,-0.038,-8.768,-7.207,-1.184,-0.556,0.07,86.55,-2.4,-128.1,35.0
1787135342.469887,0.11,-9.692,-4.355,1.79,0.649,-0.132,87.3,-4.8,-127.5,31.0
1787135342.4699118,0.005,-9.689,-3.91,1.941,0.761,-0.068,86.7,-6.15,-127.95,31.0
1787135342.4699235,0.05,-9.455,-3.424,2.098,0.769,-0.073,87.45,-8.85,-127.95,31.0
1787135342.6796052,0.232,-5.799,1.501,3.707,0.801,-0.25,80.1,-25.8,-117.3,24.0
1787135342.6796317,-0.579,-5.102,2.296,4.01,0.97,-0.085,77.4,-30.15,-115.8,24.0
1787135342.8797286,0.857,2.849,12.677,3.589,0.387,-0.452,69.0,-46.2,-76.35,45.0
1787135342.8797545,-0.029,4.063,13.333,3.746,0.538,-0.329,67.05,-45.6,-67.95,45.0
1787135342.879766,-1.355,6.167,14.164,3.166,0.081,-0.494,67.05,-45.6,-67.95,45.0
1787135343.0837102,1.216,3.484,13.415,-0.393,0.33,0.042,59.55,-42.9,-56.55,42.0
1787135343.0837362,1.053,3.821,13.13,-0.396,0.16,0.059,60.45,-41.1,-57.15,42.0
1787135343.0837476,1.216,3.903,12.948,-0.605,0.08,0.094,61.05,-42.9,-58.5,42.0
1787135343.2916539,-0.314,3.4,12.337,-2.118,0.306,0.274,65.4,-47.7,-68.25,41.0
1787135343.29168,0.151,2.464,12.704,-2.35,0.143,0.216,65.4,-46.95,-72.6,38.0
1787135343.2916913,-0.259,2.284,12.811,-2.464,0.152,0.194,66.3,-47.55,-75.0,38.0
1787135343.4976645,-2.251,-0.627,9.067,-4.212,-0.659,0.143,69.75,-43.5,-101.7,35.0
1787135343.4976895,-2.045,-2.157,9.064,-4.215,-1.087,0.089,70.95,-42.3,-105.3,55.0
1787135343.4977012,-0.939,-3.017,8.578,-4.075,-1.182,0.105,70.5,-40.35,-107.25,55.0
1787135343.6976883,0.457,-6.792,-1.238,-3.321,-0.904,-0.115,79.8,-18.75,-124.05,41.0
1787135343.6977124,0.342,-7.163,-1.958,-2.97,-0.205,-0.208,80.4,-18.45,-124.65,42.0
1787135343.6977236,-0.457,-7.558,-2.854,-2.643,-0.237,-0.206,81.15,-12.75,-126.15,42.0
1787135343.90682,-0.366,-9.146,-6.103,-0.113,0.139,0.06,86.4,-2.25,-127.95,19.0
1787135343.906846,-0.014,-9.175,-6.019,0.252,0.154,0.01,87.0,-0.9,-129.6,24.0
1787135343.9068668,0.314,-9.268,-5.741,0.542,0.313,-0.105,85.8,-2.4,-128.85,24.0
1787135344.1087742,0.172,-8.667,-2.521,2.253,1.01,-0.032,81.9,-9.6,-127.65,29.0
1787135344.1087983,-0.019,-8.384,-2.069,2.397,0.929,-0.09,81.0,-12.9,-128.1,29.0
1787135344.1088095,0.148,-8.523,-1.3,2.636,0.839,-0.135,78.0,-14.1,-126.0,32.0
1787135344.3132238,-0.407,-3.91,5.464,4.333,0.499,0.011,70.95,-36.45,-111.3,51.0
1787135344.3132496,-0.378,-2.715,6.203,3.953,0.386,-0.125,69.75,-38.4,-108.6,51.0
1787135344.3132613,-0.081,-3.053,8.437,3.751,0.027,-0.318,69.3,-40.5,-105.9,25.0
1787135344.516904,-1.188,3.613,12.517,1.884,-0.162,-0.236,62.85,-46.65,-69.15,32.0
1787135344.51693,-0.443,2.933,13.319,1.817,0.036,-0.154,63.9,-45.75,-67.5,32.0
1787135344.5169413,0.151,3.405,13.874,1.755,0.204,0.024,62.1,-46.35,-65.85,32.0
1787135344.7271695,0.292,2.813,14.523,-1.012,-0.045,0.225,64.2,-45.75,-64.5,53.0
1787135344.727194,0.476,2.571,14.425,-1.158,-0.115,0.248,64.35,-46.35,-63.6,53.0
1787135344.9239855,-0.675,1.204,11.988,-3.501,0.177,0.422,70.05,-48.3,-88.2,51.0
1787135344.9240108,-0.838,0.939,11.044,-3.653,-0.111,0.361,68.85,-46.65,-92.7,51.0
1787135344.9261277,-0.673,0.742,10.357,-3.787,-0.204,0.393,71.25,-45.75,-95.1,51.0
1787135345.1317732,-1.317,-3.673,2.823,-4.79,-0.714,-0.282,72.0,-32.55,-118.65,44.0
1787135345.1317995,-0.86,-4.748,1.949,-4.926,-0.712,-0.311,74.1,-27.75,-121.35,44.0
1787135345.1318116,-1.156,-5.741,0.563,-4.79,-0.534,-0.221,75.9,-25.8,-122.1,44.0
1787135345.3358922,1.367,-9.352,-6.009,-1.275,-0.171,-0.412,83.1,-3.75,-128.4,3.0
1787135345.3359187,0.766,-8.373,-6.953,-0.881,-0.109,-0.303,83.7,-2.7,-129.15,3.0
1787135345.5393608,1.595,-8.801,-4.401,1.512,0.686,0.033,81.6,-6.45,-127.95,18.0
1787135345.5393858,1.499,-8.961,-3.761,1.713,0.705,0.042,79.65,-7.65,-126.9,27.0
1787135345.7415788,0.524,-6.321,4.132,3.632,0.891,-0.507,70.2,-32.55,-117.15,21.0
1787135345.746551,-0.017,-5.353,4.93,3.55,0.846,-0.482,68.7,-31.8,-115.65,21.0
1787135345.7465777,-0.227,-4.573,5.65,3.411,0.73,-0.418,67.5,-36.45,-113.1,21.0
1787135345.9506698,0.136,0.254,9.44,3.183,-0.161,-0.478,58.8,-48.6,-95.25,34.0
1787135345.9506962,0.706,0.124,10.032,2.644,0.239,-0.269,59.4,-48.45,-93.6,22.0
1787135345.950708,0.644,-1.149,11.088,2.562,0.523,-0.241,56.55,-49.5,-89.7,22.0
1787135346.1550777,0.536,1.444,12.033,2.065,0.563,-0.098,51.75,-49.05,-73.95,39.0
1787135346.3620787,0.005,3.139,14.538,-2.812,-0.006,0.702,53.55,-51.0,-72.45,37.0
1787135346.3621073,-0.644,2.571,14.585,-3.038,-0.077,0.715,54.9,-53.1,-72.9,37.0
1787135346.362119,-0.685,2.933,13.589,-3.355,-0.255,0.538,56.4,-52.65,-79.2,37.0
1787135346.5660596,-1.513,-0.034,8.339,-4.586,-0.239,0.555,64.8,-45.9,-104.4,54.0
1787135346.5660844,-1.812,-0.608,7.424,-4.533,-0.515,0.352,65.4,-43.5,-106.5,54.0
1787135346.5660958,-2.143,-1.97,6.855,-4.372,-0.78,0.332,66.75,-42.3,-111.3,54.0
1787135346.7717068,-0.527,-6.563,-1.417,-3.507,-0.417,0.75,77.55,-19.5,-129.3,33.0
1787135346.771733,-0.864,-6.958,-2.509,-3.261,-0.517,0.509,80.1,-11.55,-130.2,33.0
1787135346.7717445,-1.614,-7.41,-3.385,-2.902,-0.769,0.205,81.15,-9.15,-131.25,33.0
1787135346.9744036,-0.409,-8.61,-8.38,-0.254,0.131,-0.094,91.65,6.15,-128.7,66.0
1787135346.974429,0.153,-9.098,-8.322,0.303,0.202,-0.241,91.35,4.35,-129.3,66.0
1787135346.9744403,0.357,-8.648,-8.15,0.808,0.295,-0.316,91.05,5.85,-128.55,66.0
1787135347.1797125,0.742,-8.191,-3.608,2.359,0.802,-0.097,82.8,-7.05,-130.8,19.0
1787135347.1797385,1.19,-8.382,-2.813,2.468,0.842,-0.118,81.6,-11.1,-130.5,19.0
1787135347.1797502,1.051,-8.114,-2.272,2.627,0.992,-0.035,83.1,-12.3,-129.15,19.0
1787135347.3831148,0.177,-8.025,-0.084,3.698,1.282,0.267,78.6,-21.6,-125.1,27.0
1787135347.3831398,-0.637,-7.278,0.773,4.026,1.062,0.187,75.15,-23.85,-125.4,27.0
1787135347.5893073,0.792,0.773,11.047,2.897,0.166,-0.459,64.8,-50.55,-82.05,17.0
1787135347.5893326,0.989,0.309,11.401,3.213,0.217,-0.321,64.8,-50.55,-81.3,17.0
1787135347.5893447,0.749,1.566,11.598,3.353,0.126,-0.115,62.4,-50.85,-73.65,17.0
1787135347.7946591,1.075,5.205,13.659,0.902,0.342,0.054,59.55,-47.55,-60.3,48.0
1787135347.7946844,1.312,5.061,13.815,0.331,0.319,-0.053,59.4,-46.5,-59.4,40.0
1787135347.7946959,1.384,4.386,14.068,0.042,0.346,0.032,58.8,-45.9,-57.75,40.0
1787135347.9972181,0.436,1.101,11.844,-3.131,0.459,0.474,67.05,-52.2,-81.3,25.0
1787135347.9972444,-0.627,1.214,10.762,-3.43,0.437,0.536,67.05,-51.3,-85.65,40.0
1787135347.9972556,-0.34,0.323,10.834,-3.63,0.241,0.545,69.45,-50.85,-88.8,40.0
1787135348.2041347,-0.089,-0.876,10.436,-3.442,0.238,0.468,69.6,-49.05,-93.75,40.0
1787135348.204178,-0.026,-1.123,10.398,-3.369,0.28,0.459,71.55,-47.55,-96.0,40.0
1787135348.204185,-0.29,-0.745,9.409,-3.641,0.243,0.421,70.35,-45.6,-100.35,40.0
1787135348.4079626,-0.862,-5.387,1.846,-3.893,0.077,0.275,77.4,-22.8,-124.35,23.0
1787135348.4081678,-1.226,-6.409,0.879,-3.971,-0.3,0.002,77.4,-18.15,-125.4,23.0
1787135348.408177,-1.149,-7.161,-0.208,-3.739,-0.732,-0.127,78.9,-16.5,-127.2,23.0
1787135348.613884,-0.211,-7.616,-2.559,-3.528,-0.736,-0.028,80.55,-13.65,-127.05,23.0
1787135348.6139095,-0.014,-7.736,-3.622,-3.275,-0.648,-0.063,81.3,-9.75,-128.1,23.0
1787135348.8193147,0.761,-8.827,0.237,2.877,0.231,-0.225,78.0,-15.6,-126.75,68.0
1787135348.8193402,1.396,-9.026,1.027,3.259,0.558,-0.489,76.95,-18.3,-126.0,68.0
1787135348.819352,0.788,-8.349,1.693,3.439,0.784,-0.468,75.6,-21.6,-125.7,3.0
1787135349.0233004,1.238,-5.564,6.167,3.333,0.659,-0.548,68.55,-40.95,-111.75,27.0
1787135349.0233264,0.781,-4.855,6.347,3.51,0.909,-0.492,68.7,-41.55,-111.3,27.0
1787135349.023338,-0.148,-4.599,6.785,3.835,0.851,-0.104,68.25,-43.05,-105.0,22.0
1787135349.2272677,-0.991,1.128,9.972,3.234,-0.021,-0.122,64.05,-51.75,-84.9,66.0
1787135349.2272935,-0.903,1.324,10.252,3.237,-0.195,-0.169,63.45,-53.55,-81.75,66.0
1787135349.2273047,-0.395,1.355,11.169,3.33,-0.413,-0.146,61.8,-51.0,-78.3,66.0
1787135349.4310403,0.649,3.984,13.326,-0.668,0.123,0.227,58.2,-48.0,-60.45,172.0
1787135349.431066,0.608,3.773,13.041,-0.942,0.112,0.234,58.8,-48.6,-60.6,172.0
1787135349.6371326,-0.014,1.154,11.258,-2.677,0.0,0.392,64.2,-53.55,-83.25,46.0
1787135349.637157,-0.048,0.505,10.762,-2.932,0.073,0.4,64.95,-51.6,-83.25,46.0
1787135349.6371632,-0.567,-0.663,10.403,-3.11,0.085,0.375,65.7,-53.85,-86.25,46.0
1787135349.842368,-0.069,-4.185,7.458,-2.241,-0.579,-0.161,70.5,-47.7,-106.8,23.0
1787135349.8423936,0.062,-4.135,7.614,-2.319,-0.559,-0.192,69.0,-46.2,-108.3,23.0
1787135349.8424048,0.603,-4.889,7.788,-2.41,-0.471,-0.125,69.45,-43.5,-110.85,23.0
1787135350.0462635,1.295,-5.55,7.939,-2.467,-0.451,-0.067,68.85,-43.95,-111.0,23.0
1787135350.0462887,1.334,-6.412,7.877,-2.534,-0.607,0.067,69.75,-43.05,-113.85,23.0
1787135350.2517867,-1.039,-8.997,-5.526,-1.129,-0.179,-0.212,86.55,-7.5,-130.05,22.0
1787135350.2518923,-0.249,-9.048,-5.964,-0.542,-0.203,-0.255,87.15,-5.7,-129.45,30.0
1787135350.2519047,0.354,-8.942,-6.026,-0.046,0.025,-0.221,85.95,-4.5,-130.2,30.0
1787135350.4568048,0.943,-9.764,-1.999,1.903,1.035,0.184,81.9,-11.85,-130.2,32.0
1787135350.4568288,0.484,-9.728,-1.607,2.14,1.173,0.209,80.1,-15.0,-128.4,11.0
1787135350.4568405,-0.287,-9.323,-1.286,2.362,1.08,0.166,79.5,-15.6,-128.55,11.0
1787135350.6613417,-0.184,-5.88,3.46,3.054,0.475,-0.221,71.25,-34.5,-118.95,41.0
1787135350.661367,-0.378,-5.593,3.97,3.008,0.395,-0.189,69.6,-36.6,-117.0,29.0
1787135350.866833,0.33,0.668,9.33,3.79,-0.024,-0.412,60.6,-49.8,-90.75,41.0
1787135350.86687,-0.115,2.179,9.816,3.239,-0.095,-0.159,62.1,-52.5,-89.4,52.0
1787135350.8668823,0.625,2.136,10.587,2.773,0.044,0.02,60.45,-52.35,-82.5,52.0
1787135351.0702672,-0.247,3.965,14.626,-0.333,0.292,0.294,60.3,-48.6,-60.3,90.0
1787135351.070292,-0.273,3.757,14.672,-0.499,0.117,0.268,60.3,-49.5,-63.15,90.0
1787135351.0703034,-0.239,3.598,14.741,-0.681,-0.038,0.204,60.45,-49.2,-64.2,90.0
1787135351.2757704,0.208,2.648,13.558,-3.275,0.025,0.332,62.1,-52.2,-78.0,43.0
1787135351.2757943,0.134,1.654,12.663,-3.71,0.095,0.466,63.3,-51.75,-83.1,43.0
1787135351.4786475,-1.01,-2.983,5.923,-3.928,-0.685,0.195,70.95,-41.55,-113.1,46.0
1787135351.478679,-0.814,-4.161,5.083,-4.13,-0.655,0.169,72.75,-37.2,-115.95,46.0
1787135351.6854594,0.287,-7.424,-2.356,-2.756,-0.578,-0.082,81.0,-15.15,-129.3,30.0
1787135351.6854837,0.189,-7.843,-4.209,-2.806,-0.596,-0.053,81.75,-15.15,-129.3,30.0
1787135351.6854951,0.062,-8.191,-5.071,-2.628,-0.623,-0.09,81.9,-10.35,-130.95,30.0
1787135351.8895645,0.848,-9.716,-6.096,0.958,0.178,-0.125,86.25,-5.1,-129.6,24.0
1787135351.8895905,1.231,-9.713,-5.375,1.239,0.285,-0.068,84.45,-6.15,-129.45,24.0
1787135351.8896024,1.721,-9.713,-4.803,1.486,0.535,0.012,82.35,-5.7,-127.2,24.0
1787135352.0937605,0.472,-7.568,-0.208,2.829,0.74,0.033,77.1,-23.85,-124.65,47.0
1787135352.0937853,0.086,-7.458,0.845,3.164,0.635,0.013,76.2,-26.85,-123.75,47.0
1787135352.2988212,-0.476,-1.786,7.065,3.972,0.669,-0.033,70.8,-44.4,-105.6,34.0
1787135352.2988465,-0.893,-1.123,8.394,3.972,0.329,-0.672,69.45,-43.8,-105.0,34.0
1787135352.298864,-1.166,-0.017,9.491,3.688,-0.173,-0.774,68.55,-46.65,-100.05,34.0
1787135352.504282,1.12,1.24,11.734,2.298,0.651,0.295,64.8,-49.8,-78.0,32.0
1787135352.504307,0.359,2.325,11.993,2.29,0.626,0.134,65.7,-49.2,-74.85,32.0
1787135352.5043185,-1.022,3.608,12.301,1.77,0.354,-0.051,64.35,-50.25,-72.0,32.0
1787135352.7066996,1.207,1.293,13.417,-1.547,-0.211,0.131,65.85,-49.8,-70.65,41.0
1787135352.7067244,1.01,0.713,12.886,-1.858,-0.07,0.311,67.2,-50.4,-71.85,41.0
1787135352.706736,0.776,0.675,12.34,-1.986,0.122,0.432,66.6,-50.55,-73.95,16.0
1787135352.9117758,0.642,-1.798,9.409,-2.619,0.056,0.457,72.45,-47.7,-95.85,28.0
1787135352.9118016,0.385,-2.421,9.098,-2.664,-0.02,0.486,72.9,-47.1,-97.8,28.0
1787135353.1198852,-0.105,-5.306,8.159,-2.066,-0.17,0.545,76.2,-38.4,-109.8,35.0
1787135353.1199114,-0.18,-4.76,7.616,-2.387,0.309,0.838,75.9,-37.8,-112.95,35.0
1787135353.119923,-1.161,-4.322,6.747,-2.948,0.71,1.055,77.55,-36.15,-115.35,34.0
1787135353.326488,-0.33,-8.449,-1.697,-2.166,0.231,-0.151,81.6,-18.9,-126.15,90.0
1787135353.326513,-0.06,-8.171,-2.749,-1.803,0.392,-0.073,82.5,-16.8,-126.75,90.0
1787135353.3265247,-0.644,-8.236,-3.412,-1.696,0.234,-0.103,81.9,-15.75,-127.65,90.0
1787135353.5293078,0.036,-9.23,-3.242,1.257,0.246,0.068,82.05,-11.7,-128.85,55.0
1787135353.5293329,-0.211,-9.139,-2.859,1.42,0.223,0.068,82.05,-13.65,-129.6,55.0
1787135353.5293446,-0.381,-9.146,-2.406,1.584,0.244,0.063,83.1,-13.8,-127.2,55.0
1787135353.7328176,-1.161,-7.123,2.085,2.993,0.442,-0.584,79.8,-29.55,-121.2,15.0
1787135353.7328432,-1.094,-6.33,3.069,3.163,0.461,-0.95,76.35,-33.6,-119.1,15.0
1787135353.732868,-0.237,-5.873,3.989,3.376,0.56,-1.154,73.5,-34.95,-117.15,15.0
1787135353.9383266,-1.142,1.422,9.196,3.401,-0.617,-1.168,64.05,-50.25,-91.2,46.0
1787135353.93835,0.402,0.239,10.451,3.328,-0.606,-1.535,62.7,-49.65,-88.05,46.0
1787135354.1413336,-0.747,2.794,15.203,-0.129,0.344,0.383,57.0,-49.8,-67.65,61.0
1787135354.1413584,-0.613,2.368,15.009,-0.337,0.036,0.338,57.3,-51.0,-66.6,61.0
1787135354.3477895,-1.817,-0.505,12.694,-2.931,0.077,0.328,66.45,-49.95,-90.6,24.0
1787135354.3478148,-2.456,-0.151,12.45,-3.333,-0.048,0.313,66.6,-50.25,-92.7,24.0
1787135354.3478265,-2.471,-1.125,12.333,-3.659,-0.25,0.3,67.05,-48.6,-98.85,24.0
1787135354.552156,-1.7,-5.387,4.209,-3.628,-0.176,-0.165,71.25,-35.7,-118.95,28.0
1787135354.5521781,-2.133,-5.148,3.081,-3.457,-0.317,-0.323,71.55,-31.65,-122.1,11.0
1787135354.5521843,-2.433,-5.181,1.712,-3.467,-0.498,-0.277,72.15,-28.5,-123.9,11.0
1787135354.756123,0.599,-8.289,-4.132,-1.54,-0.657,-0.187,80.4,-13.05,-132.45,36.0
1787135354.7561486,0.019,-8.449,-4.48,-1.156,-0.446,-0.225,80.85,-11.1,-132.0,30.0
1787135354.962773,0.412,-9.632,-3.663,1.058,0.264,-0.035,80.1,-10.8,-130.95,22.0
1787135354.9627979,0.539,-9.919,-3.29,1.283,0.376,-0.095,80.4,-10.35,-130.95,18.0
1787135354.9628093,0.855,-10.008,-2.847,1.518,0.542,-0.097,79.8,-13.65,-130.8,18.0
1787135355.1673777,0.043,-7.599,2.071,3.216,0.396,-0.045,74.7,-27.9,-122.25,32.0
1787135355.167403,0.05,-7.084,2.528,3.454,0.924,-0.084,73.35,-30.45,-121.65,20.0
1787135355.167416,-0.608,-6.182,2.684,3.671,1.31,-0.054,73.2,-32.25,-118.2,20.0
1787135355.375225,0.673,-1.247,7.915,3.599,0.378,-0.214,68.85,-44.85,-98.85,51.0
1787135355.375251,0.081,-1.051,8.696,3.821,0.642,-0.035,68.25,-45.75,-97.95,51.0
1787135355.3752623,-0.33,0.532,9.05,3.977,0.65,-0.081,67.5,-47.7,-91.8,25.0
1787135355.5856879,-1.65,3.077,14.6,1.413,0.118,0.108,63.9,-48.9,-64.8,33.0
1787135355.5857131,-1.506,3.915,14.729,1.22,0.029,0.092,63.45,-47.7,-63.0,27.0
1787135355.7879105,-0.67,2.356,13.036,-1.291,0.165,0.177,65.85,-47.55,-65.1,40.0
1787135355.787936,-0.974,1.884,13.036,-1.328,0.092,0.214,65.7,-48.45,-67.05,40.0
1787135355.7879474,-1.255,2.504,12.4,-1.444,-0.081,0.228,64.95,-48.45,-69.6,31.0
1787135355.9871383,-1.444,0.098,8.507,-3.201,0.107,0.073,70.05,-44.85,-101.55,30.0
1787135355.9871776,-2.629,-0.292,7.606,-3.355,-0.039,-0.023,70.05,-44.85,-101.55,30.0
1787135355.9881227,-2.509,-2.181,6.529,-3.277,-0.549,-0.261,71.85,-41.25,-107.7,30.0
1787135356.192142,-0.491,-6.333,2.562,-3.871,-0.825,0.025,74.7,-26.85,-121.95,22.0
1787135356.1921666,-0.706,-6.747,1.53,-3.672,-0.882,-0.202,78.0,-23.25,-124.05,22.0
1787135356.192178,-1.539,-6.151,0.35,-3.832,-1.275,-0.312,77.1,-19.2,-123.6,22.0
1787135356.3953307,-0.496,-10.824,-6.73,0.031,-0.469,-0.096,88.95,-3.45,-127.2,16.0
1787135356.3953557,0.673,-9.182,-6.871,0.396,-0.168,-0.127,88.05,-3.6,-128.55,16.0
1787135356.395367,0.381,-9.074,-6.258,0.367,0.244,-0.238,88.65,-3.75,-126.45,16.0
1787135356.597497,-0.498,-10.017,-1.738,2.466,0.883,0.008,80.85,-15.0,-124.35,31.0
1787135356.599246,-0.366,-9.172,-1.144,2.955,0.773,-0.047,80.1,-16.95,-124.65,31.0
1787135356.8052475,-1.295,-3.814,5.284,3.609,0.615,-0.311,71.1,-37.05,-112.2,23.0
1787135357.0146534,-1.403,2.986,11.502,3.759,0.33,-0.027,62.85,-50.55,-80.55,18.0
1787135357.2159271,0.268,2.919,14.157,-0.347,0.707,0.295,59.25,-46.35,-62.55,23.0
1787135357.215953,-0.299,2.952,13.906,-0.682,0.33,0.217,60.9,-47.25,-61.5,23.0
1787135357.2159643,-0.761,2.859,13.728,-0.971,-0.069,0.177,61.8,-47.1,-62.1,23.0
1787135357.419724,-0.675,1.707,12.055,-1.976,-0.037,0.301,64.2,-49.95,-74.4,31.0
1787135357.419749,-0.979,1.434,11.748,-2.242,-0.106,0.234,66.3,-49.8,-78.0,22.0
1787135357.6239831,-1.19,-4.463,7.118,-3.949,-0.545,0.14,70.95,-39.6,-113.4,30.0
1787135357.624009,-1.094,-4.762,6.012,-3.836,-0.502,0.219,70.35,-35.1,-116.25,30.0
1787135357.6240208,-1.626,-4.712,4.503,-3.832,-0.627,0.062,71.1,-33.6,-119.85,30.0
1787135357.8298664,0.828,-7.841,-3.443,-3.253,-0.317,-0.21,79.65,-10.35,-130.5,22.0
1787135357.8298926,0.373,-8.224,-4.532,-2.835,-0.012,-0.208,80.85,-10.35,-129.75,22.0
1787135357.8299038,-0.091,-7.609,-5.851,-2.445,0.146,-0.109,81.9,-6.45,-130.5,22.0
1787135358.0341728,1.046,-9.256,-6.709,1.291,0.544,0.097,83.4,-0.75,-130.2,55.0
1787135358.0341988,0.953,-9.273,-6.06,1.595,0.463,0.117,82.35,-0.75,-130.5,55.0
1787135358.23875,-0.316,-8.768,-0.864,3.055,0.777,0.276,78.6,-15.45,-129.15,35.0
1787135358.238775,-0.673,-8.124,-0.271,3.216,0.69,0.255,74.7,-19.5,-127.5,35.0
1787135358.2387896,-0.57,-7.149,0.29,3.179,0.641,0.241,74.1,-22.35,-127.65,35.0
1787135358.4433026,-1.65,-1.504,8.859,3.607,-0.136,-0.618,69.3,-43.65,-105.6,44.0
1787135358.4433286,-0.931,-2.15,9.811,3.374,-0.02,-0.492,68.7,-45.0,-104.25,44.0
1787135358.44334,-0.318,-2.602,10.309,3.44,0.307,-0.215,69.0,-44.55,-99.45,44.0
1787135358.648872,-0.685,2.014,12.938,2.158,0.24,-0.285,64.05,-50.55,-76.8,26.0
1787135358.6488981,-0.292,1.425,13.716,1.788,0.16,-0.099,60.6,-50.25,-74.55,26.0
1787135358.851652,-0.108,1.81,13.645,-1.173,0.194,0.176,62.4,-49.2,-68.55,34.0
1787135358.8516777,-0.026,1.135,13.254,-1.441,0.015,0.203,61.65,-49.95,-70.05,34.0
1787135359.0575953,-0.97,0.199,11.626,-2.899,-0.034,0.473,68.85,-50.25,-91.2,36.0
1787135359.0576196,-1.633,0.249,11.164,-3.197,-0.156,0.324,68.7,-47.7,-94.65,36.0
1787135359.057631,-2.37,-0.069,11.353,-3.454,-0.519,0.13,68.25,-47.25,-96.15,36.0
1787135359.2662811,0.388,-6.989,1.006,-3.582,-0.5,0.329,78.9,-22.35,-126.9,15.0
1787135359.2663105,-0.376,-7.041,-0.294,-3.357,-0.551,0.437,79.5,-19.05,-128.1,24.0
1787135359.266322,-0.723,-6.44,-2.26,-3.176,-0.7,0.363,80.85,-14.55,-129.45,24.0
1787135359.4661155,-0.694,-8.657,-7.175,-0.678,-0.185,-0.379,88.65,2.7,-128.7,27.0
1787135359.4661398,-0.496,-8.648,-7.432,-0.322,-0.117,-0.274,88.8,5.1,-130.05,66.0
1787135359.67322,0.761,-8.964,-5.045,1.596,0.58,0.125,86.7,-1.8,-127.95,77.0
1787135359.673246,0.575,-9.124,-4.547,1.933,0.722,0.138,84.9,-2.25,-127.95,77.0
1787135359.6732578,0.546,-9.084,-4.202,2.294,0.792,0.049,85.95,-6.45,-127.95,5.0
1787135359.8770847,-0.381,-6.302,3.419,3.701,0.467,-0.103,77.25,-26.1,-122.25,13.0
1787135359.8771114,0.405,-6.081,3.972,3.724,0.472,-0.078,75.15,-29.25,-119.1,13.0
1787135359.877123,0.211,-5.126,4.29,3.674,0.597,-0.131,75.0,-32.55,-117.45,35.0
1787135360.0811608,-0.22,-1.48,9.529,3.575,0.619,-0.394,67.8,-46.65,-96.0,28.0
1787135360.081189,-1.204,-0.11,9.972,3.888,0.418,-0.394,68.25,-49.2,-92.4,28.0
1787135360.286832,2.167,4.07,13.496,1.38,0.188,-0.088,59.85,-48.6,-61.35,55.0
1787135360.2868652,2.54,3.352,13.52,1.133,0.58,0.126,57.9,-46.5,-61.95,55.0
1787135360.2868772,1.697,3.692,13.238,0.854,0.625,0.181,58.95,-45.75,-60.15,49.0
1787135360.4921448,0.034,3.764,14.423,-1.165,-0.178,0.144,61.35,-46.65,-58.8,55.0
1787135360.492169,0.8,3.261,15.002,-1.347,-0.217,0.167,61.8,-45.9,-61.35,55.0
1787135360.4921753,1.111,3.553,15.081,-1.696,0.03,0.237,61.65,-48.0,-61.5,55.0
1787135360.6974204,-1.374,2.248,13.08,-2.905,0.053,0.439,65.55,-51.3,-76.8,82.0
1787135360.6974452,-0.972,1.853,11.875,-3.143,-0.142,0.36,65.4,-51.9,-80.4,46.0
