timestamp,ax,ay,az,gx,gy,gz,mx,my,mz,dist
1787131908.680224,-2.116,5.748,7.286,-0.052,0.015,0.001,-15.45,-8.7,-8.55,604.0
1787131908.6802516,-2.078,5.662,7.309,-0.053,0.021,-0.004,-15.9,-9.15,-9.15,848.0
1787131908.6802704,-2.138,5.734,7.326,-0.049,0.03,-0.009,-15.15,-9.15,-10.2,848.0
1787131908.6802936,-2.205,5.732,7.4,-0.013,-0.012,0.01,-15.45,-8.7,-9.0,862.0
1787131908.6803079,-2.145,5.703,7.319,-0.016,-0.007,0.009,-15.0,-9.0,-9.3,784.0
1787131908.680318,-2.095,5.722,7.341,-0.019,-0.003,0.0,-14.1,-8.1,-8.7,784.0
1787131908.6803288,-2.004,5.756,7.338,-0.023,-0.01,-0.003,-15.45,-8.7,-9.75,821.0
1787131908.6803443,-2.023,5.653,7.283,-0.028,0.01,-0.015,-14.85,-9.6,-9.45,902.0
1787131908.680356,-2.052,5.65,7.317,-0.03,0.022,-0.015,-13.95,-9.75,-9.75,902.0
1787131908.6803663,-2.124,5.655,7.298,-0.019,-0.007,-0.001,-15.75,-9.45,-9.75,923.0
1787131908.6803768,-2.09,5.598,7.405,-0.047,0.008,-0.021,-15.15,-8.85,-9.45,1019.0
1787131908.6803865,-2.212,5.578,7.377,-0.037,0.009,-0.023,-15.45,-9.0,-10.35,1019.0
1787131908.6803963,-2.255,5.641,7.42,-0.034,-0.009,-0.017,-14.7,-9.45,-9.75,1019.0
1787131908.680406,-1.949,5.564,7.396,-0.077,-0.009,0.011,-14.7,-9.45,-9.75,1164.0
1787131908.6804154,-2.016,5.516,7.398,-0.081,0.011,0.01,-15.0,-8.25,-9.3,1164.0
1787131908.6804245,-2.136,5.612,7.52,-0.084,0.023,0.004,-15.6,-9.6,-10.2,1164.0
1787131908.680434,-2.042,5.468,7.551,-0.048,0.054,-0.024,-15.0,-10.2,-11.55,1238.0
1787131908.6804433,-2.131,5.413,7.506,-0.023,0.064,-0.03,-14.7,-10.2,-10.35,1238.0
1787131908.6804528,-2.102,5.478,7.525,-0.026,0.07,-0.03,-15.0,-10.5,-10.05,1238.0
1787131908.6804626,-2.231,5.404,7.544,-0.011,0.023,-0.002,-14.7,-9.0,-11.85,1191.0
1787131908.6804721,-2.246,5.38,7.556,-0.005,0.021,0.001,-16.2,-10.95,-11.55,1191.0
1787131908.680482,-2.303,5.432,7.523,0.001,0.012,0.003,-15.15,-10.35,-9.9,1191.0
1787131908.6804914,-2.102,5.528,7.527,0.016,-0.006,0.008,-14.85,-10.05,-11.7,1184.0
1787131908.6805012,-2.248,5.507,7.46,0.018,0.003,0.012,-16.65,-10.8,-10.65,1184.0
1787131908.6805108,-2.234,5.519,7.444,0.015,0.002,0.013,-16.2,-8.7,-9.3,1184.0
1787131908.6805203,-2.131,5.533,7.558,-0.014,-0.001,0.004,-15.75,-9.0,-9.0,1194.0
1787131908.6805296,-2.126,5.555,7.515,-0.013,0.005,0.003,-15.45,-9.75,-9.75,1183.0
1787131908.6805391,-2.128,5.543,7.499,-0.016,0.012,0.001,-15.45,-8.25,-9.75,1183.0
1787131908.6805484,-2.138,5.559,7.477,-0.006,-0.039,-0.002,-15.9,-9.15,-10.2,1167.0
1787131908.6805584,-2.116,5.617,7.494,-0.007,-0.034,0.003,-15.45,-9.45,-8.55,1167.0
1787131908.6805677,-2.167,5.586,7.511,-0.001,-0.049,0.002,-14.7,-8.25,-9.3,1167.0
1787131908.6805773,-1.999,5.401,7.434,0.009,-0.018,-0.067,-14.85,-10.05,-9.45,1170.0
1787131908.6805868,-1.963,5.916,7.338,-0.028,-0.009,0.029,-14.85,-8.85,-8.4,1061.0
1787131908.6805959,-2.018,5.784,7.228,-0.052,0.005,0.034,-15.75,-10.5,-9.75,1061.0
1787131908.6806078,-1.946,5.705,7.207,-0.064,-0.002,0.037,-16.65,-8.85,-9.45,1025.0
1787131908.6806173,-2.088,5.48,7.491,-0.012,0.059,-0.03,-16.65,-7.2,-9.45,1177.0
1787131908.6806264,-2.133,5.44,7.456,0.003,0.063,-0.027,-15.75,-9.45,-9.3,1177.0
1787131908.6806357,-2.164,5.631,7.448,0.009,0.043,-0.027,-15.6,-8.85,-9.15,1160.0
1787131908.6806448,-2.052,5.746,7.309,-0.009,0.044,-0.052,-14.4,-7.65,-9.45,1105.0
1787131908.6806543,-2.112,5.686,7.29,-0.014,0.048,-0.057,-16.5,-8.7,-9.0,1105.0
1787131908.680664,-2.085,5.698,7.377,-0.03,0.052,-0.061,-15.0,-8.25,-8.25,1040.0
1787131908.6806734,-2.236,5.619,7.377,0.016,-0.003,0.003,-16.35,-9.6,-7.65,1012.0
1787131908.6806824,-2.112,5.674,7.329,0.019,-0.009,0.007,-15.75,-6.75,-8.55,1012.0
1787131908.6806917,-2.203,5.705,7.293,0.01,-0.019,0.013,-15.0,-8.7,-8.25,1012.0
1787131908.680701,-2.282,5.488,7.506,-0.052,0.037,0.005,-14.4,-8.4,-9.15,1006.0
1787131908.68071,-2.31,5.499,7.547,-0.034,0.022,0.009,-15.15,-8.85,-9.45,1006.0
1787131908.6807191,-2.274,5.387,7.547,-0.016,0.006,0.011,-15.6,-9.6,-9.9,1006.0
1787131908.6807284,-2.054,5.646,7.302,-0.022,0.026,-0.001,-15.45,-8.25,-9.75,1083.0
1787131908.6807375,-2.064,5.681,7.355,-0.025,0.035,-0.002,-16.2,-7.8,-8.25,1083.0
1787131908.6807468,-2.169,5.672,7.381,-0.016,0.032,-0.01,-14.1,-7.65,-8.4,1083.0
1787131908.6807559,-2.138,5.653,7.444,-0.019,0.018,0.006,-16.2,-8.7,-7.8,967.0
1787131908.680765,-2.124,5.624,7.389,-0.032,0.029,-0.003,-15.75,-9.0,-9.0,967.0
1787131908.6807742,-2.231,5.614,7.444,-0.032,0.036,-0.013,-15.15,-8.1,-9.45,967.0
1787131908.6807835,-2.188,5.722,7.343,-0.023,0.02,-0.005,-15.9,-9.6,-10.2,1032.0
1787131908.6807926,-2.215,5.669,7.353,-0.033,0.027,-0.006,-15.9,-7.65,-9.15,1032.0
1787131908.680802,-2.279,5.648,7.42,-0.023,0.038,-0.02,-15.9,-8.85,-7.35,1019.0
1787131908.6808112,-2.251,5.643,7.384,-0.028,0.03,-0.016,-14.85,-10.35,-9.9,1026.0
1787131908.6808205,-2.346,5.612,7.377,-0.019,0.026,-0.005,-14.7,-8.25,-9.3,1026.0
1787131908.6808298,-2.263,5.567,7.345,-0.011,0.011,-0.005,-16.65,-7.65,-9.45,994.0
1787131908.6808395,-2.248,5.6,7.331,-0.01,0.013,-0.005,-14.25,-9.45,-9.0,1044.0
1787131908.6808486,-2.219,5.581,7.391,-0.009,0.021,-0.009,-15.45,-9.75,-8.25,1044.0
1787131908.6808665,-2.284,5.641,7.393,-0.026,0.017,-0.005,-16.65,-7.65,-8.4,869.0
1787131908.6808784,-2.255,5.598,7.36,-0.016,0.013,-0.004,-17.25,-8.25,-9.75,943.0
1787131908.6808877,-2.296,5.619,7.374,-0.018,0.012,-0.004,-15.15,-8.4,-8.4,943.0
1787131908.6809003,-2.227,5.677,7.377,-0.02,0.012,-0.003,-15.75,-8.7,-9.75,961.0
1787131908.6809099,-2.277,5.679,7.326,-0.024,0.02,-0.007,-15.75,-9.45,-7.5,870.0
1787131908.680919,-2.32,5.641,7.384,-0.023,0.019,-0.009,-15.45,-8.7,-10.05,870.0
1787131908.6809278,-2.222,5.576,7.329,-0.025,0.016,0.003,-15.9,-9.15,-9.45,951.0
1787131908.680937,-2.27,5.605,7.362,-0.024,0.015,-0.008,-14.7,-8.7,-10.8,901.0
1787131908.6809459,-2.313,5.643,7.372,-0.032,0.014,-0.007,-15.15,-9.15,-9.45,901.0
1787131908.680955,-2.298,5.667,7.393,-0.028,0.016,-0.012,-15.15,-9.15,-8.4,901.0
1787131908.680964,-2.346,5.626,7.386,-0.03,0.013,-0.013,-16.2,-8.7,-9.0,901.0
1787131908.6809728,-2.322,5.602,7.355,-0.023,0.016,-0.006,-16.2,-8.25,-8.25,901.0
1787131908.680982,-2.356,5.583,7.338,-0.023,0.018,-0.01,-15.0,-8.7,-9.3,970.0
1787131908.680991,-2.322,5.612,7.341,-0.031,0.02,-0.013,-15.6,-7.2,-9.15,970.0
1787131908.6810002,-2.368,5.612,7.353,-0.03,0.016,-0.011,-15.6,-8.4,-8.4,970.0
1787131908.68101,-2.33,5.569,7.381,-0.03,0.015,-0.01,-14.85,-8.1,-8.7,1033.0
1787131908.681019,-2.327,5.466,7.494,0.003,-0.001,-0.019,-15.75,-7.5,-9.0,1135.0
1787131908.6810281,-2.243,5.499,7.479,0.003,-0.002,-0.026,-15.0,-9.45,-8.55,1135.0
1787131908.681037,-2.119,5.473,7.468,0.002,0.005,-0.036,-15.9,-7.65,-11.4,1135.0
1787131908.6810462,-2.255,5.684,7.309,0.005,0.024,-0.023,-15.75,-8.7,-9.3,995.0
1787131908.6810553,-2.286,5.753,7.278,-0.001,0.02,-0.014,-15.75,-8.25,-9.75,995.0
1787131908.6810644,-2.164,5.772,7.271,-0.007,0.022,-0.016,-15.6,-9.15,-10.2,995.0
1787131908.6810737,-2.131,5.751,7.281,-0.016,0.03,-0.013,-16.35,-8.1,-7.95,995.0
1787131908.6810827,-2.172,5.703,7.288,-0.036,0.048,-0.013,-14.4,-8.1,-7.65,995.0
1787131908.6810918,-2.222,5.638,7.288,-0.047,0.066,-0.023,-16.35,-7.65,-9.9,990.0
1787131908.681101,-2.444,5.662,7.345,0.011,0.102,-0.057,-15.75,-7.5,-8.55,742.0
1787131908.6811104,-2.466,5.622,7.233,-0.022,0.129,-0.06,-13.65,-8.1,-8.7,742.0
1787131908.6811194,-2.521,5.636,7.233,-0.024,0.122,-0.065,-14.1,-9.15,-8.7,742.0
1787131908.6811285,-2.686,5.499,7.424,0.019,-0.007,-0.045,-14.7,-8.7,-9.0,547.0
1787131908.6811373,-2.703,5.418,7.4,0.048,-0.02,-0.034,-13.65,-8.4,-9.15,547.0
1787131908.6811464,-2.725,5.471,7.415,0.055,-0.015,-0.025,-15.0,-8.25,-8.25,547.0
1787131908.6811562,-2.612,5.657,7.262,-0.042,0.035,-0.015,-15.0,-7.05,-9.0,314.0
1787131908.6811676,-2.789,5.626,7.3,-0.035,0.012,-0.016,-15.0,-9.45,-7.5,314.0
1787131908.681177,-2.636,5.655,7.319,-0.02,-0.007,-0.011,-15.15,-7.65,-9.45,314.0
1787131908.681186,-2.682,5.753,7.216,-0.017,0.003,0.013,-15.15,-8.1,-7.95,335.0
1787131908.6811976,-2.638,5.691,7.116,-0.026,0.014,0.006,-14.7,-7.8,-7.8,325.0
1787131908.681208,-2.648,5.612,7.199,-0.033,0.023,-0.005,-14.4,-7.65,-8.7,325.0
1787131908.681217,-2.65,5.66,7.228,-0.01,-0.001,0.014,-15.15,-7.2,-9.15,330.0
1787131908.6812263,-2.746,5.662,7.274,0.001,0.005,-0.011,-15.0,-7.05,-9.0,345.0
1787131908.6812773,-2.617,5.631,7.214,-0.009,0.011,-0.012,-14.85,-8.1,-8.4,345.0
1787131908.6812875,-2.679,5.672,7.221,-0.02,0.015,-0.007,-14.25,-7.8,-9.0,345.0
1787131908.6812966,-2.579,5.66,7.163,-0.031,0.014,0.005,-14.7,-9.45,-10.05,329.0
1787131908.681306,-2.619,5.679,7.144,-0.044,0.019,0.003,-16.65,-8.4,-9.45,329.0
1787131908.6813152,-2.634,5.653,7.166,-0.055,0.021,0.002,-15.0,-8.7,-8.25,329.0
1787131908.6813242,-2.674,5.507,7.309,-0.009,0.008,-0.006,-16.2,-7.8,-9.3,482.0
1787131908.6813338,-2.614,5.476,7.242,0.0,0.014,-0.017,-15.15,-8.4,-9.45,482.0
1787131908.681343,-2.677,5.55,7.269,-0.004,0.024,-0.018,-14.7,-8.25,-9.3,482.0
1787131908.681352,-2.942,5.586,7.262,-0.061,0.042,-0.013,-15.9,-8.4,-9.15,399.0
1787131908.6813614,-2.792,5.578,7.288,-0.047,0.02,-0.002,-16.5,-8.7,-8.25,399.0
1787131908.6813707,-2.787,5.523,7.298,-0.046,0.023,-0.004,-15.0,-9.45,-11.1,399.0
1787131908.68138,-2.871,5.346,7.345,-0.015,-0.004,-0.001,-15.6,-9.6,-9.15,497.0
1787131908.6813896,-2.837,5.428,7.307,-0.015,-0.005,0.0,-13.5,-9.45,-9.0,497.0
1787131908.6813989,-2.842,5.411,7.324,-0.012,0.0,0.002,-14.4,-9.15,-9.9,497.0
1787131908.6814084,-2.763,5.497,7.197,-0.019,0.01,0.0,-14.1,-10.8,-9.15,437.0
1787131908.681418,-2.768,5.444,7.216,-0.015,0.014,0.005,-16.35,-10.05,-10.2,437.0
1787131908.681428,-2.818,5.535,7.295,-0.013,0.005,0.006,-15.45,-8.7,-8.25,437.0
1787131908.6814373,-2.863,5.574,7.242,-0.007,0.023,-0.003,-15.0,-9.0,-9.75,559.0
1787131908.681446,-2.832,5.521,7.247,-0.013,0.014,-0.002,-15.0,-8.7,-9.0,559.0
1787131908.681455,-2.844,5.488,7.214,-0.014,0.018,-0.002,-14.25,-8.7,-7.05,559.0
1787131908.681464,-2.761,5.497,7.281,-0.018,0.016,-0.001,-13.65,-8.85,-9.45,419.0
1787131908.681473,-2.904,5.552,7.288,-0.022,0.011,0.007,-15.6,-8.85,-10.2,419.0
1787131908.6814837,-2.758,5.598,7.202,-0.004,0.009,-0.003,-15.45,-8.7,-9.0,431.0
1787131908.6814933,-2.751,5.499,7.295,-0.021,0.016,-0.002,-15.75,-8.25,-9.3,431.0
1787131908.6815033,-2.77,5.533,7.276,-0.017,0.026,-0.007,-13.5,-9.45,-10.35,458.0
1787131908.681513,-2.933,5.717,7.451,-0.035,0.06,-0.037,-15.75,-9.0,-9.3,429.0
1787131908.6815221,-2.009,5.653,7.393,-0.067,0.084,-0.125,-14.7,-7.8,-9.3,429.0
1787131908.681532,-1.688,5.571,7.568,-0.069,0.286,-0.203,-14.4,-10.05,-8.7,424.0
1787131908.6815414,-5.921,6.199,8.514,-1.253,1.675,-0.617,-2.4,-14.85,-13.35,254.0
1787131908.6815505,-5.679,6.007,8.6,-1.486,1.427,-0.444,-0.6,-16.95,-16.05,254.0
1787131908.68156,-5.246,5.696,8.598,-1.589,1.48,-0.269,-1.05,-19.2,-17.25,254.0
1787131908.681569,-6.069,4.702,6.97,-1.979,2.284,-0.489,2.7,-23.7,-25.2,254.0
1787131908.6815782,-6.395,4.147,6.337,-1.944,2.608,-0.596,3.15,-26.1,-25.8,254.0
1787131908.6815877,-7.151,3.812,5.634,-1.923,2.819,-0.696,5.4,-27.9,-29.85,254.0
1787131908.6815972,-9.376,-1.451,-0.656,-1.871,1.307,-0.96,-0.9,-32.55,-68.85,1282.0
1787131908.6816068,-9.424,-1.549,-0.723,-1.528,1.186,-0.924,-3.3,-33.9,-70.95,1282.0
1787131908.681616,-9.313,-1.58,-0.903,-1.186,1.064,-0.818,-3.6,-33.15,-73.2,1282.0
1787131908.6816256,-10.032,-2.21,-0.579,-0.306,-0.427,-0.434,-9.6,-31.2,-78.6,1292.0
1787131908.6816351,-10.111,-2.155,-0.445,-0.396,-0.816,-0.457,-9.45,-29.85,-79.2,1292.0
1787131908.6816444,-9.859,-2.562,-0.354,-0.448,-1.094,-0.471,-10.95,-30.6,-79.95,1292.0
1787131908.6816537,-10.719,-5.018,3.821,-0.546,-3.205,-0.833,-6.45,-27.9,-81.75,1419.0
1787131908.6816635,-9.989,-5.021,4.355,-0.289,-3.015,-0.937,-6.0,-28.35,-82.2,1419.0
1787131908.6816728,-9.874,-4.92,5.303,-0.245,-2.983,-1.097,-6.0,-28.8,-80.7,1419.0
1787131908.6816819,-6.17,-5.205,7.084,0.002,-2.796,-1.569,-5.4,-27.9,-75.6,2246.0
1787131908.6816912,1.496,-5.078,6.816,-0.855,-1.104,-0.946,-12.45,-24.9,-77.7,2107.0
1787131908.6817007,2.006,-5.083,6.835,-0.966,-0.983,-0.796,-14.25,-21.75,-78.9,2311.0
1787131908.6817098,2.164,-4.925,6.761,-1.092,-0.842,-0.611,-14.85,-23.1,-78.3,2311.0
1787131908.6817193,2.523,-7.221,5.531,-0.795,-0.36,-0.238,-15.45,-18.75,-85.8,2277.0
1787131908.6817284,2.512,-7.324,5.452,-0.777,-0.424,-0.259,-15.6,-16.95,-87.15,2277.0
1787131908.6817372,2.658,-7.348,5.32,-0.761,-0.414,-0.242,-16.65,-16.2,-86.4,2277.0
1787131908.6817465,2.375,-7.439,4.86,-0.588,-0.581,-0.18,-14.7,-14.4,-90.6,2148.0
1787131908.6817553,2.813,-7.592,4.774,-0.602,-0.653,-0.109,-13.95,-14.1,-90.6,2047.0
1787131908.6817644,3.266,-7.551,4.544,-0.644,-0.629,-0.064,-15.6,-12.75,-91.95,2047.0
1787131908.681774,3.797,-9.026,1.853,-0.705,-0.167,0.166,-12.6,-7.65,-95.55,1974.0
1787131908.681783,3.768,-9.069,1.269,-0.66,-0.205,0.165,-12.75,-8.7,-93.9,1882.0
1787131908.681792,3.754,-9.222,1.044,-0.593,-0.189,0.139,-13.35,-7.2,-96.75,1882.0
1787131908.6818013,2.971,-9.124,1.334,0.171,0.139,-0.021,-13.95,-6.3,-96.45,1842.0
1787131908.6818104,3.067,-9.196,1.463,0.213,0.172,-0.034,-10.95,-5.85,-96.15,1870.0
1787131908.68182,2.914,-9.275,1.705,0.234,0.122,-0.049,-11.85,-7.2,-95.55,1870.0
1787131908.6818292,3.223,-9.273,2.938,0.089,0.257,0.063,-12.0,-7.05,-95.1,1884.0
1787131908.6818383,2.983,-9.246,3.0,0.061,0.123,0.072,-15.15,-6.45,-93.45,1884.0
1787131908.6818476,2.626,-9.148,3.019,-0.015,-0.053,0.073,-13.35,-8.1,-94.2,1884.0
1787131908.681862,2.701,-9.285,2.212,0.007,-0.027,0.051,-11.25,-8.7,-95.4,1870.0
1787131908.6818714,2.758,-9.251,2.241,0.044,-0.069,0.033,-12.75,-5.1,-94.65,1870.0
1787131908.6818805,2.947,-9.357,2.337,0.104,-0.01,0.011,-13.5,-8.25,-95.1,1878.0
1787131908.6818902,2.952,-9.285,3.093,0.107,0.059,0.053,-12.75,-8.7,-95.85,1962.0
1787131908.6818998,2.89,-8.712,2.346,-0.212,2.453,1.062,-13.5,-7.5,-94.65,1905.0
1787131908.6819096,2.507,-9.036,2.749,-0.341,3.0,1.448,-15.6,-7.2,-95.55,1905.0
1787131908.6819186,1.781,-9.359,2.574,-0.328,3.389,1.515,-17.1,-7.65,-93.75,1905.0
1787131908.681928,-2.672,-9.153,2.435,-0.027,1.268,0.797,-27.0,-8.7,-87.75,69.0
1787131908.6819372,-2.042,-9.215,2.389,-0.071,0.678,0.792,-25.5,-9.45,-88.8,69.0
1787131908.6819463,-2.023,-9.141,2.334,-0.078,0.411,0.79,-26.7,-10.05,-87.45,69.0
1787131908.6819558,-4.046,-7.915,2.792,0.222,0.287,0.69,-25.2,-14.25,-86.7,96.0
1787131908.6820922,-3.663,-8.243,3.019,0.289,0.452,0.731,-25.05,-13.2,-85.05,96.0
1787131908.6821103,-3.936,-8.011,3.275,0.246,0.612,0.843,-24.15,-13.8,-86.4,96.0
1787131908.6821163,-6.893,-7.547,1.453,0.071,1.247,0.395,-26.7,-15.45,-83.85,188.0
1787131908.6821218,-6.721,-7.503,0.996,0.087,1.326,0.374,-25.95,-14.25,-83.1,188.0
1787131908.682128,-6.883,-7.731,0.754,0.197,1.348,0.352,-26.7,-14.55,-82.35,188.0
1787131908.682133,-6.376,-6.922,0.831,1.082,0.933,1.067,-27.9,-19.2,-74.55,1294.0
1787131908.6821382,-6.507,-6.653,1.099,1.059,0.691,1.137,-27.45,-20.1,-74.25,1294.0
1787131908.6821432,-5.643,-5.966,1.027,1.006,0.756,1.155,-27.75,-23.25,-71.55,1294.0
1787131908.682148,-8.315,-4.144,2.061,0.283,0.982,1.17,-22.8,-26.1,-66.0,1316.0
1787131908.682153,-9.917,-4.317,2.26,0.254,0.95,1.155,-20.85,-28.5,-65.85,1268.0
1787131908.682158,-10.372,-4.02,2.14,0.231,0.833,1.063,-20.85,-27.45,-64.35,1268.0
1787131908.682163,-10.034,-3.67,1.844,0.11,0.783,0.877,-20.55,-27.15,-63.75,1268.0
1787131908.682168,-9.799,-3.958,1.836,-0.019,0.864,0.709,-18.9,-27.45,-65.4,1268.0
1787131908.6821733,-10.578,-3.986,1.688,-0.105,0.828,0.682,-17.85,-27.45,-64.35,1268.0
1787131908.6821783,-9.471,-3.658,-1.915,0.106,-0.078,-0.115,-18.15,-27.45,-68.7,1244.0
1787131908.6821835,-9.462,-3.558,-1.607,0.154,-0.134,-0.128,-17.7,-28.35,-68.25,1244.0
1787131908.6821883,-9.242,-3.558,-1.432,0.186,-0.154,-0.14,-18.9,-28.95,-67.95,1248.0
1787131908.682193,-10.01,-3.333,-0.429,0.101,-0.435,-0.335,-18.9,-29.25,-67.65,1246.0
1787131908.6821983,-9.584,-3.512,-0.338,0.04,-0.556,-0.332,-19.05,-29.1,-67.05,1246.0
1787131908.6822033,-9.931,-3.488,-0.294,-0.089,-0.763,-0.377,-20.1,-29.7,-66.6,1246.0
1787131908.6822088,-9.445,-4.415,1.633,-0.159,-1.538,-1.107,-22.05,-27.9,-69.6,1190.0
1787131908.6822135,-9.416,-5.057,2.059,-0.298,-1.791,-1.101,-23.4,-25.8,-72.75,1190.0
1787131908.6822188,-9.72,-5.27,2.121,-0.385,-2.146,-1.053,-22.35,-25.8,-70.65,1190.0
1787131908.6822236,-4.381,-7.745,6.086,-0.661,-4.256,-1.675,-20.4,-22.35,-80.85,42.0
1787131908.6822286,-3.558,-7.93,6.316,-0.685,-4.115,-1.639,-21.15,-20.1,-83.1,42.0
1787131908.6822336,-1.683,-8.112,6.888,-0.674,-3.739,-1.605,-18.6,-20.85,-83.1,42.0
1787131908.6822703,1.082,-7.654,5.938,-1.144,-1.232,-0.583,-16.35,-15.75,-88.65,5.0
1787131908.6822915,1.329,-7.645,5.449,-1.171,-1.243,-0.479,-15.75,-14.4,-91.05,5.0
1787131908.6822968,1.494,-7.815,5.148,-1.133,-1.196,-0.338,-14.4,-15.0,-91.95,5.0
1787131908.682302,1.475,-8.976,1.396,-1.283,-0.824,0.495,-8.7,-7.05,-94.35,40.0
1787131908.6823072,0.991,-9.531,0.991,-1.191,-0.748,0.52,-7.8,-5.4,-95.55,40.0
1787131908.6823125,0.821,-9.797,0.543,-1.091,-0.655,0.499,-8.25,-4.35,-96.45,40.0
1787131908.6823175,-0.898,-11.054,-1.492,-0.486,0.045,-0.246,-4.8,-1.8,-97.5,111.0
1787131908.6823227,-1.235,-11.301,-1.628,-0.324,0.236,-0.412,-4.05,0.0,-98.1,111.0
1787131908.6823277,-1.662,-11.286,-1.597,-0.145,0.376,-0.596,-5.85,0.75,-95.55,111.0
1787131908.6823328,1.231,-7.42,2.167,0.648,-0.036,-2.727,-13.5,-1.65,-96.15,54.0
1787131908.6823375,1.939,-6.563,2.267,0.702,-0.096,-2.899,-14.4,-3.75,-96.75,54.0
1787131908.6823428,2.605,-5.693,2.339,0.677,-0.137,-2.989,-16.95,-4.05,-96.15,54.0
1787131908.6823475,6.302,-3.34,2.258,0.669,0.632,-2.97,-21.75,-3.15,-96.15,47.0
1787131908.6823523,6.773,-2.868,2.188,0.727,0.895,-2.756,-25.65,-1.5,-95.55,47.0
1787131908.6823573,7.434,-2.272,2.751,0.756,1.016,-2.583,-27.45,-1.5,-94.8,47.0
1787131908.6823623,10.52,-1.944,6.318,-0.326,0.206,0.415,-44.25,6.15,-90.15,49.0
1787131908.6823676,10.204,-2.057,6.27,-0.294,0.16,0.554,-44.25,4.95,-90.15,49.0
1787131908.6823726,10.082,-2.126,6.309,-0.268,0.138,0.706,-43.5,6.9,-87.9,46.0
1787131908.6823778,8.191,-3.266,5.246,-0.745,0.02,1.708,-38.1,-0.15,-91.35,30.0
1787131908.6823826,7.372,-3.9,4.645,-0.838,0.045,1.85,-37.35,0.45,-91.05,26.0
1787131908.6823874,7.104,-4.252,4.468,-0.9,0.019,1.955,-37.2,-0.75,-90.75,26.0
1787131908.6823928,3.819,-6.759,3.115,-0.752,-0.09,1.976,-26.7,-3.45,-95.25,49.0
1787131908.8840609,-3.852,-3.328,8.509,-0.035,0.004,0.008,-17.25,-33.75,-60.75,2359.0
1787131908.8840864,-3.977,-3.342,8.461,-0.034,-0.002,-0.003,-20.25,-33.75,-61.5,2359.0
1787131908.8840973,-3.874,-3.335,8.408,-0.046,-0.004,-0.012,-19.05,-33.0,-60.75,2359.0
1787131909.089208,-3.838,-3.328,8.401,-0.033,0.012,-0.024,-19.05,-33.75,-60.75,2343.0
1787131909.0892327,-3.888,-3.381,8.413,-0.031,0.01,-0.025,-17.85,-33.15,-61.35,2343.0
1787131909.089244,-3.9,-3.378,8.461,-0.02,0.013,-0.016,-18.0,-34.95,-60.15,2343.0
1787131909.2934322,-3.788,-3.347,8.365,-0.094,0.004,-0.017,-18.3,-34.95,-62.7,2329.0
1787131909.2934558,-3.828,-3.424,8.423,-0.105,0.011,-0.027,-17.4,-35.1,-61.8,2329.0
1787131909.2934666,-3.874,-3.474,8.468,-0.115,0.015,-0.03,-18.9,-34.8,-62.1,2329.0
1787131909.4986858,-3.716,-3.558,8.361,-0.023,-0.028,0.027,-18.6,-33.6,-62.85,2346.0
1787131909.4987116,-3.718,-3.56,8.262,-0.054,-0.028,0.018,-19.5,-33.75,-63.75,2346.0
1787131909.4987223,-3.759,-3.596,8.303,-0.065,-0.002,0.03,-18.0,-35.25,-61.2,2346.0
1787131909.7028782,-3.907,-3.651,8.234,0.005,0.032,-0.008,-17.85,-33.15,-62.55,2362.0
1787131909.7029023,-3.9,-3.654,8.337,0.011,0.023,-0.003,-18.0,-35.25,-61.95,2336.0
1787131909.7029135,-3.804,-3.675,8.329,0.014,0.02,-0.011,-18.0,-34.95,-62.7,2336.0
1787131909.9094536,-3.649,-3.905,9.893,-0.19,-0.107,-0.053,-19.5,-34.5,-63.75,2343.0
1787131909.9094787,-3.706,-4.077,10.051,-0.364,-0.188,-0.087,-18.0,-34.5,-62.7,2402.0
1787131909.9094899,-3.802,-4.298,10.314,-0.44,-0.316,-0.128,-18.0,-33.75,-64.5,2402.0
1787131910.110585,-2.521,-5.404,8.526,-0.966,-0.901,-0.499,-18.9,-31.65,-70.95,2266.0
1787131910.317461,-0.043,-4.245,6.084,0.738,-0.267,-0.339,-22.65,-27.45,-76.05,2216.0
1787131910.3174868,0.244,-4.295,6.347,0.759,-0.21,-0.334,-22.8,-28.35,-75.6,2216.0
1787131910.317498,0.321,-4.319,6.483,0.816,-0.096,-0.299,-24.45,-28.95,-73.95,2216.0
1787131910.5223677,-0.306,-2.241,7.623,2.405,1.1,-0.495,-27.0,-28.8,-61.95,1941.0
1787131910.5223937,-0.17,-1.786,7.807,2.487,1.311,-0.473,-27.0,-29.1,-58.2,1941.0
1787131910.5224044,-0.201,-1.367,7.975,2.525,1.521,-0.451,-27.45,-28.95,-57.75,1954.0
1787131910.726994,-1.927,2.512,12.019,0.931,0.371,-0.019,-27.15,-23.55,-36.75,2037.0
1787131910.7270179,-2.162,2.368,11.904,0.615,0.548,-0.056,-28.65,-23.1,-36.3,2037.0
1787131910.7270298,-2.401,2.404,11.65,0.354,0.627,-0.056,-28.65,-22.8,-34.95,2021.0
1787131910.931661,-2.837,1.621,8.813,0.01,0.041,0.049,-25.5,-22.95,-35.1,2025.0
1787131910.9316854,-2.935,1.853,8.789,0.09,-0.005,0.059,-27.9,-25.05,-36.3,2025.0
1787131910.9316964,-2.909,1.822,8.995,0.103,-0.066,0.055,-27.15,-23.85,-34.5,2025.0
1787131911.137069,-1.891,2.081,9.436,-0.226,0.187,0.238,-27.15,-23.55,-35.25,2017.0
1787131911.1370978,-1.939,2.066,9.392,-0.218,0.213,0.293,-25.5,-24.45,-35.4,2017.0
1787131911.1371093,-1.875,2.318,9.455,-0.266,0.161,0.402,-26.55,-24.9,-35.85,2017.0
1787131911.3412209,-1.41,2.377,9.615,-0.631,0.015,1.144,-20.55,-29.85,-37.95,2046.0
1787131911.3412495,-1.697,2.251,9.776,-0.637,0.014,1.223,-19.35,-30.45,-40.8,2046.0
1787131911.3412602,-1.463,2.207,9.634,-0.668,0.028,1.28,-18.3,-30.3,-40.65,2046.0
1787131911.5465734,-3.907,0.247,8.492,-0.387,-0.167,1.202,-9.0,-33.0,-45.0,1962.0
1787131911.5465987,-3.879,0.213,8.344,-0.329,-0.225,1.073,-7.5,-34.2,-46.05,1962.0
1787131911.5466096,-3.79,0.034,8.377,-0.281,-0.228,0.929,-7.2,-31.5,-45.75,1962.0
1787131911.7494574,-1.901,0.486,9.637,-0.012,0.008,-0.022,-2.85,-33.15,-44.4,1999.0
1787131911.9561553,-2.267,0.663,9.869,-0.206,0.072,-0.234,-4.8,-32.4,-48.45,2050.0
1787131911.956193,-2.246,0.553,10.048,-0.191,0.005,-0.214,-4.35,-32.85,-47.7,2054.0
1787131911.9561994,-2.337,0.709,10.218,-0.219,-0.08,-0.193,-6.45,-33.0,-48.75,2054.0
1787131912.1615222,-1.173,0.239,11.466,-1.493,-0.198,-0.12,-6.0,-33.75,-55.65,2024.0
1787131912.1615474,-1.279,-0.041,11.325,-1.754,-0.009,-0.105,-6.45,-33.0,-55.65,1990.0
1787131912.161559,-1.554,-0.412,11.109,-1.959,0.031,-0.16,-7.05,-33.15,-57.3,1990.0
1787131912.3672051,-0.658,-4.444,7.518,-2.13,-0.607,-0.425,-6.75,-32.25,-75.15,1985.0
1787131912.367225,-0.306,-5.016,7.403,-1.938,-0.457,-0.46,-8.7,-30.6,-75.15,2148.0
1787131912.367231,-0.876,-4.827,7.317,-1.811,-0.495,-0.407,-8.85,-30.45,-76.8,2148.0
1787131912.5705884,0.833,-6.984,6.002,-1.211,-0.222,-0.129,-9.75,-25.65,-84.75,2320.0
1787131912.570614,1.008,-7.338,6.033,-1.127,-0.102,-0.134,-9.0,-25.65,-86.55,2347.0
1787131912.570625,0.831,-7.18,5.713,-1.109,-0.06,-0.115,-8.7,-24.45,-88.05,2347.0
1787131912.7756808,0.675,-8.55,4.994,-0.497,0.007,0.016,-10.2,-20.25,-92.4,2347.0
1787131912.7757063,0.438,-8.174,4.987,-0.443,0.004,-0.023,-8.25,-21.0,-91.35,109.0
1787131912.7757177,0.543,-8.277,5.016,-0.474,-0.046,-0.069,-8.85,-19.65,-90.75,109.0
1787131912.9795694,0.86,-8.588,4.626,-0.433,-0.137,-0.125,-9.3,-16.5,-94.2,95.0
1787131912.9795942,0.8,-8.703,4.666,-0.415,-0.097,-0.112,-9.6,-17.4,-93.0,95.0
1787131912.9796052,0.96,-8.93,4.721,-0.39,-0.065,-0.142,-10.95,-15.9,-93.9,95.0
1787131913.1857233,1.501,-9.357,4.149,-0.421,-0.276,0.174,-9.75,-14.1,-95.4,52.0
1787131913.1857488,1.369,-9.51,4.132,-0.365,-0.284,0.183,-9.0,-15.6,-96.15,52.0
1787131913.1857593,1.235,-9.448,3.95,-0.316,-0.346,0.188,-9.0,-13.65,-96.15,52.0
1787131913.3878129,0.838,-9.196,3.093,-0.122,-0.307,-0.08,-5.85,-12.3,-97.8,84.0
1787131913.594178,1.528,-9.263,3.187,-0.123,-0.008,-0.094,-5.55,-11.55,-97.5,76.0
1787131913.5942032,1.578,-9.38,3.206,-0.102,-0.014,-0.085,-5.4,-13.2,-96.9,76.0
1787131913.5942144,1.681,-9.369,3.122,-0.084,-0.005,-0.087,-4.95,-12.15,-98.7,76.0
1787131913.7994022,1.863,-10.12,3.46,-0.039,0.004,-0.058,-6.75,-11.7,-97.2,126.0
1787131913.799427,1.93,-10.23,3.46,-0.076,-0.051,-0.081,-5.85,-11.55,-98.1,126.0
1787131913.7994375,2.088,-10.204,3.388,-0.102,-0.059,-0.109,-5.85,-12.75,-96.75,126.0
1787131914.0040476,2.116,-9.024,2.971,-0.185,-0.047,-0.028,-6.6,-10.05,-97.5,117.0
1787131914.0040727,1.932,-8.859,2.794,-0.162,-0.034,0.011,-6.0,-12.15,-98.4,117.0
1787131914.0040836,1.767,-8.724,2.801,-0.139,-0.074,0.032,-7.8,-10.8,-98.55,117.0
1787131914.2089128,1.657,-9.103,2.682,-0.076,0.04,0.059,-6.6,-10.05,-98.85,110.0
1787131914.208938,1.537,-9.27,2.732,-0.07,0.009,0.029,-5.7,-9.75,-99.9,110.0
1787131914.2089489,1.604,-9.44,2.741,-0.089,-0.016,0.011,-5.55,-10.8,-97.8,110.0
1787131914.4137208,2.037,-9.629,2.792,-0.099,-0.001,-0.128,-6.45,-9.45,-98.4,135.0
1787131914.4137468,2.174,-9.452,2.789,-0.104,0.022,-0.137,-5.7,-9.0,-99.9,135.0
1787131914.6290257,1.985,-9.807,2.318,-0.097,0.045,-0.045,-6.75,-7.8,-97.95,181.0
1787131914.6290514,1.968,-9.776,2.212,-0.062,0.031,-0.07,-7.2,-8.7,-100.95,181.0
1787131914.6291146,1.985,-9.675,2.286,-0.027,0.025,-0.111,-8.55,-9.6,-100.35,181.0
1787131914.8234663,2.404,-9.507,2.425,0.025,0.04,-0.184,-7.5,-7.8,-98.7,161.0
1787131914.8234918,2.263,-9.594,2.423,0.007,0.085,-0.173,-6.6,-10.35,-98.55,204.0
1787131914.8235033,2.27,-9.658,2.373,0.013,0.137,-0.177,-7.95,-9.45,-99.9,204.0
1787131915.029116,1.305,-9.024,1.949,1.062,0.2,-1.408,-12.15,-13.5,-97.05,204.0
1787131915.0291402,1.568,-8.43,2.157,1.171,0.159,-1.564,-14.4,-12.75,-96.0,204.0
1787131915.0291512,1.671,-7.851,2.255,1.27,0.171,-1.712,-15.9,-13.8,-94.8,204.0
1787131915.2329028,4.197,-2.823,5.31,1.692,0.161,-2.621,-27.45,-16.5,-86.1,81.0
1787131915.232928,5.318,-1.585,5.526,1.587,0.258,-2.575,-31.8,-15.6,-85.5,81.0
1787131915.2329392,5.926,-1.477,6.144,1.506,0.38,-2.614,-32.7,-15.0,-84.15,81.0
1787131915.437254,8.732,1.788,8.885,0.469,0.406,-1.576,-46.65,-8.7,-78.15,58.0
1787131915.4372792,8.906,2.04,8.957,0.276,0.38,-1.323,-46.65,-7.5,-76.65,58.0
1787131915.43729,8.739,2.152,8.911,0.117,0.292,-1.122,-47.85,-7.5,-76.35,58.0
1787131915.642585,7.597,0.46,7.408,-0.264,-0.066,0.145,-51.3,-3.75,-75.75,27.0
1787131915.6426108,7.59,0.481,7.475,-0.177,-0.003,0.202,-50.4,-2.1,-76.65,27.0
1787131915.642622,7.491,0.517,7.728,-0.136,-0.021,0.233,-50.85,-4.05,-75.9,27.0
1787131915.8467517,8.092,0.62,8.255,-1.293,-0.359,1.869,-45.6,-6.75,-80.7,47.0
1787131915.8467774,8.025,0.256,7.927,-1.459,-0.766,2.158,-42.9,-8.7,-82.2,47.0
1787131915.8467891,8.08,0.084,7.46,-1.561,-0.819,2.342,-41.85,-9.45,-81.75,47.0
1787131916.051848,4.855,-3.33,4.221,-1.747,-0.662,2.91,-28.65,-12.75,-91.95,44.0
1787131916.0518816,4.322,-3.812,3.768,-1.795,-0.611,2.822,-25.5,-12.9,-93.6,44.0
1787131916.0518925,3.883,-4.508,3.402,-1.835,-0.486,2.75,-23.55,-12.45,-93.6,44.0
1787131916.2569911,-1.025,-9.519,0.615,-0.915,-0.615,1.582,-8.7,-5.85,-99.9,66.0
1787131916.257017,-1.664,-10.036,0.275,-0.736,-0.724,1.293,-8.1,-6.15,-101.1,66.0
1787131916.257028,-1.518,-10.724,0.141,-0.55,-0.686,1.024,-7.05,-3.45,-100.8,66.0
1787131916.4611611,0.757,-10.525,0.455,0.235,-0.107,-0.107,-2.85,-3.0,-102.9,57.0
1787131916.4611857,0.893,-10.321,0.627,0.242,-0.069,-0.141,-1.35,-4.5,-100.05,57.0
1787131916.4611974,1.156,-10.178,0.759,0.226,-0.077,-0.142,-3.3,-3.45,-100.8,57.0
1787131916.6654582,0.804,-10.278,1.312,0.204,0.326,-0.145,-3.15,-4.8,-100.5,73.0
1787131916.6654832,0.745,-10.19,1.539,0.221,0.331,-0.25,-5.7,-5.85,-99.9,73.0
1787131916.8707845,1.147,-9.855,1.796,0.629,0.308,-0.946,-10.05,-8.1,-98.85,82.0
1787131916.8708088,1.073,-9.761,1.918,0.786,0.327,-1.108,-11.7,-7.8,-99.9,90.0
1787131916.8708198,0.622,-9.203,2.365,0.926,0.237,-1.297,-12.75,-9.75,-97.2,90.0
1787131917.075619,3.4,-5.93,4.015,1.14,0.068,-2.24,-20.25,-12.15,-92.4,57.0
1787131917.0756443,4.051,-5.708,4.262,1.121,0.039,-2.324,-22.35,-14.55,-93.0,57.0
1787131917.0756555,4.518,-5.198,4.362,1.117,0.029,-2.368,-22.8,-13.2,-92.4,36.0
1787131917.2809105,6.033,-0.721,5.37,1.284,0.024,-2.726,-36.6,-12.45,-86.25,85.0
1787131917.2809358,7.063,-0.28,5.782,1.1,0.03,-2.717,-37.35,-10.95,-86.25,85.0
1787131917.280947,7.717,-0.05,6.697,0.958,0.14,-2.604,-40.2,-10.05,-84.6,42.0
1787131917.4851692,10.453,2.059,7.918,-0.19,-0.02,-0.877,-49.8,-0.3,-83.4,65.0
1787131917.4851937,10.487,2.054,7.535,-0.366,-0.064,-0.562,-49.35,0.9,-85.05,65.0
1787131917.4852057,10.59,1.75,7.242,-0.434,0.019,-0.315,-50.55,2.25,-85.35,67.0
1787131917.6905398,9.086,0.62,6.867,-0.119,-0.079,0.424,-49.8,2.25,-84.6,72.0
1787131917.6905646,9.438,0.682,7.147,-0.153,0.015,0.596,-49.05,1.5,-84.15,72.0
1787131917.6905756,9.855,0.749,7.57,-0.238,0.107,0.785,-50.1,1.35,-85.05,65.0
1787131917.894588,8.164,-0.333,6.95,-0.941,0.088,1.868,-44.7,-4.2,-85.65,54.0
1787131917.8946128,8.025,-0.476,6.67,-1.104,-0.104,2.02,-45.9,-3.6,-87.0,54.0
1787131917.8946247,7.776,-0.965,6.529,-1.171,-0.205,2.027,-42.6,-4.35,-87.3,54.0
1787131918.1000607,5.054,-4.891,4.357,-1.219,-0.447,2.138,-30.45,-7.2,-93.75,44.0
1787131918.1000867,4.729,-5.471,3.958,-1.191,-0.568,2.103,-31.95,-8.4,-94.8,44.0
1787131918.1000974,4.642,-5.851,3.565,-1.126,-0.626,2.115,-27.75,-8.7,-95.85,44.0
1787131918.30409,1.853,-8.502,0.857,-0.451,-0.515,1.347,-13.95,-7.05,-100.2,69.0
1787131918.3041186,0.455,-9.388,0.833,-0.266,-0.513,1.006,-12.15,-4.95,-100.35,69.0
1787131918.509793,2.073,-10.245,2.069,0.097,-0.13,0.01,-7.35,-6.45,-100.05,67.0
1787131918.5098183,2.591,-10.235,2.188,0.093,-0.081,0.027,-7.2,-6.75,-99.45,116.0
1787131918.5098295,2.782,-10.13,2.267,0.031,0.094,0.073,-7.8,-6.45,-99.6,116.0
1787131918.71462,1.844,-10.056,1.793,-0.177,0.065,-0.039,-8.7,-5.1,-100.5,55.0
1787131918.7146454,1.82,-10.262,1.638,-0.129,0.111,-0.081,-7.95,-4.35,-100.5,55.0
1787131918.7146568,1.585,-10.424,1.398,-0.088,0.152,-0.137,-7.35,-6.45,-99.3,55.0
1787131918.9192896,1.326,-9.337,1.832,0.362,0.171,-1.157,-10.5,-7.05,-99.15,48.0
1787131918.9193146,1.477,-9.052,1.824,0.374,0.185,-1.283,-10.95,-6.3,-98.7,48.0
1787131918.919325,1.64,-8.768,1.884,0.393,0.17,-1.439,-10.95,-7.8,-99.45,48.0
1787131919.124677,3.687,-6.823,2.665,0.404,0.502,-2.234,-22.05,-6.75,-97.2,64.0
1787131919.1247025,4.365,-6.223,2.847,0.463,0.427,-2.265,-22.35,-6.9,-97.05,83.0
1787131919.1247134,4.927,-5.789,3.124,0.475,0.393,-2.321,-24.9,-6.9,-98.1,83.0
1787131919.328275,8.047,-1.542,4.623,0.702,0.493,-2.38,-39.3,-0.45,-95.1,53.0
1787131919.3282995,7.944,-0.505,4.559,0.636,0.576,-2.19,-39.45,-1.05,-93.0,77.0
1787131919.3283107,9.074,-0.682,5.253,0.652,0.707,-2.102,-41.25,1.05,-93.75,77.0
1787131919.5337596,10.688,0.785,7.513,0.252,0.76,-0.886,-48.9,6.3,-88.35,61.0
1787131919.533785,10.072,0.778,7.8,0.136,0.589,-0.657,-49.05,8.4,-88.2,61.0
1787131919.533796,10.446,0.534,7.786,-0.003,0.453,-0.318,-50.25,9.15,-87.15,54.0
1787131919.7377746,8.023,-0.601,6.694,-0.093,0.026,0.401,-51.15,7.5,-86.25,49.0
1787131919.737799,8.322,-0.685,6.984,-0.136,-0.126,0.416,-50.85,7.05,-87.0,58.0
1787131919.7378097,8.629,-0.802,7.293,-0.179,-0.258,0.484,-48.9,8.25,-86.25,58.0
1787131919.9412062,9.388,-1.094,6.926,-0.735,-0.109,1.622,-47.25,3.45,-89.4,63.0
1787131920.1480505,2.899,-6.165,3.338,-1.12,-1.11,2.273,-27.0,-6.3,-97.95,43.0
1787131920.148077,2.619,-6.395,2.605,-1.104,-1.062,2.235,-25.05,-4.35,-98.7,43.0
1787131920.148089,1.966,-6.955,1.949,-1.031,-0.943,2.212,-23.4,-3.75,-99.3,43.0
1787131920.3525138,0.529,-10.087,0.318,0.152,-0.549,0.643,-12.6,-3.45,-100.8,55.0
1787131920.352539,0.759,-10.424,0.551,0.208,-0.534,0.529,-11.25,-4.35,-101.25,55.0
1787131920.35255,0.953,-10.345,0.745,0.245,-0.499,0.432,-9.75,-3.15,-100.5,55.0
1787131920.5575876,2.172,-10.163,2.138,0.085,-0.043,-0.001,-8.1,-4.95,-101.55,97.0
1787131920.5576134,2.234,-10.084,2.248,0.027,0.006,0.004,-7.5,-6.75,-101.25,97.0
1787131920.5576248,2.186,-10.096,2.31,-0.003,0.053,0.029,-7.05,-6.45,-100.8,97.0
1787131920.7618177,1.879,-9.414,1.87,-0.072,0.173,-0.118,-8.85,-5.7,-100.05,39.0
1787131920.761843,2.095,-9.433,1.927,-0.063,0.102,-0.16,-10.05,-5.4,-100.8,39.0
1787131920.7618597,2.174,-9.546,1.944,-0.029,0.051,-0.167,-8.7,-5.55,-100.5,39.0
1787131920.9672377,1.994,-10.206,1.65,0.142,0.194,-0.259,-10.35,-6.45,-100.05,84.0
1787131920.9672627,1.714,-10.214,1.697,0.162,0.239,-0.333,-10.05,-6.9,-99.3,84.0
1787131920.9672737,1.645,-10.139,1.712,0.191,0.272,-0.412,-10.8,-7.65,-100.05,84.0
1787131921.1722343,2.054,-9.395,2.059,0.256,0.36,-0.974,-12.75,-5.85,-99.9,57.0
1787131921.1722658,1.844,-9.182,2.131,0.317,0.388,-1.057,-15.75,-6.75,-99.45,36.0
1787131921.1722722,2.025,-8.894,2.267,0.432,0.37,-1.224,-15.45,-5.85,-97.65,36.0
1787131921.3764489,4.389,-6.251,3.543,0.574,0.098,-1.87,-25.05,-8.25,-98.4,31.0
1787131921.579322,7.511,-2.188,4.276,0.825,0.703,-2.089,-39.75,-1.5,-91.95,37.0
1787131921.786505,9.979,0.017,7.829,-0.1,0.306,-0.213,-48.3,3.75,-85.65,78.0
1787131921.7865303,9.816,-0.148,7.939,-0.2,0.094,0.009,-49.5,5.7,-86.1,78.0
1787131921.7865539,9.603,-0.06,7.848,-0.291,-0.036,0.141,-49.05,4.2,-86.7,78.0
1787131921.990526,9.809,-0.232,7.628,-0.344,-0.084,0.231,-49.8,4.5,-85.35,80.0
1787131922.195521,9.787,-0.28,7.52,-0.388,-0.061,0.373,-50.25,4.95,-86.7,80.0
1787131922.1956067,9.309,-0.283,7.424,-0.442,-0.141,0.48,-49.5,3.75,-86.4,80.0
1787131922.1956196,9.495,-0.328,7.147,-0.509,-0.271,0.577,-49.35,4.05,-87.3,80.0
1787131922.4004219,9.792,-0.484,6.993,-0.553,-0.289,0.711,-48.3,4.5,-87.45,80.0
1787131922.4004471,9.828,-0.608,6.721,-0.588,-0.196,0.871,-49.5,4.95,-87.15,68.0
1787131922.4004583,9.419,-0.821,6.625,-0.629,-0.138,1.026,-47.7,4.5,-88.65,68.0
1787131922.605708,0.833,-8.902,1.918,-0.574,-0.622,1.634,-17.1,-6.45,-100.35,56.0
1787131922.605733,0.606,-9.234,1.784,-0.455,-0.503,1.488,-15.9,-4.2,-100.35,68.0
1787131922.6057441,-0.062,-9.424,1.824,-0.379,-0.471,1.322,-14.25,-5.1,-100.2,68.0
1787131922.8103802,-0.321,-9.787,1.76,-0.375,-0.592,1.067,-14.7,-4.05,-100.2,68.0
1787131922.8104072,0.014,-10.187,1.525,-0.337,-0.476,0.905,-13.65,-5.7,-101.55,68.0
1787131922.8104184,0.002,-10.489,1.401,-0.276,-0.325,0.704,-12.45,-4.8,-101.7,68.0
1787131923.0153418,-0.297,-10.594,1.374,-0.228,-0.27,0.537,-11.1,-5.4,-101.85,76.0
1787131923.0153675,-0.055,-10.578,1.221,-0.169,-0.254,0.357,-10.5,-5.55,-101.7,76.0
1787131923.0153787,0.067,-10.731,1.097,-0.107,-0.211,0.243,-10.95,-4.8,-101.25,76.0
1787131923.219573,0.718,-10.046,1.551,0.282,-0.004,-0.587,-12.6,-3.45,-100.35,58.0
1787131923.219598,1.051,-9.953,1.654,0.338,0.007,-0.7,-12.15,-4.5,-99.6,58.0
1787131923.2196093,1.156,-9.835,1.69,0.382,0.077,-0.831,-12.9,-6.15,-101.1,58.0
1787131923.4245095,1.178,-9.663,1.803,0.435,0.133,-0.94,-12.45,-5.1,-100.95,58.0
1787131923.4245346,1.338,-9.407,1.911,0.503,0.134,-1.123,-13.2,-5.1,-101.25,58.0
1787131923.4245458,1.48,-9.242,2.037,0.578,0.115,-1.24,-14.85,-6.45,-99.6,99.0
1787131923.6295552,1.65,-8.799,2.021,0.598,0.121,-1.315,-15.15,-6.9,-100.8,99.0
1787131923.6295803,2.054,-8.392,1.939,0.607,0.222,-1.404,-16.65,-5.7,-98.1,99.0
1787131923.6295912,1.949,-8.21,1.872,0.66,0.346,-1.52,-16.5,-6.3,-98.7,99.0
1787131923.8342702,8.298,-0.124,6.443,0.205,0.237,-1.328,-48.3,1.8,-88.2,59.0
1787131923.834295,8.629,-0.096,6.589,0.157,0.291,-1.239,-48.3,3.75,-86.7,59.0
1787131923.8343062,8.861,-0.019,6.723,0.144,0.318,-1.101,-50.55,3.75,-87.15,59.0
1787131924.0401325,8.83,-0.101,6.716,0.137,0.371,-0.88,-51.0,4.5,-86.1,59.0
1787131924.040158,9.024,0.227,6.823,0.128,0.304,-0.758,-49.5,5.4,-86.7,62.0
1787131924.040169,9.333,0.342,7.195,0.124,0.204,-0.629,-50.55,6.9,-87.15,62.0
1787131924.2437024,9.778,0.474,7.41,0.078,0.165,-0.442,-51.15,6.75,-85.05,62.0
1787131924.243728,10.12,0.503,7.728,-0.073,0.177,-0.097,-51.6,7.05,-85.8,62.0
1787131924.2437387,10.017,0.424,7.812,-0.189,0.163,0.117,-51.6,7.05,-85.05,62.0
1787131924.4483223,4.714,-4.949,3.053,-1.13,-0.733,2.018,-28.5,-2.4,-99.45,42.0
1787131924.4483485,4.542,-5.423,2.61,-1.088,-0.752,1.953,-27.45,-3.75,-98.85,42.0
1787131924.4483597,4.489,-5.741,2.212,-1.003,-0.737,1.862,-25.8,-3.6,-100.95,42.0
1787131924.6538954,4.034,-6.127,1.896,-0.923,-0.763,1.828,-24.15,-2.25,-100.8,42.0
1787131924.6539195,3.713,-6.431,1.611,-0.816,-0.791,1.808,-22.5,-2.4,-100.5,42.0
1787131924.8597817,3.948,-6.9,1.432,-0.684,-0.755,1.766,-21.0,-1.35,-102.45,42.0
1787131924.8598075,3.51,-7.446,1.29,-0.619,-0.691,1.779,-18.9,-0.3,-102.15,42.0
1787131924.8598185,3.12,-7.817,0.917,-0.576,-0.647,1.789,-18.6,-2.25,-102.15,42.0
1787131925.0637844,3.007,-9.562,1.504,0.006,0.121,0.054,-10.2,-3.15,-103.2,54.0
1787131925.0638103,2.909,-9.572,1.489,0.002,0.103,0.068,-9.75,-4.8,-101.7,54.0
1787131925.0638216,2.801,-9.603,1.566,0.027,0.065,0.042,-9.45,-2.4,-102.0,54.0
1787131925.2689655,2.61,-9.543,1.46,0.047,0.04,0.023,-10.05,-2.25,-102.6,54.0
1787131925.269154,2.464,-9.529,1.156,0.059,0.135,-0.006,-10.2,-1.65,-101.25,46.0
1787131925.269172,1.494,-9.685,1.003,0.047,0.148,-0.049,-10.05,-3.45,-100.35,46.0
1787131925.4737217,1.415,-9.78,0.769,0.087,0.134,-0.195,-10.35,-3.0,-102.6,46.0
1787131925.473747,1.061,-9.802,0.594,0.186,0.18,-0.322,-9.6,-2.7,-101.55,46.0
1787131925.4737577,0.395,-9.744,0.354,0.263,0.195,-0.416,-11.55,-3.0,-102.15,46.0
1787131925.67707,7.178,-3.335,5.701,0.211,0.23,-1.635,-38.7,-3.45,-93.0,41.0
1787131925.6770985,7.195,-3.067,5.38,0.181,0.217,-1.624,-40.8,-1.35,-91.8,41.0
1787131925.6771095,7.424,-3.237,5.344,0.306,0.241,-1.639,-42.15,-1.35,-92.1,62.0
1787131925.8899057,7.685,-2.804,5.167,0.441,0.362,-1.561,-42.75,-0.3,-92.25,62.0
1787131925.8899314,8.238,-2.708,5.27,0.478,0.528,-1.526,-44.1,0.9,-91.8,62.0
1787131926.0931566,8.033,-1.958,5.748,0.46,0.694,-1.431,-45.6,4.05,-90.3,62.0
1787131926.2918835,8.892,-1.475,7.108,-0.774,-0.84,1.699,-48.15,2.1,-90.6,84.0
1787131926.291909,7.901,-1.86,6.448,-0.824,-0.941,1.896,-46.35,2.1,-89.1,60.0
1787131926.2919197,7.705,-2.157,6.196,-0.86,-1.07,1.946,-43.2,1.05,-92.25,60.0
1787131926.497697,7.228,-2.763,5.428,-0.876,-1.105,2.07,-41.85,0.15,-93.6,60.0
1787131926.7019274,6.977,-3.029,4.999,-0.869,-0.972,2.105,-38.1,-1.65,-95.85,60.0
1787131926.7019641,6.512,-3.472,4.762,-0.813,-0.875,2.069,-35.85,-0.9,-95.85,26.0
1787131926.7019753,5.796,-3.718,4.446,-0.767,-0.918,2.058,-35.4,-0.75,-94.2,26.0
1787131926.9064722,0.709,-10.455,0.555,0.215,-0.161,0.176,-4.05,-3.0,-101.85,29.0
1787131926.906498,1.135,-10.36,0.639,0.21,-0.159,0.067,-5.1,-3.0,-102.6,64.0
1787131926.9065096,1.298,-10.233,0.845,0.193,-0.111,-0.005,-4.2,-3.6,-101.7,64.0
1787131927.111678,1.566,-10.08,0.426,0.16,0.334,-0.458,-6.6,-3.0,-104.1,57.0
1787131927.1117017,1.437,-10.111,0.596,0.221,0.349,-0.556,-7.05,-4.2,-101.55,57.0
1787131927.1117132,1.592,-9.941,0.658,0.255,0.358,-0.694,-7.5,-2.85,-102.0,57.0
1787131927.3219988,2.638,-8.689,1.595,0.639,0.462,-1.507,-14.25,-6.3,-101.25,38.0
1787131927.3220234,2.808,-8.356,1.817,0.733,0.478,-1.596,-13.95,-5.1,-100.95,38.0
1787131927.3220367,2.971,-8.033,2.018,0.789,0.477,-1.72,-16.65,-6.9,-100.05,38.0
1787131927.521639,5.72,-4.247,4.36,0.682,0.351,-2.07,-27.15,-7.2,-97.05,37.0
1787131927.5216641,6.323,-4.022,4.444,0.554,0.44,-2.021,-29.55,-5.55,-95.4,37.0
1787131927.5216756,6.359,-3.955,4.511,0.512,0.548,-2.08,-30.45,-7.65,-96.75,37.0
1787131927.7263734,8.691,-0.546,5.928,0.506,0.538,-2.084,-44.4,2.1,-93.15,88.0
1787131927.7263982,9.242,0.402,6.574,0.357,0.597,-1.874,-46.2,4.2,-90.75,88.0
1787131927.7264092,9.756,0.254,6.85,0.322,0.571,-1.752,-47.4,4.8,-90.6,88.0
1787131927.9296355,10.329,0.771,7.242,-0.089,0.433,-0.128,-52.8,10.35,-86.1,77.0
1787131927.9296625,9.807,0.651,7.161,-0.155,0.266,0.038,-53.25,10.05,-85.65,77.0
1787131927.9296827,9.625,0.517,7.195,-0.19,0.067,0.198,-52.65,10.2,-85.05,77.0
1787131928.1347747,9.847,0.129,7.542,-0.442,-0.483,1.25,-50.85,5.85,-88.05,65.0
1787131928.1348004,9.586,-0.089,7.389,-0.668,-0.71,1.752,-48.6,4.05,-89.85,65.0
1787131928.3411932,5.358,-4.14,3.67,-0.742,-0.988,2.427,-29.7,-4.2,-99.3,47.0
1787131928.3412187,5.162,-4.334,3.443,-0.719,-0.949,2.277,-27.3,-4.8,-98.7,47.0
1787131928.3412302,4.693,-4.58,3.208,-0.699,-0.912,2.185,-26.7,-4.5,-98.85,30.0
1787131928.545679,1.956,-7.807,0.874,-0.573,-0.511,2.13,-11.55,-3.0,-102.15,23.0
1787131928.5457046,1.111,-8.006,0.546,-0.51,-0.601,1.944,-10.2,-2.4,-102.0,23.0
1787131928.545716,0.946,-8.171,0.239,-0.507,-0.691,1.746,-9.3,-3.0,-101.1,30.0
1787131928.7498615,-0.764,-11.298,-0.802,0.156,-0.263,0.482,-2.4,-0.15,-102.0,50.0
1787131928.7498868,-0.716,-11.159,-0.524,0.251,-0.254,0.268,-1.2,-0.15,-101.7,50.0
1787131928.7498977,-0.342,-11.128,-0.251,0.376,-0.244,-0.01,-0.6,0.0,-101.85,37.0
1787131928.954043,1.817,-10.075,1.496,0.068,0.131,-0.132,-0.45,-2.4,-100.95,20.0
1787131928.9540765,1.776,-10.072,1.463,-0.001,0.214,-0.087,0.45,-3.15,-100.2,20.0
1787131928.9540834,1.702,-10.274,1.396,-0.028,0.276,-0.054,-0.45,-3.6,-99.9,27.0
1787131929.1585605,0.642,-10.233,1.001,-0.001,0.409,-0.41,-1.65,-2.4,-102.0,25.0
1787131929.1585855,0.622,-10.185,1.008,0.065,0.415,-0.51,-2.7,-2.85,-101.7,25.0
1787131929.1585965,0.539,-10.111,1.044,0.109,0.399,-0.634,-5.85,-2.25,-101.55,25.0
1787131929.363373,1.738,-8.966,1.305,0.413,0.438,-1.376,-9.6,-5.4,-102.15,51.0
1787131929.363397,2.073,-8.78,1.432,0.457,0.453,-1.467,-10.95,-4.35,-101.7,51.0
1787131929.3634076,2.308,-8.394,1.566,0.508,0.482,-1.572,-11.7,-4.8,-101.7,51.0
1787131929.569169,4.583,-6.043,3.33,0.704,0.725,-2.034,-24.75,-7.05,-99.15,25.0
1787131929.569189,4.721,-5.689,3.464,0.714,0.78,-2.118,-26.55,-7.5,-98.4,25.0
1787131929.5691953,4.693,-5.2,3.668,0.722,0.805,-2.201,-27.45,-8.4,-96.75,25.0
1787131929.771191,8.464,-0.979,5.969,0.72,0.1,-2.623,-41.85,-0.45,-92.1,40.0
1787131929.9776058,10.147,0.838,7.324,-0.111,0.289,-0.458,-52.05,9.15,-88.2,74.0
1787131929.9776323,10.127,0.697,7.216,-0.142,0.286,-0.199,-51.9,10.2,-86.25,74.0
1787131929.9776447,9.847,0.606,6.936,-0.148,0.289,-0.004,-50.1,9.75,-86.55,74.0
1787131930.1830013,9.304,-0.362,6.639,-0.427,-0.37,1.141,-48.75,6.9,-90.15,83.0
1787131930.1830301,9.333,-0.563,6.584,-0.438,-0.322,1.268,-49.5,3.75,-87.9,83.0
1787131930.1830416,8.763,-0.84,6.412,-0.485,-0.391,1.342,-49.05,3.0,-89.4,88.0
1787131930.3871953,7.307,-3.089,5.128,-0.697,-0.751,2.028,-38.25,-2.7,-95.25,42.0
1787131930.387219,7.183,-3.407,4.966,-0.658,-0.811,2.021,-37.5,-3.0,-95.55,41.0
1787131930.3872297,6.831,-3.627,4.741,-0.651,-0.879,2.008,-34.35,-4.35,-96.15,41.0
1787131930.7972312,5.938,-4.968,3.575,-0.539,-1.022,1.893,-27.45,-4.2,-99.3,62.0
1787131930.7972553,5.748,-5.423,3.412,-0.55,-0.992,1.928,-25.5,-5.55,-99.9,62.0
1787131931.0017152,0.261,-11.059,0.824,0.113,0.035,-0.17,-0.6,-1.8,-102.15,30.0
1787131931.0017393,1.077,-10.714,1.13,0.098,0.088,-0.284,-2.55,-1.8,-101.1,30.0
1787131931.0017512,1.377,-10.616,1.192,0.063,0.102,-0.348,-1.8,-1.5,-101.85,37.0
1787131931.2070987,1.753,-10.479,1.197,0.039,0.112,-0.338,-2.55,-2.25,-101.1,37.0
1787131931.207125,1.963,-10.297,1.168,0.03,0.162,-0.312,-3.9,-4.35,-100.5,37.0
1787131931.2071357,2.255,-10.139,1.202,0.038,0.231,-0.295,-2.4,-2.4,-100.5,37.0
1787131931.4092925,1.877,-9.436,2.131,0.334,0.37,-1.075,-10.95,-7.5,-100.95,36.0
1787131931.6160476,3.768,-7.666,2.938,0.405,0.408,-1.76,-16.65,-6.15,-99.6,31.0
1787131931.6160731,4.204,-7.484,3.033,0.396,0.448,-1.775,-17.7,-6.3,-99.15,29.0
1787131931.6160839,4.537,-7.128,3.096,0.405,0.473,-1.818,-19.35,-8.1,-99.3,29.0
1787131932.026125,10.005,-0.773,7.003,-0.17,0.296,-0.047,-47.25,7.2,-88.95,69.0
1787131932.026151,9.847,-0.857,6.84,-0.226,0.208,0.077,-49.5,5.7,-86.4,69.0
1787131932.0261621,9.383,-0.958,6.656,-0.237,0.132,0.156,-48.6,6.3,-88.8,69.0
1787131932.231128,8.382,-1.271,6.191,-0.12,-0.145,0.418,-48.9,5.85,-88.8,64.0
1787131932.2311673,8.648,-1.204,6.529,-0.157,-0.238,0.466,-49.35,3.6,-88.8,64.0
1787131932.2311742,9.155,-1.233,6.797,-0.197,-0.292,0.588,-49.35,5.1,-88.8,87.0
1787131932.4358468,9.716,-1.314,6.936,-0.294,-0.241,0.718,-49.05,4.5,-88.65,87.0
1787131932.4358814,10.657,-1.338,6.857,-0.366,-0.062,0.989,-48.9,2.4,-91.8,87.0
1787131932.435893,10.285,-1.609,6.718,-0.395,0.108,1.219,-47.25,2.25,-89.7,87.0
1787131932.6401286,9.699,-1.674,6.68,-0.443,0.119,1.401,-47.25,1.8,-90.75,87.0
1787131932.6401534,8.947,-1.726,6.847,-0.505,-0.1,1.513,-47.25,1.8,-91.2,41.0
1787131932.6401644,8.562,-1.958,6.788,-0.552,-0.418,1.628,-45.15,1.35,-91.8,41.0
1787131932.846119,2.291,-9.206,-0.01,-0.173,-0.534,1.379,-13.35,-4.2,-102.15,44.0
1787131932.8461444,2.093,-9.522,-0.086,-0.079,-0.504,1.238,-10.05,-2.25,-101.1,25.0
1787131932.846156,1.834,-9.888,-0.026,0.023,-0.479,1.05,-9.6,-3.0,-100.8,25.0
1787131933.0495484,0.888,-10.613,1.798,0.421,-0.285,0.103,-4.95,-5.85,-99.45,30.0
1787131933.255078,1.705,-10.001,1.851,-0.117,0.354,-0.152,-8.25,-5.55,-99.9,51.0
1787131933.2550972,1.839,-10.077,1.939,-0.101,0.347,-0.194,-6.3,-3.45,-100.35,51.0
1787131933.2551033,1.702,-10.226,2.047,-0.113,0.338,-0.25,-6.6,-5.4,-100.8,51.0
1787131933.45998,2.243,-10.075,2.447,-0.409,0.438,-0.583,-9.45,-4.35,-101.7,53.0
1787131933.4601693,2.023,-9.996,2.332,-0.447,0.426,-0.618,-12.15,-4.95,-101.1,53.0
1787131933.4601767,2.212,-9.984,2.143,-0.416,0.485,-0.657,-11.55,-3.45,-101.55,53.0
1787131933.6664143,4.068,-8.478,1.393,-0.219,0.435,-1.098,-17.85,-0.3,-102.9,41.0
1787131933.8693597,3.476,-7.683,0.527,-0.275,0.584,-0.544,-20.85,3.0,-104.85,45.0
1787131933.869385,5.095,-7.913,1.015,-0.049,0.27,-0.841,-20.4,3.45,-102.9,45.0
1787131933.8693957,5.301,-7.343,0.931,0.066,0.148,-1.042,-20.4,3.45,-103.65,45.0
1787131934.0742202,4.659,-5.923,1.69,1.351,1.579,-1.826,-31.65,4.5,-98.85,61.0
1787131934.074245,4.609,-5.471,2.2,1.39,1.406,-1.853,-32.85,1.65,-97.95,61.0
1787131934.074256,5.023,-5.337,2.784,1.374,1.413,-1.992,-34.35,2.85,-97.2,61.0
1787131934.2801387,7.494,-1.824,7.855,0.73,0.928,-1.926,-46.35,7.05,-89.85,133.0
1787131934.280163,8.131,-1.092,7.535,0.51,0.818,-1.77,-47.4,9.0,-87.75,133.0
1787131934.280174,10.247,-0.608,8.655,0.453,0.828,-1.622,-47.85,9.0,-86.25,133.0
1787131934.4841673,8.89,-1.609,7.784,-0.706,0.02,0.734,-50.25,13.05,-83.85,114.0
1787131934.484195,8.009,-2.052,7.309,-0.751,-0.249,0.826,-50.85,12.9,-84.75,114.0
1787131934.4842014,7.997,-2.478,7.063,-0.67,-0.295,0.813,-50.1,12.15,-85.05,114.0
1787131934.686663,8.44,-2.478,7.305,-0.825,-0.605,1.378,-45.75,9.15,-88.2,94.0
1787131934.8932478,4.051,-6.404,2.753,-0.95,-0.953,2.023,-32.1,1.65,-99.15,63.0
1787131934.893273,3.67,-6.579,2.631,-0.934,-0.971,2.036,-31.2,3.75,-100.05,63.0
1787131934.893284,3.385,-6.871,2.468,-0.98,-1.006,2.075,-29.25,3.6,-100.5,83.0
1787131935.0979843,-1.511,-10.982,-1.836,-0.633,-0.521,1.04,-16.65,7.2,-105.6,76.0
1787131935.098014,-1.554,-10.973,-2.102,-0.49,-0.313,0.677,-14.85,7.2,-105.9,117.0
1787131935.0980256,-1.616,-11.133,-2.224,-0.399,-0.204,0.417,-15.0,7.8,-105.75,117.0
1787131935.3027456,1.116,-10.343,-0.931,0.309,0.304,-0.576,-16.65,8.1,-105.9,91.0
1787131935.3027718,1.41,-10.12,-0.8,0.373,0.349,-0.584,-16.65,7.65,-105.15,91.0
1787131935.302783,1.513,-9.941,-0.613,0.401,0.35,-0.573,-17.4,6.45,-105.9,81.0
1787131935.5072114,1.341,-9.668,-0.318,0.705,0.756,-0.592,-22.05,4.35,-103.2,50.0
1787131935.5072355,1.097,-9.414,-0.438,0.753,0.834,-0.647,-22.5,3.15,-102.75,50.0
1787131935.5072467,1.144,-9.246,-0.441,0.846,0.959,-0.777,-22.65,4.5,-102.6,69.0
1787131935.712269,2.995,-7.362,4.041,1.639,0.65,-1.667,-33.6,-2.1,-97.2,57.0
1787131935.7122946,3.417,-7.072,4.913,1.716,0.695,-1.758,-33.15,-2.25,-96.0,57.0
1787131935.7123063,3.33,-6.414,5.09,1.61,0.653,-1.709,-37.05,-2.85,-93.9,89.0
1787131935.9168096,6.318,-3.986,7.851,0.658,0.495,-1.302,-44.25,-1.8,-86.7,79.0
1787131935.9168372,6.476,-3.795,7.781,0.505,0.351,-1.167,-46.35,-1.65,-85.5,79.0
1787131935.9168491,6.237,-3.814,7.57,0.397,0.2,-1.064,-45.15,2.4,-85.5,120.0
1787131936.1220818,6.697,-3.227,7.52,0.382,0.195,-0.778,-50.1,5.85,-81.45,138.0
1787131936.122107,6.548,-3.203,7.695,0.429,0.253,-0.727,-49.65,5.1,-81.75,138.0
1787131936.122118,6.625,-2.907,7.693,0.311,0.207,-0.546,-50.25,6.9,-82.65,143.0
1787131936.326531,7.41,-2.413,8.04,0.103,0.153,-0.187,-51.9,6.75,-79.95,124.0
1787131936.326556,8.497,-1.937,9.369,-0.081,-0.031,0.068,-51.3,7.2,-80.55,124.0
1787131936.531892,6.278,-2.715,7.633,-1.719,-1.019,2.186,-42.6,-0.45,-89.55,93.0
1787131936.5319164,5.301,-3.424,6.701,-1.825,-1.058,2.297,-41.85,-0.9,-91.05,93.0
1787131936.5319304,4.803,-3.67,5.959,-1.914,-1.115,2.387,-41.7,2.25,-91.95,93.0
1787131936.7361176,0.692,-7.709,0.747,-1.616,-1.267,2.195,-25.2,1.8,-102.15,65.0
1787131936.7361422,-0.098,-8.088,0.024,-1.433,-1.26,2.064,-23.1,3.45,-102.6,65.0
1787131936.7361534,-0.543,-8.653,-0.424,-1.217,-1.221,1.875,-23.25,4.8,-103.95,65.0
1787131936.9414184,-0.883,-10.506,-2.037,-0.101,-0.333,0.299,-13.65,6.9,-106.2,62.0
1787131936.9414449,-1.032,-10.367,-1.985,-0.005,-0.246,0.245,-13.5,7.05,-105.3,62.0
1787131936.9414556,-0.543,-10.465,-1.827,0.087,-0.173,0.098,-11.25,7.8,-107.25,62.0
1787131937.1455877,0.915,-10.127,-0.225,0.114,0.198,-0.07,-14.25,5.85,-105.0,79.0
1787131937.145613,0.994,-10.195,-0.134,0.078,0.237,-0.062,-13.65,6.9,-106.2,79.0
1787131937.1456244,0.855,-10.252,-0.146,0.082,0.308,-0.048,-12.15,6.15,-106.95,79.0
1787131937.351125,-0.283,-10.42,-0.812,0.301,0.479,-0.388,-16.95,5.55,-105.0,65.0
1787131937.3511498,-0.438,-10.317,-0.965,0.375,0.545,-0.433,-16.5,4.8,-106.5,56.0
1787131937.351161,-0.785,-10.309,-1.044,0.458,0.55,-0.574,-16.5,4.35,-105.3,56.0
1787131937.5555615,0.757,-8.818,1.082,1.286,0.898,-1.727,-25.5,0.15,-101.25,60.0
1787131937.5556648,1.13,-8.298,1.513,1.31,0.889,-1.818,-25.95,0.3,-100.8,60.0
1787131937.5556772,1.52,-7.994,1.949,1.345,0.918,-1.904,-27.45,0.0,-100.05,54.0
1787131937.7598877,5.009,-4.281,7.046,1.319,0.957,-2.417,-41.85,1.35,-90.3,58.0
1787131937.759911,5.164,-3.797,7.458,1.377,0.866,-2.374,-44.4,2.4,-88.05,39.0
1787131937.759922,5.308,-3.053,7.456,1.046,0.537,-2.111,-46.35,3.15,-89.1,39.0
1787131937.9646668,8.851,-1.743,7.951,0.492,0.53,-0.791,-50.55,11.1,-82.65,97.0
1787131937.9646928,8.291,-1.705,8.083,0.433,0.533,-0.412,-52.35,10.95,-80.4,94.0
1787131938.1701534,7.214,-2.377,9.397,-0.811,-0.465,1.079,-52.35,7.8,-80.7,95.0
1787131938.1701784,7.216,-2.5,9.299,-0.912,-0.523,1.177,-51.75,8.85,-81.6,95.0
1787131938.1701896,6.783,-2.586,9.029,-1.009,-0.592,1.256,-52.5,7.65,-81.6,95.0
1787131938.3744094,4.942,-4.468,5.614,-1.891,-1.038,2.139,-43.2,3.75,-90.45,81.0
1787131938.3744338,4.238,-4.736,4.803,-1.942,-1.002,2.207,-41.85,3.15,-93.15,81.0
1787131938.3744445,3.673,-5.121,4.183,-1.965,-0.993,2.182,-40.95,2.7,-94.2,81.0
1787131938.5791023,2.057,-8.2,-0.199,-0.783,-1.067,1.462,-27.45,5.4,-102.6,54.0
1787131938.5791254,1.638,-8.971,-0.843,-0.625,-1.048,1.401,-25.8,4.8,-103.95,54.0
1787131938.5791366,1.317,-9.246,-0.991,-0.484,-1.02,1.316,-25.05,2.85,-104.25,54.0
1787131938.7841983,-0.565,-10.942,-0.476,0.293,-0.158,0.11,-18.6,2.7,-103.65,35.0
1787131938.7842245,-0.283,-10.934,-0.069,0.317,-0.105,-0.04,-18.6,3.75,-105.15,35.0
1787131938.7842357,-0.148,-10.819,0.342,0.3,-0.063,-0.146,-18.6,4.2,-105.9,35.0
1787131938.9886851,2.128,-9.912,1.209,-0.188,0.129,-0.132,-19.8,4.05,-104.55,62.0
1787131938.9887085,2.246,-9.905,1.075,-0.192,0.149,-0.092,-19.8,2.1,-104.55,62.0
1787131938.98872,2.128,-9.821,0.929,-0.172,0.211,-0.084,-19.5,2.85,-103.5,62.0
1787131939.1935334,0.323,-9.922,-0.795,0.361,0.422,-0.608,-21.0,2.4,-104.25,83.0
1787131939.1935582,0.318,-9.785,-0.924,0.535,0.451,-0.739,-22.65,4.2,-102.9,99.0
1787131939.1935692,0.582,-9.84,-0.809,0.717,0.54,-0.907,-24.3,2.85,-103.5,99.0
1787131939.3984158,2.088,-6.316,2.746,1.712,1.018,-2.156,-32.7,0.0,-97.05,56.0
1787131939.3984406,2.995,-6.062,3.79,1.759,1.084,-2.281,-37.95,-1.8,-94.5,56.0
1787131939.3984516,3.017,-5.258,4.573,1.856,1.041,-2.481,-37.05,-0.9,-94.35,56.0
1787131939.6025984,6.402,-1.568,8.272,0.973,0.466,-1.905,-50.4,5.85,-84.3,83.0
1787131939.602623,8.76,-0.558,8.871,0.851,0.383,-1.779,-51.15,9.0,-83.7,83.0
1787131939.8081286,8.703,-0.883,10.127,-0.528,-0.148,0.872,-54.75,11.55,-79.35,93.0
1787131939.808154,8.045,-1.061,10.041,-0.669,-0.369,1.043,-53.1,10.5,-78.45,93.0
1787131939.8081653,8.346,-1.542,9.479,-0.793,-0.438,1.22,-52.8,8.85,-79.8,85.0
1787131940.0126512,5.921,-3.34,7.52,-1.593,-1.111,2.128,-45.0,2.7,-88.2,68.0
1787131940.0126748,5.406,-3.735,7.082,-1.695,-1.13,2.228,-45.6,0.9,-89.85,68.0
1787131940.0126858,4.757,-4.175,6.68,-1.758,-1.199,2.279,-41.55,1.35,-91.35,18.0
1787131940.2181215,1.935,-7.089,0.946,-1.541,-1.15,1.835,-27.0,2.4,-101.7,98.0
1787131940.218171,1.812,-7.7,0.215,-1.419,-1.064,1.785,-27.45,1.8,-102.6,98.0
1787131940.2181776,1.408,-8.195,-0.424,-1.19,-0.952,1.69,-25.5,3.15,-102.45,51.0
1787131940.4225085,-0.625,-10.487,-1.499,0.015,-0.325,0.622,-18.75,4.05,-104.55,62.0
1787131940.4225342,-0.699,-10.669,-1.235,0.139,-0.233,0.409,-17.85,3.45,-106.2,62.0
1787131940.4225454,-0.69,-10.642,-1.061,0.121,-0.194,0.283,-17.1,4.2,-105.6,62.0
1787131940.6272857,1.793,-10.125,0.74,0.153,0.236,-0.352,-16.65,3.75,-104.85,79.0
1787131940.6273108,1.81,-10.094,0.761,0.119,0.293,-0.32,-18.3,1.65,-104.25,79.0
1787131940.6273222,1.834,-10.02,0.754,0.101,0.337,-0.296,-18.3,2.85,-104.55,79.0
1787131940.8321278,1.044,-10.108,0.512,0.292,0.469,-0.537,-20.55,3.15,-103.95,66.0
1787131940.8321674,1.183,-10.092,0.579,0.311,0.501,-0.616,-21.75,0.9,-102.75,66.0
1787131940.832174,1.358,-10.166,0.596,0.354,0.586,-0.707,-23.85,3.45,-103.35,66.0
1787131941.0372462,1.717,-7.19,2.037,1.369,0.75,-1.883,-32.7,-1.5,-97.8,71.0
1787131941.0372715,2.219,-6.586,2.337,1.416,0.775,-1.953,-34.95,-0.75,-94.8,71.0
1787131941.0372827,2.605,-6.055,2.811,1.455,0.854,-2.046,-36.6,0.9,-95.1,71.0
1787131941.2400699,6.467,-2.66,7.266,1.726,1.171,-2.007,-45.9,2.85,-87.0,58.0
1787131941.4468923,6.67,-0.79,9.67,0.325,0.169,-0.379,-54.3,11.1,-74.55,107.0
1787131941.4469173,6.919,-0.776,9.797,0.211,0.151,-0.243,-55.05,11.85,-73.5,90.0
1787131941.4469287,6.819,-0.654,9.766,0.073,0.12,-0.098,-54.45,11.4,-74.4,90.0
1787131941.651253,6.421,-1.226,8.988,-0.518,-0.223,0.648,-55.05,10.05,-74.25,97.0
1787131941.651282,6.517,-1.417,9.012,-0.586,-0.276,0.743,-53.1,9.45,-75.9,94.0
1787131941.6512935,6.448,-1.602,9.127,-0.642,-0.36,0.839,-52.05,8.4,-76.05,94.0
1787131941.8560593,6.833,-2.543,9.354,-1.099,-1.14,1.669,-48.3,3.45,-83.85,91.0
1787131941.8562877,7.163,-2.583,9.469,-1.221,-1.246,1.862,-49.05,1.8,-84.6,67.0
1787131941.8562946,7.027,-2.859,8.435,-1.447,-1.253,2.083,-45.9,2.1,-84.75,67.0
1787131942.0606623,1.65,-5.99,3.036,-1.677,-1.446,2.048,-30.45,-1.8,-98.1,103.0
1787131942.0606875,1.341,-6.443,2.241,-1.623,-1.322,1.934,-31.35,-1.65,-99.15,175.0
1787131942.0606992,1.109,-6.797,1.573,-1.559,-1.231,1.718,-25.65,-0.9,-100.2,175.0
1787131942.266139,0.431,-9.55,-1.161,-0.716,-0.887,1.216,-16.95,4.8,-105.0,170.0
1787131942.2661645,0.074,-9.795,-1.46,-0.526,-0.74,1.133,-15.75,4.8,-104.55,170.0
1787131942.2661757,-0.242,-9.883,-1.688,-0.384,-0.651,1.031,-15.0,2.85,-105.9,176.0
1787131942.4710138,0.373,-10.874,-1.192,0.242,0.003,-0.129,-11.1,4.5,-106.2,143.0
1787131942.4710517,0.637,-10.772,-0.948,0.296,0.072,-0.163,-11.1,6.15,-105.6,143.0
1787131942.4710586,0.998,-10.566,-0.532,0.323,0.145,-0.194,-11.85,5.7,-106.2,143.0
1787131942.675782,0.263,-10.053,-0.215,0.386,0.689,-0.42,-15.45,2.85,-105.0,105.0
1787131942.675807,0.101,-10.19,-0.065,0.445,0.726,-0.51,-16.5,1.35,-105.3,105.0
1787131942.6758182,0.141,-10.044,-0.017,0.526,0.728,-0.611,-16.2,3.6,-104.25,141.0
1787131942.8781893,1.343,-9.254,1.678,1.073,0.815,-1.424,-23.55,-1.65,-100.95,108.0
1787131943.0848863,5.648,-3.474,6.555,1.415,1.202,-1.918,-44.25,-1.05,-86.7,100.0
1787131943.0849116,6.421,-3.012,7.238,1.462,1.216,-1.948,-47.4,2.85,-84.3,100.0
1787131943.0849223,5.806,-2.626,7.745,1.406,1.027,-1.837,-47.85,1.65,-83.25,100.0
1787131943.2893407,6.596,-0.503,9.558,0.778,0.626,-1.048,-52.35,7.8,-75.9,203.0
1787131943.2893658,6.737,-0.438,9.835,0.637,0.519,-0.873,-51.9,7.8,-74.4,203.0
1787131943.2893765,7.046,-0.417,10.142,0.572,0.425,-0.733,-54.0,9.15,-75.0,203.0
1787131943.4943428,7.072,-0.127,10.321,0.467,0.321,-0.55,-54.15,9.75,-73.35,203.0
1787131943.494368,7.025,-0.026,10.233,0.279,0.234,-0.368,-53.55,10.05,-73.95,203.0
1787131943.494379,7.101,-0.036,10.221,0.125,0.161,-0.236,-54.75,10.05,-73.2,350.0
1787131943.6995358,6.381,-2.121,8.387,-1.285,-0.7,1.568,-48.75,4.2,-79.35,109.0
1787131943.69956,5.878,-2.49,8.073,-1.304,-0.79,1.666,-48.9,2.4,-81.75,109.0
1787131943.699571,6.112,-2.775,7.994,-1.321,-0.92,1.737,-48.15,0.15,-83.25,109.0
1787131943.904179,4.061,-5.241,5.169,-1.295,-0.998,2.138,-35.4,-4.2,-92.25,161.0
1787131943.9042056,3.28,-5.906,4.3,-1.295,-0.984,2.098,-34.95,-4.2,-94.5,161.0
1787131943.9042168,2.643,-6.112,3.905,-1.252,-0.931,2.02,-32.4,-4.95,-96.0,161.0
1787131944.1102595,1.013,-8.947,1.492,-0.552,-0.748,1.197,-21.3,-2.1,-101.7,240.0
1787131944.1102836,0.725,-9.036,1.271,-0.493,-0.761,1.154,-20.1,-2.7,-101.1,240.0
1787131944.1102943,0.936,-9.479,1.046,-0.441,-0.748,1.076,-19.65,-3.0,-103.35,240.0
1787131944.3141136,0.184,-10.455,0.639,-0.361,-0.251,0.715,-13.2,-0.15,-103.5,240.0
1787131944.3141396,-0.055,-10.683,0.725,-0.291,-0.188,0.625,-13.95,-2.4,-103.5,240.0
1787131944.3141508,-0.405,-10.616,0.402,-0.237,-0.139,0.496,-14.25,-0.9,-102.75,240.0
1787131944.5179496,1.006,-9.981,1.286,0.241,0.32,-0.413,-14.25,-1.35,-102.75,231.0
1787131944.517975,1.037,-10.092,1.362,0.242,0.341,-0.404,-15.15,-1.8,-103.35,131.0
1787131944.723646,0.654,-9.16,2.081,0.813,0.746,-1.384,-22.5,-5.55,-98.7,164.0
1787131944.7236705,0.994,-8.882,2.193,0.852,0.829,-1.51,-22.05,-3.6,-99.9,164.0
1787131944.7236814,1.164,-8.724,2.502,0.92,0.842,-1.652,-24.75,-5.1,-99.15,164.0
1787131944.9280787,4.63,-4.611,5.923,1.432,0.947,-2.104,-39.0,-4.5,-90.45,131.0
1787131944.9281123,5.602,-4.132,7.065,1.497,0.967,-1.984,-42.15,-4.05,-89.1,131.0
1787131944.9281187,5.631,-3.649,7.336,1.476,0.989,-1.861,-42.15,-3.6,-88.05,131.0
1787131945.1329122,5.183,-2.365,8.892,0.907,0.917,-1.07,-52.35,1.65,-75.9,149.0
1787131945.1329367,5.176,-2.447,8.71,0.775,0.878,-0.923,-50.85,1.65,-75.15,149.0
1787131945.1329477,5.033,-2.37,9.443,0.792,0.782,-0.987,-51.75,3.45,-74.25,149.0
1787131945.3379145,5.739,-1.046,9.838,0.211,0.217,-0.277,-53.55,6.45,-69.15,149.0
1787131945.3379405,5.543,-0.953,9.67,0.129,0.214,-0.161,-54.9,7.5,-69.6,149.0
1787131945.3379514,5.425,-0.943,9.708,0.041,0.194,-0.064,-54.45,6.75,-67.8,149.0
1787131945.542396,5.806,-1.228,10.511,-0.694,-0.345,0.751,-54.15,4.8,-71.1,1689.0
1787131945.5424213,5.689,-1.243,10.408,-0.838,-0.324,0.885,-52.05,4.95,-70.65,1689.0
1787131945.5424323,5.543,-1.264,10.329,-0.985,-0.358,0.991,-54.75,3.45,-72.0,1689.0
1787131945.7482724,4.7,-4.051,8.049,-1.606,-0.934,1.625,-47.25,-2.25,-82.05,102.0
1787131945.7482963,4.341,-4.338,7.355,-1.625,-0.886,1.715,-46.5,-2.25,-82.65,102.0
1787131945.748307,4.075,-4.762,6.742,-1.64,-0.825,1.691,-45.75,-3.75,-83.85,102.0
1787131945.9521227,2.703,-6.979,3.994,-0.714,-1.114,1.208,-35.55,-4.05,-92.85,78.0
1787131945.9521475,2.569,-7.037,4.051,-0.69,-1.076,1.257,-34.05,-5.85,-93.6,78.0
1787131945.9521585,2.349,-7.46,4.08,-0.712,-1.024,1.282,-31.65,-5.7,-94.2,78.0
1787131946.1546857,1.293,-9.112,2.528,-0.845,-0.582,1.246,-22.8,-3.6,-100.2,65.0
1787131946.3616436,-0.014,-10.19,0.292,-0.195,0.04,0.005,-16.65,-1.05,-103.65,112.0
1787131946.3616695,0.081,-10.127,0.364,-0.09,0.02,-0.098,-15.75,0.45,-103.95,112.0
1787131946.3616812,0.508,-9.905,0.314,-0.003,0.033,-0.14,-14.85,0.0,-102.6,100.0
1787131946.5663373,0.936,-10.204,0.941,0.333,0.404,-0.386,-17.1,-0.3,-101.85,59.0
1787131946.5663624,0.637,-10.089,0.857,0.35,0.516,-0.443,-18.6,-2.7,-101.1,59.0
1787131946.5663733,0.369,-10.142,0.946,0.416,0.545,-0.533,-18.75,-2.1,-102.0,105.0
1787131946.7711382,1.616,-8.576,2.406,0.884,0.777,-1.154,-27.3,-5.1,-99.15,62.0
1787131946.771168,1.896,-8.387,2.698,0.954,0.758,-1.197,-28.8,-4.35,-98.4,62.0
1787131946.7711744,1.788,-8.102,2.806,1.022,0.718,-1.232,-28.65,-6.15,-97.8,57.0
1787131946.9761245,3.259,-5.078,6.352,2.058,0.922,-1.951,-41.1,-5.55,-87.75,80.0
1787131946.976154,4.252,-4.403,6.895,1.984,0.852,-1.745,-40.95,-7.65,-86.7,80.0
1787131946.9761739,4.671,-4.125,7.525,1.845,0.909,-1.646,-42.75,-6.9,-82.35,122.0
1787131947.180668,6.112,-2.332,10.599,0.847,0.486,-0.767,-49.05,-3.0,-74.55,1457.0
1787131947.1806931,6.68,-1.82,11.135,0.644,0.487,-0.562,-50.25,-2.25,-73.95,1457.0
1787131947.1807053,6.524,-1.92,11.236,0.351,0.445,-0.345,-52.35,-3.15,-73.65,1457.0
1787131947.3854141,5.14,-2.854,9.711,-0.69,-0.443,0.656,-49.35,-2.85,-75.15,1968.0
1787131947.3854384,5.033,-2.978,9.699,-0.694,-0.526,0.723,-49.35,-2.85,-75.15,1968.0
1787131947.3854496,5.054,-3.069,9.646,-0.811,-0.714,0.845,-48.3,-4.5,-76.5,1968.0
1787131947.5909095,5.059,-4.118,8.265,-1.514,-0.993,1.631,-41.1,-8.25,-86.55,132.0
1787131947.5909345,4.434,-4.587,8.045,-1.562,-1.012,1.696,-38.25,-8.1,-87.9,132.0
1787131947.5909455,4.046,-4.75,7.309,-1.672,-1.075,1.787,-37.8,-9.45,-88.05,132.0
1787131947.793017,1.109,-7.429,2.052,-1.608,-1.204,1.721,-23.1,-4.95,-99.3,86.0
1787131948.000163,-0.541,-10.709,-0.134,0.047,-0.012,-0.029,-12.0,0.15,-103.95,94.0
1787131948.0001886,-0.23,-10.712,0.012,0.124,0.023,-0.145,-11.55,0.3,-104.1,74.0
1787131948.0002,0.12,-10.58,0.139,0.166,0.055,-0.239,-12.15,0.0,-104.1,74.0
1787131948.2051184,0.783,-9.852,1.092,0.18,0.501,-0.23,-14.1,-0.3,-103.35,100.0
1787131948.2051432,0.644,-9.847,0.946,0.198,0.517,-0.253,-13.65,-0.75,-103.65,100.0
1787131948.2051547,0.589,-9.883,0.929,0.238,0.562,-0.284,-13.65,-0.75,-103.65,100.0
1787131948.4094877,1.063,-9.811,1.492,0.933,0.645,-1.069,-21.9,-5.4,-101.1,76.0
1787131948.409514,1.209,-9.708,1.875,1.016,0.64,-1.142,-20.85,-4.5,-100.35,119.0
1787131948.6147075,2.988,-5.6,5.116,1.295,0.653,-2.032,-35.1,-6.3,-92.1,72.0
1787131948.6147316,3.938,-5.243,5.624,1.145,0.695,-2.036,-37.2,-6.9,-90.75,40.0
1787131948.6147428,4.391,-5.399,6.366,1.128,0.745,-2.053,-38.1,-5.1,-91.05,40.0
1787131948.8201728,5.691,-3.644,7.774,0.684,0.831,-1.084,-47.7,-1.05,-80.85,38.0
1787131948.820198,5.82,-3.642,8.124,0.691,0.82,-1.054,-50.25,1.05,-80.85,48.0
1787131948.8202088,5.54,-3.376,8.279,0.667,0.772,-0.925,-48.9,1.65,-79.2,48.0
1787131949.0239015,6.986,-2.835,10.226,0.076,0.237,-0.143,-51.6,2.1,-76.35,48.0
1787131949.0239267,6.44,-2.916,10.106,0.018,0.172,-0.043,-51.9,1.65,-75.6,48.0
1787131949.0239396,6.086,-2.942,9.771,-0.115,0.01,0.158,-51.6,1.65,-77.4,48.0
1787131949.230392,5.069,-3.637,8.255,-0.313,-0.415,0.296,-48.9,0.9,-78.9,83.0
1787131949.2304175,5.511,-3.534,8.514,-0.343,-0.528,0.35,-49.5,0.3,-78.3,83.0
1787131949.2304287,5.926,-3.4,8.847,-0.43,-0.697,0.444,-49.5,0.75,-79.8,83.0
1787131949.4321558,5.358,-4.29,6.996,-1.678,-1.002,2.278,-40.8,-2.85,-90.6,70.0
1787131949.6388729,-0.682,-9.615,-0.402,-0.682,-0.624,1.26,-19.65,-1.05,-102.9,80.0
1787131949.6388986,-0.857,-10.044,-0.453,-0.496,-0.531,1.029,-18.6,-0.75,-102.15,80.0
1787131949.63891,-1.068,-10.494,-0.536,-0.229,-0.434,0.72,-15.75,-1.65,-103.2,80.0
1787131949.843061,0.215,-10.64,0.924,0.192,0.1,-0.132,-12.75,-0.45,-103.2,70.0
1787131949.8430948,0.412,-10.487,1.154,0.202,0.117,-0.189,-15.9,-1.5,-102.6,70.0
1787131949.8431022,0.67,-10.4,1.31,0.187,0.122,-0.218,-15.75,-2.1,-103.2,70.0
1787131950.048413,0.532,-10.618,0.749,0.052,0.464,-0.252,-16.95,-2.1,-102.0,109.0
1787131950.048438,0.182,-10.628,0.692,0.133,0.59,-0.302,-19.05,-1.35,-104.25,109.0
1787131950.0484493,-0.017,-10.444,0.658,0.236,0.7,-0.419,-17.85,-0.75,-102.6,109.0
1787131950.2525797,0.998,-8.629,2.598,0.852,0.783,-1.826,-28.05,-3.6,-98.4,30.0
1787131950.2526054,1.233,-8.339,2.854,0.864,0.924,-1.942,-30.6,-4.8,-98.4,30.0
1787131950.2526162,1.417,-7.848,2.971,0.882,0.984,-2.015,-29.7,-3.45,-97.05,30.0
1787131950.458134,3.045,-3.948,4.092,1.303,0.239,-2.801,-41.7,0.0,-90.15,22.0
1787131950.4581652,3.531,-3.469,4.209,1.341,0.473,-2.758,-43.35,1.35,-89.85,22.0
1787131950.4581714,4.568,-2.787,5.698,1.568,0.638,-2.958,-43.65,2.4,-89.1,22.0
1787131950.6629286,9.57,0.441,9.172,0.876,0.768,-1.637,-52.5,11.85,-82.05,80.0
1787131950.662954,10.293,0.362,9.522,0.726,0.916,-1.332,-51.15,12.45,-80.7,52.0
1787131950.6629648,9.91,0.551,9.646,0.531,0.905,-0.999,-53.55,13.05,-79.8,52.0
1787131950.8675666,8.277,-0.105,9.673,-0.424,0.014,0.894,-54.3,15.0,-77.55,64.0
1787131950.8675911,7.987,-0.101,9.589,-0.485,-0.09,1.021,-54.3,13.5,-77.25,59.0
1787131950.867602,7.633,-0.034,9.574,-0.585,-0.26,1.144,-54.3,13.8,-77.55,59.0
1787131951.0702953,5.124,-2.672,6.936,-1.429,-0.913,2.238,-50.1,4.35,-84.3,96.0
1787131951.2765558,2.385,-8.025,2.128,-0.886,-0.808,1.614,-29.25,-1.65,-98.4,21.0
1787131951.2765806,2.152,-8.526,1.812,-0.858,-0.799,1.54,-30.15,0.0,-99.3,21.0
1787131951.2765918,1.879,-8.72,1.334,-0.802,-0.748,1.512,-27.75,-0.45,-99.9,21.0
1787131951.48137,1.003,-10.604,0.242,0.108,-0.308,0.346,-19.65,-1.5,-101.85,45.0
1787131951.4813952,1.209,-10.228,0.828,0.115,-0.197,0.143,-20.85,-0.3,-102.6,45.0
1787131951.4814062,1.413,-9.979,1.128,0.092,-0.073,0.028,-21.0,-0.15,-102.75,45.0
1787131951.686778,2.65,-9.565,1.937,-0.008,0.197,-0.126,-21.6,-0.75,-103.35,50.0
1787131951.686803,2.576,-9.675,2.006,0.018,0.177,-0.082,-22.35,-1.5,-101.55,50.0
1787131951.6868145,2.725,-9.773,1.932,0.034,0.206,-0.038,-21.6,-0.75,-102.9,50.0
1787131951.8916008,0.491,-9.632,0.833,0.482,0.463,-0.558,-24.3,-1.35,-101.25,44.0
1787131951.8916254,0.587,-9.57,0.934,0.613,0.552,-0.742,-25.65,-2.7,-100.05,44.0
1787131951.8916368,0.522,-9.309,1.207,0.735,0.603,-0.953,-25.8,-2.1,-99.9,44.0
1787131952.0962205,2.394,-7.209,4.142,1.391,0.888,-1.865,-35.55,-3.6,-93.9,28.0
1787131952.096267,2.679,-6.483,4.645,1.412,0.851,-1.921,-36.6,-2.4,-91.35,28.0
1787131952.096274,3.01,-6.007,5.282,1.378,0.788,-1.99,-38.25,-4.95,-91.2,28.0
1787131952.3011894,4.508,-2.464,7.487,1.219,0.909,-2.339,-47.4,-0.15,-83.7,52.0
1787131952.3012767,4.853,-1.958,7.968,1.244,0.839,-2.403,-50.55,1.8,-80.85,52.0
1787131952.3012831,5.365,-1.429,8.056,1.28,0.736,-2.436,-48.9,2.1,-81.75,52.0
1787131952.505967,8.294,0.357,9.596,0.467,0.474,-0.766,-55.05,13.8,-73.95,49.0
1787131952.5061483,8.258,0.139,9.969,0.454,0.455,-0.578,-55.8,13.5,-74.25,49.0
1787131952.5061905,7.977,0.12,10.137,0.443,0.404,-0.347,-56.25,15.75,-72.0,49.0
1787131952.7082546,8.047,0.28,11.133,-0.871,-0.564,1.319,-56.25,12.3,-72.45,54.0
1787131952.9158049,2.579,-4.944,4.606,-1.748,-1.09,2.245,-38.55,-2.4,-92.4,47.0
1787131952.9158292,2.454,-5.071,4.221,-1.731,-1.161,2.17,-36.6,-1.35,-93.6,47.0
1787131952.91584,2.358,-5.933,3.752,-1.702,-1.122,2.17,-35.85,-3.15,-94.65,43.0
1787131953.1201851,-1.358,-9.416,-0.493,-1.008,-0.769,1.358,-21.9,0.75,-102.15,48.0
1787131953.1202104,-1.432,-9.862,-0.575,-0.83,-0.703,1.094,-21.15,2.25,-101.85,48.0
1787131953.1202219,-1.815,-10.163,-0.97,-0.66,-0.666,0.921,-20.55,2.1,-103.2,52.0
1787131953.32213,0.594,-10.333,0.268,0.078,-0.034,-0.106,-17.4,1.8,-102.9,50.0
1787131953.322154,0.86,-10.329,0.474,0.133,0.081,-0.111,-17.7,2.1,-103.2,50.0
1787131953.3336692,0.814,-10.149,0.663,0.138,0.088,-0.119,-17.25,3.15,-102.75,50.0
1787131953.5295644,0.639,-10.034,0.795,0.175,0.374,-0.107,-20.85,2.7,-103.65,54.0
1787131953.5295892,0.022,-10.053,0.488,0.223,0.358,-0.141,-21.3,1.35,-103.2,54.0
1787131953.5296009,-0.115,-10.094,0.476,0.271,0.303,-0.206,-19.8,1.35,-103.5,45.0
1787131953.734039,0.244,-9.163,1.434,1.109,0.45,-1.124,-24.0,-2.1,-98.7,44.0
1787131953.7340627,0.424,-8.969,1.856,1.172,0.474,-1.293,-25.2,-2.7,-99.6,44.0
1787131953.7340739,0.802,-8.792,2.363,1.227,0.493,-1.414,-26.25,-2.4,-97.2,51.0
1787131953.9405155,1.997,-6.486,4.027,1.527,0.842,-1.859,-34.95,-5.7,-94.2,38.0
1787131953.94054,2.559,-6.292,4.741,1.487,0.734,-1.911,-35.7,-5.7,-91.5,38.0
1787131953.9405518,2.72,-5.974,5.1,1.495,0.677,-1.909,-37.95,-6.15,-90.75,38.0
1787131954.1434429,6.206,-3.256,8.061,0.603,0.239,-1.515,-48.3,0.3,-81.6,53.0
1787131954.1434689,6.838,-2.993,8.519,0.689,0.254,-1.516,-49.5,2.7,-83.4,53.0
1787131954.1434805,7.07,-2.705,8.763,0.736,0.298,-1.514,-50.25,3.0,-81.3,53.0
1787131954.348094,7.609,-1.662,9.024,0.148,0.311,-0.575,-53.55,9.6,-77.55,47.0
1787131954.553804,8.08,-1.674,10.305,-0.84,-0.805,1.225,-51.3,6.9,-79.8,51.0
1787131954.553829,8.131,-1.803,10.034,-1.032,-0.974,1.481,-51.9,6.3,-79.8,51.0
1787131954.5538404,7.791,-1.985,9.483,-1.257,-1.079,1.757,-48.9,4.05,-81.45,51.0
1787131954.7582364,3.687,-4.413,4.271,-1.715,-1.194,2.338,-37.5,-1.5,-94.2,43.0
1787131954.758261,3.318,-5.25,3.855,-1.546,-1.156,2.194,-35.4,-1.5,-96.0,43.0
1787131954.758272,2.959,-6.096,2.732,-1.362,-1.176,2.048,-34.2,-1.05,-96.75,43.0
1787131954.963588,-1.075,-8.789,0.405,-0.287,-0.887,1.421,-18.6,-1.5,-102.9,23.0
1787131954.9636133,-1.372,-9.249,0.347,-0.203,-0.758,1.144,-17.7,-0.9,-101.7,23.0
1787131954.9636242,-1.719,-9.905,0.251,-0.056,-0.548,0.793,-16.95,-0.9,-101.7,23.0
1787131955.1677444,1.046,-10.63,1.29,0.162,0.088,-0.303,-16.2,-1.35,-102.45,53.0
1787131955.1677701,1.35,-10.599,1.621,0.154,0.104,-0.342,-15.75,-3.15,-102.45,53.0
1787131955.1677814,1.769,-10.362,1.906,0.156,0.168,-0.342,-14.7,-2.1,-100.5,53.0
1787131955.3725212,2.375,-9.371,2.346,-0.092,0.196,-0.153,-18.3,-2.4,-102.0,44.0
1787131955.3725471,2.447,-9.354,2.27,-0.106,0.16,-0.13,-18.75,-2.4,-101.7,53.0
1787131955.372558,2.583,-9.464,2.253,-0.103,0.157,-0.106,-18.0,-2.4,-102.75,53.0
1787131955.577472,-0.781,-9.653,0.215,0.469,0.163,-0.449,-20.55,-0.9,-100.95,35.0
1787131955.5774965,-0.85,-9.548,0.431,0.682,0.261,-0.838,-20.55,-1.35,-100.2,43.0
1787131955.5775075,-0.709,-9.424,0.927,0.902,0.44,-1.208,-20.55,-2.85,-101.7,43.0
1787131955.7825491,2.473,-6.876,3.256,1.153,1.478,-2.155,-30.15,-6.15,-97.05,36.0
1787131955.7825735,2.851,-6.586,4.075,1.272,1.56,-2.366,-32.85,-6.3,-94.35,36.0
1787131955.782584,2.167,-6.275,5.018,1.264,1.239,-2.422,-34.95,-5.7,-92.25,28.0
1787131955.9886749,7.049,-2.543,8.344,0.529,0.854,-1.291,-51.6,6.3,-79.65,43.0
1787131955.988699,7.681,-2.495,8.892,0.531,0.809,-1.183,-53.4,7.05,-78.9,43.0
1787131955.9887097,7.123,-2.26,8.906,0.428,0.763,-0.912,-53.55,7.65,-79.35,43.0
1787131956.1918318,5.571,-2.26,9.333,0.03,0.187,0.062,-55.8,11.1,-74.25,48.0
1787131956.1918633,5.569,-2.294,9.256,-0.002,0.084,0.086,-55.8,9.6,-73.5,48.0
1787131956.1918752,5.514,-2.447,9.12,-0.029,0.036,0.139,-56.4,10.5,-74.4,48.0
1787131956.396423,6.764,-2.641,9.776,-0.594,-0.681,0.72,-54.75,6.9,-75.75,41.0
1787131956.396448,7.003,-2.72,9.91,-0.748,-0.769,0.909,-52.65,6.75,-75.9,41.0
1787131956.3964596,7.259,-2.696,9.689,-0.889,-0.789,1.122,-54.3,6.45,-76.5,41.0
1787131956.6090643,4.575,-4.671,6.649,-1.388,-1.255,2.006,-45.9,-0.15,-88.35,35.0
1787131956.6090899,4.243,-4.963,5.952,-1.396,-1.214,2.123,-42.15,-0.9,-89.85,35.0
1787131956.6091006,3.867,-5.325,5.638,-1.368,-1.072,2.19,-40.8,-1.35,-91.05,35.0
1787131956.8067336,0.62,-8.155,1.788,-0.435,-1.02,1.198,-28.65,-5.7,-98.55,35.0
1787131956.8067589,0.0,-8.26,1.525,-0.39,-1.014,1.076,-26.4,-2.7,-99.6,35.0
1787131956.8067703,0.192,-9.388,1.369,-0.261,-0.856,0.858,-26.4,-4.5,-100.35,35.0
1787131957.010965,2.346,-10.144,2.1,-0.089,-0.345,0.078,-20.4,-4.5,-101.1,65.0
1787131957.0109918,2.614,-10.068,2.04,-0.157,-0.064,0.097,-20.4,-4.2,-102.15,65.0
1787131957.0111241,2.734,-9.991,2.095,-0.181,0.061,0.082,-19.35,-3.0,-100.8,65.0
1787131957.2162187,2.658,-9.428,2.253,-0.165,0.026,0.156,-19.65,-1.8,-103.35,49.0
1787131957.2162435,2.255,-9.481,2.33,-0.156,0.022,0.163,-18.6,-3.45,-101.85,47.0
1787131957.2162545,2.227,-9.491,2.375,-0.132,-0.023,0.205,-20.1,-1.8,-101.85,47.0
1787131957.4205432,1.757,-9.603,1.662,0.021,0.07,0.055,-17.7,-3.15,-102.0,62.0
1787131957.420568,1.427,-9.579,1.499,0.071,0.143,0.077,-19.35,-3.75,-102.15,26.0
1787131957.420579,1.279,-9.804,1.561,0.137,0.193,0.039,-19.8,-1.35,-102.75,26.0
1787131957.6238918,0.678,-10.087,2.492,0.37,0.485,-0.856,-22.8,-4.35,-100.2,70.0
1787131957.8304725,3.172,-4.697,3.661,1.094,1.091,-2.549,-40.95,1.05,-91.2,59.0
1787131957.8304977,4.647,-4.499,5.069,1.233,1.202,-2.761,-40.95,1.05,-91.2,59.0
1787131957.8305085,4.86,-3.831,5.698,1.447,1.124,-2.924,-45.0,1.5,-88.65,46.0
1787131958.0347977,7.58,-0.67,9.146,1.049,0.78,-1.383,-54.15,11.7,-79.2,71.0
1787131958.034823,7.872,-0.618,9.565,0.939,0.666,-1.147,-54.75,11.85,-76.05,71.0
1787131958.034834,8.205,-0.199,9.756,0.739,0.665,-0.968,-55.8,15.75,-76.8,63.0
1787131958.2397301,7.81,-0.862,10.91,-0.514,-0.21,0.916,-55.95,14.4,-73.35,44.0
1787131958.2397552,6.958,-0.931,10.467,-0.662,-0.331,1.076,-55.95,12.9,-76.35,44.0
1787131958.2397661,6.704,-1.037,10.202,-0.768,-0.513,1.148,-54.9,11.4,-75.15,63.0
1787131958.4450665,6.488,-2.016,7.439,-1.344,-0.947,2.122,-50.55,3.75,-85.65,58.0
1787131958.4450915,5.748,-2.193,7.041,-1.372,-0.987,2.289,-46.2,4.5,-86.7,58.0
1787131958.445103,5.358,-2.923,6.8,-1.413,-1.075,2.428,-46.5,1.5,-86.1,58.0
1787131958.6458695,0.967,-7.132,2.933,-1.357,-1.152,2.3,-31.95,-1.8,-96.75,38.0
1787131958.650213,0.735,-7.539,2.332,-1.272,-1.172,2.208,-29.25,-2.85,-97.95,38.0
1787131958.6502383,0.136,-8.09,1.542,-1.14,-1.112,2.1,-27.0,-2.85,-100.2,38.0
1787131958.8600073,-0.491,-10.367,0.034,-0.055,-0.451,0.609,-18.9,-1.5,-102.9,39.0
1787131958.8600326,-0.39,-10.448,0.292,0.031,-0.4,0.455,-17.7,-0.9,-102.75,39.0
1787131958.8600438,-0.292,-10.333,0.369,0.045,-0.344,0.357,-16.65,-1.5,-102.15,39.0
1787131959.059055,0.757,-10.221,1.681,0.026,0.139,-0.196,-17.4,-1.5,-102.15,36.0
1787131959.0590818,0.919,-10.171,1.755,0.046,0.175,-0.214,-15.6,-1.8,-102.9,36.0
1787131959.0590928,1.077,-10.13,1.815,0.053,0.179,-0.217,-18.6,-2.25,-102.15,36.0
1787131959.2596595,0.5,-10.12,1.295,0.19,0.453,-0.427,-19.35,-2.25,-101.85,14.0
1787131959.468619,2.296,-7.422,2.959,0.869,0.865,-1.742,-35.55,-2.4,-95.4,37.0
1787131959.4686437,2.373,-7.015,3.182,0.983,0.835,-1.842,-35.85,-2.4,-95.1,56.0
1787131959.468655,2.672,-6.622,3.285,1.101,0.822,-1.957,-37.2,-3.0,-93.45,56.0
1787131959.6737392,5.246,-1.604,7.032,2.051,1.083,-2.098,-47.1,0.9,-82.95,47.0
1787131959.6738358,5.588,-0.994,7.784,1.621,0.976,-1.845,-48.3,1.05,-81.6,45.0
1787131959.673848,5.717,-0.984,8.495,1.205,0.852,-1.643,-50.4,2.4,-79.95,45.0
1787131959.881125,7.76,-0.934,10.084,-0.043,0.476,-0.396,-54.15,10.2,-75.15,98.0
1787131959.8811498,7.293,-1.056,9.783,-0.13,0.402,-0.193,-54.0,10.8,-75.0,79.0
1787131959.8811605,7.116,-1.183,9.589,-0.188,0.252,-0.044,-55.5,11.85,-75.3,79.0
1787131960.0891008,5.871,-1.652,8.605,-0.372,-0.139,0.627,-55.95,9.0,-74.85,38.0
1787131960.0891263,5.935,-1.733,8.526,-0.413,-0.197,0.717,-55.05,9.6,-75.75,79.0
1787131960.089137,5.933,-1.875,8.444,-0.462,-0.193,0.804,-52.65,7.8,-75.9,79.0
1787131960.2885613,5.648,-3.328,8.097,-0.811,-0.509,1.327,-49.8,1.05,-79.8,64.0
1787131960.2885873,5.696,-3.378,7.922,-0.826,-0.544,1.372,-48.6,-0.9,-79.65,94.0
1787131960.2885985,5.612,-3.457,7.87,-0.886,-0.589,1.446,-48.0,-0.3,-82.05,94.0
1787131960.493076,5.394,-5.001,6.354,-1.738,-0.872,2.588,-39.45,-6.15,-90.15,39.0
1787131960.49312,3.814,-5.298,5.466,-1.75,-0.604,2.726,-38.25,-5.7,-90.45,39.0
1787131960.4931269,2.308,-5.933,4.731,-1.719,-0.529,2.715,-36.6,-5.55,-93.15,39.0
1787131960.697914,-1.094,-9.457,0.905,-0.805,-0.745,1.323,-20.4,-3.45,-101.55,90.0
1787131960.6979465,-1.587,-9.811,0.474,-0.678,-0.753,1.139,-19.05,-4.05,-101.7,90.0
1787131960.697958,-1.753,-10.278,0.271,-0.509,-0.766,0.955,-17.25,-2.4,-102.0,28.0
1787131960.9012158,-1.276,-10.702,0.697,0.126,0.005,-0.167,-14.85,-3.0,-103.35,105.0
1787131961.1081915,0.769,-10.132,1.724,0.088,0.5,-0.373,-18.0,-3.6,-102.0,80.0
1787131961.1082156,0.431,-10.156,1.784,0.176,0.506,-0.48,-20.85,-3.45,-101.1,80.0
1787131961.1082268,0.089,-9.871,1.528,0.243,0.513,-0.57,-19.65,-2.7,-100.35,80.0
1787131961.3132732,1.336,-8.332,2.875,0.955,0.643,-1.791,-28.2,-4.5,-97.5,85.0
1787131961.3132975,1.547,-7.887,3.215,0.963,0.673,-1.89,-28.95,-4.95,-96.0,85.0
1787131961.3133085,2.155,-7.518,3.713,0.949,0.623,-1.937,-30.6,-5.55,-96.15,85.0
1787131961.5184624,4.274,-5.085,5.667,0.683,1.034,-1.568,-41.25,-1.5,-90.15,39.0
1787131961.5184884,3.895,-4.846,5.751,0.759,1.005,-1.606,-42.45,-1.05,-90.45,39.0
1787131961.5184991,4.247,-4.468,6.266,0.813,0.924,-1.701,-43.65,-0.45,-87.75,39.0
1787131961.7232118,7.733,-2.121,9.084,0.579,0.749,-1.323,-52.5,7.2,-79.05,43.0
1787131961.7232358,8.243,-1.975,9.313,0.525,0.678,-1.103,-54.75,9.15,-79.05,43.0
1787131961.7232466,8.349,-1.92,9.519,0.483,0.581,-0.85,-53.7,9.75,-78.45,43.0
1787131961.9289367,6.761,-2.255,9.498,-0.225,-0.263,0.799,-53.25,9.6,-76.5,49.0
1787131961.9289627,6.448,-2.32,9.395,-0.296,-0.396,0.88,-55.2,9.0,-77.4,49.0
1787131961.9289737,6.414,-2.289,9.335,-0.34,-0.477,0.965,-54.9,7.5,-77.7,49.0
1787131962.1333787,6.431,-3.089,8.557,-1.005,-0.826,1.575,-51.6,3.15,-82.5,61.0
1787131962.1334023,6.838,-3.23,8.428,-1.097,-0.912,1.787,-49.65,0.9,-84.0,61.0
1787131962.1334136,6.831,-3.218,8.353,-1.273,-0.996,2.052,-48.3,0.75,-84.15,40.0
1787131962.3390763,2.184,-5.686,4.293,-1.405,-1.121,2.175,-32.55,-4.8,-95.4,43.0
1787131962.3391018,1.762,-5.655,3.943,-1.35,-1.171,2.139,-28.2,-3.75,-97.5,37.0
1787131962.3391125,1.571,-5.806,3.256,-1.257,-1.166,2.19,-28.2,-3.75,-97.5,37.0
1787131962.5431268,-2.09,-10.829,-0.034,0.086,-0.706,0.608,-13.95,-2.1,-103.5,50.0
1787131962.5431554,-1.671,-10.939,0.206,0.156,-0.379,0.193,-11.85,-3.0,-101.85,94.0
1787131962.7487957,0.79,-9.957,2.267,0.057,0.271,-0.515,-14.7,-3.15,-103.5,77.0
1787131962.7488217,1.077,-9.811,2.215,0.059,0.223,-0.535,-15.9,-3.45,-102.6,77.0
1787131962.748833,1.317,-9.68,2.296,0.037,0.227,-0.511,-16.65,-3.45,-101.55,77.0
1787131962.9541216,1.03,-9.874,2.794,0.07,0.538,-0.753,-20.4,-2.25,-100.35,57.0
1787131962.9541469,0.96,-9.749,2.784,0.057,0.576,-0.851,-22.8,-3.15,-101.25,57.0
1787131962.954158,0.84,-9.586,2.658,0.065,0.645,-0.957,-22.65,-4.5,-100.35,57.0
1787131963.1586506,2.229,-7.039,2.732,0.666,1.024,-2.015,-35.55,-2.1,-96.15,29.0
1787131963.158676,3.168,-6.536,3.232,0.782,0.985,-2.107,-34.2,-0.3,-96.0,29.0
1787131963.1586869,3.67,-6.05,3.366,0.884,0.993,-2.17,-35.7,-0.3,-95.25,29.0
1787131963.3636432,5.339,-3.282,6.893,1.326,0.796,-2.261,-48.9,5.55,-85.8,23.0
1787131963.3636675,5.466,-2.289,6.972,1.168,0.788,-2.094,-49.05,4.5,-84.6,23.0
1787131963.3636785,6.5,-1.925,7.63,1.102,0.839,-2.111,-51.0,6.9,-84.9,23.0
1787131963.5687783,9.187,-0.989,9.184,0.382,0.435,-0.501,-54.3,15.0,-78.0,68.0
1787131963.5688038,8.902,-1.164,9.16,0.275,0.368,-0.251,-54.9,15.9,-78.9,68.0
1787131963.568815,8.729,-1.334,9.141,0.211,0.294,-0.072,-54.3,15.45,-77.55,68.0
1787131963.7764602,7.877,-1.506,9.191,-0.022,-0.052,0.513,-55.2,14.4,-76.35,52.0
1787131963.7764845,7.42,-1.738,9.187,-0.114,-0.148,0.636,-53.7,14.4,-77.7,52.0
1787131963.7764955,7.451,-1.853,9.184,-0.198,-0.207,0.717,-55.65,12.9,-76.35,52.0
1787131963.9793756,6.574,-2.354,8.322,-0.786,-0.718,1.38,-53.25,6.9,-80.55,77.0
1787131963.9794009,6.728,-2.624,8.224,-0.796,-0.786,1.402,-51.3,6.15,-82.05,77.0
1787131963.979412,6.639,-2.828,8.037,-0.807,-0.855,1.464,-51.3,6.15,-82.05,77.0
1787131964.1855392,4.683,-4.712,5.114,-1.137,-1.127,2.383,-38.85,-0.9,-95.1,27.0
1787131964.185564,4.211,-5.052,4.626,-1.191,-1.19,2.491,-36.6,-2.1,-94.35,27.0
1787131964.185575,3.843,-5.614,4.384,-1.154,-1.224,2.518,-34.95,-1.8,-96.75,27.0
1787131964.3890982,-1.633,-10.35,0.845,0.326,-0.193,0.005,-10.5,-2.4,-102.75,50.0
1787131964.3891244,-0.555,-10.3,1.369,0.292,-0.122,-0.101,-9.6,-3.0,-101.85,78.0
1787131964.3891356,-0.235,-10.269,1.63,0.255,0.015,-0.136,-10.5,-3.6,-102.75,78.0
1787131964.5952587,0.903,-10.3,2.354,0.091,0.289,-0.247,-12.15,-3.0,-102.6,42.0
1787131964.5952842,0.706,-10.341,2.349,0.061,0.25,-0.219,-12.45,-3.6,-102.0,42.0
1787131964.5952954,0.694,-10.417,2.435,0.049,0.235,-0.244,-12.15,-3.75,-102.6,52.0
1787131964.7991724,-0.139,-10.487,2.188,-0.045,0.386,-0.767,-15.15,-3.75,-100.8,60.0
1787131964.7991982,-0.096,-10.403,2.025,-0.043,0.445,-0.885,-15.9,-4.5,-102.15,60.0
1787131964.7992094,-0.163,-10.293,1.788,-0.022,0.543,-1.008,-18.15,-3.0,-103.35,43.0
1787131965.0045094,2.002,-7.046,2.119,0.668,0.834,-2.787,-27.9,-3.0,-98.55,70.0
1787131965.0045352,2.394,-6.658,2.327,0.737,1.018,-2.806,-30.6,-2.4,-97.65,70.0
1787131965.0045462,2.962,-6.072,2.799,0.8,1.18,-2.842,-31.05,-0.45,-96.9,23.0
1787131965.209066,6.732,-1.001,6.515,0.885,1.007,-2.968,-48.15,9.75,-88.05,42.0
1787131965.2090907,7.518,0.17,7.137,0.859,0.96,-2.838,-48.75,11.85,-86.7,42.0
1787131965.209102,7.987,0.251,7.434,0.819,0.975,-2.674,-50.4,12.15,-86.55,74.0
1787131965.4146965,10.987,0.989,9.649,0.256,0.619,-0.761,-52.5,20.1,-81.6,74.0
1787131965.414722,11.064,0.745,9.965,0.204,0.605,-0.404,-55.2,21.45,-79.65,74.0
1787131965.4147332,10.714,0.759,9.993,0.057,0.459,-0.059,-54.0,23.1,-79.05,74.0
1787131965.6192405,7.688,-0.402,8.231,-0.663,-0.492,1.661,-54.3,16.5,-81.3,76.0
1787131965.6192656,7.554,-0.819,7.985,-0.711,-0.596,1.727,-52.8,16.2,-82.35,76.0
1787131965.6192763,7.384,-0.898,7.774,-0.748,-0.633,1.846,-50.85,13.65,-81.75,76.0
1787131965.8223596,4.741,-4.693,5.648,-0.904,-0.854,2.52,-42.15,0.15,-90.6,32.0
1787131966.0297372,-0.077,-10.015,1.051,-0.279,-0.653,0.769,-23.25,-2.4,-100.95,36.0
1787131966.029763,0.275,-10.331,0.97,-0.159,-0.623,0.587,-23.25,-2.85,-99.9,36.0
1787131966.0297747,0.5,-10.604,1.183,-0.035,-0.571,0.398,-21.3,-2.4,-101.7,36.0
1787131966.2338758,1.262,-9.955,2.753,0.008,-0.012,0.117,-20.25,-5.1,-102.0,31.0
1787131966.2339041,1.219,-9.895,2.799,-0.033,0.024,0.088,-19.5,-2.4,-100.5,31.0
1787131966.439674,1.168,-10.305,2.116,-0.001,0.334,-0.435,-20.1,-1.05,-101.85,46.0
1787131966.4397,0.67,-10.216,1.961,-0.004,0.43,-0.523,-21.6,-3.0,-101.55,46.0
1787131966.4397113,0.718,-10.123,1.87,0.029,0.423,-0.654,-22.5,-2.85,-101.7,46.0
1787131966.6445537,1.726,-8.598,2.559,0.362,0.641,-1.522,-28.8,-2.1,-99.15,27.0
1787131966.6445794,1.81,-8.329,2.737,0.436,0.642,-1.633,-28.8,-1.65,-97.2,37.0
1787131966.6445901,1.733,-7.901,2.655,0.485,0.648,-1.726,-30.45,-2.7,-98.55,37.0
1787131966.8508139,4.341,-4.029,4.733,0.781,0.982,-2.694,-42.75,4.5,-91.95,37.0
1787131966.850849,4.503,-3.5,4.978,0.908,0.987,-2.694,-44.7,4.5,-90.75,43.0
1787131966.8509336,5.27,-2.804,5.413,0.999,0.9,-2.787,-47.4,7.05,-89.55,43.0
1787131967.05458,8.868,0.328,7.695,0.966,0.73,-1.955,-52.05,16.5,-83.1,62.0
1787131967.0546048,9.127,0.354,8.277,0.958,0.726,-1.827,-53.7,17.55,-84.0,62.0
1787131967.054616,9.632,0.68,8.875,0.937,0.701,-1.555,-54.15,18.75,-83.25,62.0
1787131967.2595966,8.234,-0.026,9.488,-0.486,-0.34,1.185,-55.2,18.75,-79.2,62.0
1787131967.2596211,8.133,-0.189,9.414,-0.586,-0.49,1.302,-55.05,17.7,-80.85,66.0
1787131967.259632,8.174,-0.407,9.031,-0.699,-0.601,1.457,-54.0,15.0,-81.3,66.0
1787131967.464799,5.935,-2.44,7.02,-1.227,-1.112,2.213,-48.9,8.25,-87.3,74.0
1787131967.6701481,2.923,-7.384,1.717,-0.66,-0.918,1.939,-28.5,-0.15,-100.95,47.0
1787131967.6701846,2.626,-7.717,1.566,-0.552,-0.834,1.901,-27.3,0.45,-102.75,47.0
1787131967.6701913,2.26,-7.939,1.353,-0.502,-0.819,1.804,-24.0,1.65,-101.25,47.0
1787131967.8746858,-1.058,-10.891,0.177,-0.304,-0.37,1.379,-15.75,1.65,-104.55,44.0
1787131967.87471,-1.602,-10.633,-0.074,-0.305,-0.377,1.206,-14.25,2.4,-102.75,44.0
1787131967.8747215,-1.7,-10.659,-0.165,-0.3,-0.37,0.935,-13.65,1.05,-104.4,44.0
1787131968.0802698,-0.045,-10.338,0.5,0.146,0.1,-0.349,-13.2,0.9,-104.25,68.0
1787131968.0802948,0.328,-10.35,0.56,0.123,0.135,-0.311,-12.75,0.9,-105.3,68.0
1787131968.0803058,0.484,-10.348,0.632,0.127,0.202,-0.277,-11.55,2.7,-104.85,68.0
1787131968.2846992,-0.093,-10.388,0.802,0.332,0.518,-0.784,-16.65,0.75,-104.1,32.0
1787131968.2847242,0.089,-10.424,0.96,0.372,0.579,-0.861,-15.75,0.15,-103.95,32.0
1787131968.2847357,-0.069,-10.403,1.058,0.422,0.632,-0.934,-18.0,0.45,-103.2,32.0
1787131968.4903295,0.694,-8.339,1.674,0.777,0.828,-1.843,-24.45,-1.8,-100.8,60.0
1787131968.4903555,1.128,-7.891,1.81,0.851,0.85,-1.978,-28.05,-2.85,-99.9,60.0
1787131968.4903667,1.954,-7.219,2.514,0.941,0.85,-2.156,-31.05,-0.9,-99.45,60.0
1787131968.6949716,4.712,-3.812,5.432,1.339,0.892,-2.606,-40.05,1.35,-91.8,48.0
1787131968.6951437,5.109,-3.347,5.827,1.205,0.814,-2.537,-43.65,2.85,-91.05,29.0
1787131968.6951518,5.346,-3.031,6.026,1.02,0.847,-2.355,-43.65,2.85,-91.05,29.0
1787131968.9000888,8.818,-0.002,8.842,0.743,0.636,-1.599,-54.0,14.25,-80.85,65.0
1787131968.9001162,8.964,0.019,9.062,0.588,0.661,-1.248,-54.3,16.2,-79.8,65.0
1787131968.9001274,8.837,0.024,9.141,0.455,0.61,-1.006,-54.45,16.8,-78.45,65.0
1787131969.1032994,7.846,0.366,9.1,-0.228,0.07,0.564,-54.45,18.3,-76.35,56.0
1787131969.3099272,5.155,-3.56,7.003,-1.293,-1.339,2.431,-49.5,3.75,-85.65,41.0
1787131969.3099542,4.913,-3.967,6.778,-1.311,-1.328,2.456,-45.6,1.65,-88.35,41.0
1787131969.3099658,4.673,-4.396,6.527,-1.275,-1.238,2.368,-45.9,1.65,-89.1,50.0
1787131969.5151424,2.368,-6.165,3.168,-1.261,-1.058,2.005,-31.35,-0.9,-97.65,28.0
1787131969.5151675,1.736,-6.886,1.978,-1.287,-1.138,1.956,-29.25,-1.35,-99.45,28.0
1787131969.5151784,1.676,-7.456,1.281,-1.272,-1.086,1.978,-27.9,0.3,-101.1,28.0
1787131969.7204206,-0.826,-10.716,-0.512,-0.045,-0.486,0.798,-18.6,1.5,-104.85,45.0
1787131969.7204459,-0.771,-11.001,-0.51,0.072,-0.407,0.624,-16.5,-0.15,-104.25,45.0
1787131969.7204578,-0.761,-11.15,-0.278,0.144,-0.319,0.435,-16.65,-0.3,-104.1,45.0
1787131969.9252443,0.792,-10.41,1.322,0.134,0.176,-0.34,-16.35,-1.5,-102.6,24.0
1787131969.9252687,0.996,-10.42,1.142,0.029,0.313,-0.382,-16.95,-1.65,-104.25,24.0
1787131969.9252806,1.018,-10.47,1.053,0.07,0.426,-0.44,-16.35,-0.75,-103.35,53.0
1787131970.1307335,0.73,-9.773,1.056,0.429,0.657,-0.99,-21.3,-0.9,-100.95,54.0
1787131970.1307595,0.845,-9.479,1.279,0.536,0.611,-1.114,-22.05,-1.35,-100.5,54.0
1787131970.1307707,1.037,-9.122,1.547,0.623,0.599,-1.238,-24.45,-0.75,-99.6,54.0
1787131970.3356295,2.085,-7.367,3.266,0.901,0.783,-1.881,-32.4,-1.05,-97.5,26.0
1787131970.335655,2.674,-6.788,3.989,0.892,0.832,-2.024,-32.55,-2.4,-97.65,26.0
1787131970.335666,2.95,-6.606,4.245,0.886,0.808,-2.106,-34.35,-4.05,-95.85,26.0
1787131970.5402465,6.11,-2.914,6.227,0.891,0.838,-2.545,-47.1,5.85,-88.35,31.0
1787131970.5402718,6.007,-2.557,6.503,0.942,0.832,-2.487,-48.3,8.4,-86.7,31.0
1787131970.5402832,6.393,-1.863,6.651,0.863,0.765,-2.383,-48.9,9.0,-87.3,31.0
1787131970.7448275,8.983,-0.23,8.803,0.337,0.583,-0.821,-55.8,19.2,-79.05,54.0
1787131970.7448578,8.684,-0.199,8.93,0.278,0.551,-0.528,-54.75,22.35,-78.6,54.0
1787131970.9506173,7.479,-0.299,8.93,-0.603,-0.237,1.254,-55.5,16.95,-78.6,37.0
1787131970.9506426,7.032,-0.694,9.026,-0.684,-0.394,1.383,-56.25,16.5,-78.3,37.0
1787131970.950654,7.082,-0.634,8.935,-0.768,-0.57,1.455,-54.9,15.9,-77.7,53.0
1787131971.156096,5.2,-3.816,6.582,-1.246,-1.129,2.165,-47.7,4.5,-87.9,45.0
1787131971.1561208,4.908,-4.156,6.23,-1.221,-1.174,2.106,-44.25,2.7,-90.45,30.0
1787131971.1561325,4.281,-4.587,5.267,-1.179,-1.23,1.954,-44.25,2.25,-93.0,30.0
1787131971.3604596,2.607,-7.049,1.657,-0.649,-0.98,1.845,-30.6,0.15,-99.15,17.0
1787131971.3604853,2.15,-7.53,1.69,-0.484,-0.967,1.615,-29.4,0.0,-98.55,37.0
1787131971.3604965,1.537,-7.465,1.336,-0.322,-1.0,1.483,-28.8,1.35,-99.9,37.0
1787131971.5659962,1.008,-9.744,1.032,-0.047,-0.587,1.658,-19.65,-2.25,-102.6,43.0
1787131971.566022,0.34,-10.116,0.764,-0.024,-0.592,1.629,-15.45,-2.4,-103.5,43.0
1787131971.5660331,0.436,-10.379,0.745,-0.03,-0.593,1.397,-17.1,-1.05,-102.15,42.0
1787131971.7707613,0.685,-10.64,2.102,0.275,-0.153,-0.1,-12.45,-4.05,-102.45,49.0
1787131971.7707863,0.871,-10.817,2.306,0.218,-0.023,-0.086,-11.85,-3.75,-102.15,49.0
1787131971.7707977,0.673,-10.654,2.382,0.158,0.084,-0.023,-11.25,-3.6,-102.75,44.0
1787131971.9755464,0.029,-10.582,1.98,-0.013,0.357,-0.5,-13.2,-5.55,-103.5,33.0
1787131971.9755726,0.091,-10.472,1.906,-0.007,0.452,-0.581,-15.15,-3.75,-102.15,33.0
1787131971.975584,0.196,-10.46,1.939,0.005,0.482,-0.675,-14.1,-3.45,-102.9,33.0
1787131972.1814916,0.666,-8.677,1.937,0.218,0.698,-1.403,-21.0,-3.15,-100.5,31.0
1787131972.1815171,0.912,-8.645,2.121,0.33,0.766,-1.567,-24.3,-4.8,-100.95,31.0
1787131972.181528,1.109,-8.272,2.251,0.438,0.827,-1.712,-23.4,-3.45,-100.05,31.0
1787131972.3917944,4.432,-4.781,3.869,0.723,1.228,-2.137,-38.7,0.75,-94.5,26.0
1787131972.5913107,9.919,0.12,11.212,0.467,0.519,-0.837,-55.5,14.55,-78.6,67.0
1787131972.5913363,10.776,0.283,12.289,0.169,0.393,-0.371,-55.5,16.2,-79.8,67.0
1787131972.5913486,10.12,-0.323,11.641,-0.103,0.239,-0.071,-54.3,14.25,-76.5,67.0
1787131972.7958307,7.125,-1.386,9.041,-0.49,-0.559,0.832,-54.0,12.75,-79.05,53.0
1787131972.7958636,7.336,-1.468,9.141,-0.536,-0.725,0.921,-54.3,11.85,-78.6,53.0
1787131972.7958748,7.688,-1.475,9.088,-0.601,-0.828,1.059,-54.3,11.55,-79.8,53.0
1787131973.0017962,5.873,-3.51,6.28,-1.337,-1.137,2.215,-47.1,3.15,-89.85,32.0
1787131973.00182,5.559,-3.883,5.962,-1.27,-1.219,2.143,-43.35,0.9,-92.4,32.0
1787131973.001831,4.817,-3.998,5.413,-1.25,-1.286,2.131,-42.45,1.8,-93.0,32.0
1787131973.2062063,3.527,-7.118,2.014,-0.519,-1.126,1.71,-29.85,0.15,-101.25,42.0
1787131973.2062337,3.117,-7.64,1.82,-0.412,-1.119,1.711,-27.0,0.45,-100.2,42.0
1787131973.2062402,2.933,-8.049,1.796,-0.349,-1.071,1.735,-26.55,-1.65,-100.95,42.0
1787131973.4115868,-0.347,-10.353,0.891,-0.092,-0.665,1.029,-13.95,-2.1,-102.75,38.0
1787131973.4116125,-0.761,-10.427,0.797,-0.117,-0.449,0.88,-11.85,-0.3,-102.9,38.0
1787131973.4116235,-1.003,-10.408,0.634,-0.161,-0.275,0.778,-12.75,-0.9,-102.0,38.0
1787131973.6179073,-0.029,-10.8,0.594,0.072,0.055,-0.208,-11.55,-2.7,-103.65,29.0
1787131973.617933,0.704,-10.807,0.943,0.103,0.106,-0.303,-11.25,-38.25,-103.65,29.0
1787131973.617944,0.912,-10.714,1.132,0.164,0.228,-0.325,-10.8,-1.8,-103.65,35.0
1787131973.8211489,0.124,-10.063,0.91,0.16,0.601,-0.466,-15.9,-1.5,-104.1,53.0
1787131973.821174,-0.146,-10.094,0.725,0.186,0.699,-0.569,-15.75,-2.1,-102.75,53.0
1787131973.821185,-0.192,-10.07,0.721,0.288,0.793,-0.755,-17.25,-2.1,-102.45,35.0
1787131974.0241082,1.513,-7.626,3.156,1.006,0.946,-2.095,-29.25,-3.6,-96.45,67.0
1787131974.2310925,6.404,-2.03,7.535,0.889,0.959,-1.856,-48.9,2.4,-83.25,37.0
1787131974.2311177,6.433,-1.834,7.74,0.898,1.014,-1.745,-50.1,6.3,-81.75,37.0
1787131974.2311292,6.682,-1.793,8.004,0.935,0.988,-1.689,-51.6,7.05,-83.7,37.0
1787131974.4366739,8.37,-0.67,10.587,0.28,0.296,-0.081,-55.65,12.15,-74.85,41.0
1787131974.4366992,8.322,-0.733,10.87,0.158,0.25,0.127,-55.8,11.85,-76.05,41.0
1787131974.4367106,8.073,-0.761,10.953,0.043,0.183,0.343,-55.95,13.2,-74.4,41.0
1787131974.6416612,6.452,-2.263,9.409,-0.837,-0.737,1.237,-54.0,6.15,-76.5,56.0
1787131974.6416857,6.053,-2.547,9.146,-0.899,-0.841,1.332,-52.8,4.95,-79.05,56.0
1787131974.6416967,6.218,-2.787,8.792,-0.95,-0.942,1.372,-53.1,4.8,-81.0,56.0
1787131974.8462963,7.19,-3.893,6.926,-1.485,-1.453,1.855,-40.8,-0.15,-92.1,47.0
1787131974.8463209,6.227,-3.958,5.557,-1.553,-1.292,2.04,-40.35,-1.35,-92.85,47.0
1787131974.8463316,5.329,-4.001,4.75,-1.575,-1.191,2.241,-38.7,-0.75,-93.75,47.0
1787131975.0517862,1.329,-6.79,0.843,-0.566,-1.301,2.184,-21.15,-2.25,-101.85,30.0
1787131975.0518117,0.821,-7.312,0.587,-0.367,-1.266,2.095,-20.55,-1.65,-101.7,30.0
1787131975.051823,0.385,-7.961,0.366,-0.161,-1.262,1.958,-17.85,-1.8,-102.6,30.0
1787131975.25618,-2.94,-11.315,0.577,0.292,-0.208,0.461,-7.05,-1.5,-101.55,36.0
1787131975.256204,-2.813,-11.394,0.706,0.197,-0.09,0.287,-5.85,-0.75,-102.15,36.0
1787131975.256215,-2.43,-11.574,0.91,0.158,0.003,0.06,-5.55,-1.5,-103.65,36.0
1787131975.4621804,0.108,-10.465,1.721,0.084,0.448,-0.565,-8.55,-3.45,-103.35,63.0
1787131975.462218,-0.177,-10.264,1.65,0.063,0.474,-0.602,-10.8,-3.0,-102.6,63.0
1787131975.462225,-0.043,-10.108,1.52,0.045,0.527,-0.668,-9.6,-3.75,-101.85,63.0
1787131975.6642458,0.419,-9.074,1.774,0.412,0.972,-1.501,-19.5,-5.1,-101.7,44.0
1787131975.8715436,4.13,-3.735,5.83,1.165,1.087,-2.541,-41.1,-2.4,-89.55,43.0
1787131975.8715687,4.549,-3.139,6.084,1.173,0.983,-2.549,-42.9,-1.65,-89.55,43.0
1787131975.8715801,5.286,-2.916,6.543,1.178,0.897,-2.613,-45.45,0.3,-88.2,36.0
1787131976.0764008,9.598,-0.393,8.916,0.589,0.37,-1.331,-53.25,10.8,-81.6,46.0
1787131976.076426,9.725,-0.225,9.103,0.431,0.317,-1.025,-54.3,14.55,-80.55,46.0
1787131976.0764368,9.996,-0.347,9.136,0.219,0.271,-0.764,-54.0,14.55,-81.3,47.0
1787131976.281387,7.151,-1.528,8.095,-0.112,0.015,0.597,-54.9,14.85,-78.45,35.0
1787131976.2814105,6.744,-1.592,7.944,-0.119,0.034,0.618,-54.3,13.8,-79.35,35.0
1787131976.281422,6.5,-1.616,7.92,-0.127,-0.009,0.606,-54.9,12.15,-78.45,27.0
1787131976.4882665,7.657,-2.251,8.643,-0.621,-0.451,1.105,-53.25,8.1,-81.3,53.0
1787131976.4882905,7.707,-2.354,8.636,-0.681,-0.518,1.202,-51.9,9.0,-82.95,53.0
1787131976.4883013,7.606,-2.502,8.844,-0.723,-0.575,1.321,-50.55,6.9,-83.4,53.0
1787131976.6917841,5.124,-3.955,5.569,-1.502,-1.002,2.4,-40.05,0.9,-92.4,39.0
1787131976.6918085,4.204,-4.262,5.009,-1.437,-1.039,2.294,-39.45,0.0,-93.45,39.0
1787131976.6918201,3.395,-4.786,4.729,-1.297,-1.208,2.126,-38.1,-0.9,-95.85,39.0
1787131976.8969784,2.246,-6.74,2.174,-0.974,-1.147,2.074,-23.4,-1.5,-101.85,66.0
1787131976.8971748,2.011,-7.283,1.839,-0.952,-1.102,2.011,-23.1,-0.3,-101.55,66.0
1787131976.8971832,0.778,-7.597,1.097,-0.885,-1.074,1.954,-20.4,-0.3,-102.6,66.0
1787131977.1024258,-1.889,-10.511,-1.437,-0.27,-0.571,0.911,-9.45,3.6,-105.0,35.0
1787131977.102451,-2.468,-10.944,-1.52,-0.19,-0.512,0.676,-8.25,3.6,-104.25,35.0
1787131977.1024625,-2.176,-11.126,-1.554,-0.057,-0.417,0.465,-7.5,3.6,-103.2,35.0
1787131977.3053424,-0.168,-10.513,0.345,0.235,0.276,-0.306,-7.05,1.5,-103.65,21.0
1787131977.5117307,0.316,-9.665,1.211,0.458,0.877,-1.352,-17.7,-0.45,-103.2,50.0
1787131977.5117548,0.524,-9.249,1.355,0.493,0.958,-1.465,-18.9,-1.05,-102.6,35.0
1787131977.5117655,0.527,-9.222,1.496,0.55,0.984,-1.591,-19.8,-0.9,-102.0,35.0
1787131977.7169046,3.089,-5.152,3.551,1.239,1.147,-2.589,-32.7,-0.3,-96.75,44.0
1787131977.7169294,3.598,-4.657,4.029,1.384,1.222,-2.653,-34.8,-0.9,-95.4,34.0
1787131977.7169404,4.065,-4.18,4.7,1.527,1.233,-2.763,-37.8,0.45,-93.9,34.0
1787131977.9219477,5.083,-2.787,5.689,1.401,1.048,-2.799,-42.9,0.15,-92.4,34.0
1787131977.921971,5.928,-2.5,6.431,1.261,1.0,-2.738,-43.95,2.25,-92.25,34.0
1787131977.921982,6.606,-2.437,7.051,1.236,0.995,-2.607,-45.75,2.25,-89.7,38.0
1787131978.1271975,8.665,-0.998,9.019,-0.096,0.105,0.369,-54.75,15.0,-80.1,46.0
1787131978.1272223,8.507,-1.233,8.715,-0.145,0.04,0.513,-54.75,13.05,-78.6,71.0
1787131978.1272333,7.815,-1.228,8.571,-0.205,-0.023,0.654,-54.3,14.55,-78.3,71.0
1787131978.3319068,7.314,-2.492,8.662,-0.894,-0.686,1.827,-50.4,5.55,-84.0,42.0
1787131978.332079,7.23,-2.456,8.873,-0.94,-0.94,1.88,-51.0,5.4,-84.15,49.0
1787131978.3320866,7.274,-2.43,8.861,-1.092,-1.151,1.993,-47.7,3.75,-85.65,49.0
1787131978.5375776,3.582,-4.432,4.956,-1.445,-1.23,2.451,-38.7,-2.7,-93.45,27.0
1787131978.5376022,3.242,-4.755,4.41,-1.444,-1.197,2.371,-35.55,-2.85,-96.15,27.0
1787131978.537613,2.662,-5.035,3.804,-1.418,-1.143,2.258,-34.65,-1.5,-96.75,27.0
1787131978.7421985,1.484,-8.571,0.697,-0.716,-0.989,1.695,-20.25,-1.35,-103.2,35.0
1787131978.7422235,1.281,-8.902,0.39,-0.608,-0.934,1.684,-20.4,-0.3,-101.55,35.0
1787131978.742235,0.905,-9.105,0.34,-0.474,-0.97,1.646,-17.1,0.3,-103.35,35.0
1787131978.9471545,-2.1,-10.985,0.151,0.213,-0.24,0.353,-8.1,-0.3,-102.9,38.0
1787131978.9471924,-1.81,-10.927,0.678,0.282,-0.056,-0.01,-6.6,-0.3,-104.85,39.0
1787131979.152703,-1.087,-10.637,1.142,0.079,0.512,-0.549,-10.95,-0.45,-103.95,28.0
1787131979.1527297,-1.106,-10.465,1.056,0.111,0.515,-0.675,-11.7,-1.35,-103.2,28.0
1787131979.1527414,-1.001,-10.295,1.015,0.137,0.535,-0.814,-12.0,-2.1,-103.5,28.0
1787131979.3575027,0.414,-8.226,1.803,0.558,0.89,-2.205,-22.5,-2.85,-100.95,35.0
1787131979.357528,0.915,-7.774,1.781,0.59,0.932,-2.223,-23.4,-2.25,-100.35,35.0
1787131979.3575394,1.451,-7.417,1.978,0.665,0.993,-2.247,-27.15,-1.5,-100.05,35.0
1787131979.5628364,5.389,-3.785,4.956,1.248,1.196,-2.486,-40.35,0.45,-91.8,30.0
1787131979.5628736,5.574,-3.326,5.318,1.203,1.258,-2.344,-43.2,2.7,-90.75,30.0
1787131979.5628846,5.368,-2.78,5.933,1.205,1.298,-2.293,-46.2,2.7,-91.2,30.0
1787131979.7674265,8.325,-1.269,9.716,0.55,0.79,-1.264,-54.45,11.7,-81.0,72.0
1787131979.767451,8.504,-1.305,9.768,0.365,0.695,-1.007,-55.2,12.15,-80.7,72.0
1787131979.7674625,8.698,-1.398,9.867,0.209,0.634,-0.75,-54.45,11.4,-80.4,72.0
1787131979.9725432,5.823,-2.392,7.788,-0.055,0.129,0.128,-56.4,14.1,-75.9,65.0
1787131979.9725692,5.464,-2.409,7.647,-0.007,0.095,0.123,-55.5,15.0,-76.05,65.0
1787131979.9725802,5.49,-2.428,7.494,0.035,0.07,0.12,-55.8,15.0,-75.3,65.0
1787131980.1781268,5.021,-2.428,7.891,0.057,0.072,0.013,-55.8,13.05,-75.3,20.0
1787131980.1781702,5.365,-2.421,7.975,0.042,0.048,0.019,-56.4,13.2,-75.9,20.0
1787131980.1781764,5.389,-2.337,7.927,0.013,0.088,0.027,-56.4,13.65,-75.9,20.0
1787131980.3824017,5.365,-2.351,8.282,0.013,0.029,0.044,-55.5,12.75,-73.95,31.0
1787131980.3824267,5.344,-2.258,8.432,-0.016,-0.049,0.019,-55.5,14.55,-74.55,31.0
1787131980.3824382,5.49,-2.404,8.662,-0.07,-0.134,0.044,-55.8,12.75,-74.55,31.0
1787131980.5877013,7.999,-1.992,9.661,-0.539,-0.61,0.792,-55.65,10.2,-78.45,33.0
1787131980.7924874,3.127,-4.254,5.195,-1.261,-1.15,2.482,-39.75,-1.8,-94.2,26.0
1787131980.7925115,2.471,-4.762,4.693,-1.229,-1.171,2.49,-36.75,-3.45,-94.2,26.0
1787131980.7925224,2.459,-5.315,4.228,-1.194,-1.139,2.438,-35.1,-3.6,-95.85,26.0
1787131980.9978116,-0.089,-8.856,0.735,-0.316,-0.942,1.818,-17.85,-3.45,-102.6,57.0
1787131980.9978366,-0.35,-9.424,0.678,-0.197,-0.84,1.498,-15.15,-3.45,-101.1,57.0
1787131980.9978476,-0.814,-9.783,0.67,-0.067,-0.679,1.317,-15.75,-4.8,-103.5,57.0
1787131981.2031417,-1.796,-10.86,1.812,0.084,-0.122,0.131,-11.1,-4.5,-101.85,50.0
1787131981.2031705,-1.556,-10.953,1.832,0.109,-0.03,-0.05,-8.85,-5.4,-102.6,50.0
1787131981.203182,-1.47,-10.724,1.908,0.162,0.021,-0.112,-10.95,-4.05,-100.95,50.0
1787131981.4080627,0.464,-9.943,2.588,-0.004,0.339,-0.325,-12.0,-5.1,-102.45,30.0
1787131981.4080882,0.294,-9.998,2.454,-0.038,0.371,-0.32,-12.75,-4.35,-102.0,30.0
1787131981.4081,0.029,-10.065,2.294,-0.058,0.415,-0.341,-12.15,-4.2,-101.85,30.0
1787131981.613091,-0.18,-9.673,2.638,0.368,0.502,-1.571,-21.0,-5.55,-99.9,35.0
1787131981.6131167,0.335,-9.419,2.753,0.383,0.517,-1.669,-20.25,-5.55,-99.9,35.0
1787131981.613192,0.778,-9.088,2.804,0.39,0.54,-1.708,-21.9,-3.75,-99.3,35.0
1787131981.8178236,2.409,-6.548,3.376,0.564,0.793,-1.977,-31.65,-4.5,-98.1,22.0
1787131981.817849,2.749,-6.373,3.634,0.616,0.857,-2.019,-31.65,-3.0,-96.0,22.0
1787131981.817872,2.66,-5.777,3.9,0.698,0.828,-2.189,-36.3,-3.15,-96.9,22.0
1787131982.0227244,6.802,-2.746,7.022,0.635,1.018,-2.233,-50.25,6.15,-87.9,49.0
1787131982.0227485,6.711,-2.389,7.168,0.583,0.907,-2.015,-49.8,8.1,-87.45,49.0
1787131982.0227594,7.329,-2.354,6.869,0.56,0.879,-1.834,-51.3,8.85,-86.1,49.0
1787131982.225824,8.44,-1.518,8.61,0.603,0.224,-1.02,-54.9,15.6,-81.0,46.0
1787131982.433496,8.083,-0.675,9.495,-0.587,-0.365,1.272,-55.05,11.85,-80.55,46.0
1787131982.4335241,8.128,-0.723,9.598,-0.717,-0.559,1.437,-54.15,10.5,-80.7,47.0
1787131982.4335356,8.454,-0.998,9.481,-0.904,-0.776,1.614,-52.65,10.2,-81.45,47.0
1787131982.6379056,5.021,-3.038,6.618,-1.308,-1.2,2.688,-45.45,0.3,-90.45,52.0
1787131982.637935,4.456,-3.474,6.179,-1.351,-1.194,2.684,-41.55,-0.9,-91.35,52.0
1787131982.6379457,3.44,-3.926,5.409,-1.357,-1.149,2.705,-42.0,0.3,-93.75,56.0
1787131982.8429232,0.941,-7.374,1.863,-0.622,-1.124,2.02,-26.25,-3.15,-99.9,21.0
1787131982.842949,0.814,-7.908,1.69,-0.424,-1.189,1.973,-23.85,-2.7,-100.8,21.0
1787131982.8429596,0.795,-8.353,1.492,-0.273,-1.197,1.91,-20.4,-3.45,-101.1,61.0
1787131983.0480895,-1.975,-10.695,1.109,0.184,-0.486,0.852,-10.35,-4.2,-101.55,64.0
1787131983.0481133,-2.047,-10.817,1.326,0.214,-0.37,0.647,-10.35,-4.2,-101.55,64.0
1787131983.0481243,-2.27,-10.839,1.341,0.218,-0.253,0.442,-7.95,-3.15,-102.75,37.0
1787131983.2536402,-0.196,-10.506,2.315,0.07,0.438,-0.557,-8.85,-4.5,-101.85,38.0
1787131983.2536662,-0.132,-10.398,2.437,0.053,0.467,-0.615,-10.5,-5.55,-100.5,38.0
1787131983.2536771,-0.206,-10.367,2.492,0.029,0.488,-0.674,-10.8,-5.4,-101.55,25.0
1787131983.4581747,0.517,-9.821,2.739,-0.035,0.666,-1.039,-16.2,-6.3,-101.25,38.0
1787131983.4581993,0.551,-9.708,2.67,-0.007,0.694,-1.126,-17.85,-5.7,-101.1,38.0
1787131983.4582107,0.304,-9.476,2.557,0.065,0.68,-1.238,-19.05,-4.8,-100.2,38.0
1787131983.6631024,3.208,-6.342,3.481,0.604,0.718,-2.315,-31.05,-2.4,-97.65,21.0
1787131983.6631255,3.577,-6.065,3.73,0.49,0.71,-2.197,-33.6,-2.4,-97.2,21.0
1787131983.6631362,4.307,-5.964,3.785,0.494,0.801,-2.11,-35.1,-0.45,-96.45,21.0
1787131983.866359,6.148,-2.737,5.83,0.761,0.545,-1.854,-45.15,2.85,-91.8,38.0
1787131984.0735064,8.978,-1.439,8.6,-0.006,0.205,-0.098,-53.4,14.4,-82.95,64.0
1787131984.0735319,9.036,-1.408,8.497,-0.113,0.167,0.065,-55.05,14.25,-83.1,64.0
1787131984.073543,8.945,-1.381,8.444,-0.198,0.164,0.253,-53.7,15.15,-81.75,64.0
1787131984.2787206,8.468,-1.439,8.382,-0.372,0.002,0.553,-54.3,13.05,-84.15,64.0
1787131984.2787457,8.495,-1.494,8.322,-0.443,-0.096,0.663,-53.7,13.65,-82.95,62.0
1787131984.2787569,8.593,-1.568,8.162,-0.509,-0.17,0.778,-53.25,12.75,-84.6,62.0
1787131984.483868,3.488,-5.08,4.29,-0.834,-1.11,2.469,-37.2,-1.8,-94.5,60.0
1787131984.4838924,3.266,-5.473,3.941,-0.759,-1.123,2.383,-37.2,-1.8,-94.5,60.0
1787131984.4839034,3.014,-6.065,3.689,-0.694,-1.092,2.301,-33.6,-2.1,-96.9,60.0
1787131984.689123,0.302,-8.871,2.205,-0.159,-0.942,2.212,-20.4,-5.4,-100.05,29.0
1787131984.689158,-0.144,-8.76,2.21,-0.288,-1.008,2.168,-18.0,-4.8,-100.95,29.0
1787131984.6891644,0.055,-9.127,2.459,-0.375,-0.97,1.979,-15.6,-4.95,-101.1,29.0
1787131984.89347,-2.059,-10.568,1.879,0.119,-0.123,0.28,-8.25,-5.1,-102.45,60.0
1787131984.8934941,-2.016,-10.556,1.906,0.097,-0.151,0.048,-8.1,-5.4,-101.85,60.0
1787131985.0985408,0.266,-10.027,2.796,-0.052,0.142,-0.292,-9.3,-5.4,-101.1,65.0
1787131985.098565,0.539,-9.843,2.741,-0.058,0.209,-0.285,-9.3,-4.2,-101.1,65.0
1787131985.098576,0.402,-9.869,2.674,-0.085,0.242,-0.258,-9.0,-5.85,-102.0,59.0
1787131985.3040571,-0.843,-10.099,2.392,0.047,0.474,-0.802,-12.6,-3.45,-101.85,51.0
1787131985.304083,-0.737,-9.809,2.55,0.088,0.51,-0.918,-13.35,-4.95,-101.85,51.0
1787131985.3040943,-0.666,-9.622,2.646,0.113,0.54,-1.059,-15.45,-4.8,-100.2,31.0
1787131985.5071032,1.657,-7.867,2.751,0.48,0.861,-2.205,-25.65,-4.5,-100.35,30.0
1787131985.7141557,7.276,-1.757,6.764,1.454,1.424,-2.314,-49.5,4.5,-85.65,52.0
1787131985.7141814,7.07,-1.211,7.513,1.145,1.166,-1.846,-50.4,5.1,-84.0,52.0
1787131985.714193,8.246,-1.094,8.641,0.909,0.97,-1.532,-52.05,6.15,-82.65,52.0
1787131985.918571,5.959,-1.477,9.328,0.243,0.334,-0.335,-55.65,11.7,-75.9,69.0
1787131985.9185948,5.851,-1.614,9.11,0.204,0.194,-0.239,-54.9,12.15,-74.1,69.0
1787131985.9186058,5.916,-1.47,8.935,0.165,0.111,-0.266,-56.7,12.15,-73.65,69.0
1787131986.1240697,6.541,-0.627,9.414,-0.209,0.13,0.28,-56.25,14.25,-74.55,44.0
1787131986.1241028,6.393,-0.611,9.699,-0.264,-0.152,0.364,-57.3,12.75,-75.0,44.0
1787131986.1241093,6.826,-0.51,9.582,-0.375,-0.4,0.514,-56.25,13.05,-75.0,44.0
1787131986.3290606,7.412,-2.243,9.369,-0.858,-1.237,1.854,-52.35,5.1,-82.2,56.0
1787131986.3291204,7.525,-2.425,9.4,-0.894,-1.352,1.951,-51.0,2.7,-84.15,56.0
1787131986.3291292,7.424,-2.622,9.213,-1.028,-1.436,2.137,-48.6,2.1,-86.25,56.0
1787131986.5339541,1.556,-4.999,3.326,-1.389,-1.288,2.837,-30.6,-5.1,-96.15,36.0
1787131986.5339818,0.785,-5.358,2.583,-1.329,-1.28,2.728,-29.55,-4.8,-97.65,36.0
1787131986.5339937,0.845,-6.036,2.174,-1.213,-1.29,2.417,-25.65,-4.95,-100.05,36.0
1787131986.7396753,-0.354,-8.799,-0.249,-0.141,-0.779,1.58,-15.45,-1.35,-103.2,38.0
1787131986.7397008,-0.476,-9.136,-0.28,0.09,-0.72,1.33,-13.95,-2.1,-102.0,21.0
1787131986.739712,-0.673,-9.5,-0.232,0.231,-0.639,1.08,-14.7,-2.1,-102.75,21.0
1787131986.9444728,-0.038,-10.764,2.538,0.331,0.024,-0.134,-10.05,-4.5,-103.65,35.0
1787131986.9444993,0.122,-10.736,2.765,0.217,0.096,-0.193,-9.6,-4.95,-101.55,38.0
1787131986.9445102,0.357,-10.724,2.919,0.146,0.164,-0.231,-10.05,-4.2,-101.85,38.0
1787131987.1475456,0.376,-9.907,2.191,-0.07,0.388,-0.579,-13.5,-4.35,-100.5,30.0
1787131987.3544366,2.198,-7.774,2.636,0.533,0.52,-1.971,-24.45,-5.4,-98.1,28.0
1787131987.3544629,2.523,-7.479,2.825,0.634,0.587,-2.133,-25.8,-6.3,-98.4,28.0
1787131987.3544738,2.727,-6.814,2.804,0.634,0.656,-2.238,-30.15,-4.2,-97.5,28.0
1787131987.558998,5.346,-2.543,6.601,0.99,1.387,-2.747,-44.1,2.4,-90.3,24.0
1787131987.559156,5.655,-1.81,6.9,0.815,1.252,-2.676,-48.9,3.6,-87.3,24.0
1787131987.5591679,5.986,-1.537,7.312,0.607,1.086,-2.526,-48.9,6.3,-85.5,43.0
1787131987.7646406,9.764,-0.448,9.668,0.067,0.575,-0.889,-54.9,14.1,-80.7,45.0
1787131987.7646658,10.036,-0.666,9.797,0.019,0.617,-0.681,-55.2,14.4,-78.9,45.0
1787131987.7646766,8.82,-0.611,9.481,0.012,0.488,-0.492,-55.8,15.45,-78.6,45.0
1787131987.9698505,6.9,-0.996,7.568,-0.167,-0.241,0.524,-55.95,15.6,-78.15,50.0
1787131987.9698846,7.254,-1.094,7.654,-0.163,-0.269,0.57,-55.8,14.55,-79.35,50.0
1787131987.9698956,7.269,-1.07,7.815,-0.162,-0.279,0.705,-54.75,14.25,-77.55,50.0
1787131988.1744745,7.36,-2.744,8.107,-0.801,-0.696,1.987,-50.85,7.8,-85.8,49.0
1787131988.1745024,7.326,-2.988,8.064,-0.874,-0.544,2.122,-52.05,6.9,-86.1,49.0
1787131988.1745133,6.795,-3.335,7.946,-0.957,-0.42,2.278,-51.15,3.6,-85.5,49.0
1787131988.3791149,3.979,-5.456,4.906,-1.149,-1.166,1.658,-42.9,-1.35,-93.6,38.0
1787131988.3791387,3.754,-5.416,4.372,-1.132,-1.126,1.663,-40.2,-1.5,-93.45,38.0
1787131988.3791497,3.893,-5.883,3.862,-1.119,-1.029,1.655,-39.3,-1.65,-94.65,38.0
1787131988.5847297,0.28,-8.49,1.257,-0.787,-0.132,2.025,-27.9,-1.5,-99.6,20.0
1787131988.5847552,0.661,-9.768,1.516,-0.683,-0.457,1.793,-28.5,-1.35,-101.25,20.0
1787131988.5847673,2.804,-14.425,-0.529,-0.603,-0.54,1.215,-27.15,-0.75,-100.05,20.0
1787131988.7890282,-0.364,-10.089,1.781,0.163,-0.297,0.321,-20.1,-2.25,-101.1,104.0
1787131988.7890608,0.134,-10.166,1.863,0.128,-0.144,0.184,-19.8,-1.35,-101.25,104.0
1787131988.9945335,-0.496,-11.04,1.901,0.019,0.312,-0.284,-19.5,-3.15,-102.0,19.0
1787131988.9945586,-0.658,-10.858,1.891,0.056,0.359,-0.385,-19.8,-3.15,-101.7,123.0
1787131988.9945698,-0.795,-10.336,1.863,0.061,0.394,-0.504,-20.85,-3.0,-100.8,123.0
1787131989.199741,0.965,-8.739,2.198,0.482,0.503,-1.709,-27.9,-3.0,-100.05,20.0
1787131989.199836,1.046,-8.605,2.416,0.584,0.542,-1.837,-28.95,-1.8,-99.3,35.0
1787131989.199848,1.25,-8.274,2.449,0.694,0.579,-1.965,-28.65,-3.0,-98.55,35.0
1787131989.4045122,3.831,-4.041,4.094,1.349,1.159,-2.871,-43.2,1.05,-90.45,37.0
1787131989.4045362,4.221,-3.402,4.805,1.187,1.108,-2.677,-46.35,2.1,-89.85,52.0
1787131989.404547,5.207,-3.61,5.382,1.07,1.072,-2.485,-46.35,3.6,-87.3,52.0
1787131989.609506,6.642,-1.178,8.26,1.063,0.912,-1.597,-54.15,12.15,-80.4,39.0
1787131989.6095304,6.68,-1.621,9.155,0.896,0.844,-1.429,-55.65,13.65,-79.65,40.0
1787131989.6095417,7.633,-0.9,9.163,0.782,0.858,-1.264,-56.25,16.2,-78.3,40.0
1787131989.8150845,8.418,-0.316,11.375,-0.209,0.228,0.017,-58.05,19.2,-72.45,57.0
1787131989.8151112,7.863,-0.158,10.855,-0.469,0.109,0.35,-57.3,17.7,-72.45,57.0
1787131989.815122,7.386,-0.302,10.635,-0.618,-0.027,0.518,-57.9,19.5,-73.35,42.0
1787131990.02024,7.187,-1.058,9.354,-1.067,-0.947,1.552,-55.8,12.3,-76.8,44.0
1787131990.0202599,7.151,-1.444,9.285,-1.139,-1.053,1.702,-55.05,13.5,-78.6,44.0
1787131990.0202663,7.302,-1.64,8.938,-1.217,-1.077,1.876,-54.45,11.4,-81.45,43.0
1787131990.2246475,3.68,-4.652,4.973,-1.752,-1.191,2.752,-43.35,0.9,-93.15,28.0
1787131990.2246711,3.089,-5.334,4.053,-1.697,-1.101,2.696,-41.1,0.15,-93.15,28.0
1787131990.224682,2.356,-5.495,3.527,-1.595,-1.138,2.535,-38.85,0.45,-95.85,37.0
1787131990.4291477,-1.575,-8.349,0.498,-0.711,-0.773,1.951,-25.2,0.3,-102.6,31.0
1787131990.6347573,-0.445,-10.597,0.627,0.056,-0.065,-0.217,-14.7,1.35,-103.5,30.0
1787131990.6347818,-0.433,-10.444,0.692,0.029,0.076,-0.231,-11.85,1.5,-104.4,30.0
1787131990.6347933,-0.405,-10.362,0.761,-0.009,0.096,-0.22,-13.5,0.9,-103.5,30.0
1787131990.8403487,-0.441,-10.218,0.905,0.233,0.515,-0.3,-16.35,0.0,-104.4,37.0
1787131990.8403742,-0.622,-10.233,0.965,0.268,0.511,-0.375,-16.5,0.45,-104.25,37.0
1787131990.8403857,-0.735,-10.175,0.967,0.25,0.495,-0.424,-17.4,-0.3,-102.9,37.0
1787131991.0447369,-0.067,-9.206,1.827,0.662,0.618,-1.576,-24.15,-2.7,-100.8,34.0
1787131991.0447614,0.321,-8.973,1.918,0.716,0.678,-1.654,-26.25,-1.65,-100.95,34.0
1787131991.0447726,0.922,-8.519,2.21,0.791,0.788,-1.715,-26.55,-0.9,-100.5,34.0
1787131991.2498758,3.627,-5.792,4.113,1.738,1.159,-2.939,-41.25,-1.8,-93.0,41.0
1787131991.249923,3.275,-4.764,4.329,1.722,1.165,-2.777,-42.9,-2.1,-91.05,41.0
1787131991.249935,3.117,-3.91,4.741,1.628,1.109,-2.584,-44.7,-0.3,-89.4,41.0
1787131991.4555016,7.429,-0.393,9.342,0.841,0.525,-1.779,-54.9,10.2,-79.2,46.0
1787131991.455527,7.836,-0.409,9.639,0.701,0.478,-1.617,-54.0,11.1,-79.05,46.0
1787131991.4555383,8.26,-0.462,10.254,0.629,0.374,-1.46,-55.95,13.2,-79.2,46.0
1787131991.659898,8.174,-0.46,9.182,-0.297,0.309,0.293,-56.7,18.3,-75.9,50.0
1787131991.6599226,8.102,-0.318,8.985,-0.362,0.168,0.441,-57.9,17.55,-76.35,45.0
1787131991.6599348,7.487,-1.214,8.538,-0.431,0.023,0.646,-56.55,16.95,-76.8,45.0
1787131991.8649359,7.063,-1.767,9.148,-1.059,-0.765,2.122,-54.75,7.65,-82.05,41.0
1787131991.8649666,6.651,-1.86,8.906,-1.223,-0.874,2.263,-53.55,6.45,-83.1,44.0
1787131991.8649776,6.419,-2.442,8.562,-1.362,-0.95,2.381,-52.05,5.7,-84.15,44.0
1787131992.0681562,3.517,-5.16,5.93,-1.773,-1.316,2.276,-39.0,-0.9,-92.4,42.0
1787131992.275005,-0.632,-9.835,-0.74,-0.011,-0.407,0.694,-19.8,1.65,-103.2,35.0
1787131992.275035,-0.96,-10.053,-0.69,0.074,-0.246,0.492,-18.0,0.15,-103.5,35.0
1787131992.2750485,-1.039,-10.412,-0.711,0.168,-0.097,0.279,-18.0,0.15,-105.75,35.0
1787131992.4801545,2.485,-10.034,2.112,0.16,0.115,-0.418,-21.0,-1.35,-103.2,28.0
1787131992.4801795,2.933,-9.857,2.354,0.066,0.113,-0.378,-19.5,-2.4,-103.2,28.0
1787131992.480191,3.223,-9.828,2.442,-0.012,0.176,-0.286,-19.5,-1.35,-103.2,28.0
1787131992.685826,1.525,-9.761,1.3,0.019,0.357,-0.197,-22.35,-0.3,-102.9,31.0
1787131992.6858625,1.463,-9.855,1.099,0.093,0.399,-0.281,-22.05,0.15,-102.0,31.0
1787131992.6858768,1.255,-9.89,0.989,0.168,0.46,-0.38,-21.9,0.0,-101.55,31.0
1787131992.890339,1.372,-7.999,2.143,1.048,0.747,-1.636,-30.6,-2.4,-98.4,39.0
1787131992.890364,1.396,-7.587,2.526,1.108,0.682,-1.8,-31.2,-3.0,-99.3,39.0
1787131992.8903747,1.817,-7.343,2.978,1.188,0.675,-2.025,-33.3,-2.4,-97.65,39.0
1787131993.0957098,5.126,-3.572,5.854,1.122,1.007,-2.622,-45.0,0.75,-88.95,31.0
1787131993.0957363,5.854,-2.337,6.759,0.857,0.992,-2.496,-48.3,2.25,-86.7,31.0
1787131993.0957472,5.981,-1.951,7.077,0.747,1.055,-2.321,-48.0,4.5,-87.45,31.0
1787131993.3007808,7.314,-0.086,9.06,0.791,0.677,-1.615,-55.5,12.3,-80.55,32.0
1787131993.3008068,7.865,0.086,9.103,0.732,0.693,-1.431,-55.95,14.4,-78.15,36.0
1787131993.300818,8.459,0.113,9.481,0.628,0.727,-1.215,-57.45,15.6,-78.45,36.0
1787131993.5058415,8.499,-0.275,10.216,-0.46,-0.189,1.115,-57.75,16.5,-75.3,28.0
1787131993.5058758,7.853,-0.283,10.463,-0.544,-0.382,1.241,-57.45,15.9,-76.35,28.0
1787131993.5058868,7.412,-0.208,10.719,-0.683,-0.735,1.335,-57.45,15.9,-76.35,28.0
1787131993.7101161,6.328,-2.215,7.745,-1.63,-1.823,2.625,-49.5,2.25,-88.65,33.0
1787131993.9155908,-0.68,-8.837,0.22,-0.724,-0.958,2.046,-21.15,1.8,-103.35,37.0
1787131993.9156172,-1.817,-9.39,-0.146,-0.475,-1.057,1.637,-18.3,0.45,-103.2,37.0
1787131993.9156291,-2.203,-9.45,-0.644,-0.36,-1.164,1.425,-16.2,2.1,-104.25,41.0
1787131994.1206374,-1.173,-10.963,-0.352,0.106,0.009,-0.263,-10.5,0.9,-103.5,33.0
1787131994.1206622,-0.67,-10.901,0.029,0.143,0.062,-0.406,-11.85,2.25,-104.4,33.0
1787131994.1206741,0.031,-10.75,0.285,0.163,0.139,-0.486,-12.15,0.3,-104.4,31.0
1787131994.3254502,1.432,-9.242,0.646,0.11,0.695,-0.417,-14.85,1.8,-102.6,42.0
1787131994.3254762,1.07,-8.818,0.663,0.177,0.761,-0.467,-16.35,1.5,-103.65,42.0
1787131994.325487,1.018,-8.612,0.599,0.304,0.758,-0.511,-16.5,0.15,-103.5,35.0
1787131994.5303283,2.71,-8.207,2.744,0.888,0.584,-0.644,-25.2,-2.7,-99.3,40.0
1787131994.530353,3.213,-8.581,3.359,0.894,0.555,-0.552,-24.45,-2.7,-99.6,40.0
1787131994.5303638,3.661,-8.717,3.795,0.919,0.638,-0.434,-27.0,-3.6,-99.15,44.0
1787131994.735499,3.366,-8.765,5.667,0.339,0.44,-0.145,-32.55,-5.85,-96.15,45.0
1787131994.7355237,3.831,-8.734,5.492,0.214,0.36,-0.14,-31.65,-6.9,-96.0,45.0
1787131994.7355347,3.879,-8.655,5.444,0.103,0.551,0.013,-32.85,-5.1,-97.95,45.0
1787131994.9402113,2.88,-8.358,5.076,0.238,0.184,0.152,-35.4,-7.2,-93.0,42.0
1787131994.940236,3.122,-8.368,5.183,0.306,0.211,0.197,-35.4,-7.2,-94.8,42.0
1787131994.9402468,2.938,-8.408,5.219,0.354,0.254,0.253,-34.8,-8.25,-95.85,42.0
1787131995.145178,1.82,-8.686,5.954,0.21,-0.138,0.426,-34.2,-10.8,-91.95,60.0
1787131995.1452034,1.453,-8.643,6.067,0.163,-0.08,0.435,-32.55,-11.4,-93.9,60.0
1787131995.145215,1.065,-8.607,6.153,0.084,-0.126,0.402,-33.45,-11.1,-93.45,60.0
1787131995.3475592,1.427,-9.345,5.715,-0.028,-0.497,0.015,-30.15,-12.75,-94.2,20.0
1787131995.5547264,1.317,-8.344,4.417,-0.267,-0.292,0.243,-22.8,-12.9,-95.85,33.0
1787131995.554751,1.496,-8.856,4.343,-0.308,-0.232,0.198,-22.35,-12.3,-97.05,33.0
1787131995.554762,1.245,-9.476,4.424,-0.291,-0.243,0.202,-23.25,-12.9,-97.65,33.0
1787131995.7590415,0.819,-9.019,4.894,-0.123,-0.385,0.068,-20.4,-11.85,-98.55,44.0
1787131995.7590797,0.836,-8.835,4.93,-0.162,-0.422,0.049,-19.5,-11.7,-97.95,38.0
1787131995.7590864,1.123,-8.839,4.963,-0.204,-0.455,0.003,-20.25,-12.15,-97.2,38.0
1787131995.9643621,2.677,-9.881,3.797,-0.264,-0.602,-0.203,-16.65,-10.35,-100.35,29.0
1787131995.9643877,2.732,-10.029,3.682,-0.265,-0.573,-0.193,-15.6,-10.35,-99.3,31.0
1787131995.9643984,2.624,-9.962,3.5,-0.29,-0.543,-0.231,-17.25,-10.2,-99.45,31.0
1787131996.1691864,2.682,-9.574,2.866,-0.949,-0.361,-0.138,-14.4,-5.7,-102.6,30.0
1787131996.1692116,2.808,-9.218,2.409,-1.089,-0.189,-0.034,-14.25,-4.8,-102.75,51.0
1787131996.1692228,3.184,-8.665,2.078,-1.236,0.035,-0.002,-13.95,-5.55,-102.75,51.0
1787131996.3739357,3.062,-8.514,1.353,-0.677,0.529,0.743,-15.9,2.7,-105.15,45.0
1787131996.373961,2.198,-8.43,1.056,-0.316,0.195,0.67,-16.35,2.7,-105.9,79.0
1787131996.3739724,2.028,-8.835,0.534,-0.159,0.062,0.517,-14.7,3.15,-105.0,79.0
1787131996.5794318,1.573,-10.01,-0.493,0.015,-0.093,-0.514,-15.75,5.55,-105.3,97.0
1787131996.5795255,2.195,-11.176,-0.321,0.495,-0.029,-0.494,-16.2,5.1,-104.55,97.0
1787131996.5795379,2.986,-10.254,-0.431,0.707,0.012,-0.478,-15.6,4.95,-104.85,97.0
1787131996.783593,2.433,-10.06,1.19,0.49,0.149,-0.004,-14.85,0.0,-103.35,103.0
1787131996.7836192,2.571,-9.742,1.386,0.461,0.196,-0.137,-14.4,-0.3,-101.1,103.0
1787131996.7836304,2.483,-9.44,1.36,0.376,0.296,-0.12,-15.6,1.05,-103.65,113.0
1787131996.9856355,2.042,-9.498,2.433,0.097,0.217,0.067,-16.65,-3.45,-102.6,150.0
1787131997.1929264,1.937,-9.282,2.301,-0.063,0.009,-0.006,-17.1,-3.0,-102.15,91.0
1787131997.1929514,1.846,-9.297,2.277,-0.044,0.038,-0.03,-17.25,-2.1,-102.45,91.0
1787131997.192963,1.695,-9.096,2.145,-0.038,0.04,-0.049,-16.95,-3.6,-101.7,91.0
1787131997.3979144,2.016,-9.704,1.856,-0.01,0.26,-0.064,-17.85,-2.25,-101.55,91.0
1787131997.3979402,1.906,-9.711,1.765,-0.037,0.263,-0.131,-18.15,-3.75,-102.15,91.0
1787131997.3979516,1.942,-9.881,1.717,-0.053,0.239,-0.195,-18.75,-1.65,-102.45,91.0
1787131997.6002984,2.602,-9.677,2.564,-0.03,0.195,-0.065,-21.9,-1.8,-102.9,81.0
1787131997.6041412,2.538,-9.498,2.509,-0.062,0.23,-0.031,-21.15,-3.0,-102.6,81.0
1787131997.6041648,2.375,-9.28,2.373,-0.085,0.24,-0.037,-21.9,-3.75,-102.6,81.0
1787131997.8069193,2.512,-9.364,2.279,0.179,0.285,-0.087,-24.45,-3.0,-103.35,62.0
1787131997.8069446,2.521,-9.409,2.387,0.22,0.291,-0.089,-24.3,-3.6,-100.2,62.0
1787131997.8069558,2.579,-9.419,2.521,0.252,0.288,-0.088,-23.25,-2.85,-102.0,62.0
1787131998.0118163,2.394,-9.141,3.56,0.045,0.137,-0.005,-27.15,-6.15,-101.55,62.0
1787131998.0118403,2.521,-9.117,3.414,0.009,0.158,-0.003,-26.25,-4.8,-102.0,62.0
1787131998.01186,2.44,-9.098,3.306,-0.027,0.165,-0.004,-26.25,-4.8,-102.0,62.0
1787131998.2169914,2.404,-9.4,3.146,0.078,0.064,0.018,-25.8,-4.05,-99.45,62.0
1787131998.2170155,2.339,-9.318,3.122,0.08,0.038,0.027,-27.75,-4.35,-100.5,62.0
1787131998.2170267,2.308,-9.414,3.206,0.072,0.012,0.032,-27.9,-5.4,-99.3,62.0
1787131998.4218953,2.148,-9.275,3.282,-0.001,0.037,-0.007,-25.95,-5.7,-98.85,40.0
1787131998.4219208,2.255,-9.256,3.208,-0.018,0.03,-0.001,-26.4,-5.7,-99.3,63.0
1787131998.421932,2.248,-9.242,3.172,-0.022,0.027,0.005,-25.05,-5.55,-99.9,63.0
1787131998.6242352,2.306,-9.263,3.364,0.08,0.025,0.02,-28.5,-5.85,-99.45,67.0
1787131998.830899,2.121,-9.175,3.347,-0.029,0.065,0.038,-28.05,-4.8,-98.7,57.0
1787131998.830923,1.946,-9.237,3.361,-0.014,0.039,0.027,-26.55,-4.8,-99.9,57.0
1787131998.8309343,1.87,-9.273,3.388,0.005,-0.014,0.022,-28.2,-6.15,-100.05,57.0
1787131999.037524,1.932,-9.349,3.318,-0.027,0.018,0.019,-28.2,-5.7,-98.55,44.0
1787131999.0375497,1.911,-9.294,3.28,-0.028,0.014,0.003,-27.9,-5.7,-99.6,44.0
1787131999.0375614,1.927,-9.273,3.261,-0.031,0.022,-0.009,-27.45,-5.7,-99.3,44.0
1787131999.2405603,2.025,-9.22,3.419,-0.008,0.051,-0.02,-27.15,-6.45,-100.8,59.0
1787131999.2405858,2.006,-9.266,3.486,-0.014,0.067,-0.02,-28.65,-6.9,-98.55,59.0
1787131999.2405972,2.107,-9.218,3.476,-0.024,0.07,-0.027,-27.75,-5.1,-99.15,59.0
1787131999.4461365,1.745,-9.27,3.369,0.028,0.03,0.012,-27.3,-7.05,-99.45,64.0
1787131999.446173,1.865,-9.268,3.388,0.041,-0.026,0.013,-28.05,-6.75,-99.9,64.0
1787131999.4461799,1.97,-9.256,3.469,0.039,-0.036,-0.004,-26.7,-5.4,-99.6,64.0
1787131999.6514297,2.128,-9.199,3.428,-0.045,0.063,-0.026,-28.2,-6.45,-100.05,49.0
1787131999.6514554,1.944,-9.182,3.417,-0.036,0.063,-0.028,-28.05,-5.85,-99.15,49.0
1787131999.6514661,1.925,-9.371,3.309,-0.029,0.009,-0.036,-27.45,-5.4,-99.3,49.0
1787131999.8554869,2.107,-9.177,3.539,0.005,-0.013,-0.021,-28.5,-5.55,-98.7,58.0
1787131999.8555124,2.119,-9.108,3.627,-0.011,0.016,-0.02,-28.5,-5.1,-100.5,58.0
1787131999.8555233,2.095,-9.151,3.582,-0.024,0.046,-0.036,-27.15,-6.9,-99.6,58.0
1787132000.0601516,2.03,-9.16,3.508,-0.022,0.006,-0.02,-29.7,-7.65,-98.55,56.0
1787132000.060176,2.138,-9.026,3.517,-0.033,-0.004,-0.012,-28.95,-6.15,-98.55,56.0
1787132000.0601866,2.164,-9.048,3.436,-0.032,0.011,-0.02,-27.45,-6.15,-98.85,56.0
1787132000.4693313,2.006,-9.282,3.366,0.019,0.016,0.019,-28.8,-6.75,-98.7,62.0
1787132000.4693549,1.994,-9.222,3.393,0.02,0.036,0.026,-27.15,-6.45,-97.05,62.0
1787132000.4693656,1.997,-9.237,3.44,0.02,0.026,0.02,-27.9,-6.15,-98.1,53.0
1787132000.6742182,1.908,-9.527,3.584,0.016,-0.057,-0.05,-27.3,-6.3,-98.7,54.0
1787132000.6742442,1.961,-9.677,3.527,0.024,-0.074,-0.07,-25.65,-6.45,-98.55,54.0
1787132000.6742551,2.045,-9.855,3.634,0.032,-0.086,-0.11,-25.95,-6.9,-99.3,61.0
1787132000.8794718,3.517,-8.83,3.587,-0.07,-0.362,-0.135,-27.3,-4.8,-99.45,58.0
1787132000.879497,3.206,-8.258,3.419,-0.122,-0.355,0.002,-27.15,-5.7,-99.6,58.0
1787132000.8795078,3.072,-7.954,2.981,-0.239,-0.338,0.098,-27.45,-5.4,-100.8,43.0
1787132001.0840573,3.208,-9.12,3.91,0.252,-0.268,-0.189,-24.3,-6.75,-100.95,58.0
1787132001.0840824,3.077,-9.16,3.874,0.221,-0.252,-0.164,-25.05,-6.75,-99.9,58.0
1787132001.2889135,2.772,-8.77,3.134,0.234,-0.228,-0.148,-24.15,-7.2,-98.85,62.0
1787132001.2889383,3.089,-8.751,3.361,0.266,-0.232,-0.13,-23.55,-7.5,-100.2,62.0
1787132001.2889497,3.462,-8.65,3.493,0.245,-0.156,-0.104,-22.5,-8.25,-99.45,30.0
1787132001.4938338,3.33,-8.315,4.168,0.016,-0.049,0.08,-22.5,-8.25,-99.15,29.0
1787132001.4938679,3.357,-8.26,4.152,-0.028,0.037,0.118,-22.65,-8.4,-99.6,29.0
1787132001.49388,2.988,-8.368,4.063,-0.077,0.093,0.132,-23.85,-9.6,-99.6,29.0
1787132001.6997736,3.74,-8.794,3.299,0.08,-0.01,-0.235,-24.15,-8.85,-100.05,35.0
1787132001.6997986,3.73,-8.763,3.345,0.126,-0.06,-0.209,-23.4,-8.4,-100.8,35.0
1787132001.6998096,3.761,-8.665,3.22,0.146,-0.096,-0.156,-23.4,-8.1,-99.3,35.0
1787132001.9032798,4.254,-8.241,4.049,0.105,0.081,0.151,-22.8,-9.75,-97.95,25.0
1787132002.1101935,1.379,-7.156,4.156,-0.491,-0.409,1.954,-14.7,-7.5,-100.95,30.0
1787132002.1102242,1.52,-7.35,3.687,-0.505,-0.569,1.938,-13.95,-7.8,-100.2,30.0
1787132002.1102302,1.183,-7.582,3.333,-0.508,-0.606,1.968,-12.75,-5.55,-102.75,30.0
1787132002.3131783,-3.419,-7.511,2.514,0.117,-0.223,2.414,2.55,-3.0,-100.8,12.0
1787132002.3131983,-4.659,-6.991,2.095,0.204,-0.397,2.438,2.85,-3.45,-100.35,12.0
1787132002.3132043,-4.441,-7.257,2.619,0.243,-0.329,2.367,6.3,-1.05,-100.05,12.0
1787132002.5177617,-8.633,-7.76,3.601,0.394,-0.303,1.3,16.5,0.45,-98.7,24.0
1787132002.5177903,-8.468,-7.491,3.596,0.415,-0.393,1.124,17.25,4.35,-97.2,24.0
1787132002.5178025,-8.294,-7.415,3.869,0.351,-0.404,0.881,17.25,3.6,-97.2,24.0
1787132002.7233717,-7.389,-7.144,4.537,-0.074,-0.079,0.103,19.5,5.1,-96.9,23.0
1787132002.7233975,-7.324,-7.053,4.29,-0.07,-0.052,0.1,20.25,5.1,-97.95,32.0
1787132002.7234087,-6.996,-6.79,4.046,-0.036,0.051,0.108,18.75,6.3,-98.4,32.0
1787132002.9272552,-6.424,-6.651,3.838,0.043,0.06,-0.239,20.25,7.5,-97.2,35.0
1787132002.9272816,-6.309,-6.91,4.013,0.074,0.11,-0.222,18.0,4.35,-97.65,42.0
1787132002.9272926,-6.378,-6.902,4.089,0.074,0.094,-0.23,18.0,5.1,-96.45,42.0
1787132003.1320493,-6.031,-7.029,4.343,-0.092,0.018,-0.216,18.0,2.85,-98.4,38.0
1787132003.1320739,-6.038,-6.864,4.238,-0.103,-0.002,-0.23,17.25,3.6,-97.65,38.0
1787132003.1320853,-5.986,-6.941,4.195,-0.087,0.003,-0.206,18.9,3.75,-98.85,32.0
1787132003.3372009,-7.379,-7.966,3.354,0.085,0.021,-0.318,16.35,2.7,-96.75,34.0
1787132003.3372383,-7.93,-7.815,3.349,0.142,0.12,-0.465,15.45,3.6,-97.65,34.0
1787132003.3372447,-8.593,-7.594,3.455,0.181,0.065,-0.725,14.85,1.5,-98.55,26.0
1787132003.5398917,-5.25,-7.221,4.92,0.458,-0.892,-2.555,10.05,-7.65,-96.0,45.0
1787132003.7462096,3.831,-5.772,4.108,0.109,0.269,-2.301,-10.8,-20.85,-89.4,54.0
1787132003.7462347,4.642,-5.224,4.554,0.151,0.223,-2.108,-13.2,-19.5,-92.1,54.0
1787132003.7462459,4.554,-5.966,4.487,0.213,0.218,-1.854,-15.75,-19.05,-91.35,54.0
1787132003.9510846,5.543,-7.192,6.378,-0.492,0.575,0.095,-22.65,-18.45,-90.75,25.0
1787132003.951109,5.456,-7.357,6.053,-0.451,0.436,0.143,-21.75,-17.55,-92.4,25.0
1787132003.95112,5.368,-7.501,5.928,-0.402,0.388,0.104,-22.5,-17.85,-91.8,25.0
1787132004.1559262,3.776,-7.58,6.048,-0.095,-0.084,0.226,-24.15,-16.5,-93.0,29.0
1787132004.155953,3.824,-7.573,6.129,-0.126,-0.163,0.244,-21.6,-17.7,-93.0,29.0
1787132004.1560392,3.926,-7.53,6.17,-0.225,-0.255,0.303,-22.05,-17.1,-95.1,29.0
1787132004.3605995,4.549,-7.64,6.187,-0.756,-0.32,1.146,-16.95,-14.4,-93.6,83.0
1787132004.3606246,4.506,-7.657,6.069,-0.85,-0.436,1.233,-16.2,-15.9,-95.85,83.0
1787132004.3606353,4.422,-7.57,5.748,-0.933,-0.486,1.366,-15.0,-14.1,-96.45,83.0
1787132004.5652232,0.955,-7.76,2.583,-0.616,-0.789,2.045,-4.8,-7.2,-98.1,12.0
1787132004.565248,0.553,-7.695,2.404,-0.461,-0.804,2.024,-1.8,-8.85,-99.3,12.0
1787132004.5652592,0.084,-7.535,2.229,-0.432,-0.944,1.89,-1.8,-7.65,-98.1,12.0
1787132004.7703228,-4.434,-7.585,2.562,0.17,-0.606,2.232,12.9,-1.05,-96.3,23.0
1787132004.7703483,-5.555,-7.465,2.909,0.222,-0.576,2.211,14.1,-0.3,-96.3,23.0
1787132004.7703593,-5.148,-7.365,2.559,0.131,-0.705,1.997,15.9,1.8,-94.8,23.0
1787132004.9750335,-7.424,-8.054,2.674,-0.166,-0.286,1.054,19.35,9.6,-91.2,29.0
1787132004.975058,-7.458,-8.377,2.547,-0.003,-0.073,0.831,21.9,11.1,-92.25,16.0
1787132005.179306,-7.034,-7.592,3.78,0.208,0.127,0.115,24.75,12.15,-91.35,28.0
1787132005.3852596,-7.511,-7.523,3.821,0.106,0.224,-0.726,20.1,9.6,-92.25,22.0
1787132005.3852856,-7.429,-7.343,3.725,0.036,0.254,-0.864,21.0,8.7,-92.85,22.0
1787132005.3852966,-7.278,-7.465,3.737,-0.014,0.292,-1.025,23.55,8.25,-92.4,22.0
1787132005.5903158,-5.15,-7.326,3.62,0.108,0.545,-2.086,14.4,-1.8,-94.65,28.0
1787132005.5903451,-4.417,-7.427,3.361,0.104,0.57,-2.264,12.6,-2.25,-93.45,28.0
1787132005.590356,-4.305,-7.324,3.419,0.102,0.56,-2.371,11.1,-2.25,-94.2,28.0
1787132005.7942376,1.906,-7.286,3.713,0.113,0.419,-2.682,-3.15,-11.7,-97.2,42.0
1787132005.7942634,3.019,-7.092,3.955,0.132,0.457,-2.589,-5.1,-12.3,-96.0,42.0
1787132005.7942739,3.903,-7.448,3.943,0.129,0.552,-2.484,-7.5,-12.9,-97.2,42.0
1787132005.9992828,5.521,-8.083,4.243,-0.138,0.526,-1.333,-14.1,-11.55,-97.5,13.0
1787132005.9993086,6.132,-8.152,4.262,-0.103,0.541,-1.072,-17.25,-12.15,-99.45,13.0
1787132005.9993196,5.902,-8.322,4.175,-0.094,0.582,-0.84,-17.1,-12.3,-97.8,16.0
1787132006.2037764,4.377,-8.674,4.142,0.012,-0.078,0.375,-20.25,-11.4,-96.45,48.0
1787132006.203801,4.295,-8.571,4.164,-0.022,-0.131,0.397,-20.55,-12.15,-97.65,48.0
1787132006.2038121,4.384,-8.605,4.278,-0.077,-0.173,0.437,-19.05,-10.2,-98.4,48.0
1787132006.4090009,4.642,-8.787,4.319,-0.078,-0.164,0.557,-18.0,-10.95,-96.45,38.0
1787132006.4090261,4.853,-8.897,4.477,-0.076,-0.134,0.653,-18.15,-10.8,-96.3,38.0
1787132006.4090383,4.695,-9.163,4.666,-0.082,-0.114,0.782,-18.3,-12.15,-96.45,38.0
1787132006.6140966,-0.275,-9.673,3.23,-0.471,0.18,2.851,-3.15,-7.5,-99.9,28.0
1787132006.6141222,-0.946,-6.955,2.784,-0.44,0.193,3.005,-0.6,-6.45,-98.85,28.0
1787132006.6141343,-1.233,-6.814,3.141,-0.461,0.094,3.031,0.45,-4.05,-99.15,28.0
1787132006.8234286,-8.93,-3.97,2.643,0.03,-0.629,2.249,18.0,15.15,-94.65,19.0
1787132006.8234532,-9.318,-3.4,2.646,0.117,-0.528,2.149,17.85,16.2,-95.55,19.0
1787132006.823464,-9.759,-3.328,2.708,0.08,-0.406,1.849,18.6,15.45,-93.75,19.0
1787132007.0234783,-10.513,-3.852,3.091,0.011,0.008,0.851,20.1,23.1,-94.5,22.0
1787132007.023504,-10.743,-3.68,3.182,0.053,0.007,0.768,20.1,23.1,-94.5,22.0
1787132007.0235152,-10.8,-3.62,3.184,0.06,-0.079,0.642,21.6,26.25,-94.2,21.0
1787132007.2311666,-9.802,-3.091,3.553,0.021,0.026,-0.014,22.05,27.15,-95.4,26.0
1787132007.2312021,-9.809,-3.156,3.555,0.028,0.07,-0.04,22.65,27.0,-93.75,17.0
1787132007.2312088,-10.137,-2.914,3.553,0.035,0.105,-0.097,22.05,25.65,-93.15,17.0
1787132007.4334195,-14.329,-2.181,3.409,-0.019,0.522,-1.58,19.05,21.0,-94.65,31.0
1787132007.433445,-13.453,-2.538,3.215,-0.065,0.268,-2.054,19.65,22.35,-97.5,22.0
1787132007.433456,-12.218,-2.634,3.136,-0.054,0.082,-2.355,19.35,20.4,-95.55,22.0
1787132007.640185,-5.804,-5.191,2.6,-0.367,-0.428,-3.383,16.35,8.85,-97.5,18.0
1787132007.6402106,-5.258,-5.258,2.444,-0.322,-0.391,-3.327,14.7,6.3,-95.1,18.0
1787132007.6402216,-4.36,-5.756,2.246,-0.343,-0.283,-3.354,13.35,2.7,-97.05,23.0
1787132007.8435163,0.618,-6.752,2.219,-0.252,-0.256,-3.216,1.95,-7.05,-96.15,19.0
1787132007.8435416,1.664,-7.501,1.358,-0.248,-0.206,-3.033,0.9,-5.85,-96.15,19.0
1787132007.8435526,2.617,-7.034,1.607,-0.222,0.001,-2.777,-1.05,-6.45,-98.85,14.0
1787132008.0505106,6.807,-8.322,2.461,0.142,0.491,-0.75,-14.7,-8.25,-98.4,6.0
1787132008.0505352,7.527,-8.631,2.686,0.112,0.473,-0.557,-15.0,-8.7,-99.9,6.0
1787132008.0505462,7.575,-8.389,2.646,0.104,0.557,-0.451,-14.85,-8.1,-98.85,93.0
1787132008.2518623,4.599,-8.976,3.881,0.051,0.103,0.059,-17.7,-9.0,-97.95,111.0
1787132008.2518878,4.997,-8.868,4.152,-0.006,-0.018,0.104,-16.5,-9.0,-99.45,111.0
1787132008.2518992,5.174,-8.689,4.096,-0.15,-0.134,0.114,-17.25,-8.7,-99.15,83.0
1787132008.4553316,6.438,-8.375,2.825,-0.336,-0.439,1.248,-15.0,-8.7,-99.45,55.0
1787132008.6627543,-0.081,-7.949,2.799,0.042,-0.255,3.014,7.5,-1.65,-97.2,18.0
1787132008.6627805,-0.199,-7.958,2.435,0.101,0.162,3.213,8.7,-1.35,-96.9,18.0
1787132008.6627917,-1.915,-7.324,2.641,0.047,0.17,3.156,9.75,0.9,-96.45,18.0
1787132008.8726695,-7.257,-3.838,2.488,0.088,0.059,3.234,17.7,15.15,-94.35,12.0
1787132008.8726947,-7.551,-3.033,2.399,-0.059,0.125,2.983,19.35,18.15,-94.2,12.0
1787132008.872706,-8.595,-2.926,2.303,-0.27,-0.19,2.507,19.05,19.8,-93.15,12.0
1787132009.0739107,-11.243,-2.6,2.811,-0.006,-0.031,1.099,20.85,30.45,-90.75,16.0
1787132009.073937,-11.198,-2.382,2.693,0.018,0.07,1.077,21.6,31.2,-90.15,16.0
1787132009.0739484,-11.835,-2.193,2.751,0.038,0.074,0.972,19.05,32.25,-92.4,16.0
1787132009.2800832,-11.839,-2.14,3.649,0.084,0.086,-0.116,20.85,34.35,-90.75,17.0
1787132009.2801087,-12.072,-1.841,3.553,0.006,0.077,-0.284,19.8,34.5,-91.35,17.0
1787132009.28012,-11.868,-1.994,3.527,-0.049,0.091,-0.436,19.8,32.55,-91.35,17.0
1787132009.4812639,-11.423,-2.327,2.926,-0.094,0.146,-1.876,21.15,29.25,-91.5,0.0
1787132009.4812894,-11.27,-2.394,3.053,-0.07,0.103,-2.015,18.9,27.75,-91.5,21.0
1787132009.4813006,-10.52,-3.026,3.074,-0.007,0.119,-2.114,20.55,26.4,-92.4,21.0
1787132009.6861455,-7.937,-4.956,3.175,0.123,-0.243,-3.072,18.6,14.25,-93.45,17.0
1787132009.68617,-7.14,-5.059,2.952,0.053,-0.494,-3.149,18.6,11.1,-93.45,17.0
1787132009.6861763,-6.321,-4.966,2.947,-0.036,-0.541,-3.011,18.15,8.85,-94.2,26.0
1787132009.89814,0.4,-7.796,1.92,-0.396,0.248,-2.297,8.85,-3.0,-95.25,23.0
1787132009.8981645,1.408,-7.42,1.496,-0.363,0.304,-2.401,6.75,-4.35,-95.85,39.0
1787132009.8981752,0.469,-8.183,1.621,-0.291,0.402,-2.361,7.95,-4.05,-95.85,39.0
1787132010.095938,4.348,-8.995,1.827,0.148,0.572,-1.568,-5.85,-7.65,-99.3,54.0
1787132010.3002455,4.053,-8.799,3.168,0.154,0.161,0.306,-13.5,-9.75,-99.15,27.0
1787132010.3002713,3.555,-8.854,3.249,0.167,0.177,0.283,-12.9,-11.1,-98.85,27.0
1787132010.3002825,3.122,-8.736,3.223,0.142,0.139,0.263,-11.85,-10.05,-96.75,27.0
1787132010.5050595,4.563,-9.325,3.156,-0.08,-0.151,0.409,-10.8,-8.1,-96.3,28.0
1787132010.5050857,5.152,-9.424,3.089,-0.18,-0.204,0.441,-10.2,-10.2,-96.9,28.0
1787132010.5050967,5.586,-9.155,2.758,-0.179,-0.221,0.677,-10.5,-10.5,-98.4,28.0
1787132010.7127173,3.105,-8.341,2.574,-0.144,0.109,1.88,-1.05,-7.65,-97.5,66.0
1787132010.7127428,2.128,-8.207,2.315,-0.219,0.103,1.993,-1.8,-6.9,-97.8,66.0
1787132010.7127542,0.912,-8.523,2.124,-0.285,-0.071,1.973,0.0,-6.9,-97.05,66.0
1787132010.914215,-2.646,-7.484,2.938,-0.013,-0.184,2.591,11.7,-0.9,-95.4,19.0
1787132010.9142408,-2.207,-7.58,3.029,-0.117,-0.213,2.579,12.75,0.15,-93.9,19.0
1787132010.9142523,-2.617,-7.453,2.887,0.018,-0.198,2.806,13.95,3.15,-93.9,19.0
1787132011.1194553,-8.753,-2.782,3.16,-0.143,-0.698,2.545,22.05,19.05,-92.85,22.0
1787132011.1194808,-8.574,-3.033,3.208,0.019,-0.478,2.325,20.85,21.15,-90.75,22.0
1787132011.1194923,-10.072,-2.626,3.591,0.113,-0.321,2.243,21.15,22.35,-91.2,22.0
1787132011.3243356,-11.08,-2.631,3.658,0.158,0.041,0.964,24.15,30.9,-90.45,24.0
1787132011.3243613,-11.262,-2.464,3.673,0.143,-0.005,0.782,22.35,31.2,-87.9,24.0
1787132011.3243723,-11.186,-2.315,3.857,0.124,-0.067,0.607,22.65,30.15,-89.7,24.0
1787132011.5291328,-10.681,-2.107,4.29,0.014,0.13,-0.214,22.65,32.4,-90.75,22.0
1787132011.5292294,-11.351,-2.078,4.439,0.011,0.19,-0.367,22.8,31.5,-91.05,22.0
1787132011.5292416,-11.272,-1.992,4.489,0.022,0.262,-0.511,22.65,30.9,-90.75,22.0
1787132011.7314801,-11.487,-2.454,3.804,-0.096,0.211,-1.985,21.9,26.25,-91.5,17.0
1787132011.9382226,-1.968,-6.9,2.72,-0.308,0.035,-3.06,15.75,0.15,-93.15,29.0
1787132011.9382484,-1.628,-7.015,2.77,-0.248,0.282,-2.882,15.75,-2.85,-94.35,29.0
1787132011.93826,-1.331,-7.149,2.693,-0.253,0.467,-2.605,13.95,-4.35,-92.85,31.0
1787132012.1431136,3.405,-8.576,2.243,-0.06,0.752,-1.437,-1.35,-8.4,-96.75,2.0
1787132012.1431384,3.326,-8.748,2.399,-0.042,0.708,-1.379,-2.1,-8.1,-97.5,2.0
1787132012.1431496,3.44,-8.729,2.559,-0.01,0.619,-1.324,-3.6,-8.85,-96.3,88.0
1787132012.3481598,4.12,-9.404,3.117,0.089,0.441,-0.25,-9.75,-9.45,-97.2,104.0
1787132012.348185,3.577,-9.378,3.168,0.08,0.427,-0.162,-10.5,-9.75,-97.95,104.0
1787132012.3481963,3.237,-9.27,3.124,0.043,0.283,-0.128,-10.35,-11.1,-98.1,102.0
1787132012.5527089,2.851,-9.285,3.426,-0.035,-0.013,0.174,-10.95,-10.95,-97.65,109.0
1787132012.5527346,3.381,-9.357,3.436,-0.051,-0.09,0.222,-11.25,-9.45,-98.7,109.0
1787132012.5527465,3.79,-9.278,3.247,-0.08,-0.062,0.314,-10.35,-10.05,-97.5,109.0
1787132012.7572818,3.876,-8.887,2.547,-0.029,0.354,1.781,-7.35,-9.15,-98.55,79.0
1787132012.7573054,3.026,-8.978,2.653,-0.062,0.167,1.913,-6.3,-9.6,-97.8,79.0
1787132012.7573166,2.116,-8.811,2.715,-0.033,0.006,2.075,-5.55,-8.85,-97.05,79.0
1787132012.9638152,-1.793,-6.97,3.5,0.185,-0.129,3.137,8.55,-4.5,-95.55,22.0
1787132012.9638395,-2.804,-6.507,3.601,0.139,0.003,3.202,10.05,-1.8,-97.05,22.0
1787132012.9638577,-3.936,-6.213,3.701,0.056,-0.244,3.006,10.8,0.3,-94.8,22.0
1787132013.167845,-8.423,-2.231,4.003,0.027,-0.212,2.562,21.75,14.85,-91.05,15.0
1787132013.167884,-9.024,-2.301,3.694,-0.103,-0.225,2.193,23.55,16.8,-90.3,15.0
1787132013.167895,-8.911,-3.029,3.563,-0.1,-0.277,1.949,24.0,18.75,-91.35,15.0
1787132013.3702497,-10.314,-1.719,4.276,0.418,-0.115,1.496,24.0,27.15,-90.3,29.0
1787132013.5766218,-11.399,-1.216,5.428,-0.101,0.123,-0.603,23.55,30.6,-90.6,41.0
1787132013.5766463,-11.349,-1.403,5.392,-0.118,0.115,-0.745,24.45,30.15,-89.4,23.0
1787132013.5766578,-11.059,-1.475,5.363,-0.13,0.095,-0.862,24.3,28.8,-89.85,23.0
1787132013.7818398,-9.893,-2.363,4.556,-0.424,0.128,-1.849,23.25,23.7,-91.05,24.0
1787132013.7818797,-10.063,-2.26,4.413,-0.381,0.175,-2.06,23.25,20.55,-90.6,28.0
1787132013.781891,-9.948,-2.581,4.401,-0.377,0.159,-2.265,24.75,19.05,-90.3,28.0
1787132013.9862409,-5.89,-4.7,3.587,-0.523,0.153,-2.84,19.05,5.55,-92.1,14.0
1787132013.986266,-4.47,-5.634,3.4,-0.504,0.028,-2.913,18.15,3.45,-91.95,25.0
1787132013.9862776,-3.898,-5.99,3.347,-0.461,-0.014,-2.99,18.3,3.15,-92.1,25.0
1787132014.1908321,2.284,-8.581,2.399,-0.782,0.375,-2.155,5.4,-6.75,-95.4,34.0
1787132014.190867,2.617,-8.899,2.246,-0.618,0.588,-1.898,5.4,-6.75,-95.4,24.0
1787132014.1908784,2.624,-9.148,2.119,-0.452,0.678,-1.633,3.3,-6.45,-96.3,24.0
1787132014.3964634,3.95,-8.815,1.073,-0.275,0.111,-0.78,-4.2,-7.05,-97.95,44.0
1787132014.3964887,4.096,-9.134,1.267,-0.239,0.132,-0.654,-3.9,-6.3,-97.65,44.0
1787132014.3964994,4.247,-8.959,1.207,-0.06,0.16,-0.429,-3.6,-6.45,-97.8,31.0
1787132014.6005614,2.916,-9.402,2.871,0.145,-0.069,0.054,-6.3,-8.4,-98.85,31.0
1787132014.6005864,3.203,-9.457,2.818,0.101,-0.029,0.119,-5.1,-6.45,-97.5,31.0
1787132014.6005988,3.203,-9.682,2.72,0.08,0.113,0.197,-6.45,-8.25,-98.4,37.0
1787132014.8050747,2.753,-9.79,2.535,-0.138,-0.305,0.218,-4.35,-10.35,-96.75,28.0
1787132014.8051004,3.134,-9.685,2.167,-0.154,-0.38,0.267,-4.65,-7.5,-96.9,28.0
1787132015.0081542,2.808,-9.251,2.14,0.263,-0.108,1.348,-0.15,-7.8,-96.9,24.0
1787132015.216639,-4.281,-5.825,2.993,0.339,0.549,3.052,14.25,5.1,-94.35,77.0
1787132015.2166638,-5.681,-5.231,2.682,0.271,0.35,2.994,14.25,5.1,-94.35,77.0
1787132015.2166748,-6.172,-5.231,3.053,0.153,0.077,2.744,15.15,9.6,-93.45,77.0
1787132015.4205806,-9.038,-3.211,3.694,0.466,-0.44,1.785,22.05,19.5,-92.4,23.0
1787132015.4206057,-9.067,-3.244,4.037,0.492,-0.468,1.792,21.75,20.25,-91.8,23.0
1787132015.4206166,-9.328,-2.854,4.068,0.479,-0.433,1.72,22.65,20.1,-91.5,23.0
1787132015.6245632,-10.803,-2.033,5.1,0.244,0.106,0.77,24.75,28.8,-90.6,24.0
1787132015.6245885,-11.253,-1.856,5.073,0.194,0.175,0.727,24.0,28.35,-90.3,24.0
1787132015.6245995,-11.547,-1.767,5.054,0.175,0.11,0.595,25.05,28.8,-92.85,24.0
1787132015.8299766,-11.617,-1.286,5.092,-0.105,0.175,-0.407,21.9,28.95,-92.25,22.0
1787132015.8301218,-11.902,-1.389,5.112,-0.152,0.19,-0.617,23.25,27.6,-92.4,22.0
1787132015.830158,-11.926,-1.525,4.997,-0.19,0.121,-0.82,22.05,27.9,-92.4,22.0
1787132016.0343273,-10.123,-2.734,4.501,-0.357,-0.165,-2.448,23.85,18.15,-92.7,32.0
1787132016.0343525,-9.807,-3.184,4.489,-0.369,-0.044,-2.52,23.85,17.4,-91.5,32.0
1787132016.034364,-9.606,-3.539,4.379,-0.375,-0.02,-2.642,23.4,15.0,-93.0,32.0
1787132016.239188,-6.124,-4.547,3.974,-0.542,-0.255,-3.151,18.9,4.2,-91.95,9.0
1787132016.2392087,-5.653,-4.616,3.926,-0.649,-0.379,-3.179,18.6,1.05,-91.95,9.0
1787132016.239215,-5.16,-4.884,3.915,-0.725,-0.45,-3.149,17.85,1.8,-93.0,27.0
1787132016.4444382,4.068,-7.099,1.575,-0.487,0.151,-2.269,7.05,-7.65,-94.5,21.0
1787132016.444465,2.892,-8.042,2.351,-0.504,0.458,-2.125,3.6,-7.2,-94.5,21.0
1787132016.444476,3.979,-7.69,1.798,-0.487,0.602,-1.904,2.1,-8.1,-96.0,21.0
1787132016.646701,4.233,-8.911,2.325,-0.007,0.251,-0.789,-7.8,-8.4,-96.0,30.0
1787132016.8535416,4.946,-8.938,1.662,0.071,0.401,1.371,-8.1,-9.15,-97.05,28.0
1787132016.8535662,3.809,-8.981,1.966,0.129,0.204,1.448,-6.3,-9.15,-96.75,28.0
1787132016.8535771,3.239,-9.072,2.253,0.302,-0.053,1.561,-7.35,-8.85,-96.75,28.0
1787132017.0580566,1.674,-8.6,4.293,0.182,-1.0,1.958,3.45,-8.7,-94.65,27.0
1787132017.0580816,2.227,-8.255,4.111,0.088,-0.573,2.207,3.15,-9.0,-94.35,27.0
1787132017.0580928,0.649,-8.064,4.096,-0.088,-0.28,2.302,7.5,-7.5,-93.15,27.0
1787132017.26352,-4.073,-6.381,2.919,0.11,-0.106,2.396,18.9,5.4,-91.5,14.0
1787132017.2635455,-4.908,-5.756,2.806,0.199,0.209,2.588,19.8,7.8,-92.4,14.0
1787132017.2635562,-5.614,-5.559,2.866,0.271,0.292,2.578,19.5,9.0,-92.4,14.0
1787132017.4684849,-8.121,-3.448,3.603,0.445,-0.364,1.825,23.4,18.45,-90.15,19.0
1787132017.4685102,-8.159,-3.335,3.833,0.421,-0.261,1.748,24.15,18.9,-90.15,19.0
1787132017.4685206,-8.531,-3.383,3.819,0.411,-0.018,1.831,25.5,19.5,-89.55,19.0
1787132017.6782541,-11.629,-3.017,5.497,0.289,-0.068,0.486,25.2,28.5,-87.9,19.0
1787132017.6782794,-11.552,-2.933,5.545,0.201,-0.01,0.335,24.15,27.0,-89.7,19.0
1787132017.6782901,-11.396,-2.986,5.488,0.113,-0.011,0.21,25.05,29.85,-88.05,19.0
1787132017.878066,-10.477,-2.658,5.212,-0.107,0.086,-0.529,24.75,27.6,-89.85,16.0
1787132017.8780913,-10.331,-2.684,5.217,-0.12,0.17,-0.637,26.55,26.4,-89.1,16.0
1787132017.8781025,-10.285,-2.538,5.148,-0.119,0.345,-0.731,25.2,25.8,-90.45,16.0
1787132018.0821874,-10.513,-3.393,4.537,-0.403,0.187,-2.271,23.4,18.45,-91.2,8.0
1787132018.0822115,-9.558,-3.97,4.413,-0.425,0.178,-2.374,22.65,16.95,-91.2,8.0
1787132018.0822222,-9.041,-4.348,4.338,-0.416,0.177,-2.459,23.25,15.9,-92.4,8.0
1787132018.2856324,-3.843,-6.591,2.643,-0.479,0.103,-3.022,15.45,1.35,-93.6,34.0
1787132018.4918702,2.854,-8.016,2.131,0.19,0.336,-1.38,-0.9,-7.8,-95.85,24.0
1787132018.491895,2.964,-7.949,2.073,0.1,0.156,-1.445,-1.2,-9.45,-96.15,24.0
1787132018.4919062,3.4,-7.877,2.593,-0.001,0.1,-1.373,-3.15,-9.0,-97.2,39.0
1787132018.6966712,4.772,-9.254,2.99,-0.022,0.327,-0.49,-8.85,-10.05,-96.75,47.0
1787132018.6966956,4.824,-9.328,2.868,-0.036,0.253,-0.413,-9.75,-8.7,-97.65,47.0
1787132018.6967065,4.841,-9.553,3.021,-0.078,0.135,-0.375,-10.95,-9.0,-97.2,52.0
1787132018.903916,4.911,-8.866,2.71,0.043,0.024,0.648,-8.7,-10.2,-97.95,34.0
1787132018.9039397,4.702,-8.645,2.667,-0.023,-0.01,0.708,-7.95,-9.45,-98.7,34.0
1787132018.9039512,4.499,-8.715,2.617,-0.063,-0.067,0.784,-7.2,-8.7,-96.9,34.0
1787132019.1062477,2.033,-8.468,1.757,0.167,-0.049,1.848,-1.95,-7.5,-97.2,32.0
1787132019.1063392,1.568,-8.598,2.162,0.285,-0.177,1.946,-1.8,-7.2,-97.5,32.0
1787132019.1063514,1.085,-8.226,2.093,0.372,-0.331,2.001,0.6,-7.2,-97.05,22.0
1787132019.3114336,-1.396,-7.582,2.938,0.766,0.092,2.639,9.6,-3.45,-95.25,32.0
1787132019.3114588,-3.201,-6.771,3.701,0.774,0.269,2.735,12.6,-1.05,-94.5,32.0
1787132019.3114696,-4.171,-6.211,3.847,0.707,0.248,2.739,12.6,-0.3,-92.7,32.0
1787132019.5164137,-6.383,-4.518,3.972,0.504,0.52,2.578,18.6,6.9,-91.5,18.0
1787132019.516439,-7.072,-4.238,4.061,0.464,0.5,2.479,20.25,11.4,-91.35,18.0
1787132019.5164504,-7.015,-4.252,3.996,0.436,0.46,2.357,18.9,12.75,-91.95,18.0
1787132019.7213817,-10.537,-2.023,4.626,0.259,-0.083,1.216,22.5,22.5,-93.15,17.0
1787132019.7214067,-10.405,-1.851,4.697,0.142,-0.165,1.122,23.1,22.35,-93.0,17.0
1787132019.7214177,-10.149,-2.03,4.748,0.084,-0.167,0.993,23.4,24.3,-93.45,17.0
1787132019.9233963,-11.145,-1.518,5.531,-0.01,-0.003,0.246,23.4,28.5,-93.45,24.0
1787132020.130844,-10.293,-2.102,4.154,-0.276,0.333,-1.819,21.9,20.85,-94.2,16.0
1787132020.1308742,-9.957,-2.65,4.202,-0.263,0.33,-1.907,20.85,20.1,-94.2,16.0
1787132020.1308863,-9.84,-2.722,3.958,-0.189,0.355,-1.988,21.6,20.4,-94.5,16.0
1787132020.3395927,-5.717,-5.483,3.709,-0.501,-0.225,-2.736,17.7,3.6,-93.6,37.0
1787132020.3396218,-5.559,-5.816,3.677,-0.576,-0.22,-2.728,16.65,4.2,-94.2,37.0
1787132020.339633,-5.078,-6.199,3.505,-0.573,-0.178,-2.725,15.0,0.45,-93.6,37.0
1787132020.5397828,-1.111,-7.989,2.583,-0.41,-0.023,-2.64,6.75,-5.85,-95.1,22.0
1787132020.5398073,-0.639,-7.891,2.392,-0.397,-0.054,-2.615,5.55,-7.2,-96.0,19.0
1787132020.539818,0.721,-7.875,2.231,-0.458,-0.095,-2.528,4.05,-6.45,-96.3,19.0
1787132020.7450523,4.252,-8.253,2.076,-0.093,0.367,-1.143,-6.6,-10.35,-98.55,20.0
1787132020.7450778,4.168,-8.313,2.023,0.007,0.507,-0.905,-6.6,-8.4,-97.05,28.0
1787132020.7450888,4.788,-8.03,2.172,0.024,0.576,-0.817,-8.85,-8.1,-98.85,28.0
1787132020.9501631,5.126,-9.0,2.547,0.106,0.072,-0.319,-12.15,-8.4,-98.1,30.0
1787132020.9501884,5.267,-9.012,2.667,0.09,0.018,-0.219,-11.85,-8.4,-99.3,22.0
1787132020.9501994,5.397,-9.041,2.863,0.077,-0.006,-0.126,-13.5,-9.0,-97.95,22.0
1787132021.1545947,4.458,-8.964,3.134,0.152,0.158,0.552,-12.75,-7.8,-99.9,23.0
1787132021.1546195,4.197,-8.89,3.187,0.156,0.14,0.569,-11.85,-10.35,-97.05,23.0
1787132021.1546304,3.948,-8.978,3.33,0.1,0.026,0.573,-11.85,-10.8,-98.1,23.0
1787132021.3594356,2.83,-8.756,2.301,-0.049,-0.26,1.256,-6.3,-8.85,-98.1,16.0
1787132021.3594604,3.026,-8.849,1.944,0.052,-0.134,1.466,-4.35,-7.65,-98.1,16.0
1787132021.3594716,2.861,-9.366,2.567,0.112,0.062,1.714,-3.9,-7.5,-99.9,30.0
1787132021.5623736,0.448,-8.526,2.289,0.088,0.121,2.306,4.95,-4.35,-96.15,30.0
1787132021.7699656,-7.252,-4.652,3.788,0.357,-0.403,2.04,17.25,7.05,-93.6,18.0
1787132021.769991,-7.436,-4.477,3.883,0.295,-0.43,2.019,19.35,10.35,-94.2,18.0
1787132021.7700021,-7.123,-4.537,3.689,0.28,-0.289,2.033,18.9,10.35,-95.25,18.0
1787132021.9739168,-9.768,-2.428,5.116,0.311,-0.114,1.393,24.45,20.85,-93.45,21.0
1787132021.9739418,-9.893,-2.377,5.294,0.334,-0.018,1.326,23.4,20.85,-93.0,21.0
1787132021.9739528,-10.546,-2.035,5.42,0.28,-0.045,1.224,22.65,21.15,-91.95,21.0
1787132022.17848,-11.435,-1.575,5.717,-0.014,0.018,0.115,24.0,25.2,-94.35,28.0
1787132022.1785054,-11.535,-1.484,5.677,-0.031,0.115,-0.003,24.3,26.1,-93.6,28.0
1787132022.1785166,-11.475,-1.458,5.543,-0.081,0.238,-0.145,23.1,25.05,-93.75,28.0
1787132022.3835876,-11.626,-1.796,4.59,-0.267,0.22,-1.57,22.8,21.75,-94.35,26.0
1787132022.3836133,-11.356,-1.791,4.386,-0.276,0.211,-1.742,21.6,22.8,-94.2,26.0
1787132022.3836246,-11.08,-2.193,4.355,-0.31,0.196,-1.886,21.15,20.4,-94.5,26.0
1787132022.5898657,-7.772,-4.46,4.07,-0.308,0.078,-2.596,18.15,7.65,-94.5,36.0
1787132022.5898917,-6.886,-4.822,3.905,-0.31,0.032,-2.591,17.85,6.15,-93.45,36.0
1787132022.5899026,-6.285,-5.076,3.745,-0.41,0.04,-2.621,16.35,4.2,-93.45,36.0
1787132022.7930758,-3.381,-7.305,3.479,-0.4,-0.135,-2.601,8.85,-3.75,-96.75,37.0
1787132022.7931008,-2.569,-7.245,2.981,-0.469,-0.206,-2.641,8.1,-4.5,-96.3,23.0
1787132022.7931118,-1.693,-7.338,2.72,-0.512,-0.18,-2.625,5.7,-5.1,-96.15,23.0
1787132022.9979217,-0.95,-7.513,2.121,-0.536,-0.073,-2.531,4.8,-5.4,-96.0,23.0
1787132022.9979475,-0.453,-7.721,2.452,-0.473,0.096,-2.309,2.4,-6.3,-95.4,23.0
1787132022.9979584,0.895,-7.937,1.875,-0.371,0.261,-2.078,1.8,-6.15,-97.5,23.0
1787132023.200764,5.476,-9.522,2.397,-0.112,-0.008,-0.769,-14.1,-6.9,-98.55,31.0
1787132023.4076176,4.334,-9.007,2.049,0.111,-0.384,0.906,-12.45,-6.75,-98.7,30.0
1787132023.4076424,4.209,-9.052,2.064,0.189,-0.362,1.007,-11.55,-7.65,-100.05,30.0
1787132023.4076536,3.816,-8.952,2.054,0.264,-0.348,1.128,-10.95,-7.8,-99.15,30.0
1787132023.611849,0.663,-8.404,3.393,0.553,-0.266,1.614,-1.8,-9.15,-96.75,21.0
1787132023.6118796,0.393,-8.689,3.689,0.435,-0.286,1.615,0.6,-10.05,-96.0,21.0
1787132023.6118908,0.218,-8.813,3.699,0.352,-0.328,1.7,0.15,-7.8,-96.15,21.0
1787132023.8184514,-2.425,-7.57,3.184,0.309,0.286,2.54,9.3,-3.0,-94.8,20.0
1787132023.8184774,-3.239,-6.972,3.263,0.351,0.294,2.53,10.35,-1.8,-95.25,20.0
1787132023.8184888,-3.529,-6.407,3.318,0.256,0.379,2.54,11.1,-0.75,-94.2,20.0
1787132024.0225503,-6.266,-4.216,3.323,0.155,-0.421,2.237,18.3,11.4,-93.9,83.0
1787132024.0225751,-6.79,-3.673,3.462,0.308,-0.208,2.332,18.15,10.05,-93.75,83.0
1787132024.0225863,-8.023,-2.916,3.663,0.236,-0.287,2.2,20.55,15.15,-92.85,83.0
1787132024.2264092,-9.627,-2.033,4.542,0.254,-0.132,1.615,22.8,23.7,-92.1,84.0
1787132024.2264333,-9.744,-1.93,4.575,0.32,-0.129,1.594,21.15,23.55,-92.25,84.0
1787132024.2264442,-10.297,-1.432,4.65,0.306,-0.261,1.492,23.25,24.15,-91.35,84.0
1787132024.4338765,-11.473,-1.025,5.413,0.111,-0.054,0.318,23.85,29.7,-92.25,25.0
1787132024.433902,-11.349,-0.658,5.619,0.067,0.06,-0.035,24.3,28.35,-92.1,25.0
1787132024.636177,-11.04,-0.773,4.867,-0.113,0.279,-0.896,23.55,29.1,-93.15,0.0
1787132024.6362033,-10.963,-1.037,4.808,-0.101,0.282,-1.024,21.9,27.75,-94.5,0.0
1787132024.6362145,-10.951,-1.073,4.671,-0.125,0.291,-1.16,22.5,26.85,-92.1,0.0
1787132024.8389106,-9.469,-3.163,4.156,-0.257,0.107,-2.076,21.15,18.45,-94.8,72.0
1787132025.0455112,-5.318,-6.11,2.868,-0.274,-0.01,-2.775,7.05,-1.5,-97.05,75.0
1787132025.045536,-4.693,-6.196,2.823,-0.337,-0.24,-2.846,6.45,-2.85,-97.65,88.0
1787132025.0455468,-2.916,-6.732,2.581,-0.252,-0.314,-2.774,4.8,-2.25,-96.75,88.0
1787132025.2502627,1.968,-7.432,2.243,-0.281,-0.097,-2.688,-2.85,-6.9,-97.8,25.0
1787132025.2502873,3.266,-7.451,2.507,-0.344,-0.12,-2.534,-6.75,-9.0,-97.95,23.0
1787132025.4555266,5.344,-7.338,2.435,-0.243,0.077,-2.097,-8.55,-7.2,-99.3,23.0
1787132025.4555519,5.873,-8.265,2.131,-0.193,0.228,-1.808,-8.85,-6.9,-98.1,23.0
1787132025.455563,6.483,-8.399,2.148,-0.206,0.23,-1.615,-12.45,-8.7,-98.4,23.0
1787132025.6677854,5.969,-9.079,2.964,-0.042,-0.048,0.594,-15.75,-7.8,-98.4,26.0
1787132025.6678112,6.005,-9.086,2.969,-0.007,0.121,0.768,-17.25,-6.75,-99.15,26.0
1787132025.6678224,6.235,-8.866,3.041,0.048,0.251,0.976,-15.0,-7.05,-97.2,27.0
1787132025.8665626,1.872,-8.121,2.521,-0.14,0.092,2.486,-7.95,-6.75,-97.95,30.0
1787132025.8665895,1.384,-7.817,2.37,-0.01,0.185,2.637,-7.5,-5.85,-98.7,30.0
1787132025.8666008,0.522,-8.083,2.749,0.073,0.258,2.7,-7.5,-5.85,-98.7,16.0
1787132026.0701709,-2.842,-7.513,3.211,-0.101,-0.066,2.746,1.8,-3.45,-96.75,10.0
1787132026.0702093,-3.014,-6.713,2.945,-0.113,0.003,2.804,4.05,-2.25,-97.05,10.0
1787132026.0702167,-3.979,-6.369,3.002,-0.23,0.109,2.952,4.8,-0.75,-98.85,10.0
1787132026.2743332,-9.234,-4.085,1.434,-0.208,-0.881,1.837,15.0,13.2,-97.2,80.0
1787132026.2743573,-9.646,-4.125,1.889,-0.092,-1.097,1.719,15.0,14.1,-96.45,80.0
1787132026.2743688,-8.473,-4.068,1.867,0.048,-0.983,1.73,17.7,16.35,-96.15,80.0
1787132026.4775877,-9.213,-3.302,3.519,0.296,0.043,1.365,18.6,25.5,-95.25,78.0
1787132026.6838772,-12.711,-1.803,4.281,-0.065,0.118,-0.173,19.65,30.15,-96.75,76.0
1787132026.6839838,-12.325,-1.796,3.991,-0.031,0.142,-0.374,18.75,29.1,-95.1,76.0
1787132026.6840513,-12.637,-1.709,4.197,-0.002,0.205,-0.56,18.75,29.1,-95.85,76.0
1787132026.889406,-9.613,-3.038,2.799,-0.196,0.31,-2.728,17.4,17.7,-95.25,76.0
1787132026.8894315,-8.95,-3.709,2.727,-0.197,0.242,-2.768,16.2,16.35,-96.45,76.0
1787132026.889443,-8.188,-4.046,2.686,-0.154,0.19,-2.804,15.6,13.5,-96.75,76.0
1787132027.09353,-3.864,-6.44,2.859,-0.192,-0.091,-2.911,7.2,1.65,-97.65,90.0
1787132027.0935547,-1.618,-7.111,2.456,-0.233,0.074,-2.843,7.2,0.15,-97.65,90.0
1787132027.093566,-1.063,-7.393,2.351,-0.3,0.256,-2.757,5.4,-1.35,-96.9,90.0
1787132027.298582,1.92,-8.478,1.839,-0.203,0.626,-1.83,-6.3,-3.45,-98.1,82.0
1787132027.2986066,2.66,-8.523,1.561,-0.214,0.565,-1.691,-8.7,-5.1,-98.7,26.0
1787132027.2986178,2.533,-8.657,1.652,-0.182,0.507,-1.546,-9.0,-3.15,-99.15,26.0
1787132027.5036836,4.913,-9.96,1.233,0.074,0.302,-0.043,-14.7,-3.15,-100.95,25.0
1787132027.5037084,4.554,-9.752,1.346,0.16,0.28,0.115,-15.0,-4.05,-98.7,24.0
1787132027.5037196,4.245,-9.694,1.405,0.179,0.209,0.227,-16.2,-2.85,-101.25,24.0
1787132027.7092755,2.737,-9.483,1.556,0.138,-0.401,0.772,-12.75,-3.6,-99.45,26.0
1787132027.7093003,2.777,-9.33,1.437,0.159,-0.366,0.878,-11.25,-4.8,-99.45,24.0
1787132027.7093112,2.83,-9.445,1.47,0.228,-0.182,1.015,-9.75,-3.6,-98.7,24.0
1787132027.9107084,0.505,-9.402,3.553,-0.037,-0.878,1.273,-3.15,-3.15,-97.2,74.0
1787132027.910738,0.644,-9.646,3.642,-0.122,-1.067,1.416,-3.3,-5.4,-97.05,72.0
1787132027.9125812,0.895,-9.409,3.512,-0.168,-1.07,1.587,-1.95,-5.55,-97.65,72.0
1787132028.1171088,-3.326,-6.965,1.7,0.086,-0.292,2.503,9.0,2.1,-96.9,57.0
1787132028.117133,-4.238,-7.02,1.99,0.151,-0.521,2.413,9.45,7.8,-95.85,63.0
1787132028.3222466,-9.076,-3.072,3.79,0.36,-0.301,2.279,19.35,21.9,-92.25,51.0
1787132028.322274,-9.924,-2.619,3.709,0.339,-0.579,2.189,18.75,22.2,-94.65,51.0
1787132028.322285,-9.622,-2.789,3.73,0.419,-0.627,2.017,18.6,23.85,-92.7,51.0
1787132028.5269656,-12.435,-0.733,5.028,0.238,-0.326,0.941,21.75,30.3,-93.15,70.0
1787132028.5269907,-12.203,-0.91,5.042,0.196,-0.369,0.717,22.35,32.4,-92.25,70.0
1787132028.5270019,-12.072,-0.876,5.116,0.184,-0.192,0.571,21.75,31.8,-91.35,70.0
1787132028.733416,-12.043,-1.008,5.121,0.197,0.03,0.446,21.9,33.6,-91.2,70.0
1787132028.733441,-12.127,-0.843,5.066,0.181,0.117,0.278,21.75,32.55,-91.05,83.0
1787132028.7334533,-11.72,-0.68,4.865,0.139,0.075,0.096,19.8,33.0,-92.4,83.0
1787132028.9371192,-10.551,-2.26,4.441,-0.312,0.17,-2.184,19.8,22.95,-92.85,76.0
1787132028.9371428,-10.211,-2.533,4.295,-0.314,0.104,-2.326,20.25,21.0,-94.65,76.0
1787132028.9371536,-9.785,-2.713,4.168,-0.296,0.094,-2.436,20.85,22.8,-93.45,76.0
1787132029.1416028,-6.783,-4.676,3.129,-0.286,0.299,-2.744,16.2,8.25,-93.9,64.0
1787132029.1416283,-6.321,-5.104,2.761,-0.25,0.195,-2.729,15.75,6.75,-94.35,64.0
1787132029.1416395,-5.49,-5.607,2.784,-0.307,0.127,-2.69,14.85,5.4,-95.25,64.0
1787132029.3466258,-1.597,-7.223,2.674,-0.143,0.061,-2.599,6.0,-3.15,-96.15,77.0
1787132029.34665,-1.061,-7.386,2.54,-0.168,0.021,-2.55,4.2,-4.8,-95.85,29.0
1787132029.3466609,-0.634,-7.506,2.423,-0.233,0.016,-2.441,3.3,-4.5,-96.75,29.0
1787132029.5511296,3.531,-8.507,2.133,-0.22,0.286,-1.474,-6.75,-6.3,-97.95,21.0
1787132029.551155,3.85,-8.765,2.263,-0.181,0.317,-1.287,-7.35,-7.65,-98.1,16.0
1787132029.5511668,4.207,-8.923,2.224,-0.156,0.357,-1.126,-9.3,-6.15,-98.55,16.0
1787132029.7559626,4.623,-9.598,2.2,-0.065,0.082,-0.287,-14.4,-6.15,-98.55,33.0
1787132029.9612184,4.001,-9.385,2.047,0.063,-0.179,0.786,-12.15,-7.65,-98.85,15.0
1787132029.9612432,3.926,-9.38,1.939,0.125,-0.177,0.906,-11.55,-6.45,-97.8,15.0
1787132029.9612548,3.785,-9.366,1.944,0.156,-0.187,0.996,-10.95,-6.75,-98.4,15.0
1787132030.1654716,0.852,-8.602,2.861,0.342,-0.303,1.875,-3.15,-9.0,-95.85,25.0
1787132030.1654966,0.735,-8.176,2.897,0.248,-0.406,1.867,-0.15,-8.25,-95.4,25.0
1787132030.1655076,0.828,-8.181,2.859,0.19,-0.41,1.886,2.85,-8.4,-96.0,17.0
1787132030.370686,-3.414,-6.421,3.579,0.567,0.38,3.065,10.35,-2.25,-95.25,96.0
1787132030.370711,-3.862,-5.94,3.974,0.529,0.529,3.104,11.7,0.45,-93.6,96.0
1787132030.370722,-4.604,-4.963,3.407,0.361,0.707,3.103,12.0,-0.15,-94.65,96.0
1787132030.5757215,-9.17,-1.312,3.711,0.262,-0.287,2.637,17.7,15.9,-96.15,66.0
1787132030.5757468,-9.335,-1.223,3.862,0.214,-0.412,2.315,17.85,16.2,-95.25,66.0
1787132030.5757577,-9.017,-1.338,3.919,0.201,-0.415,2.132,18.9,19.65,-95.55,66.0
1787132030.78046,-11.418,-0.397,5.15,0.366,-0.303,0.998,20.85,28.2,-95.55,63.0
1787132030.7804854,-11.559,-0.273,5.406,0.318,-0.19,0.84,22.05,26.1,-95.85,63.0
1787132030.7804966,-11.791,-0.352,5.6,0.217,-0.136,0.674,21.9,28.5,-94.5,63.0
1787132030.9851694,-12.354,-0.62,5.835,0.02,0.031,-0.245,23.1,29.25,-94.5,68.0
1787132030.9851944,-12.244,-0.488,5.823,-0.085,0.033,-0.401,20.55,29.1,-93.9,68.0
1787132030.9852061,-12.184,-0.393,5.636,-0.178,0.069,-0.541,22.65,28.95,-94.8,68.0
1787132031.1895375,-10.977,-0.723,4.901,-0.285,0.012,-2.223,21.6,22.8,-93.45,61.0
1787132031.1895618,-10.788,-1.101,4.769,-0.34,-0.083,-2.429,22.8,19.05,-93.15,61.0
1787132031.1895728,-10.111,-1.427,4.76,-0.351,-0.117,-2.589,23.25,18.3,-92.1,61.0
1787132031.3928132,-5.689,-5.021,4.513,-0.204,-0.435,-2.823,15.45,-1.35,-91.8,22.0
1787132031.5996182,1.532,-7.171,3.074,-0.777,-0.009,-2.363,-1.8,-10.35,-94.2,19.0
1787132031.599644,2.255,-7.324,3.021,-0.815,0.03,-2.227,-3.15,-11.7,-96.45,19.0
1787132031.5996554,2.942,-7.7,2.761,-0.822,0.087,-2.075,-4.65,-9.45,-95.85,21.0
1787132031.805075,5.394,-9.294,1.58,0.109,0.208,-0.142,-13.35,-8.1,-98.55,22.0
1787132031.8051002,5.227,-9.354,1.75,0.227,0.102,-0.027,-12.15,-6.9,-97.8,23.0
1787132031.8051116,5.028,-9.333,1.992,0.298,-0.001,0.081,-12.9,-7.65,-98.85,23.0
1787132032.0094182,3.644,-9.424,2.89,0.347,0.091,0.856,-10.5,-11.7,-97.2,28.0
1787132032.0094438,3.431,-9.337,3.033,0.361,0.005,0.927,-10.8,-11.1,-96.0,16.0
1787132032.0094552,3.438,-9.112,3.089,0.323,-0.059,1.006,-8.85,-11.85,-94.5,16.0
1787132032.214157,2.356,-8.191,4.041,0.322,-0.116,1.795,-2.55,-11.85,-95.55,22.0
1787132032.2141776,2.014,-8.052,3.883,0.246,0.073,1.893,-0.9,-12.9,-93.9,22.0
1787132032.214184,1.389,-7.963,3.548,0.189,0.208,1.985,0.3,-11.85,-94.2,26.0
1787132032.4185467,-1.769,-5.729,3.306,0.543,1.048,3.355,9.75,-4.8,-94.35,19.0
1787132032.4185731,-4.47,-4.355,3.603,0.461,1.103,3.376,11.7,-3.15,-93.9,19.0
1787132032.4185843,-5.808,-4.147,3.692,0.288,0.828,3.219,11.1,-1.8,-94.8,8.0
1787132032.623273,-8.825,-2.485,3.704,0.005,0.307,2.284,17.4,13.05,-95.25,92.0
1787132032.6232972,-9.407,-2.478,3.694,0.181,0.21,2.11,18.0,13.2,-95.4,92.0
1787132032.6233087,-9.737,-2.014,3.735,0.161,0.117,1.982,18.0,16.8,-96.15,0.0
1787132032.8282328,-11.281,-1.255,4.583,0.123,-0.087,0.984,20.85,23.85,-95.55,26.0
1787132032.8282576,-11.576,-1.053,4.594,0.164,-0.069,0.81,20.4,23.85,-96.0,26.0
1787132032.8282688,-12.014,-0.871,4.623,0.159,-0.137,0.629,20.25,25.2,-96.45,30.0
1787132033.0306919,-11.291,-1.073,4.673,-0.099,0.152,-0.258,21.0,24.45,-95.1,21.0
1787132033.2394123,-10.685,-1.992,3.893,-0.239,-0.052,-2.326,18.9,15.75,-95.25,89.0
1787132033.2394373,-10.094,-1.832,3.797,-0.163,-0.077,-2.573,17.7,15.15,-95.1,89.0
1787132033.2394485,-9.555,-2.145,3.699,-0.194,-0.168,-2.84,16.65,10.8,-94.5,89.0
1787132033.4428122,-4.69,-5.136,3.725,-0.002,-0.603,-3.287,11.1,-2.7,-94.8,0.0
1787132033.442837,-3.45,-5.38,3.718,-0.133,-0.644,-3.268,9.45,-2.85,-93.15,0.0
1787132033.442848,-2.54,-5.866,3.565,-0.247,-0.575,-3.221,6.6,-6.15,-93.45,0.0
1787132033.6472645,2.945,-7.915,2.715,-0.457,0.109,-2.033,-2.55,-11.55,-95.25,29.0
1787132033.6472898,3.874,-8.037,2.605,-0.427,0.186,-1.842,-3.6,-10.35,-94.8,29.0
1787132033.647301,4.276,-8.167,2.502,-0.391,0.188,-1.669,-6.75,-10.2,-95.85,29.0
1787132033.8527277,4.978,-8.806,2.397,-0.093,0.326,-0.496,-13.5,-10.5,-98.7,49.0
1787132033.8527532,4.934,-9.084,2.576,-0.027,0.21,-0.401,-11.7,-9.45,-97.65,49.0
1787132033.8527644,4.901,-9.062,2.617,0.008,0.071,-0.268,-14.7,-8.7,-96.9,49.0
1787132034.056871,4.822,-9.05,2.588,0.169,0.063,0.662,-13.5,-9.75,-97.65,45.0
1787132034.0571406,4.851,-9.009,2.516,0.189,0.035,0.798,-13.5,-11.7,-97.2,15.0
1787132034.0571852,4.784,-8.933,2.442,0.205,0.0,0.932,-12.45,-10.2,-97.95,15.0
1787132034.262521,1.571,-8.021,2.861,0.325,-0.693,1.362,-3.3,-11.1,-94.2,24.0
1787132034.2625458,1.185,-8.234,2.986,0.391,-0.67,1.308,-3.9,-10.95,-95.4,28.0
1787132034.262557,1.149,-8.396,3.036,0.462,-0.577,1.375,-1.8,-10.8,-95.55,28.0
1787132034.4668458,-0.33,-7.946,3.821,0.639,-0.056,1.963,7.8,-8.85,-93.45,32.0
1787132034.4668796,-1.149,-7.678,4.652,0.654,-0.02,2.048,8.25,-8.7,-94.35,32.0
1787132034.4668906,-1.13,-7.281,4.302,0.731,0.04,2.143,11.25,-9.45,-92.85,31.0
1787132034.6697052,-4.736,-4.501,5.339,0.556,0.334,2.208,19.8,-0.9,-89.85,18.0
1787132034.8760023,-9.785,-2.447,6.618,0.271,0.197,1.476,26.25,15.15,-92.1,9.0
1787132034.8760357,-10.216,-1.946,6.524,0.112,0.018,1.099,27.45,16.95,-89.4,9.0
1787132034.8760467,-10.046,-1.99,6.479,0.057,0.038,0.922,26.25,16.35,-89.85,9.0
1787132035.0807354,-10.511,-2.035,6.218,-0.059,0.238,-0.594,27.9,19.65,-90.45,20.0
1787132035.0807607,-10.523,-2.131,6.251,-0.111,0.244,-0.697,26.7,18.45,-91.2,20.0
1787132035.0807726,-10.649,-2.112,6.349,-0.158,0.253,-0.84,26.4,17.7,-91.2,20.0
1787132035.2861664,-9.735,-3.115,5.837,-0.407,0.117,-2.264,23.85,10.8,-93.0,29.0
1787132035.2861915,-9.371,-3.132,5.641,-0.413,0.105,-2.381,21.15,10.05,-91.5,29.0
1787132035.2862034,-8.983,-3.323,5.617,-0.458,0.097,-2.472,22.5,7.5,-91.35,29.0
1787132035.4906056,-3.711,-6.036,4.41,-0.689,-0.457,-3.167,12.75,-5.1,-92.4,27.0
1787132035.4906292,-2.808,-6.014,4.269,-0.565,-0.155,-2.959,12.0,-6.75,-93.9,27.0
1787132035.49064,-2.495,-5.966,4.197,-0.55,0.108,-2.792,10.2,-6.3,-93.9,27.0
1787132035.695259,2.686,-7.209,2.749,-0.782,-0.203,-2.458,-3.9,-12.15,-95.85,36.0
1787132035.695285,3.124,-7.207,2.674,-0.807,-0.24,-2.487,-3.6,-9.15,-97.05,36.0
1787132035.6952958,3.785,-7.113,2.406,-0.839,-0.277,-2.455,-7.5,-9.45,-96.9,36.0
1787132035.900065,5.624,-8.346,1.997,-0.363,0.243,-0.65,-15.0,-7.5,-98.4,25.0
1787132035.9000907,5.674,-8.401,1.767,-0.303,0.183,-0.581,-15.0,-4.8,-99.45,25.0
1787132035.900102,5.818,-8.617,1.741,-0.221,0.158,-0.503,-15.45,-5.85,-97.95,25.0
1787132036.104799,5.729,-8.746,1.978,0.028,-0.13,0.163,-16.65,-6.15,-99.6,30.0
1787132036.1048226,5.681,-8.533,1.906,0.012,-0.289,0.225,-16.95,-4.8,-99.9,30.0
1787132036.1048338,5.964,-8.492,1.86,0.004,-0.314,0.346,-17.1,-5.4,-100.05,30.0
1787132036.3089297,5.164,-8.167,1.987,0.102,0.312,1.523,-13.65,-6.15,-100.05,22.0
1787132036.5148335,-2.66,-5.962,3.548,0.634,1.017,3.642,4.8,-3.75,-97.8,83.0
1787132036.5148656,-4.049,-5.274,3.373,0.435,0.708,3.453,5.4,-5.55,-96.45,83.0
1787132036.5148776,-6.024,-4.669,3.883,0.21,0.072,3.206,6.45,-2.85,-98.4,68.0
1787132036.7198489,-7.549,-2.377,4.822,0.457,0.077,3.093,19.5,9.75,-96.15,63.0
1787132036.7198808,-10.015,-0.611,5.157,0.419,0.068,3.044,18.15,11.1,-96.3,63.0
1787132036.7198923,-12.416,-0.096,5.298,0.245,-0.383,2.847,18.6,14.25,-96.3,76.0
1787132036.924461,-11.052,-0.922,4.99,0.169,-0.048,0.817,23.4,21.9,-93.75,55.0
1787132036.9244852,-11.416,-0.821,5.052,0.161,0.056,0.698,22.05,22.5,-93.9,55.0
1787132036.9244962,-11.631,-0.673,5.025,0.101,-0.094,0.502,24.3,24.9,-93.15,73.0
1787132037.129046,-10.163,-0.79,5.2,-0.036,0.025,-0.228,23.85,23.85,-94.2,77.0
1787132037.129073,-10.142,-0.788,5.179,-0.005,0.048,-0.277,23.55,24.9,-93.9,77.0
1787132037.1290836,-9.934,-0.941,5.128,0.046,0.117,-0.359,23.55,25.2,-93.9,77.0
1787132037.3342693,-9.802,-1.609,5.102,0.011,0.499,-0.968,23.55,20.55,-94.65,69.0
1787132037.334295,-9.895,-1.772,5.061,-0.03,0.367,-1.084,21.15,16.5,-96.0,69.0
1787132037.3343062,-10.068,-1.602,5.042,-0.08,0.261,-1.188,22.5,17.55,-95.85,69.0
1787132037.5388505,-9.39,-3.297,4.259,-0.119,0.09,-1.892,19.8,8.7,-95.1,56.0
1787132037.538891,-9.426,-3.67,4.41,-0.088,0.003,-2.072,16.65,6.45,-96.0,56.0
1787132037.5389023,-9.318,-3.831,4.324,-0.111,-0.145,-2.249,15.6,7.2,-95.55,56.0
1787132037.7431884,-4.638,-5.909,4.513,-0.308,-0.803,-3.21,8.85,-5.4,-94.2,59.0
1787132037.743214,-3.713,-6.002,4.515,-0.392,-0.807,-3.217,7.95,-5.85,-93.6,59.0
1787132037.7432249,-3.074,-6.46,4.336,-0.38,-0.683,-3.179,7.2,-8.7,-93.15,59.0
1787132037.9465551,0.771,-6.986,3.67,-0.692,-0.288,-2.554,-4.05,-12.3,-93.75,34.0
1787132038.153458,6.364,-8.464,2.631,-0.177,0.469,-0.328,-18.9,-8.1,-98.1,21.0
1787132038.1534836,6.507,-8.559,2.586,-0.109,0.427,-0.223,-20.1,-7.65,-97.5,19.0
1787132038.1534944,6.041,-8.691,2.722,-0.037,0.364,-0.128,-18.6,-7.65,-96.75,19.0
1787132038.3577356,4.561,-8.392,3.311,0.151,-0.008,0.824,-19.05,-10.2,-95.85,26.0
1787132038.3577597,4.477,-8.341,3.275,0.17,-0.043,0.936,-20.1,-8.1,-94.5,34.0
1787132038.3577707,4.539,-8.392,3.364,0.184,-0.063,1.041,-18.0,-10.5,-95.4,34.0
1787132038.5644293,2.452,-8.107,3.395,0.375,0.038,2.438,-10.05,-12.3,-96.0,29.0
1787132038.564457,1.903,-7.954,3.881,0.444,0.038,2.542,-8.85,-13.05,-95.55,83.0
1787132038.5644677,1.037,-7.19,3.637,0.41,0.017,2.605,-5.1,-12.3,-96.0,83.0
1787132038.767092,-4.307,-5.207,4.501,0.223,-0.204,2.768,7.5,-7.05,-93.9,82.0
1787132038.7671175,-5.073,-4.808,4.604,0.234,-0.253,2.706,10.05,-4.2,-94.2,65.0
1787132038.7671297,-4.992,-4.638,4.621,0.364,-0.187,2.708,10.05,-4.95,-93.45,65.0
1787132038.9738917,-8.483,-2.598,5.447,0.283,-0.675,2.107,21.3,6.75,-94.65,75.0
1787132038.9739168,-8.945,-2.042,5.772,0.409,-0.424,1.841,22.8,8.7,-92.85,78.0
1787132039.1768277,-10.642,-1.439,6.517,0.162,-0.015,1.066,26.4,16.95,-91.95,36.0
1787132039.1768596,-10.956,-1.429,6.771,0.062,-0.13,0.834,26.7,16.5,-91.95,36.0
1787132039.1768718,-10.846,-1.59,6.922,0.017,-0.185,0.598,27.15,16.95,-91.2,11.0
1787132039.381759,-9.95,-1.489,6.381,-0.256,-0.037,-0.491,27.45,19.65,-90.75,12.0
1787132039.3817847,-9.723,-1.389,6.34,-0.264,0.046,-0.58,27.15,18.45,-90.45,12.0
1787132039.381796,-9.618,-1.482,6.385,-0.285,0.161,-0.658,27.9,17.7,-88.65,14.0
1787132039.585095,-9.948,-2.217,4.97,-0.233,0.846,-1.641,24.3,12.9,-91.05,34.0
1787132039.7923772,-3.5,-5.933,4.448,-0.444,-0.059,-3.013,7.5,-6.75,-94.65,74.0
1787132039.7924032,-2.667,-6.06,4.307,-0.4,0.138,-2.791,5.7,-7.8,-95.4,74.0
1787132039.7924142,-1.923,-6.158,3.929,-0.396,0.292,-2.726,3.3,-8.1,-94.8,74.0
1787132039.9962373,1.209,-7.961,2.885,-0.13,0.609,-1.978,-9.45,-10.5,-96.15,25.0
1787132039.9962626,1.712,-8.016,2.907,-0.113,0.321,-1.956,-10.95,-10.2,-96.9,25.0
1787132039.9962738,3.065,-8.114,2.825,-0.053,0.189,-1.87,-12.15,-10.8,-95.25,25.0
1787132040.202119,3.737,-9.0,4.013,0.1,0.207,-0.374,-20.55,-9.75,-96.15,26.0
1787132040.202145,3.464,-8.945,4.377,0.075,0.125,-0.283,-20.25,-11.4,-94.65,26.0
1787132040.2021565,3.462,-8.859,4.334,0.006,0.108,-0.142,-21.3,-10.95,-96.15,26.0
1787132040.405806,3.041,-9.108,4.128,-0.096,-0.219,0.525,-19.65,-11.1,-94.8,17.0
1787132040.4058309,3.093,-9.076,4.144,-0.083,-0.26,0.646,-19.65,-9.6,-96.0,17.0
1787132040.4058418,3.314,-8.99,4.274,-0.034,-0.226,0.877,-18.6,-10.8,-96.3,17.0
1787132040.610527,0.634,-7.975,3.366,-0.288,-0.094,2.207,-10.35,-10.8,-96.75,18.0
1787132040.6105523,-0.328,-7.784,3.096,-0.57,-0.502,2.063,-8.7,-9.0,-97.65,18.0
1787132040.610563,-0.407,-8.432,3.335,-0.482,-0.511,2.289,-6.3,-8.4,-97.05,18.0
1787132040.8151839,-3.845,-6.129,2.749,-0.256,-0.031,3.222,2.1,-3.45,-98.55,84.0
1787132040.8152087,-4.113,-6.366,3.881,-0.198,-0.028,3.175,3.45,-1.65,-98.7,84.0
1787132040.8152206,-5.377,-5.174,2.049,-0.286,-0.067,3.173,4.8,-0.75,-99.3,80.0
1787132041.0206718,-9.639,-1.46,2.947,-0.309,-0.73,2.422,14.7,15.15,-97.95,76.0
1787132041.0206966,-9.45,-1.863,2.976,-0.163,-0.491,2.286,15.6,18.15,-97.05,76.0
1787132041.0207076,-9.16,-1.681,2.897,-0.013,-0.241,2.191,15.0,18.75,-97.65,63.0
1787132041.2227368,-11.48,-0.031,4.456,0.079,-0.33,1.023,19.8,28.35,-95.4,67.0
1787132041.4296262,-11.617,-0.223,4.111,-0.009,0.409,-1.378,18.15,25.5,-96.0,72.0
1787132041.4296515,-11.303,-0.345,3.903,-0.002,0.356,-1.46,17.7,25.2,-96.45,72.0
1787132041.4296632,-11.138,-0.572,3.706,0.028,0.32,-1.621,17.85,24.3,-96.3,72.0
1787132041.6350858,-8.851,-2.049,3.639,0.181,-0.207,-2.733,17.7,11.4,-97.65,71.0
1787132041.6351814,-9.632,-2.047,3.555,0.127,-0.221,-2.583,17.1,10.8,-96.75,71.0
1787132041.6351936,-8.566,-2.473,3.376,0.178,-0.117,-2.557,15.6,8.4,-96.75,71.0
1787132041.839867,-3.084,-6.287,3.792,-0.575,-0.387,-3.237,5.85,-6.45,-94.2,21.0
1787132041.839893,-2.682,-6.323,3.697,-0.601,-0.263,-3.07,6.6,-6.9,-94.5,21.0
1787132041.839904,-1.784,-6.804,3.44,-0.589,-0.187,-2.999,2.85,-7.2,-95.25,21.0
1787132042.0444007,2.789,-7.226,2.447,-0.349,-0.281,-2.629,-7.8,-10.05,-96.75,25.0
1787132042.0444255,3.582,-7.35,2.315,-0.422,-0.126,-2.297,-9.6,-10.05,-97.5,25.0
1787132042.0444365,4.257,-7.879,2.26,-0.39,0.072,-2.099,-11.7,-10.2,-97.65,25.0
1787132042.2494016,6.084,-8.641,3.548,-0.097,0.272,-0.496,-18.15,-7.65,-98.1,37.0
1787132042.2494268,5.758,-8.729,3.402,-0.158,0.329,-0.316,-16.95,-9.0,-99.15,37.0
1787132042.2494378,5.473,-8.904,3.225,-0.172,0.292,-0.218,-18.0,-8.7,-98.4,37.0
1787132042.4541612,4.568,-8.703,3.084,0.019,-0.153,0.291,-18.3,-8.7,-98.4,32.0
1787132042.4541862,4.618,-8.691,3.012,-0.047,-0.095,0.382,-18.9,-8.85,-98.55,32.0
1787132042.454197,4.987,-8.827,2.806,-0.096,-0.037,0.455,-17.85,-8.1,-98.1,32.0
1787132042.6596396,4.515,-9.167,2.811,0.135,0.352,1.611,-15.15,-8.85,-97.05,23.0
1787132042.659663,3.68,-8.827,2.983,0.181,0.225,1.693,-15.9,-7.2,-97.5,23.0
1787132042.6596744,3.11,-8.744,3.081,0.176,-0.038,1.719,-13.5,-9.45,-96.15,23.0
1787132042.8617036,0.39,-7.633,3.189,0.491,-0.324,2.47,0.15,-9.0,-96.15,31.0
1787132043.0705101,-8.14,-1.935,4.286,-0.113,-0.703,2.737,16.5,7.05,-96.15,22.0
1787132043.0705347,-8.43,-2.057,4.542,-0.101,-0.819,2.427,18.3,9.45,-93.9,22.0
1787132043.070546,-8.401,-1.367,4.767,-0.028,-0.608,2.538,19.35,11.1,-95.55,23.0
1787132043.273078,-12.031,-0.52,4.343,-0.081,-0.305,0.91,22.35,23.85,-94.2,21.0
1787132043.2731018,-11.7,-0.807,4.434,-0.023,-0.313,0.693,21.9,23.55,-94.8,21.0
1787132043.2731128,-11.619,-0.855,4.59,0.06,-0.185,0.619,22.05,25.2,-93.6,20.0
1787132043.4781497,-11.349,-0.941,4.841,-0.029,0.153,-0.577,23.1,23.85,-94.2,24.0
1787132043.4781754,-11.104,-1.159,4.774,-0.077,0.186,-0.699,21.6,23.85,-94.2,24.0
1787132043.4781866,-10.949,-1.111,4.7,-0.078,0.181,-0.813,22.35,22.8,-94.8,23.0
1787132043.6826525,-11.162,-1.463,4.707,-0.328,-0.137,-2.71,21.6,15.0,-94.8,14.0
1787132043.6826806,-10.4,-2.174,4.642,-0.302,-0.096,-2.813,19.65,11.85,-95.25,21.0
1787132043.6826918,-8.878,-3.373,4.348,-0.246,-0.035,-2.832,20.85,10.8,-96.3,21.0
1787132043.8873053,-5.339,-5.107,3.757,-0.292,-0.034,-2.932,13.65,-0.3,-94.5,10.0
1787132043.8873315,-4.752,-5.456,3.577,-0.296,0.003,-2.888,11.7,-1.65,-95.4,10.0
1787132043.8873427,-4.52,-5.727,3.218,-0.346,-0.062,-2.899,9.75,-3.15,-94.35,10.0
1787132044.0925515,-0.649,-7.336,3.529,-0.346,-0.032,-2.7,1.35,-8.85,-94.2,23.0
1787132044.0925763,0.108,-7.286,3.634,-0.328,-0.133,-2.658,-1.2,-9.75,-96.15,23.0
1787132044.0925877,0.876,-7.113,3.357,-0.39,-0.242,-2.536,-2.1,-9.6,-96.3,23.0
1787132044.2976222,5.574,-8.717,1.726,-0.217,0.123,-0.905,-12.75,-7.8,-98.4,26.0
1787132044.2976484,5.804,-8.705,1.798,-0.165,0.102,-0.731,-14.1,-8.85,-99.3,26.0
1787132044.2976592,5.665,-8.803,1.935,-0.076,0.146,-0.582,-15.0,-7.5,-98.7,26.0
1787132044.5001404,3.984,-9.311,2.904,0.14,-0.207,0.183,-15.15,-8.85,-98.85,26.0
1787132044.7065678,5.1,-9.031,3.201,0.147,-0.072,1.728,-9.0,-8.25,-97.95,36.0
1787132044.7065935,4.52,-8.296,2.863,0.224,-0.025,1.94,-8.1,-9.6,-98.55,33.0
1787132044.7066047,3.804,-7.927,2.732,0.239,0.087,2.122,-7.2,-8.25,-95.85,33.0
1787132044.9113228,-1.128,-5.93,2.452,0.173,0.578,3.035,4.95,-6.75,-96.45,12.0
1787132044.9113474,-2.488,-6.39,2.744,0.335,0.674,3.11,6.0,-5.55,-95.1,24.0
1787132044.911358,-3.041,-6.172,2.421,0.469,0.635,3.053,6.6,-3.0,-97.05,24.0
1787132045.116093,-9.266,-2.605,2.67,0.02,0.741,3.012,12.9,6.9,-100.05,15.0
1787132045.1161187,-11.044,-1.858,2.263,-0.101,0.092,2.723,12.9,9.6,-98.85,22.0
1787132045.1161304,-10.549,-2.535,2.047,-0.102,-0.609,2.168,12.45,10.5,-99.15,22.0
1787132045.3213565,-10.97,-1.401,2.844,0.125,-0.265,1.456,18.9,20.4,-98.85,27.0
1787132045.3213823,-10.807,-1.267,2.818,0.379,-0.268,1.345,18.0,19.8,-97.65,22.0
1787132045.3213933,-10.805,-1.041,3.1,0.465,-0.158,1.205,18.0,21.0,-97.95,22.0
1787132045.5262756,-13.329,-0.759,4.515,0.064,-0.106,0.204,20.25,22.2,-97.65,21.0
1787132045.5263014,-12.852,-0.776,4.621,-0.026,-0.17,0.033,19.65,21.9,-98.55,21.0
1787132045.5263126,-12.783,-1.037,4.748,-0.049,-0.004,-0.106,19.35,22.35,-100.8,28.0
1787132045.7306032,-12.754,-0.373,3.129,-0.185,0.577,-2.103,17.1,19.2,-100.05,31.0
1787132045.730629,-12.404,-0.716,2.89,-0.093,0.489,-2.4,15.6,17.7,-100.35,20.0
1787132045.7306404,-12.026,-0.795,2.823,0.018,0.437,-2.643,15.75,14.85,-100.5,20.0
1787132045.9351532,-7.8,-3.247,2.143,-0.045,0.132,-3.602,6.45,3.15,-97.95,12.0
1787132045.9351768,-6.96,-3.201,2.291,-0.139,0.152,-3.585,6.0,2.85,-99.15,12.0
1787132045.935188,-5.827,-3.881,1.987,-0.254,0.141,-3.687,4.35,0.3,-100.05,21.0
1787132046.1394422,1.132,-6.95,1.597,-0.431,0.113,-3.061,-10.05,-4.5,-98.55,16.0
1787132046.1394677,2.44,-7.851,1.547,-0.423,0.297,-2.506,-12.9,-2.7,-101.1,15.0
1787132046.3456306,4.846,-9.704,0.984,-0.164,0.048,-0.281,-24.0,0.15,-100.5,26.0
1787132046.3456564,4.599,-9.852,1.053,-0.078,0.133,-0.132,-22.8,-0.45,-99.9,26.0
1787132046.345669,4.051,-9.874,1.104,-0.03,0.201,-0.003,-23.4,1.5,-99.6,26.0
1787132046.5497413,2.82,-9.828,1.3,-0.038,-0.085,0.344,-22.35,1.5,-99.6,27.0
1787132046.5497649,2.794,-9.783,1.343,-0.012,-0.134,0.412,-21.6,0.75,-100.05,27.0
1787132046.5497763,2.919,-9.79,1.31,-0.019,-0.278,0.424,-22.5,0.45,-99.9,27.0
1787132046.7552547,1.312,-11.248,-0.649,-0.294,-0.248,1.587,-15.9,1.5,-102.15,19.0
1787132046.7552812,1.635,-9.388,0.196,-0.08,-0.462,1.846,-14.7,1.65,-102.0,19.0
1787132046.7552922,1.068,-9.187,-0.081,0.178,-0.901,1.786,-13.95,3.6,-103.5,19.0
1787132046.959351,-0.405,-7.846,1.417,0.702,-0.675,2.24,-0.45,0.45,-100.2,77.0
1787132046.9593763,-0.74,-7.884,1.899,0.736,-0.544,2.38,0.6,0.75,-100.05,77.0
1787132046.9593875,-1.64,-7.829,2.375,0.747,-0.458,2.598,1.65,0.45,-99.45,77.0
1787132047.1646705,-7.027,-4.183,2.322,0.162,-0.223,2.849,12.9,8.85,-98.85,58.0
1787132047.1646953,-7.039,-4.08,2.442,0.192,-0.147,2.579,12.15,11.85,-97.5,58.0
1787132047.1647077,-7.527,-4.164,2.514,0.238,-0.199,2.422,14.25,12.45,-97.95,58.0
1787132047.3694224,-10.02,-1.214,4.07,0.449,-0.643,2.134,18.9,21.9,-97.5,75.0
1787132047.369448,-10.53,-1.118,4.338,0.369,-0.801,1.962,20.1,24.3,-96.0,72.0
1787132047.369459,-10.999,-1.221,4.662,0.284,-0.819,1.759,20.25,23.25,-94.65,72.0
1787132047.5735877,-11.679,-1.025,4.638,-0.022,-0.097,0.592,20.4,32.85,-94.2,0.0
1787132047.5736136,-11.492,-0.919,4.468,0.034,0.032,0.484,21.0,31.8,-94.65,0.0
1787132047.5736246,-11.439,-0.838,4.506,0.041,0.1,0.425,21.9,32.85,-95.55,0.0
1787132047.7787435,-11.404,-0.421,3.986,-0.123,0.189,-0.601,21.3,31.05,-93.15,24.0
1787132047.9842644,-10.139,-2.832,4.439,-0.193,0.38,-3.044,18.75,15.15,-95.85,66.0
1787132047.9842908,-9.562,-3.247,4.108,-0.214,0.343,-3.122,19.35,13.8,-95.55,66.0
1787132047.9843018,-8.404,-3.759,4.022,-0.188,0.334,-3.087,18.6,10.8,-95.25,66.0
1787132048.188652,-2.047,-6.048,2.966,-0.571,-0.002,-3.233,7.2,-1.65,-96.45,16.0
1787132048.1886766,-1.551,-6.148,2.794,-0.577,0.122,-3.07,7.05,-3.0,-97.05,16.0
1787132048.1886876,-0.917,-6.608,2.528,-0.549,0.239,-2.884,5.1,-4.95,-96.3,16.0
1787132048.3948839,2.765,-7.377,1.46,-0.41,0.207,-2.069,-7.8,-5.4,-98.85,25.0
1787132048.3949096,3.584,-7.693,1.35,-0.403,0.05,-1.921,-9.3,-6.9,-98.85,25.0
1787132048.3949213,4.417,-7.87,1.29,-0.408,-0.1,-1.764,-10.05,-5.7,-99.3,25.0
1787132048.5982647,5.782,-9.67,1.231,0.079,0.239,0.148,-14.7,-2.1,-100.2,25.0
1787132048.5982897,5.447,-9.606,1.319,0.21,0.274,0.327,-15.75,-3.15,-101.25,25.0
1787132048.598301,4.755,-9.455,1.542,0.239,0.231,0.366,-13.65,-3.75,-99.6,25.0
1787132048.8032353,3.385,-9.462,1.973,-0.042,-0.178,0.435,-12.9,-5.4,-98.85,28.0
1787132048.803264,3.689,-9.591,1.956,-0.052,-0.138,0.506,-13.2,-5.85,-99.9,28.0
1787132048.8032749,3.721,-9.637,1.958,-0.016,-0.152,0.581,-12.45,-5.1,-99.45,28.0
1787132049.007537,2.145,-9.263,1.401,0.57,-0.47,1.58,-6.75,-5.55,-100.2,14.0
1787132049.007562,2.65,-9.151,1.487,0.644,-0.239,1.655,-4.95,-6.75,-98.4,14.0
1787132049.0075727,2.737,-9.009,2.002,0.582,-0.042,1.676,-4.35,-7.65,-99.3,14.0
1787132049.2132282,-0.776,-7.022,2.655,0.592,0.457,2.756,3.45,-4.8,-97.95,11.0
1787132049.213254,-0.919,-7.027,3.007,0.582,0.351,2.936,4.2,-4.8,-97.2,11.0
1787132049.213265,-2.219,-6.048,3.041,0.488,0.281,2.981,4.35,-3.0,-96.75,11.0
1787132049.4148865,-5.76,-3.352,3.158,0.131,0.249,3.373,13.5,8.25,-97.2,10.0
1787132049.6220107,-11.258,0.654,3.644,0.115,-0.558,1.571,19.35,31.95,-97.05,22.0
1787132049.6220362,-10.853,0.508,3.876,0.153,-0.526,1.453,19.35,31.95,-96.3,22.0
1787132049.6220477,-11.116,0.577,4.12,0.201,-0.419,1.32,20.55,33.0,-95.85,21.0
1787132049.8264792,-12.043,1.051,4.693,0.105,0.013,0.291,19.35,35.85,-95.55,20.0
1787132049.8265042,-12.091,1.132,4.791,0.076,-0.027,0.172,19.5,36.15,-95.1,20.0
1787132049.8265154,-12.112,0.915,4.944,0.043,-0.026,0.059,20.25,34.95,-95.85,25.0
1787132050.0313897,-13.24,0.579,4.573,-0.131,0.039,-1.467,18.0,32.55,-96.15,21.0
1787132050.031415,-12.833,0.673,4.556,-0.128,-0.012,-1.698,19.8,31.5,-96.15,21.0
1787132050.0314262,-12.141,0.874,4.46,-0.16,0.062,-1.861,20.55,31.5,-97.2,29.0
1787132050.236259,-9.409,-0.22,2.954,-0.153,0.103,-3.093,19.5,18.75,-95.4,27.0
1787132050.2362833,-8.703,-0.9,2.82,-0.131,0.16,-3.147,19.35,15.75,-95.55,27.0
1787132050.2362945,-8.078,-1.578,2.717,-0.112,0.19,-3.229,16.65,12.75,-96.3,19.0
1787132050.4410207,-3.388,-5.339,3.357,-0.163,-0.297,-3.348,9.6,-0.75,-96.3,40.0
1787132050.4410465,-2.698,-5.787,3.412,-0.165,-0.145,-3.315,7.2,-2.4,-95.1,40.0
1787132050.4410574,-2.387,-6.328,3.476,-0.108,0.045,-3.233,6.3,-2.7,-96.3,10.0
1787132050.6462886,3.85,-7.894,2.492,-0.269,0.492,-2.035,-6.6,-9.6,-97.8,19.0
1787132050.6463137,3.625,-7.913,2.397,-0.201,0.558,-1.864,-9.6,-8.4,-96.75,19.0
1787132050.6463253,3.615,-8.028,2.339,-0.181,0.419,-1.752,-11.25,-9.0,-97.2,21.0
1787132050.8502617,5.059,-8.947,3.012,0.178,0.037,-0.682,-17.4,-9.15,-96.75,26.0
1787132050.8502882,5.179,-8.803,3.124,0.242,0.116,-0.501,-16.35,-8.4,-97.05,26.0
1787132050.8502998,5.064,-8.768,3.263,0.216,0.254,-0.272,-18.3,-9.45,-97.2,26.0
1787132051.0536683,4.858,-8.835,4.113,-0.081,0.102,0.473,-18.75,-10.95,-96.9,36.0
1787132051.2605484,1.058,-8.55,1.03,-0.185,0.015,2.603,-3.45,-5.55,-100.5,35.0
1787132051.2605739,1.063,-8.531,0.979,-0.071,0.038,2.793,-4.8,-4.5,-99.3,35.0
1787132051.2605853,0.251,-7.824,1.185,-0.03,0.127,3.003,-2.4,-3.6,-100.5,35.0
1787132051.4654675,-5.502,-3.938,2.739,-0.096,0.278,3.879,8.85,4.95,-100.8,87.0
1787132051.4654937,-6.57,-3.065,2.555,-0.164,0.17,3.817,9.3,8.1,-100.8,87.0
1787132051.465505,-7.379,-2.636,2.624,-0.251,-0.162,3.494,10.8,8.85,-100.35,87.0
1787132051.6702495,-10.803,0.328,2.923,0.07,-0.766,2.516,17.25,26.85,-96.15,22.0
1787132051.6702745,-11.186,0.498,3.06,0.079,-0.803,2.337,15.75,27.15,-98.4,22.0
1787132051.6702855,-11.32,0.85,3.177,0.047,-0.822,1.921,16.5,31.05,-96.9,22.0
1787132051.874114,-11.83,0.924,4.087,0.143,-0.296,0.842,18.75,34.95,-94.65,19.0
1787132051.8741531,-12.064,1.008,4.233,0.222,-0.186,0.774,19.05,34.95,-95.85,19.0
1787132051.876757,-12.524,1.288,4.405,0.203,-0.109,0.537,19.5,35.7,-95.1,19.0
1787132052.0805523,-12.656,1.415,4.714,0.034,0.158,-0.492,19.5,36.9,-95.4,18.0
1787132052.080578,-12.517,1.413,4.717,-0.055,0.179,-0.643,18.75,35.7,-95.4,18.0
1787132052.0805895,-11.765,1.044,4.465,-0.118,0.23,-0.793,19.8,36.15,-97.2,33.0
1787132052.2842622,-10.968,0.22,3.565,-0.15,0.302,-1.812,18.75,30.6,-96.45,18.0
1787132052.2842877,-11.159,0.079,3.476,-0.101,0.244,-1.982,17.85,30.15,-95.55,18.0
1787132052.284299,-11.411,0.91,3.541,-0.063,0.152,-2.157,17.85,27.0,-97.05,28.0
1787132052.4906192,-8.432,-2.863,3.227,0.013,-0.295,-3.354,18.15,11.85,-96.3,37.0
1787132052.4906442,-8.449,-3.512,3.44,0.091,-0.029,-3.249,16.35,8.1,-95.25,37.0
1787132052.4906554,-8.389,-3.002,3.687,0.09,0.015,-3.319,15.15,6.45,-96.0,26.0
1787132052.6923857,0.026,-6.05,2.851,-0.491,-0.172,-3.454,2.55,-8.4,-96.75,27.0
1787132052.8991656,5.432,-9.385,3.282,0.258,0.269,-0.455,-17.25,-9.75,-97.95,28.0
1787132052.899192,5.619,-9.354,3.62,0.293,0.316,-0.206,-16.35,-10.05,-97.5,28.0
1787132052.8992045,5.516,-9.239,3.699,0.236,0.32,-0.057,-17.1,-10.05,-97.05,28.0
1787132053.103443,4.161,-8.782,3.57,-0.145,0.035,0.784,-16.95,-10.2,-98.4,36.0
1787132053.103468,4.041,-8.775,3.443,-0.178,0.072,0.904,-16.2,-9.45,-97.65,36.0
1787132053.1034787,3.721,-8.665,3.349,-0.223,0.016,0.966,-14.85,-9.15,-96.0,36.0
1787132053.3082492,2.105,-8.686,2.121,-0.271,0.021,2.063,-6.0,-6.75,-99.15,27.0
1787132053.308275,1.259,-8.753,2.049,-0.162,-0.213,2.109,-6.3,-8.1,-99.6,27.0
1787132053.308286,0.948,-8.495,1.906,-0.016,-0.425,2.116,-3.9,-5.55,-98.4,27.0
1787132053.5134132,-3.503,-5.473,3.297,0.272,0.408,3.29,8.7,0.9,-97.95,86.0
1787132053.5134385,-4.616,-5.365,3.443,0.339,0.256,3.364,7.95,-0.15,-97.65,86.0
1787132053.5134494,-4.918,-4.855,3.239,0.304,0.242,3.285,9.6,3.45,-98.1,86.0
1787132053.718212,-9.234,-2.219,3.215,0.276,-0.08,2.369,18.6,13.5,-97.5,21.0
1787132053.7182367,-9.847,-2.274,3.247,0.138,-0.499,2.131,17.1,15.75,-96.0,21.0
1787132053.7182493,-9.438,-2.667,3.414,0.195,-0.712,2.043,18.9,17.7,-94.5,21.0
1787132053.9229143,-10.716,-0.654,4.398,0.401,0.272,1.8,21.3,23.25,-95.4,21.0
1787132053.922939,-11.219,-0.529,4.446,0.247,0.173,1.623,19.5,25.2,-96.15,18.0
1787132053.9229505,-11.724,-0.702,4.676,0.233,0.081,1.477,23.4,26.55,-96.0,18.0
1787132054.1273546,-12.1,-0.345,4.604,0.061,0.287,0.138,21.6,28.95,-96.3,21.0
1787132054.1273801,-12.39,-0.01,4.501,-0.024,0.287,-0.013,20.55,29.55,-97.2,23.0
1787132054.1273918,-12.124,-0.05,4.305,-0.133,0.221,-0.198,20.4,30.15,-98.85,23.0
1787132054.3319223,-12.184,-0.266,2.849,0.092,0.539,-1.411,16.95,25.65,-99.15,17.0
1787132054.537441,-5.626,-4.178,3.804,-0.397,-0.438,-3.304,12.9,0.75,-95.25,16.0
1787132054.5374672,-5.033,-4.614,3.792,-0.566,-0.531,-3.327,10.95,-0.9,-96.9,16.0
1787132054.7417424,1.707,-7.183,2.509,-0.386,0.295,-2.565,0.9,-9.0,-96.45,14.0
1787132054.7417674,1.587,-7.01,2.382,-0.404,0.337,-2.509,-1.95,-9.0,-95.1,14.0
1787132054.741779,1.551,-7.065,2.267,-0.486,0.184,-2.432,-4.65,-8.25,-95.85,14.0
1787132054.9472578,5.504,-8.294,2.217,-0.13,0.22,-1.162,-15.15,-8.85,-98.85,35.0
1787132054.9472837,5.713,-8.447,2.327,-0.055,0.204,-0.937,-14.7,-7.8,-97.95,35.0
1787132054.9472947,6.124,-8.562,2.5,0.043,0.256,-0.712,-14.7,-7.8,-97.95,35.0
1787132055.151489,5.464,-8.595,3.06,-0.034,0.218,0.686,-17.1,-7.2,-98.1,31.0
1787132055.1515152,5.277,-8.526,2.974,-0.088,0.049,0.794,-16.5,-8.25,-97.65,31.0
1787132055.1515267,5.21,-8.564,2.928,-0.137,-0.142,0.919,-15.6,-8.1,-99.3,31.0
1787132055.356036,2.397,-8.325,1.417,0.274,-0.285,2.335,-7.35,-7.65,-98.85,23.0
1787132055.3560607,1.705,-7.805,1.389,0.386,-0.333,2.327,-5.4,-6.75,-97.65,23.0
1787132055.3560717,1.444,-7.554,1.417,0.416,-0.291,2.342,-4.05,-8.1,-98.85,23.0
1787132055.5609548,-1.645,-6.644,2.662,0.885,0.383,3.003,5.1,-3.75,-97.8,25.0
1787132055.560982,-2.392,-6.211,3.105,0.975,0.542,3.278,6.6,-3.0,-96.0,25.0
1787132055.5609963,-3.242,-5.811,3.481,1.018,0.625,3.363,7.2,-3.15,-97.95,25.0
1787132055.7663677,-8.638,-2.794,3.941,0.175,0.345,2.706,18.0,9.45,-97.65,29.0
1787132055.7663922,-9.038,-2.593,3.989,0.152,0.093,2.549,19.35,9.15,-96.75,29.0
1787132055.766403,-8.736,-2.342,3.984,0.135,-0.047,2.41,18.75,12.45,-96.45,29.0
1787132055.9704905,-11.056,-0.625,4.75,0.163,-0.09,1.372,21.3,21.75,-96.15,34.0
1787132055.9705162,-11.875,-0.23,4.76,-0.013,0.155,1.097,20.4,25.05,-97.05,34.0
1787132056.1755211,-12.04,-0.843,4.199,0.005,0.35,-1.135,20.85,25.05,-97.5,15.0
1787132056.1755466,-12.021,-0.663,4.187,-0.018,0.288,-1.329,21.6,23.85,-96.75,28.0
1787132056.1755583,-11.971,-0.725,4.113,-0.089,0.159,-1.553,19.35,22.8,-97.8,28.0
1787132056.3808334,-9.052,-2.756,4.271,-0.062,-0.027,-2.712,18.9,11.1,-96.0,21.0
1787132056.3808675,-8.926,-3.187,4.417,-0.074,0.1,-2.744,19.5,8.7,-96.15,22.0
1787132056.3809433,-8.679,-3.323,4.446,-0.137,0.061,-2.849,18.75,6.75,-96.15,22.0
1787132056.5852413,-3.876,-5.25,3.381,-0.592,-0.163,-3.168,7.8,-6.45,-95.25,20.0
1787132056.5852673,-2.768,-5.789,3.067,-0.57,-0.058,-3.09,5.7,-4.8,-96.15,29.0
1787132056.5852783,-2.179,-6.139,2.89,-0.6,-0.104,-3.078,3.9,-7.05,-95.1,29.0
1787132056.7898643,3.728,-7.915,2.037,-0.385,0.336,-1.933,-9.0,-9.45,-97.65,28.0
1787132056.78989,4.005,-8.09,2.253,-0.22,0.342,-1.605,-9.0,-9.0,-96.9,21.0
1787132056.7899027,4.262,-8.143,2.43,-0.17,0.3,-1.456,-11.25,-7.5,-97.95,21.0
1787132056.9951427,5.169,-9.23,2.751,-0.026,0.242,-0.22,-16.95,-7.5,-97.95,24.0
1787132056.995168,4.752,-9.172,2.871,-0.02,0.185,-0.131,-15.9,-7.65,-99.3,24.0
1787132056.995179,4.511,-9.081,2.849,-0.031,0.09,-0.058,-15.9,-7.65,-100.05,19.0
1787132057.1995966,3.146,-9.127,2.636,0.121,-0.07,0.438,-15.75,-7.5,-98.7,20.0
1787132057.1996224,3.51,-9.019,2.507,0.08,-0.086,0.476,-16.2,-7.5,-97.95,20.0
1787132057.1996336,3.903,-9.06,2.356,0.014,-0.04,0.513,-15.0,-7.05,-98.7,23.0
1787132057.404229,3.654,-8.859,2.253,0.1,0.268,1.551,-9.6,-8.1,-98.85,22.0
1787132057.404252,2.061,-8.803,2.26,0.347,0.188,1.828,-8.7,-8.7,-99.15,22.0
1787132057.404263,1.76,-8.576,2.392,0.529,0.038,1.902,-7.5,-8.7,-98.4,13.0
1787132057.609198,-0.283,-7.271,3.184,0.552,0.118,2.457,0.6,-9.15,-96.3,25.0
1787132057.8137496,-8.559,-3.127,3.862,0.137,0.417,2.45,16.35,8.85,-97.5,11.0
1787132057.813774,-9.282,-2.399,3.903,0.041,0.276,2.275,17.4,10.8,-97.5,11.0
1787132057.8137853,-10.525,-1.97,3.938,-0.028,-0.123,1.894,17.4,12.3,-98.55,11.0
1787132058.0191746,-11.801,-1.547,4.341,-0.122,-0.165,1.102,18.0,19.5,-99.45,17.0
1787132058.0192044,-11.662,-1.343,4.245,-0.057,-0.136,1.023,19.65,18.45,-98.1,17.0
1787132058.0192113,-11.53,-1.381,4.271,0.016,0.051,0.942,20.25,20.55,-99.15,17.0
1787132058.2252219,-13.087,-0.953,3.967,-0.136,0.183,-0.858,16.95,22.2,-101.25,19.0
1787132058.225248,-12.931,-0.852,3.852,-0.187,0.25,-1.048,18.3,21.0,-98.4,19.0
1787132058.2252595,-12.658,-0.958,3.869,-0.159,0.391,-1.213,16.95,20.55,-99.15,19.0
1787132058.428115,-8.521,-3.089,2.188,-0.049,0.107,-2.97,13.5,11.4,-99.9,22.0
1787132058.4281385,-8.052,-3.527,2.162,0.118,0.413,-2.81,12.45,9.0,-99.45,22.0
1787132058.4281497,-8.258,-3.479,2.33,0.302,0.656,-2.749,10.2,7.05,-100.2,22.0
1787132058.633768,-4.559,-5.684,3.079,-0.125,-0.109,-3.458,0.9,-5.1,-98.4,52.0
1787132058.6337936,-2.334,-6.333,3.177,-0.132,0.115,-3.305,-2.85,-6.9,-97.8,52.0
1787132058.6338043,-2.308,-6.244,3.187,-0.114,0.29,-3.183,-2.7,-7.5,-98.4,52.0
1787132058.838095,3.22,-7.223,2.184,-0.583,0.076,-2.616,-16.5,-5.1,-98.7,18.0
1787132058.8381205,4.523,-8.392,2.634,-0.555,0.225,-2.369,-18.9,-4.2,-99.6,23.0
1787132058.8381317,5.655,-8.112,2.327,-0.521,0.296,-2.066,-19.8,-4.35,-99.9,23.0
1787132059.0442545,6.582,-8.952,2.018,-0.066,0.256,-0.369,-27.0,-0.15,-100.2,19.0
1787132059.0442798,6.337,-9.057,2.193,-0.015,0.158,-0.162,-25.2,-1.05,-98.1,19.0
1787132059.0442908,6.172,-8.871,2.069,0.009,0.115,0.046,-25.65,-0.75,-99.3,18.0
1787132059.2476466,4.693,-9.012,2.514,0.067,-0.226,1.045,-23.4,-3.45,-99.3,23.0
1787132059.4522347,-0.321,-7.807,2.1,0.036,-0.132,2.735,-7.35,-6.15,-101.85,19.0
1787132059.4522595,-0.848,-7.669,2.155,0.062,-0.099,2.855,-4.65,-4.8,-99.9,19.0
1787132059.4522707,-1.269,-7.219,1.968,0.069,-0.055,2.977,-3.15,-3.6,-99.15,19.0
1787132059.6571522,-7.448,-3.637,3.977,-0.022,-0.665,2.621,10.5,4.35,-97.95,95.0
1787132059.6571858,-7.317,-4.403,3.68,-0.048,-0.881,2.46,10.8,5.4,-98.85,95.0
1787132059.6571927,-7.257,-3.721,3.508,0.049,-0.569,2.829,13.2,7.5,-99.15,95.0
1787132059.862617,-10.549,-0.855,3.56,0.193,-0.194,2.409,18.0,17.55,-98.4,24.0
1787132059.8626425,-12.404,-0.199,3.788,-0.048,-0.735,1.737,18.15,21.15,-98.55,24.0
1787132059.8626537,-12.318,-0.891,3.977,-0.076,-0.947,1.461,18.9,20.85,-98.1,24.0
1787132060.0675561,-11.926,-0.694,4.271,0.25,-0.035,0.596,22.65,27.75,-97.8,15.0
1787132060.0675807,-12.254,-0.158,4.398,0.226,0.16,0.444,21.3,26.85,-97.2,15.0
1787132060.0675917,-12.62,-0.036,4.456,0.095,0.235,0.188,22.35,27.45,-96.75,15.0
1787132060.271715,-11.851,-0.601,4.017,0.038,0.389,-1.59,19.65,22.8,-98.85,10.0
1787132060.2717395,-11.439,-0.795,3.912,0.078,0.487,-1.739,18.6,21.6,-98.55,10.0
1787132060.2717507,-11.43,-0.91,3.85,0.12,0.537,-1.903,18.3,19.8,-98.4,10.0
1787132060.4781518,-9.807,-2.174,3.091,0.08,0.265,-2.895,14.4,11.55,-99.3,19.0
1787132060.4781778,-9.325,-2.672,3.024,0.053,0.122,-3.023,14.4,8.4,-100.05,17.0
1787132060.478189,-9.148,-2.907,3.096,0.042,-0.096,-2.971,12.6,6.15,-99.3,17.0
1787132060.6814957,-3.591,-5.878,3.294,-0.263,0.025,-2.989,-1.2,-6.75,-97.95,23.0
1787132060.681521,-2.978,-6.189,3.4,-0.217,0.107,-2.854,-0.45,-5.55,-98.7,23.0
1787132060.681532,-1.405,-6.62,3.23,-0.189,0.336,-2.72,-4.05,-7.2,-99.3,23.0
1787132060.8839393,2.686,-8.516,2.763,-0.516,0.345,-1.787,-16.65,-6.15,-99.6,27.0
1787132061.0911727,2.682,-9.776,1.104,0.014,-0.124,0.033,-24.45,-0.75,-100.05,22.0
1787132061.0911987,2.904,-9.701,1.166,0.031,-0.12,0.092,-22.8,0.15,-100.2,22.0
1787132061.0912106,2.909,-9.845,1.255,0.031,-0.119,0.145,-23.1,-1.5,-100.35,19.0
1787132061.2958152,4.968,-9.414,0.809,-0.16,-0.413,1.436,-20.25,-0.45,-101.25,32.0
1787132061.295842,4.563,-9.108,0.412,-0.046,-0.301,1.71,-17.85,-1.5,-101.1,32.0
1787132061.2958648,3.826,-8.969,0.491,0.061,-0.227,2.034,-18.0,-0.45,-101.7,36.0
1787132061.5007286,-2.77,-6.814,1.595,0.257,-0.144,3.026,-6.75,-0.9,-101.7,1.0
1787132061.500754,-2.476,-6.565,1.827,0.245,0.355,3.226,-4.35,-0.75,-101.1,1.0
1787132061.500765,-2.828,-6.268,1.274,0.201,0.932,3.297,-3.9,-1.65,-102.0,68.0
1787132061.705132,-7.477,-3.646,2.981,-0.129,-0.225,2.524,4.8,6.45,-104.1,81.0
1787132061.7051566,-7.53,-3.048,2.301,-0.01,0.163,2.713,4.95,7.05,-102.0,81.0
1787132061.705168,-9.163,-2.028,2.298,-0.015,0.39,2.832,6.45,8.25,-103.2,0.0
1787132061.9105024,-10.848,-0.287,3.144,-0.131,-0.556,1.821,13.2,17.1,-102.45,19.0
1787132061.9105275,-10.803,-0.685,3.177,-0.107,-0.608,1.612,14.85,16.2,-103.35,19.0
1787132061.9105387,-10.63,-1.049,3.053,-0.012,-0.48,1.555,15.15,18.9,-101.55,19.0
1787132062.1148336,-12.67,0.103,3.354,0.025,-0.431,0.54,19.05,24.45,-101.25,18.0
1787132062.1148689,-12.452,-0.098,3.577,0.044,-0.219,0.458,18.6,24.3,-101.85,18.0
1787132062.1148808,-12.565,0.019,3.57,0.028,0.076,0.371,17.85,23.55,-101.85,18.0
1787132062.3197262,-12.043,0.299,2.902,0.094,0.483,-1.101,15.75,22.2,-102.75,32.0
1787132062.3197522,-12.634,-2.693,2.421,0.109,0.505,-1.225,14.4,20.85,-101.55,32.0
1787132062.3197632,-11.892,-0.11,2.837,0.196,0.534,-1.407,15.15,21.15,-102.6,32.0
1787132062.5222723,-11.37,-0.891,2.67,0.141,-0.111,-3.028,11.25,10.2,-101.7,22.0
1787132062.7296786,-1.173,-6.141,2.919,-0.081,-0.99,-3.706,-2.85,-9.15,-97.05,41.0
1787132062.7297037,-0.685,-6.187,3.002,-0.143,-0.841,-3.634,-3.9,-8.25,-97.2,29.0
1787132062.729715,0.826,-6.582,2.854,-0.176,-0.571,-3.504,-4.35,-9.15,-97.5,29.0
1787132062.933756,5.974,-7.252,2.787,-0.104,0.109,-1.894,-19.05,-9.45,-97.95,17.0
1787132062.9337811,6.642,-7.168,2.871,-0.143,0.132,-1.706,-18.6,-8.4,-97.5,31.0
1787132062.933793,6.974,-7.276,2.835,-0.202,0.073,-1.452,-20.85,-6.15,-98.1,31.0
1787132063.137511,7.015,-8.054,2.909,0.094,-0.043,0.431,-25.5,-6.75,-98.4,33.0
1787132063.1375365,6.809,-8.102,2.945,0.117,-0.156,0.602,-23.4,-6.9,-97.8,31.0
1787132063.1389537,6.804,-8.061,2.928,0.109,-0.195,0.739,-22.8,-6.75,-97.95,31.0
1787132063.3441885,4.391,-7.714,2.401,0.435,-0.352,2.037,-14.7,-10.2,-98.7,23.0
1787132063.3442135,3.766,-7.781,2.543,0.534,-0.308,2.181,-13.35,-11.1,-98.85,20.0
1787132063.3442245,3.393,-7.353,2.464,0.574,-0.156,2.323,-12.6,-11.55,-98.55,20.0
1787132063.5488696,-1.59,-6.823,4.827,0.66,-0.219,2.359,-0.6,-13.5,-95.25,18.0
1787132063.5488958,-2.057,-6.653,5.023,0.572,-0.061,2.458,1.65,-10.95,-95.1,15.0
1787132063.5489068,-2.478,-6.488,5.08,0.575,0.069,2.628,4.35,-11.85,-94.2,15.0
1787132063.753676,-6.153,-3.615,4.824,0.305,-0.185,2.554,13.5,-5.1,-95.1,23.0
1787132063.753701,-6.464,-3.464,5.009,0.297,-0.227,2.478,14.85,-3.75,-96.3,23.0
1787132063.7537816,-6.146,-2.811,4.937,0.419,-0.027,2.605,16.95,-1.65,-95.4,19.0
1787132063.9579062,-9.871,-0.359,4.997,0.134,0.065,2.192,22.8,12.45,-96.15,16.0
1787132063.9579308,-9.764,-0.304,5.227,0.102,-0.297,1.87,22.65,12.3,-95.55,16.0
1787132063.957942,-9.689,-0.127,5.358,0.1,-0.451,1.705,24.15,13.5,-96.75,24.0
1787132064.1607969,-11.392,1.01,5.792,0.068,-0.053,1.122,25.2,22.8,-94.8,30.0
1787132064.3674843,-10.901,0.395,5.765,-0.324,0.139,-1.847,24.3,20.25,-94.65,27.0
1787132064.3675096,-10.994,0.227,5.657,-0.303,0.162,-1.976,24.9,20.1,-94.2,27.0
1787132064.3675206,-10.578,0.314,5.411,-0.354,0.173,-2.117,25.65,16.2,-95.25,27.0
1787132064.5722783,-9.646,-1.537,4.697,-0.471,0.202,-2.923,18.0,4.05,-94.65,33.0
1787132064.572302,-8.325,-2.181,4.441,-0.495,0.255,-2.997,18.6,1.5,-95.25,33.0
1787132064.572313,-7.242,-2.954,4.025,-0.461,0.458,-3.006,16.35,1.05,-94.8,33.0
1787132064.7776575,-2.421,-5.787,4.173,-0.042,-0.508,-3.141,3.3,-10.35,-94.8,14.0
1787132064.7776816,-1.944,-5.792,4.36,-0.104,-0.501,-3.087,1.05,-13.05,-95.55,14.0
1787132064.7776923,-1.006,-6.227,4.525,-0.204,-0.499,-3.103,0.15,-11.7,-95.4,14.0
1787132064.9821131,3.579,-7.104,3.17,-0.47,-0.006,-2.38,-12.75,-11.4,-95.85,25.0
1787132064.9821389,4.152,-7.29,2.998,-0.383,0.196,-2.148,-14.85,-11.1,-96.0,25.0
1787132064.9821503,4.24,-7.269,2.945,-0.341,0.263,-2.01,-16.5,-10.95,-96.45,25.0
1787132065.1866858,7.451,-7.858,3.639,-0.141,0.139,-0.496,-24.45,-8.1,-96.75,34.0
1787132065.1867101,7.786,-8.329,3.788,-0.115,0.172,-0.191,-24.75,-7.8,-96.9,34.0
1787132065.1867213,7.317,-8.487,3.821,-0.099,0.138,0.052,-24.75,-7.5,-96.9,34.0
1787132065.3918355,4.918,-8.076,2.895,0.164,-0.107,1.56,-20.85,-8.85,-98.55,33.0
1787132065.3918703,4.269,-7.848,2.866,0.176,-0.26,1.642,-18.6,-8.85,-97.05,33.0
1787132065.3918817,3.934,-7.824,3.014,0.2,-0.428,1.639,-18.3,-10.95,-97.65,33.0
1787132065.5964057,0.814,-7.688,3.543,0.24,-0.341,2.357,-6.6,-11.1,-96.3,34.0
1787132065.5964305,0.625,-7.436,3.424,0.34,-0.51,2.455,-3.3,-9.15,-97.5,34.0
1787132065.5964422,0.986,-7.183,3.361,0.355,-0.39,2.556,-2.55,-10.8,-97.5,34.0
1787132065.7991414,-4.456,-4.527,4.137,0.333,0.579,3.507,10.2,-4.05,-96.45,25.0
1787132066.0060546,-10.053,-1.288,5.09,0.227,-0.667,1.942,22.8,16.8,-94.65,22.0
1787132066.00608,-9.929,-1.437,5.416,0.314,-0.55,1.848,24.75,17.1,-94.35,22.0
1787132066.0060914,-10.051,-1.106,5.531,0.371,-0.39,1.771,22.65,20.1,-93.45,22.0
1787132066.210869,-11.356,-0.345,6.029,-0.048,0.042,0.384,26.25,25.2,-91.8,27.0
1787132066.2108943,-11.188,-0.433,6.019,-0.068,0.06,0.214,25.95,26.25,-92.7,27.0
1787132066.2109056,-11.006,-0.369,5.804,-0.059,0.067,0.059,24.15,27.0,-92.7,27.0
1787132066.415864,-10.324,-0.599,5.15,-0.11,0.28,-0.986,25.8,24.15,-93.6,26.0
1787132066.4158902,-10.458,-0.639,5.047,-0.119,0.28,-1.107,24.3,23.25,-93.6,26.0
1787132066.4159014,-10.132,-0.814,5.021,-0.145,0.307,-1.213,24.15,23.1,-93.75,26.0
1787132066.6263812,-9.787,-2.136,4.92,-0.079,0.013,-2.109,22.35,13.8,-94.2,0.0
1787132066.6264057,-9.641,-2.195,4.97,-0.167,0.022,-2.247,22.8,11.4,-94.35,0.0
1787132066.626417,-9.716,-2.184,4.922,-0.254,-0.016,-2.431,21.0,11.7,-95.85,0.0
1787132066.8251886,-6.275,-4.47,4.46,-0.228,-0.113,-2.984,12.15,-1.5,-96.0,28.0
1787132066.8252137,-5.746,-4.788,4.401,-0.208,-0.144,-3.09,11.55,-3.75,-93.75,28.0
1787132066.825225,-5.274,-4.891,4.31,-0.296,-0.245,-3.25,10.05,-4.2,-94.8,28.0
1787132067.0306435,1.425,-7.044,3.541,-0.307,-0.107,-2.698,-2.4,-12.15,-94.65,21.0
1787132067.030669,2.267,-7.257,3.567,-0.246,0.097,-2.449,-7.05,-13.5,-96.3,21.0
1787132067.0306804,2.519,-7.298,3.567,-0.161,0.266,-2.264,-8.85,-13.8,-95.55,21.0
1787132067.235451,3.227,-7.525,4.209,0.149,0.519,-1.511,-18.6,-12.3,-95.25,36.0
1787132067.2354758,3.733,-7.417,4.183,0.13,0.425,-1.484,-18.0,-13.2,-95.85,36.0
1787132067.2354867,4.707,-7.606,4.465,0.104,0.345,-1.474,-20.25,-12.45,-95.4,36.0
1787132067.4379172,7.386,-8.282,4.575,-0.29,0.332,0.513,-24.3,-9.75,-95.1,25.0
1787132067.6451304,4.673,-7.695,3.275,-0.15,-0.268,1.447,-21.0,-9.75,-96.45,29.0
1787132067.645168,3.73,-7.896,3.378,-0.164,-0.322,1.516,-18.75,-11.7,-95.85,29.0
1787132067.6451745,3.227,-8.092,3.481,-0.186,-0.504,1.735,-17.4,-11.55,-97.05,22.0
1787132067.8494253,-2.243,-6.316,3.926,0.556,-0.039,3.047,1.05,-8.85,-94.8,74.0
1787132067.8494508,-3.019,-5.885,4.094,0.51,-0.162,3.006,5.4,-10.2,-95.85,74.0
1787132067.8494618,-3.407,-5.921,4.161,0.453,-0.345,2.896,6.3,-5.7,-96.0,67.0
1787132068.0540984,-7.264,-1.427,5.569,0.719,0.003,2.944,21.15,3.75,-94.2,81.0
1787132068.0541244,-9.096,-0.792,5.624,0.513,0.127,2.839,21.0,6.75,-93.6,81.0
1787132068.0541356,-10.59,-0.898,5.923,0.335,-0.252,2.484,21.15,7.65,-93.75,26.0
1787132068.2588618,-10.47,-1.204,5.863,0.322,-0.572,2.166,21.15,9.15,-93.45,26.0
1787132068.258887,-9.735,-1.47,5.885,0.424,-0.479,2.012,22.8,10.2,-92.85,26.0
1787132068.2588985,-9.598,-1.465,5.883,0.518,-0.219,2.001,24.3,11.7,-92.4,26.0
1787132068.4636328,-11.344,-0.148,5.789,-0.201,0.305,-0.634,25.65,19.2,-92.25,21.0
1787132068.4636583,-11.258,-0.206,5.703,-0.209,0.313,-0.788,26.55,20.25,-93.15,21.0
1787132068.4636695,-10.906,-0.393,5.519,-0.188,0.343,-0.95,25.5,18.75,-92.1,25.0
1787132068.6689208,-10.776,-0.393,5.416,-0.179,0.349,-1.092,26.4,18.9,-93.0,25.0
1787132068.6689475,-10.798,-0.359,5.351,-0.216,0.333,-1.223,25.05,17.55,-94.35,25.0
1787132068.6689584,-10.549,-0.582,5.27,-0.268,0.301,-1.361,23.1,18.15,-93.45,25.0
1787132068.873162,-7.348,-3.704,5.028,-0.233,-0.541,-3.133,15.15,-3.0,-94.2,13.0
1787132068.873186,-7.446,-3.584,4.99,-0.239,-0.685,-3.373,12.75,-6.3,-92.4,13.0
1787132068.873197,-7.135,-3.594,5.401,-0.227,-0.826,-3.61,12.0,-7.05,-92.85,13.0
1787132069.075973,1.013,-6.778,4.324,-0.461,-0.129,-2.774,-2.4,-15.9,-93.6,30.0
1787132069.2833977,6.536,-8.176,4.034,-0.328,0.332,-0.747,-19.65,-13.05,-95.25,13.0
1787132069.2834227,6.51,-8.234,3.855,-0.293,0.249,-0.516,-21.15,-12.3,-95.55,32.0
1787132069.283434,6.424,-8.363,3.898,-0.255,0.18,-0.347,-21.0,-11.7,-96.9,32.0
1787132069.4878597,4.468,-9.005,4.252,0.008,-0.171,0.668,-19.35,-13.05,-94.8,26.0
1787132069.487887,4.216,-8.789,4.032,-0.026,-0.247,0.749,-19.05,-12.45,-95.4,26.0
1787132069.4878979,4.266,-8.483,3.721,-0.075,-0.267,0.861,-18.0,-12.9,-95.85,26.0
1787132069.692849,3.68,-8.097,4.259,-0.074,-0.273,1.55,-12.45,-12.15,-95.85,25.0
1787132069.692878,3.397,-8.033,4.173,-0.122,-0.292,1.697,-9.6,-13.8,-97.05,25.0
1787132069.6928887,2.725,-8.504,4.195,-0.152,-0.299,1.831,-8.25,-12.45,-96.9,25.0
